order_id,session_id,user_id,order_date,order_value,payment_method,payment_status,delivery_fee
O000001,S000008,U00006,2025-06-16T18:12:36,1033.65,UPI,Success,0.0
O000002,S000009,U00006,2025-04-20T18:11:36,1557.91,UPI,Success,0.0
O000003,S000010,U00007,2025-01-10T16:52:36,1027.25,UPI,Success,39.0
O000004,S000012,U00008,2025-01-14T21:22:36,1636.31,UPI,Success,0.0
O000006,S000019,U00012,2025-02-27T22:57:36,1356.87,UPI,Success,59.0
O000007,S000024,U00016,2025-06-11T15:28:36,788.62,UPI,Success,29.0
O000009,S000028,U00019,2025-01-26T22:01:36,1299.99,UPI,Success,39.0
O000010,S000030,U00020,2025-02-14T10:52:36,1166.43,UPI,Success,0.0
O000011,S000033,U00021,2025-04-12T10:07:36,585.87,UPI,Success,39.0
O000012,S000034,U00021,2025-05-30T07:39:36,714.64,Cash on Delivery,Success,69.0
O000013,S000036,U00023,2025-04-17T08:11:36,587.94,Cash on Delivery,Success,39.0
O000014,S000040,U00025,2025-01-29T09:25:36,775.2,UPI,Success,59.0
O000015,S000041,U00025,2025-05-25T14:01:36,729.85,UPI,Success,19.0
O000016,S000048,U00029,2025-04-01T10:40:36,876.59,Card,Success,39.0
O000017,S000050,U00030,2025-03-05T15:06:36,1086.41,Card,Success,0.0
O000018,S000054,U00032,2025-04-03T08:00:36,1048.06,Card,Success,0.0
O000019,S000059,U00035,2025-03-05T13:37:36,983.98,Wallet,Success,0.0
O000020,S000061,U00036,2025-05-01T14:04:36,921.58,Cash on Delivery,Success,0.0
O000024,S000066,U00040,2025-05-15T17:50:36,1173.13,UPI,Success,59.0
O000025,S000070,U00042,2025-01-21T19:05:36,865.79,Cash on Delivery,Success,19.0
O000026,S000077,U00045,2025-04-01T07:59:36,1207.48,UPI,Success,0.0
O000027,S000079,U00047,2025-04-04T20:46:36,550.83,Card,Success,0.0
O000028,S000080,U00048,2025-02-03T22:57:36,588.16,Wallet,Success,19.0
O000029,S000083,U00049,2025-04-26T19:22:36,765.03,UPI,Success,39.0
O000030,S000084,U00049,2025-01-22T19:22:36,586.4,UPI,Success,19.0
O000031,S000085,U00050,2025-06-21T11:28:36,936.67,Wallet,Success,0.0
O000032,S000086,U00050,2025-02-07T12:54:36,543.39,UPI,Success,0.0
O000033,S000088,U00052,2025-03-27T09:24:36,748.46,UPI,Success,39.0
O000034,S000090,U00053,2025-01-02T15:55:36,817.16,UPI,Success,19.0
O000035,S000091,U00054,2025-03-01T12:51:36,1162.21,UPI,Success,0.0
O000036,S000093,U00055,2025-06-08T16:32:36,935.48,UPI,Success,0.0
O000037,S000095,U00056,2025-04-22T15:47:36,787.32,Card,Success,39.0
O000038,S000096,U00056,2025-05-10T13:16:36,902.45,Card,Success,0.0
O000039,S000098,U00058,2025-02-13T21:09:36,715.94,UPI,Success,29.0
O000040,S000099,U00058,2025-06-30T11:52:36,436.48,Wallet,Success,69.0
O000041,S000103,U00060,2025-06-06T10:30:36,657.71,UPI,Success,49.0
O000042,S000104,U00061,2025-02-20T21:19:36,952.99,Card,Success,39.0
O000043,S000107,U00062,2025-04-17T19:05:36,736.51,Cash on Delivery,Success,39.0
O000044,S000108,U00063,2025-01-05T20:01:36,849.66,Card,Success,19.0
O000045,S000109,U00063,2025-02-09T13:52:36,539.76,Card,Success,69.0
O000046,S000111,U00064,2025-03-31T22:30:36,1160.28,UPI,Success,0.0
O000048,S000113,U00066,2025-03-03T16:22:36,510.68,Cash on Delivery,Success,0.0
O000049,S000115,U00067,2025-04-18T07:42:36,1058.78,Card,Success,0.0
O000051,S000117,U00069,2025-01-11T21:56:36,567.71,Card,Success,29.0
O000052,S000119,U00070,2025-03-21T18:56:36,325.31,Card,Success,0.0
O000054,S000121,U00071,2025-01-12T16:10:36,901.22,UPI,Success,0.0
O000055,S000125,U00073,2025-03-31T15:19:36,610.65,UPI,Success,29.0
O000056,S000126,U00073,2025-04-10T12:36:36,1021.69,Card,Success,19.0
O000057,S000128,U00075,2025-05-08T18:03:36,500.13,Card,Success,19.0
O000058,S000129,U00075,2025-05-25T14:21:36,585.87,UPI,Success,59.0
O000059,S000130,U00076,2025-04-18T16:56:36,662.36,UPI,Success,0.0
O000060,S000136,U00080,2025-03-15T13:23:36,1315.03,UPI,Success,0.0
O000061,S000139,U00081,2025-04-04T19:44:36,1370.77,Card,Success,0.0
O000062,S000144,U00083,2025-03-28T07:11:36,921.81,Card,Success,0.0
O000063,S000145,U00084,2025-01-14T13:35:36,803.6,UPI,Success,19.0
O000064,S000150,U00088,2025-02-27T11:38:36,522.66,UPI,Success,69.0
O000066,S000155,U00091,2025-04-26T12:04:36,645.79,UPI,Success,59.0
O000067,S000161,U00096,2025-06-14T10:25:36,1208.03,UPI,Success,0.0
O000068,S000162,U00096,2025-03-26T21:18:36,1020.12,UPI,Success,0.0
O000070,S000167,U00098,2025-05-28T16:34:36,1185.02,UPI,Success,0.0
O000071,S000169,U00099,2025-02-17T15:20:36,481.21,UPI,Success,29.0
O000073,S000173,U00100,2025-06-14T09:35:36,922.28,Card,Success,0.0
O000075,S000180,U00102,2025-01-30T16:27:36,861.05,UPI,Success,29.0
O000078,S000186,U00105,2025-01-21T21:38:36,542.89,UPI,Success,49.0
O000079,S000190,U00109,2025-04-29T17:24:36,1031.87,UPI,Success,39.0
O000080,S000198,U00115,2025-03-05T17:17:36,616.81,Card,Success,49.0
O000081,S000201,U00116,2025-05-06T10:14:36,642.01,UPI,Success,49.0
O000082,S000203,U00116,2025-06-03T07:33:36,704.02,UPI,Success,49.0
O000083,S000205,U00117,2025-06-14T18:39:36,510.78,Wallet,Success,0.0
O000084,S000206,U00118,2025-01-25T21:20:36,895.8,Card,Success,19.0
O000085,S000207,U00119,2025-01-21T22:24:36,604.67,Wallet,Success,49.0
O000086,S000208,U00119,2025-05-07T08:17:36,482.9,UPI,Success,29.0
O000087,S000211,U00120,2025-01-04T22:04:36,1114.75,Card,Success,59.0
O000090,S000214,U00122,2025-01-03T07:32:36,588.35,UPI,Success,29.0
O000094,S000223,U00130,2025-03-30T18:37:36,1085.29,UPI,Success,0.0
O000095,S000226,U00132,2025-05-23T21:50:36,1120.8,UPI,Success,59.0
O000097,S000229,U00133,2025-04-28T12:35:36,1068.41,Card,Success,0.0
O000098,S000235,U00137,2025-06-23T13:19:36,1464.37,UPI,Success,0.0
O000100,S000239,U00139,2025-01-28T11:47:36,753.49,Cash on Delivery,Success,49.0
O000101,S000242,U00142,2025-03-09T19:26:36,763.3,UPI,Success,39.0
O000102,S000244,U00143,2025-04-10T11:53:36,720.11,Wallet,Success,39.0
O000103,S000250,U00146,2025-02-19T07:17:36,293.64,Card,Success,69.0
O000104,S000251,U00146,2025-04-02T14:44:36,568.14,Wallet,Success,49.0
O000105,S000254,U00148,2025-05-12T13:21:36,1068.37,UPI,Success,19.0
O000106,S000257,U00150,2025-03-30T19:18:36,540.47,Cash on Delivery,Success,39.0
O000107,S000258,U00151,2025-02-24T07:09:36,399.45,Wallet,Success,49.0
O000108,S000259,U00151,2025-03-08T19:58:36,531.18,UPI,Success,29.0
O000109,S000263,U00155,2025-04-29T20:32:36,630.66,UPI,Success,39.0
O000110,S000264,U00156,2025-06-20T13:05:36,736.93,UPI,Success,69.0
O000112,S000267,U00158,2025-06-24T21:33:36,750.54,UPI,Success,0.0
O000114,S000272,U00161,2025-04-05T09:01:36,409.54,UPI,Success,29.0
O000115,S000273,U00162,2025-06-23T13:26:36,878.64,Card,Success,39.0
O000116,S000276,U00165,2025-06-07T15:04:36,514.49,Card,Success,0.0
O000117,S000277,U00166,2025-01-22T11:52:36,930.7,UPI,Success,49.0
O000118,S000278,U00166,2025-04-08T22:47:36,598.51,Wallet,Success,29.0
O000119,S000279,U00167,2025-03-09T10:34:36,852.32,UPI,Success,49.0
O000120,S000285,U00170,2025-06-29T08:05:36,1533.35,UPI,Success,49.0
O000122,S000293,U00174,2025-06-25T19:16:36,583.43,UPI,Success,29.0
O000123,S000296,U00176,2025-06-19T11:32:36,665.07,Wallet,Success,39.0
O000125,S000301,U00180,2025-05-23T11:59:36,1043.1,Wallet,Success,49.0
O000126,S000302,U00181,2025-06-30T15:40:36,813.25,UPI,Success,0.0
O000127,S000303,U00181,2025-02-17T09:23:36,1053.88,UPI,Success,0.0
O000128,S000306,U00182,2025-05-31T10:54:36,703.32,UPI,Success,0.0
O000129,S000315,U00185,2025-05-24T22:46:36,302.55,UPI,Success,49.0
O000130,S000316,U00185,2025-03-15T14:15:36,664.47,UPI,Success,29.0
O000131,S000317,U00186,2025-01-25T07:40:36,645.47,Wallet,Success,19.0
O000132,S000318,U00186,2025-03-19T14:58:36,1587.86,UPI,Success,0.0
O000133,S000319,U00186,2025-01-11T22:05:36,1076.53,UPI,Success,0.0
O000134,S000320,U00187,2025-06-04T22:08:36,399.99,UPI,Success,39.0
O000135,S000322,U00188,2025-01-18T20:09:36,381.63,Cash on Delivery,Success,19.0
O000136,S000323,U00189,2025-01-04T13:59:36,829.86,UPI,Success,19.0
O000137,S000324,U00190,2025-01-20T07:31:36,476.25,UPI,Success,39.0
O000139,S000326,U00191,2025-03-03T19:50:36,931.9,UPI,Success,0.0
O000140,S000328,U00193,2025-04-14T08:16:36,1075.27,Cash on Delivery,Success,0.0
O000142,S000332,U00196,2025-05-29T13:22:36,516.82,Wallet,Success,39.0
O000143,S000333,U00197,2025-02-28T13:28:36,564.59,UPI,Success,49.0
O000144,S000335,U00198,2025-05-24T12:59:36,590.01,UPI,Success,59.0
O000145,S000341,U00199,2025-01-04T20:47:36,241.21,Wallet,Success,49.0
O000146,S000344,U00200,2025-04-05T08:43:36,336.98,Wallet,Success,29.0
O000147,S000345,U00201,2025-04-19T08:50:36,1272.96,UPI,Success,59.0
O000148,S000347,U00201,2025-02-03T15:20:36,1295.8,Wallet,Success,0.0
O000149,S000348,U00202,2025-05-25T20:23:36,602.84,UPI,Success,39.0
O000150,S000349,U00202,2025-04-01T16:23:36,623.91,UPI,Success,49.0
O000151,S000351,U00202,2025-06-09T22:21:36,1197.8,UPI,Success,59.0
O000152,S000352,U00202,2025-02-13T13:22:36,762.81,Cash on Delivery,Success,39.0
O000153,S000356,U00205,2025-04-05T09:43:36,1028.67,UPI,Success,0.0
O000154,S000357,U00205,2025-05-21T07:33:36,1143.38,Wallet,Success,0.0
O000155,S000359,U00207,2025-01-04T20:07:36,338.86,UPI,Success,0.0
O000156,S000361,U00207,2025-03-16T16:19:36,1082.24,UPI,Success,0.0
O000157,S000363,U00208,2025-04-30T15:17:36,780.14,Cash on Delivery,Success,39.0
O000158,S000366,U00209,2025-02-17T19:26:36,748.46,UPI,Success,29.0
O000159,S000367,U00209,2025-05-02T15:19:36,486.86,UPI,Success,39.0
O000160,S000371,U00213,2025-01-31T12:53:36,583.19,Wallet,Success,39.0
O000161,S000377,U00218,2025-06-30T22:24:36,782.91,UPI,Success,49.0
O000162,S000380,U00219,2025-01-22T10:59:36,825.52,UPI,Success,19.0
O000163,S000384,U00220,2025-06-28T11:49:36,1256.39,Cash on Delivery,Success,0.0
O000164,S000385,U00221,2025-04-24T10:49:36,790.87,Card,Success,19.0
O000165,S000389,U00224,2025-06-23T15:27:36,578.07,Wallet,Success,19.0
O000167,S000399,U00230,2025-03-28T16:20:36,524.09,Cash on Delivery,Success,29.0
O000168,S000403,U00233,2025-04-10T19:25:36,901.29,UPI,Success,19.0
O000169,S000404,U00233,2025-02-14T19:18:36,695.68,Card,Success,19.0
O000170,S000405,U00233,2025-03-10T21:58:36,345.92,UPI,Success,19.0
O000171,S000406,U00233,2025-06-09T17:14:36,594.19,Card,Success,39.0
O000172,S000412,U00236,2025-01-23T12:38:36,838.18,Wallet,Success,69.0
O000173,S000413,U00237,2025-04-20T19:55:36,398.66,Card,Success,39.0
O000174,S000414,U00238,2025-04-23T07:26:36,544.97,UPI,Success,39.0
O000175,S000416,U00240,2025-06-02T16:22:36,729.8,Wallet,Success,59.0
O000176,S000417,U00240,2025-03-22T19:10:36,900.04,UPI,Success,19.0
O000177,S000418,U00241,2025-01-25T17:54:36,785.16,Card,Success,49.0
O000178,S000419,U00242,2025-01-01T07:40:36,1552.56,Card,Success,0.0
O000179,S000421,U00243,2025-04-22T12:01:36,491.38,Wallet,Success,39.0
O000180,S000422,U00244,2025-05-04T21:17:36,734.46,UPI,Success,39.0
O000181,S000423,U00245,2025-03-10T14:04:36,1059.79,UPI,Success,0.0
O000182,S000426,U00246,2025-03-22T19:08:36,987.16,Wallet,Success,29.0
O000183,S000430,U00248,2025-03-10T17:11:36,798.76,UPI,Success,49.0
O000185,S000433,U00251,2025-01-19T18:47:36,727.84,Cash on Delivery,Success,39.0
O000186,S000434,U00251,2025-06-18T08:19:36,479.48,Wallet,Success,29.0
O000187,S000437,U00252,2025-06-14T10:12:36,745.43,UPI,Success,29.0
O000188,S000438,U00253,2025-05-04T13:17:36,587.44,Cash on Delivery,Success,19.0
O000189,S000440,U00255,2025-03-18T11:38:36,1277.61,Cash on Delivery,Success,19.0
O000190,S000442,U00257,2025-02-18T22:41:36,389.56,Wallet,Success,39.0
O000191,S000444,U00259,2025-01-31T07:52:36,539.55,Card,Success,39.0
O000192,S000445,U00260,2025-03-02T20:54:36,674.88,UPI,Success,39.0
O000193,S000446,U00260,2025-02-14T15:54:36,2118.66,Card,Success,0.0
O000194,S000447,U00260,2025-04-08T10:20:36,546.87,UPI,Success,59.0
O000195,S000449,U00262,2025-04-19T18:33:36,1297.69,Card,Success,0.0
O000196,S000457,U00266,2025-02-27T20:39:36,628.9,UPI,Success,59.0
O000197,S000459,U00268,2025-02-19T09:42:36,1136.53,UPI,Success,0.0
O000198,S000462,U00269,2025-02-27T12:06:36,284.61,Card,Success,69.0
O000200,S000464,U00271,2025-06-25T10:49:36,493.63,Card,Success,29.0
O000202,S000467,U00273,2025-06-03T18:42:36,776.13,Cash on Delivery,Success,49.0
O000203,S000468,U00274,2025-01-01T21:44:36,666.15,Cash on Delivery,Success,29.0
O000204,S000469,U00274,2025-05-30T21:50:36,617.11,Cash on Delivery,Success,39.0
O000205,S000471,U00275,2025-03-23T15:24:36,828.11,UPI,Success,39.0
O000206,S000472,U00276,2025-01-25T13:23:36,471.14,Wallet,Success,29.0
O000207,S000478,U00279,2025-02-06T17:31:36,326.36,Cash on Delivery,Success,0.0
O000208,S000484,U00283,2025-03-07T20:59:36,356.92,Card,Success,19.0
O000209,S000487,U00284,2025-06-08T17:09:36,824.23,Wallet,Success,29.0
O000210,S000489,U00286,2025-05-30T10:46:36,489.17,Card,Success,49.0
O000212,S000492,U00288,2025-04-11T21:26:36,1166.38,Card,Success,0.0
O000213,S000493,U00289,2025-02-26T21:47:36,722.87,Card,Success,49.0
O000214,S000494,U00290,2025-04-16T08:22:36,810.28,Card,Success,39.0
O000215,S000495,U00291,2025-06-03T12:19:36,1006.77,Card,Success,0.0
O000216,S000496,U00291,2025-04-19T12:36:36,542.27,UPI,Success,69.0
O000217,S000498,U00292,2025-03-28T19:16:36,549.7,Wallet,Success,19.0
O000218,S000501,U00294,2025-06-18T20:07:36,460.85,UPI,Success,29.0
O000220,S000503,U00296,2025-02-25T18:51:36,735.97,Wallet,Success,39.0
O000221,S000505,U00298,2025-06-05T11:46:36,887.12,Cash on Delivery,Success,49.0
O000223,S000515,U00306,2025-05-19T22:29:36,1013.22,Card,Success,39.0
O000224,S000521,U00310,2025-05-26T10:56:36,945.31,Cash on Delivery,Success,0.0
O000225,S000525,U00314,2025-04-04T20:07:36,452.71,Wallet,Success,39.0
O000226,S000528,U00315,2025-05-02T18:47:36,501.35,Card,Success,39.0
O000227,S000535,U00319,2025-04-30T19:19:36,657.22,Wallet,Success,59.0
O000228,S000536,U00319,2025-05-09T18:17:36,427.94,UPI,Success,49.0
O000229,S000538,U00321,2025-06-20T08:01:36,1098.26,UPI,Success,0.0
O000231,S000540,U00322,2025-01-04T18:45:36,394.09,Card,Success,59.0
O000232,S000541,U00323,2025-01-16T21:01:36,967.85,Cash on Delivery,Success,0.0
O000233,S000543,U00325,2025-04-25T12:55:36,443.96,Cash on Delivery,Success,29.0
O000234,S000545,U00326,2025-02-05T13:13:36,592.77,UPI,Success,39.0
O000235,S000551,U00329,2025-06-18T09:03:36,1222.22,Card,Success,0.0
O000236,S000552,U00329,2025-02-05T13:23:36,685.58,Card,Success,39.0
O000237,S000553,U00330,2025-04-22T10:02:36,783.16,Wallet,Success,0.0
O000238,S000554,U00331,2025-03-15T17:35:36,432.25,Card,Success,19.0
O000239,S000558,U00333,2025-01-31T18:50:36,1270.41,Card,Success,0.0
O000241,S000564,U00336,2025-05-28T11:36:36,438.21,Cash on Delivery,Success,39.0
O000242,S000566,U00338,2025-04-23T21:37:36,694.39,Cash on Delivery,Success,0.0
O000243,S000569,U00338,2025-03-27T14:28:36,1056.88,UPI,Success,19.0
O000244,S000576,U00341,2025-04-30T19:17:36,648.81,UPI,Success,29.0
O000245,S000580,U00344,2025-04-19T19:11:36,792.87,UPI,Success,19.0
O000246,S000581,U00345,2025-01-05T14:34:36,199.72,Wallet,Success,59.0
O000247,S000582,U00345,2025-01-31T22:19:36,563.51,UPI,Success,19.0
O000248,S000583,U00345,2025-06-11T17:26:36,405.14,UPI,Success,59.0
O000249,S000584,U00346,2025-05-06T13:04:36,455.5,UPI,Success,69.0
O000250,S000585,U00346,2025-05-18T21:22:36,445.09,UPI,Success,49.0
O000251,S000588,U00347,2025-03-18T11:43:36,1211.84,UPI,Success,0.0
O000252,S000590,U00348,2025-05-08T18:57:36,485.55,UPI,Success,39.0
O000253,S000592,U00350,2025-02-02T07:25:36,425.54,UPI,Success,19.0
O000254,S000595,U00351,2025-04-20T10:27:36,892.2,Cash on Delivery,Success,49.0
O000257,S000602,U00357,2025-02-22T10:06:36,837.52,UPI,Success,29.0
O000258,S000603,U00357,2025-04-28T22:20:36,619.98,UPI,Success,59.0
O000259,S000604,U00358,2025-06-17T08:32:36,492.57,Wallet,Success,29.0
O000260,S000606,U00359,2025-06-30T09:30:36,504.46,Card,Success,0.0
O000261,S000607,U00360,2025-06-03T12:27:36,247.32,UPI,Success,59.0
O000262,S000608,U00361,2025-05-24T15:30:36,843.62,UPI,Success,29.0
O000263,S000609,U00361,2025-04-16T10:35:36,1021.48,UPI,Success,0.0
O000264,S000617,U00365,2025-01-24T18:40:36,427.7,UPI,Success,39.0
O000265,S000620,U00368,2025-01-06T08:55:36,366.72,UPI,Success,19.0
O000266,S000622,U00368,2025-06-02T08:24:36,762.4,UPI,Success,39.0
O000267,S000626,U00371,2025-04-22T12:22:36,1933.64,Wallet,Success,0.0
O000268,S000627,U00371,2025-06-26T07:24:36,995.16,UPI,Success,49.0
O000269,S000629,U00373,2025-01-23T22:42:36,479.23,Card,Success,29.0
O000270,S000634,U00376,2025-06-10T12:37:36,603.84,Wallet,Success,59.0
O000271,S000635,U00377,2025-02-13T16:03:36,629.73,Wallet,Success,19.0
O000272,S000636,U00378,2025-04-30T14:28:36,344.03,UPI,Success,49.0
O000273,S000637,U00378,2025-02-02T11:49:36,763.88,Cash on Delivery,Success,49.0
O000274,S000639,U00379,2025-04-27T07:56:36,501.07,Cash on Delivery,Success,29.0
O000275,S000640,U00380,2025-01-29T22:50:36,615.17,Wallet,Success,0.0
O000276,S000641,U00380,2025-02-08T15:09:36,950.73,UPI,Success,0.0
O000277,S000644,U00381,2025-05-05T09:49:36,1378.1,UPI,Success,0.0
O000278,S000645,U00382,2025-02-03T07:26:36,684.82,Card,Success,69.0
O000279,S000648,U00384,2025-05-01T12:24:36,504.63,Card,Success,49.0
O000280,S000654,U00388,2025-01-18T18:19:36,560.99,UPI,Success,29.0
O000281,S000658,U00391,2025-06-02T08:39:36,730.17,Cash on Delivery,Success,39.0
O000282,S000659,U00391,2025-04-05T22:02:36,356.15,UPI,Success,29.0
O000283,S000663,U00393,2025-02-24T14:47:36,646.81,UPI,Success,29.0
O000284,S000664,U00394,2025-02-18T12:38:36,590.7,UPI,Success,29.0
O000285,S000665,U00394,2025-02-14T19:50:36,511.78,Card,Success,49.0
O000286,S000668,U00397,2025-03-21T22:47:36,1204.27,Cash on Delivery,Success,0.0
O000287,S000669,U00398,2025-04-06T13:54:36,550.96,Wallet,Success,29.0
O000289,S000675,U00402,2025-01-22T14:18:36,547.35,UPI,Success,39.0
O000290,S000676,U00403,2025-02-16T18:45:36,1086.31,UPI,Success,59.0
O000292,S000686,U00408,2025-02-01T18:37:36,605.76,UPI,Success,29.0
O000293,S000687,U00409,2025-06-29T21:23:36,1039.47,UPI,Success,0.0
O000294,S000688,U00410,2025-03-09T17:09:36,1094.62,Wallet,Success,0.0
O000296,S000694,U00411,2025-04-27T11:31:36,1368.44,Card,Success,0.0
O000297,S000695,U00412,2025-06-16T11:23:36,961.88,UPI,Success,39.0
O000298,S000699,U00414,2025-03-19T18:40:36,1072.07,Wallet,Success,0.0
O000299,S000700,U00414,2025-05-19T10:48:36,751.82,UPI,Success,39.0
O000301,S000705,U00416,2025-04-17T11:13:36,537.17,Wallet,Success,69.0
O000302,S000707,U00418,2025-03-06T09:24:36,784.58,Cash on Delivery,Success,49.0
O000303,S000711,U00419,2025-04-30T07:47:36,405.58,UPI,Success,29.0
O000304,S000714,U00421,2025-05-15T20:18:36,783.24,Cash on Delivery,Success,0.0
O000305,S000716,U00423,2025-04-28T11:16:36,955.29,UPI,Success,59.0
O000306,S000717,U00424,2025-06-04T09:20:36,658.58,Card,Success,19.0
O000307,S000719,U00426,2025-06-12T14:42:36,724.78,Wallet,Success,49.0
O000308,S000722,U00428,2025-06-04T11:23:36,502.26,UPI,Success,39.0
O000309,S000724,U00429,2025-06-11T10:49:36,589.44,UPI,Success,49.0
O000310,S000726,U00431,2025-02-01T14:33:36,637.63,Card,Success,49.0
O000311,S000728,U00433,2025-01-28T07:49:36,1643.39,Wallet,Success,0.0
O000312,S000729,U00433,2025-05-31T09:25:36,402.89,Wallet,Success,49.0
O000313,S000730,U00434,2025-05-22T09:11:36,905.0,Card,Success,0.0
O000314,S000732,U00435,2025-06-23T14:24:36,262.75,UPI,Success,49.0
O000315,S000733,U00436,2025-05-11T16:25:36,628.72,Cash on Delivery,Success,29.0
O000316,S000736,U00438,2025-04-08T08:05:36,846.57,Wallet,Success,49.0
O000317,S000738,U00439,2025-04-02T15:29:36,903.53,UPI,Success,0.0
O000318,S000739,U00440,2025-01-11T08:21:36,1207.85,Card,Success,19.0
O000320,S000741,U00440,2025-06-23T09:18:36,590.28,Card,Success,29.0
O000321,S000743,U00441,2025-02-21T15:10:36,740.64,UPI,Success,39.0
O000322,S000744,U00441,2025-04-02T18:28:36,401.89,UPI,Success,49.0
O000323,S000745,U00441,2025-03-28T13:53:36,499.4,Wallet,Success,0.0
O000324,S000747,U00442,2025-04-27T19:39:36,389.31,UPI,Success,39.0
O000325,S000749,U00443,2025-01-29T14:28:36,651.48,UPI,Success,29.0
O000327,S000756,U00447,2025-05-29T21:13:36,789.16,Cash on Delivery,Success,59.0
O000328,S000757,U00447,2025-06-18T16:27:36,1075.68,UPI,Success,19.0
O000329,S000758,U00448,2025-06-29T16:26:36,634.2,Card,Success,0.0
O000330,S000759,U00448,2025-06-19T20:05:36,932.26,Wallet,Success,59.0
O000331,S000763,U00452,2025-02-27T08:41:36,333.88,UPI,Success,49.0
O000333,S000767,U00455,2025-03-26T20:14:36,484.2,UPI,Success,39.0
O000335,S000771,U00458,2025-01-27T14:42:36,290.65,UPI,Success,29.0
O000336,S000775,U00461,2025-01-05T10:16:36,595.77,UPI,Success,19.0
O000337,S000778,U00462,2025-02-26T10:27:36,876.04,UPI,Success,39.0
O000338,S000782,U00464,2025-06-11T11:04:36,1359.0,UPI,Success,0.0
O000340,S000790,U00467,2025-05-01T13:47:36,785.34,Wallet,Success,69.0
O000341,S000794,U00469,2025-05-26T08:34:36,842.62,UPI,Success,39.0
O000342,S000796,U00470,2025-02-17T15:29:36,492.95,UPI,Success,49.0
O000343,S000800,U00473,2025-04-16T10:49:36,992.57,UPI,Success,0.0
O000344,S000803,U00474,2025-05-11T18:45:36,707.6,Wallet,Success,39.0
O000345,S000806,U00477,2025-01-20T20:32:36,884.59,Wallet,Success,49.0
O000346,S000811,U00481,2025-01-09T15:35:36,1342.75,UPI,Success,0.0
O000347,S000814,U00484,2025-04-11T18:23:36,1079.05,UPI,Success,0.0
O000348,S000816,U00486,2025-01-31T16:25:36,856.33,UPI,Success,19.0
O000349,S000820,U00489,2025-05-30T12:24:36,1029.22,Card,Success,0.0
O000350,S000821,U00489,2025-05-28T07:48:36,1273.97,Card,Success,0.0
O000351,S000823,U00491,2025-03-16T08:39:36,901.06,Wallet,Success,0.0
O000352,S000824,U00491,2025-03-12T17:22:36,390.96,UPI,Success,19.0
O000353,S000826,U00492,2025-03-16T18:39:36,874.86,UPI,Success,29.0
O000354,S000827,U00493,2025-03-18T08:31:36,878.87,Card,Success,49.0
O000355,S000828,U00493,2025-03-08T16:20:36,653.27,UPI,Success,39.0
O000356,S000829,U00493,2025-02-26T16:40:36,1131.56,Cash on Delivery,Success,49.0
O000357,S000830,U00494,2025-02-04T17:21:36,741.07,UPI,Success,0.0
O000358,S000833,U00495,2025-06-03T07:31:36,920.85,Card,Success,0.0
O000359,S000834,U00496,2025-04-17T13:08:36,478.13,UPI,Success,39.0
O000360,S000837,U00498,2025-01-28T10:25:36,899.97,UPI,Success,39.0
O000361,S000838,U00499,2025-05-12T08:25:36,954.18,UPI,Success,19.0
O000362,S000841,U00501,2025-01-16T17:07:36,917.93,UPI,Success,59.0
O000363,S000844,U00501,2025-03-18T07:18:36,1087.23,Card,Success,0.0
O000364,S000845,U00502,2025-06-30T12:38:36,512.21,UPI,Success,39.0
O000365,S000846,U00502,2025-01-15T15:35:36,1254.45,UPI,Success,0.0
O000366,S000849,U00504,2025-05-11T14:23:36,588.83,UPI,Success,0.0
O000367,S000850,U00505,2025-06-10T15:42:36,738.86,Wallet,Success,29.0
O000368,S000852,U00506,2025-03-17T09:45:36,1366.02,Card,Success,0.0
O000369,S000854,U00507,2025-03-01T13:35:36,884.89,UPI,Success,29.0
O000370,S000855,U00507,2025-01-22T11:52:36,766.86,Cash on Delivery,Success,0.0
O000371,S000857,U00508,2025-05-27T22:39:36,881.21,UPI,Success,39.0
O000372,S000859,U00510,2025-03-27T09:04:36,798.0,UPI,Success,19.0
O000374,S000861,U00511,2025-01-11T19:48:36,637.35,UPI,Success,29.0
O000375,S000865,U00512,2025-06-03T14:04:36,948.43,UPI,Success,0.0
O000376,S000867,U00514,2025-03-02T10:15:36,815.26,UPI,Success,39.0
O000377,S000868,U00515,2025-03-11T18:23:36,969.0,Card,Success,0.0
O000380,S000876,U00521,2025-02-05T20:37:36,1234.32,UPI,Success,0.0
O000381,S000878,U00522,2025-06-20T11:18:36,486.97,UPI,Success,49.0
O000383,S000889,U00530,2025-05-17T19:31:36,234.44,UPI,Success,39.0
O000384,S000896,U00533,2025-06-13T08:52:36,853.54,UPI,Success,39.0
O000385,S000899,U00535,2025-06-20T18:32:36,528.71,UPI,Success,29.0
O000386,S000902,U00537,2025-06-25T21:48:36,1000.22,UPI,Success,0.0
O000387,S000904,U00538,2025-03-12T20:30:36,582.02,UPI,Success,29.0
O000388,S000911,U00542,2025-03-08T18:46:36,331.8,Card,Success,59.0
O000389,S000912,U00543,2025-04-20T14:51:36,779.06,Card,Success,29.0
O000390,S000913,U00544,2025-03-25T22:09:36,781.95,UPI,Success,19.0
O000391,S000915,U00544,2025-03-27T15:10:36,865.27,Cash on Delivery,Success,19.0
O000392,S000916,U00544,2025-03-27T17:37:36,565.94,Wallet,Success,49.0
O000393,S000917,U00545,2025-01-12T08:04:36,788.98,Cash on Delivery,Success,29.0
O000394,S000918,U00546,2025-06-05T18:27:36,888.26,Card,Success,39.0
O000395,S000919,U00546,2025-03-23T07:59:36,952.92,UPI,Success,0.0
O000396,S000923,U00549,2025-03-28T13:35:36,684.66,UPI,Success,39.0
O000397,S000924,U00549,2025-02-25T20:34:36,891.91,Wallet,Success,29.0
O000398,S000928,U00552,2025-02-05T17:35:36,486.19,Card,Success,49.0
O000399,S000930,U00554,2025-02-24T13:18:36,664.63,Card,Success,29.0
O000400,S000934,U00556,2025-05-21T12:32:36,864.07,Wallet,Success,49.0
O000401,S000936,U00557,2025-01-07T22:22:36,1209.76,UPI,Success,0.0
O000402,S000938,U00559,2025-06-03T15:13:36,503.27,UPI,Success,19.0
O000403,S000940,U00559,2025-05-13T21:06:36,733.84,UPI,Success,49.0
O000404,S000943,U00562,2025-01-02T18:28:36,647.7,UPI,Success,29.0
O000405,S000945,U00563,2025-01-05T16:06:36,1237.9,Wallet,Success,0.0
O000406,S000946,U00563,2025-03-01T21:31:36,1013.06,UPI,Success,59.0
O000407,S000947,U00563,2025-05-14T14:40:36,531.96,UPI,Success,19.0
O000408,S000948,U00564,2025-04-02T10:37:36,407.66,Card,Success,0.0
O000409,S000949,U00564,2025-05-10T14:19:36,1577.95,Card,Success,0.0
O000410,S000950,U00565,2025-03-30T16:08:36,666.87,UPI,Success,0.0
O000412,S000954,U00566,2025-01-04T16:55:36,549.25,Wallet,Success,29.0
O000413,S000956,U00566,2025-03-07T20:43:36,524.74,UPI,Success,39.0
O000414,S000959,U00568,2025-06-21T12:11:36,466.3,Card,Success,39.0
O000415,S000960,U00568,2025-02-12T13:19:36,511.11,Wallet,Success,49.0
O000416,S000961,U00569,2025-06-18T09:46:36,773.99,Card,Success,59.0
O000417,S000964,U00571,2025-02-27T07:22:36,851.16,Cash on Delivery,Success,59.0
O000418,S000968,U00572,2025-01-01T10:14:36,830.36,UPI,Success,29.0
O000419,S000969,U00573,2025-03-15T09:00:36,484.07,UPI,Success,59.0
O000420,S000971,U00574,2025-06-19T13:17:36,524.94,UPI,Success,29.0
O000422,S000974,U00574,2025-05-11T15:30:36,399.46,Wallet,Success,39.0
O000423,S000975,U00575,2025-05-26T15:31:36,599.9,Card,Success,0.0
O000425,S000980,U00577,2025-01-02T19:24:36,941.84,Cash on Delivery,Success,39.0
O000426,S000981,U00578,2025-04-09T18:00:36,1064.98,UPI,Success,0.0
O000427,S000985,U00582,2025-03-22T14:08:36,738.81,UPI,Success,19.0
O000428,S000987,U00584,2025-02-21T18:45:36,498.79,Card,Success,39.0
O000429,S000989,U00585,2025-05-03T16:36:36,942.47,UPI,Success,0.0
O000430,S000991,U00587,2025-01-11T11:06:36,611.89,Card,Success,49.0
O000431,S000998,U00593,2025-05-08T10:22:36,584.23,Wallet,Success,29.0
O000432,S000999,U00594,2025-02-05T12:58:36,545.23,Cash on Delivery,Success,39.0
O000433,S001000,U00594,2025-04-06T10:53:36,766.91,UPI,Success,59.0
O000434,S001001,U00594,2025-03-01T16:19:36,959.28,UPI,Success,39.0
O000435,S001004,U00596,2025-01-30T13:21:36,546.32,Cash on Delivery,Success,49.0
O000436,S001005,U00597,2025-01-09T12:03:36,568.66,UPI,Success,39.0
O000437,S001006,U00597,2025-01-05T18:41:36,846.16,UPI,Success,49.0
O000438,S001008,U00597,2025-03-10T09:29:36,802.87,UPI,Success,29.0
O000441,S001011,U00598,2025-01-27T07:02:36,623.01,Wallet,Success,29.0
O000442,S001012,U00598,2025-01-08T08:36:36,745.1,UPI,Success,49.0
O000445,S001017,U00600,2025-05-27T22:17:36,999.83,UPI,Success,59.0
O000446,S001019,U00602,2025-01-18T18:20:36,594.07,UPI,Success,69.0
O000447,S001021,U00603,2025-02-09T11:08:36,770.26,UPI,Success,49.0
O000449,S001023,U00604,2025-01-12T15:16:36,1521.32,UPI,Success,0.0
O000450,S001025,U00605,2025-03-05T10:17:36,607.75,UPI,Success,19.0
O000451,S001026,U00606,2025-05-14T10:00:36,721.4,Cash on Delivery,Success,39.0
O000452,S001027,U00607,2025-03-01T17:14:36,515.71,UPI,Success,19.0
O000454,S001030,U00608,2025-01-28T19:08:36,534.71,UPI,Success,29.0
O000455,S001037,U00612,2025-04-17T07:35:36,1079.56,UPI,Success,0.0
O000456,S001038,U00612,2025-03-06T20:20:36,397.77,UPI,Success,49.0
O000457,S001039,U00612,2025-02-07T08:54:36,433.72,UPI,Success,49.0
O000458,S001041,U00614,2025-06-02T14:13:36,567.85,Card,Success,49.0
O000460,S001046,U00617,2025-04-18T12:37:36,2036.28,Card,Success,0.0
O000461,S001048,U00619,2025-02-13T15:32:36,762.71,Card,Success,19.0
O000462,S001051,U00621,2025-02-16T21:17:36,1076.76,Cash on Delivery,Success,0.0
O000463,S001054,U00623,2025-06-17T15:56:36,878.96,UPI,Success,19.0
O000464,S001055,U00623,2025-01-13T14:31:36,1116.43,Card,Success,0.0
O000465,S001056,U00624,2025-03-31T13:41:36,397.95,UPI,Success,49.0
O000466,S001057,U00625,2025-02-23T07:21:36,881.93,Card,Success,29.0
O000467,S001062,U00628,2025-02-06T08:56:36,484.42,Cash on Delivery,Success,39.0
O000468,S001063,U00629,2025-02-06T20:18:36,548.18,UPI,Success,69.0
O000470,S001065,U00630,2025-06-30T07:56:36,312.0,UPI,Success,39.0
O000471,S001066,U00631,2025-06-02T10:32:36,322.48,Card,Success,49.0
O000472,S001067,U00631,2025-02-05T15:56:36,1148.32,Cash on Delivery,Success,39.0
O000473,S001069,U00632,2025-04-19T17:56:36,1237.72,UPI,Success,59.0
O000474,S001070,U00632,2025-05-19T20:16:36,973.37,Card,Success,0.0
O000475,S001073,U00635,2025-03-15T12:44:36,348.69,Wallet,Success,39.0
O000478,S001085,U00642,2025-03-27T07:38:36,710.57,UPI,Success,69.0
O000479,S001087,U00642,2025-05-15T23:01:36,742.58,Card,Success,29.0
O000480,S001088,U00643,2025-01-29T18:33:36,908.54,Cash on Delivery,Success,49.0
O000482,S001091,U00645,2025-03-02T20:31:36,457.08,UPI,Success,69.0
O000483,S001092,U00645,2025-04-23T10:26:36,830.9,UPI,Success,19.0
O000484,S001093,U00645,2025-01-24T20:52:36,567.31,Wallet,Success,19.0
O000485,S001095,U00645,2025-06-13T15:06:36,429.44,Wallet,Success,39.0
O000486,S001097,U00645,2025-03-01T18:09:36,541.75,Card,Success,29.0
O000487,S001099,U00646,2025-05-10T17:47:36,808.15,UPI,Success,39.0
O000488,S001100,U00646,2025-05-26T16:12:36,451.02,Card,Success,29.0
O000489,S001104,U00648,2025-06-20T10:43:36,833.53,Cash on Delivery,Success,59.0
O000490,S001105,U00649,2025-04-23T20:09:36,597.62,UPI,Success,29.0
O000491,S001109,U00651,2025-02-27T15:19:36,375.87,Card,Success,29.0
O000493,S001111,U00652,2025-05-09T17:25:36,759.28,UPI,Success,59.0
O000494,S001120,U00657,2025-02-23T18:47:36,792.54,Card,Success,19.0
O000496,S001127,U00663,2025-03-14T07:39:36,531.53,Card,Success,39.0
O000497,S001128,U00664,2025-03-09T21:58:36,530.85,UPI,Success,19.0
O000498,S001131,U00666,2025-03-02T08:12:36,1581.37,UPI,Success,0.0
O000499,S001134,U00667,2025-04-20T17:48:36,843.61,UPI,Success,39.0
O000500,S001135,U00667,2025-04-25T16:12:36,1115.39,Wallet,Success,0.0
O000501,S001136,U00667,2025-06-20T20:03:36,831.08,Wallet,Success,39.0
O000503,S001138,U00669,2025-01-23T14:26:36,1140.95,UPI,Success,39.0
O000504,S001139,U00670,2025-01-24T15:53:36,845.88,UPI,Success,49.0
O000506,S001147,U00673,2025-04-16T18:51:36,722.22,UPI,Success,0.0
O000507,S001148,U00674,2025-05-05T14:48:36,683.6,Card,Success,29.0
O000510,S001152,U00674,2025-02-16T18:38:36,414.85,Card,Success,69.0
O000511,S001160,U00678,2025-01-23T22:12:36,485.11,UPI,Success,59.0
O000512,S001161,U00678,2025-05-23T17:50:36,1507.2,Card,Success,0.0
O000513,S001162,U00679,2025-06-14T10:35:36,531.15,Card,Success,39.0
O000514,S001164,U00680,2025-05-06T16:04:36,1044.53,UPI,Success,0.0
O000516,S001170,U00684,2025-05-05T20:58:36,1124.43,Card,Success,49.0
O000517,S001172,U00686,2025-03-23T13:36:36,1200.71,UPI,Success,0.0
O000518,S001174,U00688,2025-04-10T21:42:36,1121.79,Card,Success,0.0
O000520,S001178,U00689,2025-05-22T22:59:36,383.33,Cash on Delivery,Success,29.0
O000521,S001180,U00691,2025-03-12T16:55:36,504.81,UPI,Success,59.0
O000522,S001181,U00691,2025-04-27T17:42:36,514.95,UPI,Success,39.0
O000523,S001183,U00692,2025-05-13T16:01:36,819.47,Cash on Delivery,Success,29.0
O000525,S001191,U00697,2025-01-17T21:00:36,772.22,Card,Success,39.0
O000526,S001193,U00698,2025-05-26T20:01:36,943.1,UPI,Success,0.0
O000527,S001194,U00698,2025-05-01T15:12:36,649.53,UPI,Success,49.0
O000528,S001197,U00701,2025-03-14T22:33:36,718.93,UPI,Success,49.0
O000531,S001207,U00707,2025-06-26T12:08:36,974.76,Cash on Delivery,Success,0.0
O000533,S001212,U00710,2025-06-29T08:15:36,419.17,Card,Success,0.0
O000535,S001215,U00712,2025-03-20T10:07:36,1997.12,Cash on Delivery,Success,0.0
O000536,S001216,U00712,2025-01-20T15:07:36,437.47,UPI,Success,29.0
O000537,S001218,U00712,2025-04-06T13:24:36,1484.87,UPI,Success,0.0
O000538,S001221,U00714,2025-02-07T11:04:36,475.87,Card,Success,69.0
O000539,S001227,U00717,2025-06-15T11:46:36,659.06,Cash on Delivery,Success,0.0
O000541,S001229,U00719,2025-04-05T08:54:36,618.48,UPI,Success,0.0
O000542,S001230,U00719,2025-01-18T08:59:36,484.3,UPI,Success,29.0
O000543,S001232,U00721,2025-04-21T08:58:36,523.75,UPI,Success,29.0
O000544,S001236,U00724,2025-06-25T12:08:36,879.04,Cash on Delivery,Success,69.0
O000545,S001237,U00725,2025-01-23T14:05:36,874.84,UPI,Success,0.0
O000546,S001238,U00726,2025-04-13T08:00:36,616.27,UPI,Success,59.0
O000547,S001240,U00727,2025-04-22T12:44:36,553.26,UPI,Success,49.0
O000548,S001242,U00729,2025-01-13T20:21:36,725.77,Card,Success,39.0
O000549,S001243,U00729,2025-04-28T18:04:36,1398.19,UPI,Success,0.0
O000550,S001248,U00733,2025-05-02T16:47:36,293.99,Wallet,Success,59.0
O000551,S001249,U00734,2025-06-22T19:55:36,527.67,UPI,Success,29.0
O000552,S001251,U00734,2025-02-03T13:38:36,615.77,UPI,Success,19.0
O000553,S001252,U00735,2025-03-30T18:07:36,1121.64,UPI,Success,49.0
O000554,S001255,U00737,2025-03-24T13:18:36,537.79,Wallet,Success,29.0
O000555,S001257,U00738,2025-03-29T07:46:36,583.72,Card,Success,29.0
O000556,S001258,U00739,2025-03-16T18:03:36,654.16,UPI,Success,39.0
O000558,S001262,U00742,2025-05-30T15:58:36,858.48,UPI,Success,19.0
O000559,S001264,U00744,2025-04-13T08:38:36,564.45,UPI,Success,19.0
O000560,S001266,U00745,2025-06-21T11:16:36,984.52,UPI,Success,0.0
O000561,S001268,U00746,2025-03-21T07:43:36,410.48,UPI,Success,19.0
O000562,S001273,U00749,2025-04-10T18:35:36,507.49,UPI,Success,39.0
O000563,S001274,U00749,2025-05-31T11:42:36,948.01,Cash on Delivery,Success,69.0
O000564,S001276,U00750,2025-04-06T15:27:36,974.42,UPI,Success,29.0
O000565,S001280,U00752,2025-02-10T12:10:36,444.59,Card,Success,49.0
O000566,S001281,U00753,2025-04-11T19:12:36,1354.74,Card,Success,0.0
O000567,S001282,U00754,2025-04-02T21:31:36,613.87,UPI,Success,29.0
O000568,S001283,U00755,2025-05-26T16:14:36,545.51,Wallet,Success,49.0
O000569,S001285,U00756,2025-03-01T14:03:36,676.87,Card,Success,49.0
O000570,S001286,U00757,2025-03-17T14:44:36,835.38,UPI,Success,69.0
O000571,S001287,U00758,2025-01-07T11:02:36,558.09,UPI,Success,49.0
O000572,S001289,U00760,2025-03-30T16:37:36,381.04,UPI,Success,39.0
O000574,S001296,U00765,2025-03-09T15:53:36,747.37,Card,Success,19.0
O000575,S001299,U00766,2025-01-28T21:15:36,1459.33,UPI,Success,0.0
O000576,S001300,U00767,2025-05-07T15:02:36,768.4,Cash on Delivery,Success,39.0
O000577,S001301,U00768,2025-03-04T08:26:36,548.54,Cash on Delivery,Success,59.0
O000578,S001308,U00772,2025-06-26T15:55:36,1023.9,Wallet,Success,39.0
O000579,S001309,U00773,2025-06-03T22:30:36,844.58,UPI,Success,69.0
O000580,S001312,U00775,2025-04-12T17:21:36,537.61,UPI,Success,19.0
O000581,S001314,U00776,2025-02-16T22:53:36,820.77,Card,Success,19.0
O000582,S001318,U00777,2025-01-15T12:36:36,752.01,Wallet,Success,39.0
O000583,S001319,U00777,2025-03-17T21:39:36,955.03,Card,Success,0.0
O000584,S001323,U00780,2025-05-24T08:26:36,744.27,Card,Success,59.0
O000587,S001332,U00785,2025-06-19T17:29:36,864.2,Cash on Delivery,Success,39.0
O000588,S001334,U00787,2025-06-15T21:04:36,864.57,UPI,Success,69.0
O000589,S001335,U00787,2025-01-05T10:28:36,529.27,UPI,Success,49.0
O000590,S001340,U00790,2025-03-19T08:03:36,932.15,UPI,Success,59.0
O000591,S001341,U00791,2025-06-27T14:28:36,414.36,Card,Success,39.0
O000592,S001342,U00792,2025-04-26T20:42:36,448.3,UPI,Success,19.0
O000593,S001344,U00794,2025-02-22T09:46:36,900.54,UPI,Success,0.0
O000594,S001346,U00796,2025-01-23T10:32:36,290.7,UPI,Success,39.0
O000595,S001347,U00797,2025-04-03T16:47:36,444.58,UPI,Success,39.0
O000596,S001348,U00798,2025-05-20T08:37:36,320.4,Cash on Delivery,Success,39.0
O000597,S001349,U00799,2025-05-16T17:40:36,894.08,UPI,Success,0.0
O000598,S001353,U00800,2025-02-24T19:48:36,1227.14,UPI,Success,0.0
O000600,S001358,U00802,2025-04-01T07:10:36,360.42,Card,Success,19.0
O000601,S001364,U00804,2025-05-27T13:15:36,629.01,Card,Success,39.0
O000602,S001367,U00806,2025-01-31T22:39:36,1066.65,UPI,Success,0.0
O000603,S001368,U00806,2025-05-21T16:28:36,1019.95,UPI,Success,0.0
O000604,S001372,U00809,2025-02-21T11:42:36,673.29,UPI,Success,49.0
O000605,S001373,U00809,2025-04-17T10:57:36,593.66,UPI,Success,49.0
O000606,S001374,U00809,2025-05-01T14:59:36,867.92,Card,Success,39.0
O000607,S001375,U00810,2025-06-20T21:08:36,583.98,UPI,Success,69.0
O000608,S001378,U00812,2025-01-30T08:07:36,613.02,Cash on Delivery,Success,49.0
O000609,S001380,U00813,2025-04-22T16:35:36,476.89,UPI,Success,39.0
O000610,S001381,U00814,2025-06-08T13:23:36,581.32,Wallet,Success,39.0
O000611,S001384,U00815,2025-03-23T18:05:36,790.38,UPI,Success,59.0
O000613,S001386,U00816,2025-04-12T15:28:36,866.56,UPI,Success,19.0
O000614,S001388,U00817,2025-05-19T18:25:36,690.95,UPI,Success,19.0
O000615,S001389,U00817,2025-03-06T10:22:36,1220.42,Cash on Delivery,Success,29.0
O000616,S001392,U00819,2025-04-05T09:20:36,751.89,UPI,Success,49.0
O000617,S001396,U00822,2025-03-10T11:04:36,605.73,Cash on Delivery,Success,29.0
O000618,S001397,U00823,2025-02-25T15:01:36,594.26,UPI,Success,49.0
O000619,S001398,U00824,2025-06-20T12:48:36,1067.79,Wallet,Success,29.0
O000620,S001399,U00825,2025-06-18T12:57:36,837.66,UPI,Success,49.0
O000621,S001400,U00825,2025-05-26T07:34:36,660.5,UPI,Success,0.0
O000622,S001401,U00825,2025-04-28T15:46:36,1094.23,UPI,Success,0.0
O000623,S001405,U00827,2025-03-13T19:10:36,1574.43,UPI,Success,29.0
O000624,S001406,U00828,2025-01-29T15:24:36,673.29,UPI,Success,19.0
O000626,S001408,U00829,2025-04-18T15:50:36,1128.65,UPI,Success,59.0
O000627,S001414,U00833,2025-01-29T17:47:36,763.31,Card,Success,49.0
O000628,S001418,U00836,2025-06-06T16:32:36,622.56,UPI,Success,49.0
O000629,S001420,U00837,2025-05-19T09:04:36,1111.12,UPI,Success,0.0
O000630,S001421,U00837,2025-02-14T20:12:36,806.85,Card,Success,59.0
O000631,S001422,U00838,2025-03-13T12:51:36,656.96,Card,Success,49.0
O000632,S001424,U00839,2025-02-26T15:20:36,578.38,UPI,Success,39.0
O000633,S001425,U00839,2025-04-10T12:43:36,697.69,Wallet,Success,19.0
O000634,S001430,U00842,2025-02-03T12:06:36,795.06,Card,Success,19.0
O000635,S001434,U00844,2025-02-23T14:14:36,844.26,Card,Success,39.0
O000636,S001440,U00849,2025-04-01T18:42:36,551.65,UPI,Success,39.0
O000637,S001441,U00850,2025-06-30T12:01:36,870.79,UPI,Success,39.0
O000638,S001444,U00852,2025-04-20T07:43:36,1289.64,Card,Success,39.0
O000641,S001447,U00854,2025-05-15T20:34:36,661.24,UPI,Success,49.0
O000642,S001451,U00858,2025-02-07T20:55:36,893.2,Cash on Delivery,Success,39.0
O000643,S001452,U00859,2025-01-13T10:46:36,829.53,UPI,Success,69.0
O000644,S001453,U00859,2025-01-30T22:30:36,1404.36,UPI,Success,0.0
O000645,S001454,U00860,2025-01-01T13:43:36,870.83,UPI,Success,39.0
O000646,S001458,U00862,2025-01-30T18:15:36,596.9,Wallet,Success,59.0
O000647,S001459,U00862,2025-01-26T22:26:36,612.79,UPI,Success,29.0
O000648,S001465,U00866,2025-06-08T13:17:36,767.06,Card,Success,29.0
O000649,S001467,U00867,2025-02-03T11:31:36,842.86,UPI,Success,39.0
O000650,S001468,U00868,2025-06-26T16:00:36,618.18,UPI,Success,29.0
O000651,S001470,U00869,2025-05-07T19:47:36,510.17,UPI,Success,49.0
O000652,S001474,U00871,2025-04-23T17:05:36,765.72,Card,Success,59.0
O000653,S001477,U00874,2025-04-15T13:56:36,784.18,UPI,Success,49.0
O000656,S001484,U00878,2025-06-21T09:42:36,517.17,Card,Success,49.0
O000657,S001485,U00879,2025-05-30T14:56:36,1111.6,UPI,Success,0.0
O000658,S001486,U00879,2025-05-20T14:56:36,1330.6,UPI,Success,0.0
O000659,S001487,U00880,2025-02-27T10:02:36,756.83,UPI,Success,19.0
O000660,S001488,U00880,2025-03-29T16:02:36,585.46,UPI,Success,0.0
O000661,S001491,U00882,2025-02-10T18:45:36,718.11,UPI,Success,19.0
O000662,S001492,U00883,2025-04-08T14:03:36,415.81,Wallet,Success,19.0
O000663,S001493,U00883,2025-03-24T08:02:36,1170.33,Card,Success,0.0
O000664,S001494,U00884,2025-01-15T11:40:36,556.06,Cash on Delivery,Success,19.0
O000666,S001504,U00890,2025-06-29T14:55:36,885.26,Card,Success,69.0
O000667,S001505,U00890,2025-05-24T12:12:36,1043.78,Card,Success,59.0
O000668,S001506,U00890,2025-04-23T10:12:36,666.97,Cash on Delivery,Success,19.0
O000669,S001510,U00892,2025-01-09T12:34:36,649.13,Card,Success,19.0
O000670,S001512,U00894,2025-06-22T12:41:36,568.49,UPI,Success,29.0
O000671,S001513,U00895,2025-05-14T17:02:36,585.46,UPI,Success,69.0
O000672,S001514,U00896,2025-02-05T15:02:36,886.44,UPI,Success,29.0
O000673,S001516,U00897,2025-06-10T08:57:36,906.66,Card,Success,0.0
O000674,S001517,U00898,2025-02-15T10:20:36,649.63,UPI,Success,69.0
O000675,S001519,U00900,2025-01-22T19:51:36,665.87,UPI,Success,39.0
O000676,S001522,U00901,2025-02-18T22:58:36,530.82,Card,Success,49.0
O000677,S001523,U00902,2025-01-06T20:56:36,337.44,UPI,Success,69.0
O000679,S001530,U00906,2025-06-07T16:52:36,1316.84,UPI,Success,0.0
O000680,S001532,U00908,2025-04-30T20:49:36,734.51,Card,Success,39.0
O000681,S001533,U00909,2025-05-29T22:51:36,520.07,UPI,Success,29.0
O000684,S001538,U00911,2025-04-22T13:30:36,807.27,Card,Success,39.0
O000685,S001540,U00912,2025-01-18T22:55:36,917.19,UPI,Success,0.0
O000686,S001541,U00913,2025-01-30T07:12:36,1100.88,UPI,Success,0.0
O000687,S001543,U00914,2025-06-13T13:23:36,595.3,Wallet,Success,29.0
O000688,S001544,U00914,2025-03-27T22:40:36,576.75,Card,Success,19.0
O000689,S001547,U00916,2025-02-19T15:53:36,908.89,UPI,Success,0.0
O000690,S001550,U00918,2025-02-22T22:07:36,603.73,UPI,Success,19.0
O000691,S001553,U00921,2025-04-12T12:38:36,345.51,UPI,Success,0.0
O000693,S001555,U00922,2025-02-14T09:22:36,932.16,Card,Success,0.0
O000694,S001557,U00923,2025-02-15T21:51:36,1145.92,UPI,Success,0.0
O000695,S001558,U00923,2025-01-20T19:59:36,712.24,Card,Success,29.0
O000696,S001559,U00923,2025-06-01T16:22:36,1281.96,Card,Success,29.0
O000697,S001563,U00925,2025-02-16T16:26:36,576.66,Card,Success,0.0
O000698,S001564,U00926,2025-05-23T07:41:36,1563.21,UPI,Success,59.0
O000699,S001567,U00928,2025-06-18T15:05:36,766.74,Cash on Delivery,Success,49.0
O000700,S001569,U00929,2025-02-26T22:24:36,786.03,UPI,Success,59.0
O000701,S001572,U00930,2025-05-02T15:08:36,478.74,UPI,Success,39.0
O000702,S001573,U00930,2025-06-19T22:01:36,541.95,Cash on Delivery,Success,0.0
O000703,S001578,U00934,2025-06-08T14:51:36,1092.88,Card,Success,0.0
O000704,S001579,U00934,2025-06-14T13:34:36,444.74,UPI,Success,19.0
O000705,S001581,U00935,2025-04-15T19:41:36,865.86,Card,Success,29.0
O000706,S001584,U00937,2025-06-21T22:15:36,932.69,UPI,Success,29.0
O000707,S001586,U00937,2025-03-16T15:21:36,552.09,Card,Success,39.0
O000708,S001587,U00938,2025-01-07T14:53:36,640.73,Wallet,Success,0.0
O000709,S001588,U00939,2025-04-30T22:51:36,1208.39,UPI,Success,49.0
O000710,S001592,U00941,2025-06-12T22:21:36,1398.17,Cash on Delivery,Success,29.0
O000711,S001595,U00943,2025-04-28T22:08:36,1112.12,UPI,Success,0.0
O000712,S001596,U00944,2025-05-16T09:38:36,460.25,UPI,Success,29.0
O000713,S001598,U00945,2025-01-13T22:44:36,291.52,Card,Success,39.0
O000714,S001601,U00947,2025-06-16T11:35:36,463.67,UPI,Success,19.0
O000715,S001603,U00948,2025-05-23T22:47:36,1338.29,UPI,Success,0.0
O000716,S001604,U00949,2025-04-15T12:02:36,560.1,UPI,Success,39.0
O000717,S001606,U00951,2025-01-25T15:55:36,751.67,UPI,Success,0.0
O000718,S001607,U00952,2025-02-13T20:01:36,750.91,Card,Success,49.0
O000719,S001610,U00955,2025-01-10T15:03:36,457.64,UPI,Success,49.0
O000720,S001611,U00955,2025-05-10T21:54:36,1200.66,UPI,Success,0.0
O000721,S001612,U00955,2025-02-27T18:19:36,592.71,UPI,Success,49.0
O000722,S001613,U00955,2025-04-01T21:13:36,458.7,Card,Success,0.0
O000723,S001615,U00956,2025-02-11T07:08:36,709.32,UPI,Success,49.0
O000724,S001617,U00957,2025-05-23T16:46:36,459.68,Card,Success,19.0
O000725,S001618,U00958,2025-05-24T20:38:36,532.6,UPI,Success,39.0
O000726,S001619,U00959,2025-06-06T07:42:36,539.82,UPI,Success,69.0
O000727,S001622,U00962,2025-06-21T20:53:36,449.46,UPI,Success,29.0
O000728,S001624,U00964,2025-04-17T09:43:36,617.7,UPI,Success,0.0
O000729,S001625,U00965,2025-05-20T08:27:36,531.3,UPI,Success,39.0
O000730,S001628,U00967,2025-01-04T07:20:36,1090.33,UPI,Success,19.0
O000731,S001629,U00967,2025-05-26T18:54:36,329.68,Card,Success,49.0
O000732,S001630,U00968,2025-02-10T12:39:36,704.42,UPI,Success,39.0
O000733,S001631,U00968,2025-05-26T09:15:36,555.97,UPI,Success,0.0
O000734,S001634,U00970,2025-01-17T08:20:36,424.07,UPI,Success,39.0
O000735,S001635,U00970,2025-04-28T09:40:36,900.14,UPI,Success,0.0
O000736,S001637,U00972,2025-05-13T13:01:36,409.12,UPI,Success,49.0
O000737,S001639,U00973,2025-04-28T19:00:36,1117.72,Cash on Delivery,Success,0.0
O000738,S001642,U00975,2025-03-17T09:36:36,665.96,Card,Success,39.0
O000740,S001657,U00985,2025-04-25T07:52:36,593.21,UPI,Success,39.0
O000741,S001661,U00987,2025-06-05T11:36:36,732.68,Wallet,Success,49.0
O000742,S001662,U00988,2025-06-29T20:40:36,386.82,Card,Success,69.0
O000743,S001667,U00993,2025-03-03T12:40:36,524.8,Card,Success,49.0
O000744,S001669,U00993,2025-03-14T09:01:36,800.49,Wallet,Success,29.0
O000745,S001671,U00995,2025-06-11T07:54:36,512.32,UPI,Success,29.0
O000746,S001672,U00995,2025-05-23T18:12:36,611.94,Wallet,Success,39.0
O000747,S001676,U00997,2025-03-14T14:44:36,1152.8,Cash on Delivery,Success,19.0
O000748,S001680,U00999,2025-04-21T16:05:36,571.45,Wallet,Success,29.0
O000749,S001687,U01004,2025-04-09T13:56:36,335.75,Wallet,Success,39.0
O000750,S001690,U01005,2025-02-02T10:10:36,549.23,Cash on Delivery,Success,29.0
O000751,S001693,U01007,2025-01-31T18:55:36,583.89,Card,Success,39.0
O000752,S001694,U01007,2025-05-09T18:50:36,893.82,UPI,Success,49.0
O000754,S001697,U01009,2025-02-15T12:39:36,607.76,Card,Success,39.0
O000755,S001702,U01014,2025-03-11T21:25:36,1119.85,Wallet,Success,0.0
O000756,S001703,U01015,2025-03-13T20:53:36,446.93,UPI,Success,59.0
O000757,S001706,U01017,2025-04-05T22:26:36,1260.2,UPI,Success,29.0
O000758,S001710,U01020,2025-02-01T18:18:36,359.28,Wallet,Success,19.0
O000759,S001711,U01021,2025-03-30T20:04:36,599.15,UPI,Success,0.0
O000760,S001712,U01021,2025-03-18T08:16:36,827.17,Card,Success,39.0
O000761,S001716,U01023,2025-05-27T22:32:36,882.99,UPI,Success,19.0
O000762,S001717,U01024,2025-04-21T11:38:36,629.34,UPI,Success,29.0
O000763,S001718,U01024,2025-04-04T08:50:36,398.14,Card,Success,39.0
O000764,S001721,U01025,2025-04-29T19:49:36,670.02,Cash on Delivery,Success,49.0
O000765,S001722,U01026,2025-05-21T10:45:36,467.43,Card,Success,39.0
O000766,S001723,U01027,2025-05-06T18:04:36,415.35,UPI,Success,59.0
O000767,S001724,U01027,2025-04-15T08:42:36,871.87,Cash on Delivery,Success,49.0
O000768,S001725,U01028,2025-05-15T17:52:36,833.8,Wallet,Success,49.0
O000769,S001726,U01028,2025-05-31T21:38:36,307.57,UPI,Success,0.0
O000770,S001729,U01031,2025-01-25T21:45:36,777.02,UPI,Success,29.0
O000774,S001743,U01042,2025-03-10T07:54:36,2340.67,Card,Success,0.0
O000775,S001747,U01044,2025-02-18T13:50:36,836.91,Card,Success,19.0
O000776,S001748,U01044,2025-05-28T07:58:36,526.95,UPI,Success,0.0
O000777,S001751,U01047,2025-01-05T10:16:36,784.44,Card,Success,69.0
O000778,S001752,U01048,2025-02-27T07:27:36,1136.04,UPI,Success,0.0
O000779,S001754,U01049,2025-03-17T20:39:36,817.59,Wallet,Success,19.0
O000780,S001758,U01051,2025-06-24T09:22:36,861.76,UPI,Success,59.0
O000781,S001760,U01052,2025-04-01T20:51:36,857.64,Card,Success,59.0
O000782,S001762,U01053,2025-03-17T12:41:36,827.66,Card,Success,39.0
O000783,S001765,U01056,2025-05-23T17:32:36,899.99,UPI,Success,39.0
O000784,S001770,U01059,2025-02-18T11:51:36,1204.12,Cash on Delivery,Success,0.0
O000785,S001771,U01060,2025-02-20T16:45:36,770.91,Cash on Delivery,Success,39.0
O000786,S001772,U01060,2025-06-14T09:57:36,575.88,Cash on Delivery,Success,39.0
O000787,S001777,U01062,2025-02-21T15:21:36,397.62,UPI,Success,49.0
O000788,S001778,U01063,2025-05-05T08:47:36,542.14,Card,Success,19.0
O000789,S001781,U01064,2025-01-27T09:57:36,1048.41,Wallet,Success,0.0
O000790,S001782,U01064,2025-05-25T19:31:36,435.49,Card,Success,49.0
O000791,S001785,U01067,2025-02-16T22:49:36,349.47,Cash on Delivery,Success,0.0
O000792,S001790,U01071,2025-02-15T14:45:36,622.69,Wallet,Success,29.0
O000793,S001795,U01074,2025-02-21T09:15:36,296.71,UPI,Success,0.0
O000794,S001797,U01075,2025-05-25T10:54:36,1077.91,UPI,Success,0.0
O000795,S001798,U01075,2025-02-19T20:35:36,517.64,UPI,Success,19.0
O000796,S001800,U01077,2025-01-07T11:44:36,750.21,Cash on Delivery,Success,19.0
O000797,S001803,U01079,2025-03-22T13:10:36,827.7,UPI,Success,39.0
O000799,S001806,U01081,2025-01-30T18:27:36,957.8,UPI,Success,0.0
O000800,S001809,U01082,2025-05-29T11:24:36,970.43,UPI,Success,0.0
O000801,S001810,U01083,2025-05-12T13:01:36,1184.16,Cash on Delivery,Success,0.0
O000802,S001813,U01084,2025-03-29T12:15:36,1290.53,Cash on Delivery,Success,0.0
O000803,S001814,U01085,2025-06-11T18:08:36,1221.88,UPI,Success,0.0
O000804,S001815,U01085,2025-04-25T19:45:36,466.17,Card,Success,39.0
O000805,S001818,U01087,2025-05-24T11:20:36,916.33,Cash on Delivery,Success,0.0
O000809,S001833,U01094,2025-02-01T19:53:36,526.44,UPI,Success,29.0
O000810,S001835,U01095,2025-03-02T17:24:36,703.49,Wallet,Success,59.0
O000811,S001837,U01096,2025-04-19T14:09:36,779.62,Wallet,Success,0.0
O000813,S001844,U01102,2025-06-09T17:58:36,569.33,Card,Success,19.0
O000814,S001847,U01105,2025-04-03T11:25:36,844.18,Card,Success,39.0
O000815,S001848,U01106,2025-03-11T19:51:36,812.53,UPI,Success,19.0
O000816,S001855,U01111,2025-04-17T20:19:36,750.03,UPI,Success,59.0
O000817,S001858,U01112,2025-02-20T20:39:36,548.97,UPI,Success,69.0
O000818,S001863,U01116,2025-03-30T07:41:36,656.94,UPI,Success,19.0
O000819,S001865,U01117,2025-01-03T11:02:36,653.29,Card,Success,29.0
O000820,S001866,U01118,2025-04-30T09:15:36,589.59,UPI,Success,0.0
O000821,S001868,U01120,2025-05-23T21:11:36,585.53,UPI,Success,0.0
O000823,S001875,U01123,2025-06-17T11:22:36,580.06,Cash on Delivery,Success,29.0
O000825,S001880,U01128,2025-02-11T12:31:36,350.94,UPI,Success,49.0
O000826,S001882,U01128,2025-04-25T16:22:36,1064.28,Card,Success,39.0
O000827,S001883,U01129,2025-02-25T22:51:36,334.91,Wallet,Success,59.0
O000828,S001886,U01130,2025-05-25T12:46:36,753.25,Card,Success,59.0
O000829,S001889,U01131,2025-06-05T20:48:36,494.46,UPI,Success,39.0
O000830,S001891,U01132,2025-06-30T11:08:36,698.01,UPI,Success,69.0
O000831,S001893,U01133,2025-04-05T13:39:36,719.31,Card,Success,49.0
O000832,S001897,U01136,2025-05-22T13:02:36,387.3,UPI,Success,29.0
O000833,S001898,U01136,2025-03-04T16:04:36,664.64,UPI,Success,39.0
O000834,S001903,U01140,2025-03-31T16:45:36,706.44,Cash on Delivery,Success,29.0
O000835,S001904,U01140,2025-05-17T12:52:36,950.76,UPI,Success,0.0
O000836,S001907,U01142,2025-06-17T07:08:36,1148.34,UPI,Success,0.0
O000837,S001909,U01143,2025-02-27T07:29:36,346.83,UPI,Success,29.0
O000838,S001913,U01143,2025-03-05T11:41:36,994.62,Wallet,Success,0.0
O000839,S001914,U01143,2025-02-16T09:16:36,1004.59,UPI,Success,29.0
O000840,S001915,U01144,2025-03-16T14:06:36,621.28,UPI,Success,59.0
O000841,S001917,U01145,2025-01-13T11:41:36,445.87,Wallet,Success,49.0
O000842,S001920,U01147,2025-02-27T12:46:36,767.67,UPI,Success,59.0
O000843,S001921,U01148,2025-04-24T22:37:36,818.71,UPI,Success,19.0
O000844,S001922,U01148,2025-05-14T19:06:36,1068.41,UPI,Success,59.0
O000845,S001923,U01148,2025-01-18T10:34:36,497.63,Cash on Delivery,Success,29.0
O000846,S001924,U01148,2025-02-02T15:08:36,918.38,Wallet,Success,19.0
O000847,S001926,U01150,2025-05-26T08:17:36,932.46,Card,Success,59.0
O000848,S001927,U01150,2025-06-18T11:45:36,1468.7,UPI,Success,29.0
O000849,S001929,U01151,2025-01-29T09:00:36,977.03,Cash on Delivery,Success,0.0
O000850,S001930,U01152,2025-04-07T21:14:36,919.9,Wallet,Success,39.0
O000851,S001933,U01153,2025-03-11T22:50:36,808.12,Cash on Delivery,Success,19.0
O000852,S001934,U01154,2025-05-21T07:10:36,889.19,Card,Success,29.0
O000853,S001935,U01155,2025-03-11T12:18:36,350.08,Card,Success,59.0
O000854,S001945,U01162,2025-04-14T11:00:36,746.79,UPI,Success,19.0
O000855,S001950,U01165,2025-06-20T09:09:36,342.75,Cash on Delivery,Success,29.0
O000856,S001953,U01167,2025-03-29T08:49:36,452.92,Card,Success,69.0
O000857,S001956,U01169,2025-05-21T20:52:36,967.62,Card,Success,0.0
O000858,S001958,U01169,2025-06-02T22:09:36,663.68,UPI,Success,49.0
O000859,S001961,U01171,2025-01-20T11:37:36,649.04,Cash on Delivery,Success,49.0
O000860,S001969,U01176,2025-06-30T18:34:36,383.74,Wallet,Success,49.0
O000861,S001971,U01178,2025-03-12T17:57:36,807.87,Card,Success,39.0
O000862,S001973,U01180,2025-05-27T16:41:36,614.41,Card,Success,49.0
O000863,S001979,U01184,2025-02-02T13:33:36,1010.16,UPI,Success,0.0
O000864,S001981,U01186,2025-02-22T09:26:36,995.08,UPI,Success,39.0
O000865,S001982,U01187,2025-05-12T15:50:36,1250.99,Cash on Delivery,Success,29.0
O000866,S001986,U01190,2025-06-26T11:33:36,1070.09,UPI,Success,0.0
O000867,S001987,U01191,2025-06-14T16:47:36,609.55,Card,Success,19.0
O000868,S001988,U01192,2025-02-12T14:51:36,911.92,UPI,Success,0.0
O000869,S001992,U01193,2025-04-14T12:22:36,1628.99,UPI,Success,0.0
O000871,S001994,U01194,2025-03-18T11:01:36,790.14,UPI,Success,0.0
O000873,S001998,U01195,2025-06-24T18:36:36,854.59,Card,Success,49.0
O000874,S002000,U01197,2025-04-03T09:09:36,541.06,UPI,Success,29.0
O000875,S002007,U01201,2025-03-09T18:12:36,610.94,UPI,Success,0.0
O000877,S002010,U01204,2025-05-29T16:36:36,805.09,UPI,Success,39.0
O000878,S002012,U01205,2025-02-20T14:36:36,394.16,Wallet,Success,39.0
O000879,S002017,U01207,2025-04-15T07:23:36,747.85,UPI,Success,29.0
O000880,S002020,U01210,2025-05-31T08:29:36,780.44,UPI,Success,39.0
O000881,S002022,U01211,2025-05-01T21:54:36,1119.85,Wallet,Success,0.0
O000882,S002032,U01218,2025-03-03T10:00:36,562.87,UPI,Success,49.0
O000883,S002033,U01219,2025-03-29T18:48:36,390.4,UPI,Success,49.0
O000884,S002034,U01220,2025-03-28T18:57:36,396.68,Card,Success,49.0
O000887,S002049,U01226,2025-02-26T20:02:36,637.41,UPI,Success,49.0
O000888,S002055,U01229,2025-03-29T16:47:36,707.04,UPI,Success,29.0
O000889,S002057,U01231,2025-06-29T14:33:36,1486.93,Wallet,Success,0.0
O000890,S002062,U01234,2025-02-09T19:05:36,1240.16,UPI,Success,0.0
O000891,S002066,U01235,2025-05-25T16:01:36,529.47,Card,Success,49.0
O000892,S002067,U01236,2025-01-28T20:23:36,365.76,Card,Success,39.0
O000893,S002068,U01237,2025-05-20T14:12:36,1308.4,UPI,Success,0.0
O000894,S002074,U01242,2025-04-28T09:09:36,827.16,UPI,Success,19.0
O000895,S002076,U01242,2025-01-24T12:59:36,803.07,UPI,Success,29.0
O000896,S002080,U01246,2025-03-01T18:14:36,616.48,UPI,Success,29.0
O000897,S002081,U01247,2025-05-22T15:40:36,469.73,Card,Success,39.0
O000898,S002084,U01248,2025-01-18T12:07:36,789.05,Wallet,Success,49.0
O000899,S002089,U01250,2025-03-25T14:18:36,1005.25,UPI,Success,0.0
O000900,S002090,U01250,2025-01-24T10:53:36,789.46,UPI,Success,19.0
O000901,S002092,U01251,2025-04-04T13:38:36,583.51,UPI,Success,39.0
O000902,S002098,U01254,2025-03-04T19:31:36,1237.14,Card,Success,49.0
O000903,S002100,U01256,2025-02-02T11:56:36,623.16,UPI,Success,19.0
O000904,S002104,U01257,2025-06-14T12:44:36,491.69,Cash on Delivery,Success,49.0
O000905,S002105,U01257,2025-05-14T07:28:36,634.72,UPI,Success,39.0
O000906,S002106,U01257,2025-04-28T17:45:36,1461.54,UPI,Success,0.0
O000907,S002107,U01258,2025-05-31T07:08:36,784.95,Wallet,Success,19.0
O000908,S002108,U01258,2025-06-20T22:01:36,596.16,UPI,Success,39.0
O000910,S002112,U01260,2025-05-04T08:24:36,549.49,UPI,Success,39.0
O000911,S002113,U01261,2025-02-21T17:48:36,483.72,UPI,Success,39.0
O000912,S002122,U01266,2025-02-14T18:40:36,993.63,UPI,Success,0.0
O000913,S002124,U01267,2025-03-18T12:40:36,642.41,UPI,Success,29.0
O000914,S002125,U01268,2025-03-10T10:13:36,853.07,Card,Success,39.0
O000915,S002127,U01268,2025-03-26T09:20:36,1043.7,UPI,Success,49.0
O000916,S002131,U01271,2025-04-15T18:04:36,692.02,Wallet,Success,59.0
O000917,S002134,U01272,2025-06-12T09:15:36,1261.68,UPI,Success,39.0
O000918,S002135,U01272,2025-04-11T19:06:36,792.95,UPI,Success,0.0
O000919,S002137,U01274,2025-06-25T14:57:36,647.55,UPI,Success,59.0
O000920,S002141,U01278,2025-03-24T13:11:36,573.21,UPI,Success,29.0
O000921,S002146,U01280,2025-03-22T22:45:36,1189.73,UPI,Success,0.0
O000922,S002147,U01280,2025-05-11T14:51:36,742.04,Cash on Delivery,Success,39.0
O000924,S002151,U01284,2025-03-30T21:55:36,809.32,UPI,Success,69.0
O000925,S002152,U01284,2025-05-02T08:06:36,1049.79,UPI,Success,29.0
O000926,S002154,U01285,2025-05-15T17:33:36,1281.18,UPI,Success,39.0
O000927,S002156,U01287,2025-02-22T19:46:36,890.3,Card,Success,39.0
O000928,S002157,U01288,2025-05-09T08:26:36,623.84,Card,Success,29.0
O000930,S002159,U01290,2025-06-19T11:23:36,995.74,UPI,Success,0.0
O000931,S002164,U01293,2025-06-19T19:43:36,729.65,Cash on Delivery,Success,39.0
O000932,S002169,U01298,2025-06-14T11:32:36,685.0,UPI,Success,29.0
O000933,S002171,U01299,2025-05-27T21:31:36,1035.04,UPI,Success,0.0
O000934,S002175,U01303,2025-04-27T08:22:36,974.45,UPI,Success,39.0
O000936,S002178,U01304,2025-05-21T19:30:36,390.23,UPI,Success,69.0
O000937,S002180,U01306,2025-01-30T09:56:36,897.42,Card,Success,0.0
O000938,S002181,U01307,2025-06-22T17:27:36,1455.82,Card,Success,0.0
O000939,S002187,U01310,2025-05-16T10:37:36,825.14,Wallet,Success,29.0
O000940,S002188,U01311,2025-05-14T15:34:36,674.37,Card,Success,0.0
O000942,S002190,U01312,2025-03-21T22:31:36,385.25,UPI,Success,49.0
O000943,S002191,U01312,2025-01-15T22:54:36,869.78,Cash on Delivery,Success,49.0
O000944,S002196,U01316,2025-01-02T11:49:36,534.76,UPI,Success,39.0
O000945,S002197,U01317,2025-03-01T18:55:36,987.75,UPI,Success,0.0
O000946,S002200,U01319,2025-02-11T18:56:36,592.68,Cash on Delivery,Success,49.0
O000947,S002202,U01320,2025-06-09T12:14:36,559.37,UPI,Success,0.0
O000948,S002205,U01322,2025-05-26T15:18:36,487.53,UPI,Success,39.0
O000949,S002208,U01324,2025-06-08T08:55:36,570.85,Wallet,Success,19.0
O000950,S002212,U01326,2025-05-13T14:21:36,1401.73,Card,Success,0.0
O000951,S002213,U01326,2025-02-23T14:38:36,698.52,UPI,Success,49.0
O000952,S002214,U01327,2025-06-17T07:02:36,558.44,UPI,Success,39.0
O000953,S002218,U01331,2025-03-08T18:22:36,578.02,UPI,Success,39.0
O000954,S002224,U01333,2025-03-29T12:19:36,650.7,UPI,Success,39.0
O000956,S002229,U01336,2025-06-29T21:56:36,598.91,UPI,Success,59.0
O000957,S002231,U01336,2025-06-06T18:28:36,1041.29,UPI,Success,0.0
O000959,S002234,U01338,2025-03-27T14:04:36,1272.06,UPI,Success,0.0
O000960,S002235,U01339,2025-03-15T09:46:36,730.94,UPI,Success,19.0
O000961,S002240,U01342,2025-06-02T16:48:36,1048.0,Card,Success,0.0
O000963,S002242,U01344,2025-06-28T20:11:36,1213.9,Wallet,Success,39.0
O000964,S002243,U01344,2025-06-18T13:38:36,781.06,UPI,Success,39.0
O000965,S002251,U01348,2025-05-13T22:53:36,888.87,Card,Success,49.0
O000966,S002252,U01349,2025-04-17T12:02:36,791.99,UPI,Success,19.0
O000967,S002253,U01349,2025-01-01T18:39:36,623.27,Cash on Delivery,Success,29.0
O000968,S002255,U01351,2025-01-03T08:11:36,950.45,Card,Success,0.0
O000969,S002257,U01351,2025-01-22T08:49:36,706.37,UPI,Success,49.0
O000970,S002260,U01352,2025-04-22T11:57:36,452.91,UPI,Success,29.0
O000972,S002269,U01358,2025-05-23T21:20:36,358.76,UPI,Success,69.0
O000974,S002272,U01359,2025-04-09T20:30:36,569.49,Wallet,Success,29.0
O000975,S002275,U01361,2025-04-22T21:17:36,583.31,UPI,Success,29.0
O000977,S002278,U01361,2025-01-06T19:13:36,721.24,UPI,Success,29.0
O000978,S002280,U01362,2025-01-31T17:58:36,899.14,UPI,Success,59.0
O000979,S002281,U01362,2025-06-16T19:59:36,1012.54,UPI,Success,0.0
O000980,S002286,U01364,2025-05-17T08:57:36,986.38,Card,Success,0.0
O000981,S002290,U01367,2025-05-14T13:08:36,776.69,UPI,Success,39.0
O000982,S002291,U01368,2025-01-20T17:52:36,581.07,UPI,Success,39.0
O000983,S002293,U01369,2025-04-28T18:52:36,429.28,UPI,Success,49.0
O000984,S002296,U01371,2025-01-04T20:39:36,1103.45,UPI,Success,0.0
O000985,S002298,U01372,2025-02-19T07:19:36,599.11,Wallet,Success,29.0
O000986,S002302,U01374,2025-01-20T14:12:36,1116.32,UPI,Success,0.0
O000987,S002305,U01375,2025-01-28T17:20:36,822.46,Cash on Delivery,Success,39.0
O000988,S002307,U01376,2025-05-24T19:16:36,363.67,Wallet,Success,69.0
O000989,S002309,U01377,2025-06-26T12:47:36,974.57,UPI,Success,49.0
O000990,S002311,U01378,2025-04-17T20:07:36,518.3,UPI,Success,39.0
O000991,S002312,U01379,2025-01-22T08:05:36,494.55,UPI,Success,39.0
O000993,S002314,U01380,2025-04-30T11:50:36,544.49,UPI,Success,29.0
O000994,S002315,U01380,2025-01-18T12:18:36,402.86,Wallet,Success,39.0
O000995,S002316,U01381,2025-06-07T13:14:36,976.2,UPI,Success,0.0
O000996,S002326,U01387,2025-04-06T08:28:36,469.07,Card,Success,19.0
O000997,S002327,U01388,2025-02-24T16:43:36,466.65,Card,Success,0.0
O000998,S002328,U01389,2025-03-25T11:33:36,559.12,UPI,Success,29.0
O000999,S002331,U01391,2025-06-02T07:49:36,937.09,UPI,Success,0.0
O001000,S002332,U01392,2025-02-20T20:24:36,645.94,UPI,Success,59.0
O001001,S002335,U01394,2025-02-22T12:20:36,439.51,UPI,Success,49.0
O001002,S002337,U01395,2025-03-25T09:28:36,1093.87,UPI,Success,69.0
O001003,S002340,U01397,2025-02-19T15:14:36,425.79,UPI,Success,29.0
O001004,S002341,U01398,2025-03-18T10:00:36,1025.88,Card,Success,0.0
O001005,S002342,U01398,2025-05-02T19:23:36,813.26,Card,Success,19.0
O001006,S002343,U01399,2025-02-14T20:29:36,564.91,UPI,Success,49.0
O001007,S002344,U01400,2025-02-20T13:02:36,760.43,UPI,Success,0.0
O001008,S002347,U01403,2025-04-04T11:04:36,510.86,Cash on Delivery,Success,49.0
O001009,S002348,U01403,2025-06-23T07:08:36,1461.53,Card,Success,39.0
O001011,S002355,U01407,2025-06-01T09:01:36,1055.43,Card,Success,0.0
O001012,S002357,U01408,2025-02-25T13:31:36,591.28,Card,Success,29.0
O001013,S002360,U01409,2025-03-19T07:12:36,1120.24,Wallet,Success,0.0
O001014,S002362,U01410,2025-01-27T12:42:36,434.04,UPI,Success,59.0
O001015,S002365,U01411,2025-06-20T20:24:36,529.24,UPI,Success,39.0
O001017,S002370,U01413,2025-06-11T20:37:36,695.14,Cash on Delivery,Success,59.0
O001019,S002376,U01416,2025-01-29T20:28:36,445.28,Cash on Delivery,Success,39.0
O001021,S002378,U01418,2025-04-17T20:35:36,581.69,UPI,Success,49.0
O001022,S002380,U01419,2025-06-21T10:15:36,605.27,UPI,Success,29.0
O001023,S002383,U01420,2025-05-16T11:57:36,579.82,Card,Success,39.0
O001024,S002385,U01422,2025-05-22T18:31:36,880.19,Card,Success,49.0
O001025,S002389,U01426,2025-03-13T11:52:36,366.49,UPI,Success,49.0
O001026,S002392,U01428,2025-06-06T13:29:36,702.0,Card,Success,49.0
O001027,S002399,U01433,2025-03-19T17:19:36,769.16,Card,Success,59.0
O001028,S002400,U01433,2025-04-14T16:37:36,489.02,UPI,Success,29.0
O001029,S002401,U01434,2025-02-18T16:24:36,643.76,Wallet,Success,39.0
O001030,S002404,U01436,2025-04-29T15:36:36,1919.08,UPI,Success,0.0
O001031,S002408,U01438,2025-03-15T07:28:36,201.28,UPI,Success,29.0
O001032,S002410,U01439,2025-01-22T19:07:36,2040.83,Card,Success,59.0
O001033,S002412,U01440,2025-05-19T07:18:36,1330.37,Card,Success,0.0
O001034,S002416,U01442,2025-03-06T15:00:36,446.37,Wallet,Success,49.0
O001035,S002421,U01447,2025-02-12T10:11:36,1063.86,Card,Success,49.0
O001037,S002425,U01449,2025-03-04T07:37:36,490.15,Card,Success,29.0
O001038,S002426,U01449,2025-06-23T14:36:36,544.98,Card,Success,29.0
O001039,S002427,U01449,2025-05-22T07:14:36,761.46,UPI,Success,69.0
O001041,S002432,U01452,2025-04-29T16:06:36,711.77,Wallet,Success,29.0
O001042,S002433,U01453,2025-06-28T11:58:36,665.56,Cash on Delivery,Success,39.0
O001043,S002438,U01456,2025-06-17T12:31:36,791.84,Cash on Delivery,Success,49.0
O001044,S002440,U01457,2025-01-03T07:46:36,808.67,UPI,Success,59.0
O001045,S002441,U01458,2025-02-03T11:47:36,586.34,UPI,Success,39.0
O001046,S002443,U01458,2025-04-19T18:24:36,545.33,UPI,Success,49.0
O001048,S002453,U01464,2025-05-21T21:49:36,313.89,Cash on Delivery,Success,29.0
O001049,S002455,U01466,2025-04-13T21:43:36,1002.16,UPI,Success,29.0
O001050,S002456,U01466,2025-02-23T12:03:36,354.73,Cash on Delivery,Success,29.0
O001051,S002457,U01467,2025-03-25T15:08:36,532.21,Card,Success,49.0
O001052,S002462,U01469,2025-04-07T08:36:36,694.39,Cash on Delivery,Success,69.0
O001053,S002466,U01469,2025-02-13T16:36:36,830.39,Card,Success,29.0
O001054,S002476,U01478,2025-04-04T22:34:36,1130.97,Wallet,Success,39.0
O001055,S002480,U01482,2025-06-14T17:29:36,491.63,Card,Success,49.0
O001056,S002482,U01483,2025-06-02T17:42:36,589.23,UPI,Success,39.0
O001057,S002483,U01483,2025-05-01T19:04:36,352.46,Card,Success,19.0
O001058,S002484,U01484,2025-05-07T14:47:36,1054.1,Card,Success,0.0
O001059,S002488,U01486,2025-05-02T07:33:36,1628.73,UPI,Success,0.0
O001060,S002491,U01488,2025-06-28T20:51:36,407.4,UPI,Success,39.0
O001062,S002497,U01491,2025-06-17T18:24:36,536.79,Cash on Delivery,Success,29.0
O001063,S002498,U01492,2025-03-08T18:01:36,542.68,UPI,Success,29.0
O001064,S002499,U01493,2025-02-26T17:55:36,725.24,UPI,Success,59.0
O001065,S002500,U01493,2025-03-15T20:24:36,1237.77,Wallet,Success,0.0
O001066,S002502,U01494,2025-05-22T15:34:36,1146.67,UPI,Success,0.0
O001067,S002504,U01496,2025-05-16T16:08:36,424.87,Wallet,Success,19.0
O001068,S002507,U01497,2025-02-12T12:46:36,875.77,UPI,Success,49.0
O001069,S002511,U01498,2025-02-14T14:55:36,723.87,Card,Success,29.0
O001070,S002512,U01498,2025-06-16T21:26:36,641.49,Wallet,Success,59.0
O001071,S002513,U01498,2025-06-24T10:19:36,566.34,Card,Success,59.0
O001072,S002514,U01498,2025-01-04T18:09:36,543.81,Card,Success,59.0
O001073,S002516,U01500,2025-04-28T21:59:36,1034.41,UPI,Success,0.0
O001074,S002517,U01501,2025-05-23T10:06:36,1155.09,Card,Success,49.0
O001075,S002518,U01501,2025-02-07T14:22:36,623.89,Card,Success,29.0
O001076,S002519,U01502,2025-01-21T17:47:36,958.3,Wallet,Success,0.0
O001077,S002520,U01502,2025-06-14T08:51:36,919.85,UPI,Success,0.0
O001078,S002522,U01504,2025-03-07T14:03:36,419.12,UPI,Success,49.0
O001079,S002523,U01505,2025-02-13T10:45:36,509.39,UPI,Success,49.0
O001082,S002530,U01509,2025-05-16T13:08:36,619.05,UPI,Success,19.0
O001083,S002531,U01510,2025-03-06T10:04:36,1174.88,UPI,Success,39.0
O001084,S002538,U01514,2025-04-17T12:26:36,1057.06,UPI,Success,0.0
O001086,S002543,U01518,2025-04-30T14:21:36,828.07,UPI,Success,0.0
O001087,S002544,U01519,2025-05-01T07:26:36,822.71,Cash on Delivery,Success,39.0
O001088,S002545,U01520,2025-06-29T19:32:36,626.98,UPI,Success,59.0
O001089,S002547,U01522,2025-05-28T07:37:36,795.49,Wallet,Success,39.0
O001090,S002551,U01525,2025-02-28T19:25:36,669.44,UPI,Success,39.0
O001092,S002559,U01531,2025-02-18T22:36:36,488.84,UPI,Success,39.0
O001093,S002560,U01532,2025-02-08T21:17:36,1180.59,UPI,Success,0.0
O001094,S002566,U01537,2025-02-28T10:24:36,730.67,UPI,Success,0.0
O001095,S002568,U01537,2025-03-04T10:34:36,473.62,UPI,Success,19.0
O001096,S002570,U01539,2025-02-06T18:27:36,376.59,Card,Success,69.0
O001097,S002571,U01540,2025-01-06T20:41:36,454.53,UPI,Success,29.0
O001098,S002572,U01541,2025-03-28T10:42:36,767.49,UPI,Success,29.0
O001099,S002574,U01542,2025-01-30T21:14:36,471.86,Wallet,Success,49.0
O001101,S002592,U01556,2025-02-28T21:03:36,969.5,Card,Success,69.0
O001102,S002593,U01557,2025-03-31T13:13:36,614.71,UPI,Success,29.0
O001103,S002595,U01559,2025-04-08T18:36:36,1252.52,Card,Success,0.0
O001104,S002596,U01559,2025-04-17T21:07:36,1026.83,Cash on Delivery,Success,0.0
O001105,S002598,U01560,2025-01-07T18:43:36,1639.21,Cash on Delivery,Success,0.0
O001106,S002602,U01561,2025-02-13T15:58:36,478.01,Card,Success,19.0
O001107,S002603,U01561,2025-06-25T21:26:36,478.66,Card,Success,49.0
O001108,S002605,U01562,2025-05-07T08:22:36,666.95,Card,Success,59.0
O001109,S002611,U01566,2025-01-08T07:36:36,856.55,UPI,Success,59.0
O001111,S002615,U01569,2025-06-08T21:39:36,479.82,Wallet,Success,49.0
O001112,S002618,U01572,2025-04-28T17:43:36,746.25,UPI,Success,0.0
O001113,S002619,U01572,2025-06-25T17:45:36,624.88,UPI,Success,29.0
O001114,S002623,U01574,2025-03-05T14:53:36,631.13,Wallet,Success,19.0
O001115,S002628,U01578,2025-06-10T22:48:36,991.63,UPI,Success,49.0
O001116,S002629,U01578,2025-01-03T09:23:36,709.28,UPI,Success,49.0
O001117,S002633,U01581,2025-03-15T19:24:36,963.91,UPI,Success,0.0
O001118,S002635,U01581,2025-01-17T11:51:36,832.3,Card,Success,0.0
O001120,S002639,U01584,2025-04-26T08:32:36,899.57,UPI,Success,0.0
O001122,S002644,U01588,2025-04-26T09:42:36,618.22,UPI,Success,39.0
O001123,S002647,U01590,2025-02-09T12:41:36,441.88,UPI,Success,19.0
O001124,S002651,U01592,2025-03-28T10:11:36,1162.67,UPI,Success,49.0
O001125,S002652,U01593,2025-06-15T08:19:36,684.15,Card,Success,19.0
O001126,S002654,U01593,2025-01-10T07:51:36,701.73,UPI,Success,49.0
O001127,S002658,U01595,2025-06-11T15:23:36,919.53,UPI,Success,0.0
O001128,S002659,U01595,2025-05-09T10:25:36,771.42,Card,Success,29.0
O001129,S002660,U01596,2025-02-07T13:46:36,1330.32,UPI,Success,29.0
O001131,S002665,U01599,2025-01-06T19:43:36,1108.96,UPI,Success,0.0
O001132,S002667,U01599,2025-02-22T11:16:36,1421.94,UPI,Success,0.0
O001133,S002668,U01600,2025-04-01T07:56:36,1022.73,Card,Success,29.0
O001134,S002669,U01601,2025-04-23T23:01:36,723.48,Wallet,Success,29.0
O001135,S002671,U01603,2025-01-28T18:16:36,925.01,Card,Success,0.0
O001136,S002673,U01604,2025-04-10T15:40:36,807.47,Cash on Delivery,Success,39.0
O001137,S002675,U01606,2025-03-17T18:51:36,340.42,Cash on Delivery,Success,39.0
O001138,S002676,U01607,2025-06-25T13:57:36,770.0,Card,Success,39.0
O001139,S002678,U01609,2025-01-31T18:30:36,1048.83,UPI,Success,0.0
O001140,S002682,U01612,2025-04-25T15:47:36,778.88,Wallet,Success,69.0
O001141,S002683,U01613,2025-04-07T11:35:36,1080.54,Card,Success,0.0
O001142,S002685,U01614,2025-06-21T17:39:36,499.55,UPI,Success,0.0
O001143,S002690,U01618,2025-02-24T14:30:36,566.74,Wallet,Success,19.0
O001144,S002694,U01620,2025-06-11T16:35:36,1824.76,UPI,Success,0.0
O001145,S002695,U01621,2025-01-20T10:19:36,587.07,Card,Success,0.0
O001149,S002701,U01626,2025-02-15T17:35:36,722.65,UPI,Success,29.0
O001150,S002702,U01626,2025-01-31T22:59:36,1861.61,UPI,Success,39.0
O001151,S002703,U01627,2025-06-03T21:30:36,681.49,Cash on Delivery,Success,19.0
O001152,S002705,U01629,2025-04-21T16:45:36,466.93,Wallet,Success,29.0
O001153,S002707,U01630,2025-01-27T19:07:36,763.35,Cash on Delivery,Success,59.0
O001154,S002708,U01630,2025-05-10T08:06:36,1276.82,UPI,Success,69.0
O001155,S002709,U01631,2025-05-11T07:32:36,521.42,UPI,Success,29.0
O001157,S002714,U01633,2025-01-09T12:00:36,1190.61,Wallet,Success,0.0
O001158,S002716,U01634,2025-04-07T15:17:36,592.49,Wallet,Success,19.0
O001159,S002719,U01636,2025-05-19T16:24:36,1068.95,Wallet,Success,0.0
O001160,S002727,U01643,2025-01-14T17:53:36,1042.25,UPI,Success,0.0
O001161,S002728,U01644,2025-04-03T20:41:36,821.88,Card,Success,59.0
O001162,S002730,U01645,2025-05-12T19:31:36,1076.46,Card,Success,0.0
O001163,S002732,U01647,2025-05-10T19:23:36,803.07,UPI,Success,59.0
O001164,S002737,U01649,2025-02-16T20:00:36,633.61,Card,Success,0.0
O001165,S002740,U01650,2025-02-06T17:59:36,1325.91,UPI,Success,0.0
O001167,S002746,U01655,2025-05-11T18:47:36,382.96,UPI,Success,39.0
O001168,S002749,U01657,2025-02-07T13:17:36,382.86,Card,Success,39.0
O001171,S002757,U01664,2025-03-08T22:45:36,892.15,Card,Success,69.0
O001172,S002758,U01664,2025-05-03T17:06:36,901.73,Card,Success,29.0
O001173,S002759,U01665,2025-06-29T22:56:36,593.11,UPI,Success,49.0
O001174,S002763,U01666,2025-06-17T10:08:36,796.31,Wallet,Success,49.0
O001175,S002766,U01668,2025-04-21T20:15:36,682.22,UPI,Success,29.0
O001176,S002768,U01669,2025-02-04T13:12:36,655.24,UPI,Success,39.0
O001178,S002773,U01673,2025-01-22T09:38:36,405.35,Card,Success,0.0
O001179,S002774,U01674,2025-01-29T08:44:36,775.13,Card,Success,29.0
O001180,S002777,U01676,2025-04-22T12:43:36,617.02,UPI,Success,29.0
O001182,S002780,U01677,2025-06-16T22:45:36,623.71,UPI,Success,29.0
O001183,S002781,U01678,2025-06-15T14:51:36,637.8,Wallet,Success,39.0
O001184,S002783,U01679,2025-06-29T21:06:36,664.76,Wallet,Success,39.0
O001185,S002789,U01682,2025-03-17T09:04:36,483.59,Cash on Delivery,Success,39.0
O001187,S002796,U01688,2025-04-28T18:24:36,642.97,Card,Success,49.0
O001188,S002798,U01689,2025-05-19T22:29:36,1082.63,UPI,Success,0.0
O001189,S002799,U01689,2025-03-15T16:32:36,736.29,UPI,Success,69.0
O001190,S002802,U01691,2025-05-13T10:38:36,761.38,Card,Success,19.0
O001191,S002807,U01694,2025-01-30T22:54:36,834.54,UPI,Success,29.0
O001192,S002809,U01695,2025-04-10T09:15:36,1188.36,Card,Success,0.0
O001193,S002810,U01696,2025-01-09T09:03:36,498.38,Card,Success,49.0
O001194,S002812,U01698,2025-01-31T16:16:36,710.68,Wallet,Success,39.0
O001195,S002814,U01700,2025-03-31T15:17:36,686.85,UPI,Success,39.0
O001196,S002815,U01700,2025-01-26T16:34:36,1184.36,UPI,Success,0.0
O001197,S002819,U01701,2025-04-17T21:56:36,986.39,UPI,Success,0.0
O001198,S002820,U01702,2025-05-15T16:17:36,606.38,UPI,Success,0.0
O001199,S002821,U01702,2025-04-15T17:08:36,796.44,UPI,Success,39.0
O001200,S002822,U01703,2025-01-29T21:12:36,976.65,UPI,Success,39.0
O001201,S002826,U01706,2025-06-14T19:15:36,1036.64,UPI,Success,0.0
O001202,S002827,U01706,2025-04-16T20:43:36,405.87,UPI,Success,29.0
O001203,S002828,U01706,2025-04-01T13:25:36,443.92,UPI,Success,39.0
O001204,S002829,U01706,2025-03-18T09:37:36,461.05,UPI,Success,19.0
O001205,S002832,U01709,2025-02-08T21:30:36,878.0,Wallet,Success,29.0
O001206,S002835,U01710,2025-06-17T12:31:36,570.9,UPI,Success,19.0
O001207,S002836,U01711,2025-04-08T15:19:36,1241.02,Wallet,Success,0.0
O001208,S002838,U01712,2025-06-19T17:29:36,373.41,UPI,Success,29.0
O001210,S002840,U01714,2025-04-29T09:30:36,755.06,Wallet,Success,69.0
O001212,S002842,U01716,2025-03-29T18:15:36,1296.33,Cash on Delivery,Success,0.0
O001213,S002843,U01717,2025-06-04T08:07:36,666.28,UPI,Success,29.0
O001214,S002844,U01718,2025-06-03T12:19:36,745.65,Cash on Delivery,Success,0.0
O001215,S002845,U01719,2025-06-04T12:57:36,1428.99,UPI,Success,0.0
O001216,S002857,U01729,2025-05-19T16:12:36,839.96,Wallet,Success,39.0
O001218,S002859,U01730,2025-05-12T12:29:36,1448.49,UPI,Success,0.0
O001219,S002860,U01731,2025-02-15T16:17:36,1185.19,UPI,Success,49.0
O001220,S002861,U01731,2025-03-07T21:39:36,723.9,Card,Success,59.0
O001221,S002862,U01732,2025-01-24T21:59:36,800.38,UPI,Success,39.0
O001222,S002864,U01733,2025-02-12T19:34:36,392.1,UPI,Success,19.0
O001223,S002866,U01734,2025-05-03T17:56:36,795.74,Wallet,Success,49.0
O001224,S002867,U01735,2025-02-17T20:23:36,2025.69,Card,Success,29.0
O001225,S002868,U01735,2025-01-26T10:22:36,492.16,Wallet,Success,39.0
O001226,S002870,U01736,2025-05-05T13:55:36,558.67,UPI,Success,39.0
O001227,S002871,U01737,2025-05-11T18:20:36,698.74,UPI,Success,49.0
O001228,S002876,U01741,2025-03-10T09:48:36,594.35,UPI,Success,29.0
O001230,S002884,U01746,2025-01-24T18:46:36,601.32,Cash on Delivery,Success,39.0
O001231,S002885,U01747,2025-04-04T11:28:36,815.05,UPI,Success,19.0
O001232,S002886,U01748,2025-03-02T18:43:36,536.82,UPI,Success,49.0
O001234,S002889,U01749,2025-05-07T20:13:36,629.55,UPI,Success,19.0
O001235,S002890,U01750,2025-02-20T14:48:36,401.81,Card,Success,39.0
O001236,S002891,U01751,2025-02-18T14:04:36,722.04,UPI,Success,0.0
O001237,S002895,U01751,2025-06-02T13:01:36,732.0,Card,Success,0.0
O001238,S002896,U01752,2025-05-31T20:36:36,930.83,UPI,Success,0.0
O001239,S002898,U01754,2025-06-25T13:29:36,351.14,Cash on Delivery,Success,0.0
O001241,S002902,U01756,2025-06-17T12:37:36,716.37,Card,Success,39.0
O001242,S002903,U01757,2025-01-19T18:10:36,541.53,UPI,Success,59.0
O001243,S002904,U01758,2025-06-11T16:01:36,451.66,Card,Success,29.0
O001244,S002905,U01758,2025-01-22T11:30:36,912.2,UPI,Success,0.0
O001245,S002908,U01759,2025-05-02T19:13:36,724.56,Card,Success,19.0
O001246,S002910,U01760,2025-03-08T14:55:36,369.49,Card,Success,49.0
O001247,S002911,U01761,2025-05-28T18:16:36,722.38,Card,Success,49.0
O001249,S002916,U01764,2025-02-09T12:12:36,625.6,UPI,Success,39.0
O001250,S002917,U01765,2025-01-13T07:34:36,484.5,UPI,Success,0.0
O001251,S002918,U01766,2025-05-13T11:55:36,279.04,Wallet,Success,69.0
O001252,S002928,U01772,2025-05-04T10:16:36,1173.63,UPI,Success,0.0
O001253,S002929,U01772,2025-04-19T18:25:36,1145.13,Card,Success,0.0
O001254,S002931,U01773,2025-04-17T15:33:36,2400.0,Wallet,Success,0.0
O001255,S002936,U01776,2025-03-11T12:35:36,631.02,UPI,Success,0.0
O001256,S002937,U01777,2025-03-31T12:32:36,1222.08,UPI,Success,0.0
O001257,S002944,U01782,2025-04-08T08:35:36,427.72,UPI,Success,59.0
O001258,S002948,U01785,2025-04-29T10:04:36,412.02,Card,Success,0.0
O001259,S002950,U01786,2025-04-10T09:59:36,569.07,UPI,Success,39.0
O001260,S002951,U01786,2025-05-14T11:02:36,794.98,UPI,Success,19.0
O001261,S002952,U01787,2025-04-18T15:18:36,1263.71,UPI,Success,0.0
O001262,S002954,U01788,2025-06-08T16:54:36,360.27,UPI,Success,19.0
O001263,S002958,U01790,2025-02-04T21:49:36,659.17,UPI,Success,29.0
O001264,S002959,U01790,2025-05-27T11:08:36,1736.95,UPI,Success,0.0
O001265,S002960,U01791,2025-02-13T09:25:36,1072.32,Wallet,Success,0.0
O001266,S002963,U01793,2025-03-17T22:59:36,1134.37,UPI,Success,0.0
O001267,S002965,U01794,2025-03-19T20:46:36,600.1,UPI,Success,49.0
O001268,S002966,U01795,2025-01-19T18:52:36,650.82,Card,Success,39.0
O001271,S002975,U01800,2025-02-02T08:43:36,618.35,UPI,Success,39.0
O001272,S002977,U01800,2025-01-06T12:04:36,1355.7,Wallet,Success,19.0
O001273,S002978,U01801,2025-06-18T11:43:36,1129.27,UPI,Success,69.0
O001274,S002980,U01801,2025-01-26T19:21:36,318.95,UPI,Success,29.0
O001275,S002983,U01804,2025-06-28T09:51:36,913.45,UPI,Success,49.0
O001276,S002987,U01805,2025-01-04T07:16:36,1123.41,UPI,Success,0.0
O001277,S002989,U01806,2025-06-21T12:34:36,1229.56,UPI,Success,0.0
O001278,S002991,U01806,2025-03-29T13:53:36,610.61,UPI,Success,19.0
O001279,S002993,U01807,2025-06-27T08:55:36,1255.42,Cash on Delivery,Success,0.0
O001280,S003004,U01814,2025-01-15T10:56:36,636.93,Card,Success,39.0
O001281,S003005,U01815,2025-05-02T07:11:36,742.86,Card,Success,29.0
O001283,S003011,U01821,2025-02-26T19:53:36,682.22,Card,Success,39.0
O001284,S003012,U01821,2025-05-07T21:05:36,1036.72,Card,Success,0.0
O001285,S003013,U01822,2025-05-20T12:22:36,641.92,Card,Success,29.0
O001286,S003017,U01824,2025-05-23T15:46:36,1260.85,UPI,Success,19.0
O001287,S003022,U01828,2025-04-21T09:29:36,394.99,Card,Success,59.0
O001288,S003023,U01828,2025-02-27T16:26:36,1090.42,UPI,Success,49.0
O001289,S003031,U01833,2025-03-08T17:20:36,763.5,UPI,Success,49.0
O001290,S003033,U01835,2025-05-24T12:02:36,683.18,UPI,Success,69.0
O001291,S003034,U01836,2025-06-25T15:33:36,473.25,UPI,Success,29.0
O001292,S003035,U01837,2025-05-31T19:52:36,527.71,UPI,Success,19.0
O001293,S003038,U01839,2025-05-09T20:40:36,871.52,Wallet,Success,0.0
O001294,S003039,U01840,2025-04-29T17:47:36,413.3,UPI,Success,0.0
O001295,S003041,U01841,2025-05-03T21:38:36,854.63,UPI,Success,59.0
O001296,S003043,U01842,2025-01-31T10:15:36,698.92,Wallet,Success,49.0
O001297,S003048,U01844,2025-01-26T21:25:36,1002.26,Card,Success,0.0
O001298,S003051,U01845,2025-03-26T09:06:36,608.87,UPI,Success,29.0
O001299,S003061,U01852,2025-02-09T15:26:36,646.44,UPI,Success,29.0
O001300,S003062,U01852,2025-03-07T11:20:36,963.29,Card,Success,59.0
O001301,S003064,U01852,2025-02-09T08:13:36,848.03,UPI,Success,49.0
O001302,S003065,U01853,2025-05-20T14:25:36,492.95,Wallet,Success,49.0
O001303,S003066,U01854,2025-05-22T21:54:36,968.76,UPI,Success,0.0
O001304,S003067,U01855,2025-01-09T08:58:36,808.68,Wallet,Success,0.0
O001305,S003070,U01856,2025-01-14T09:15:36,939.0,Card,Success,59.0
O001307,S003073,U01859,2025-02-25T11:01:36,1054.01,UPI,Success,29.0
O001309,S003078,U01863,2025-06-04T09:12:36,446.42,UPI,Success,19.0
O001310,S003081,U01865,2025-06-16T20:36:36,485.13,UPI,Success,0.0
O001311,S003082,U01865,2025-06-24T11:24:36,637.03,UPI,Success,59.0
O001312,S003086,U01867,2025-05-15T07:10:36,544.86,Wallet,Success,49.0
O001313,S003088,U01867,2025-06-21T13:58:36,639.7,UPI,Success,49.0
O001315,S003093,U01870,2025-03-04T12:50:36,940.37,UPI,Success,0.0
O001316,S003095,U01871,2025-05-30T17:24:36,605.67,UPI,Success,49.0
O001317,S003098,U01873,2025-06-19T20:49:36,661.57,Card,Success,59.0
O001318,S003103,U01874,2025-01-16T17:56:36,583.11,Cash on Delivery,Success,39.0
O001319,S003104,U01874,2025-03-19T09:43:36,786.81,UPI,Success,39.0
O001320,S003105,U01875,2025-04-26T22:29:36,592.74,Card,Success,29.0
O001321,S003106,U01875,2025-05-05T08:30:36,1343.02,Card,Success,29.0
O001322,S003108,U01876,2025-03-14T15:49:36,750.05,UPI,Success,29.0
O001323,S003114,U01880,2025-06-19T17:17:36,881.84,Cash on Delivery,Success,59.0
O001324,S003116,U01882,2025-04-14T18:45:36,590.76,Card,Success,39.0
O001325,S003117,U01883,2025-03-05T10:34:36,522.41,UPI,Success,49.0
O001326,S003120,U01885,2025-02-10T16:35:36,496.16,Wallet,Success,59.0
O001327,S003122,U01887,2025-05-24T21:44:36,787.47,Card,Success,59.0
O001328,S003126,U01889,2025-03-11T07:50:36,574.9,UPI,Success,39.0
O001329,S003127,U01890,2025-04-07T22:57:36,1287.6,Card,Success,0.0
O001330,S003128,U01890,2025-04-08T22:41:36,431.31,UPI,Success,69.0
O001331,S003132,U01894,2025-02-25T18:40:36,590.93,Card,Success,19.0
O001333,S003135,U01897,2025-06-09T07:20:36,646.4,UPI,Success,29.0
O001336,S003140,U01899,2025-06-21T16:10:36,832.3,UPI,Success,59.0
O001337,S003141,U01900,2025-03-30T16:50:36,709.8,UPI,Success,59.0
O001342,S003147,U01902,2025-05-01T07:33:36,1068.68,Cash on Delivery,Success,0.0
O001343,S003150,U01904,2025-04-04T07:55:36,545.82,UPI,Success,39.0
O001344,S003153,U01906,2025-04-27T20:39:36,1047.1,Cash on Delivery,Success,0.0
O001345,S003156,U01908,2025-02-10T14:44:36,556.15,Wallet,Success,19.0
O001346,S003157,U01909,2025-03-02T07:33:36,493.51,Cash on Delivery,Success,59.0
O001347,S003158,U01910,2025-06-23T16:17:36,1826.09,UPI,Success,0.0
O001348,S003160,U01912,2025-06-20T20:18:36,730.21,Card,Success,19.0
O001349,S003161,U01913,2025-04-18T21:51:36,426.53,UPI,Success,29.0
O001351,S003165,U01916,2025-04-11T10:00:36,695.26,UPI,Success,29.0
O001352,S003166,U01917,2025-05-31T19:06:36,385.77,UPI,Success,29.0
O001353,S003167,U01918,2025-02-25T12:18:36,782.4,UPI,Success,59.0
O001354,S003168,U01918,2025-02-16T09:30:36,1619.57,Wallet,Success,0.0
O001355,S003171,U01919,2025-04-10T14:43:36,821.05,UPI,Success,39.0
O001356,S003172,U01920,2025-02-15T19:10:36,841.24,UPI,Success,29.0
O001357,S003173,U01920,2025-02-25T21:38:36,633.59,UPI,Success,19.0
O001358,S003178,U01922,2025-02-18T22:51:36,477.31,Card,Success,0.0
O001359,S003183,U01926,2025-06-03T07:44:36,1123.96,Cash on Delivery,Success,69.0
O001360,S003185,U01928,2025-01-24T15:40:36,510.21,UPI,Success,39.0
O001362,S003189,U01929,2025-04-15T20:07:36,400.79,Card,Success,19.0
O001363,S003190,U01930,2025-03-12T08:33:36,395.79,UPI,Success,59.0
O001364,S003191,U01931,2025-05-10T22:39:36,554.11,Wallet,Success,69.0
O001366,S003194,U01932,2025-05-03T10:49:36,476.82,Card,Success,29.0
O001367,S003198,U01934,2025-04-07T19:35:36,934.32,UPI,Success,0.0
O001368,S003204,U01938,2025-05-09T16:28:36,781.08,UPI,Success,39.0
O001369,S003206,U01939,2025-01-01T22:41:36,764.47,Card,Success,49.0
O001370,S003207,U01940,2025-03-05T14:14:36,639.61,Wallet,Success,49.0
O001371,S003209,U01940,2025-06-01T17:51:36,864.85,Card,Success,59.0
O001372,S003210,U01941,2025-01-10T08:10:36,1442.98,Card,Success,0.0
O001373,S003214,U01943,2025-02-06T07:02:36,512.59,UPI,Success,29.0
O001374,S003218,U01945,2025-03-30T16:06:36,850.27,UPI,Success,29.0
O001375,S003219,U01946,2025-04-23T14:36:36,1536.48,UPI,Success,0.0
O001376,S003226,U01951,2025-03-18T18:52:36,495.33,Wallet,Success,49.0
O001377,S003232,U01954,2025-06-02T14:00:36,589.68,UPI,Success,69.0
O001378,S003237,U01955,2025-05-02T14:20:36,397.49,UPI,Success,19.0
O001379,S003239,U01956,2025-03-24T10:12:36,859.35,Cash on Delivery,Success,19.0
O001380,S003240,U01956,2025-04-14T07:39:36,581.55,UPI,Success,29.0
O001381,S003244,U01959,2025-03-18T20:37:36,581.43,Wallet,Success,69.0
O001382,S003248,U01960,2025-04-07T12:40:36,498.84,Card,Success,49.0
O001383,S003251,U01962,2025-03-06T07:11:36,847.33,UPI,Success,0.0
O001385,S003259,U01965,2025-04-14T10:22:36,669.0,UPI,Success,39.0
O001386,S003261,U01967,2025-04-19T22:40:36,346.77,UPI,Success,0.0
O001387,S003265,U01970,2025-01-26T16:55:36,358.09,Card,Success,69.0
O001388,S003267,U01971,2025-05-06T19:35:36,890.08,Card,Success,0.0
O001389,S003269,U01973,2025-01-21T15:34:36,481.79,Card,Success,59.0
O001390,S003271,U01975,2025-02-13T12:58:36,1149.78,Wallet,Success,0.0
O001391,S003272,U01976,2025-05-12T22:33:36,634.73,Card,Success,0.0
O001392,S003275,U01979,2025-01-28T20:45:36,523.34,UPI,Success,49.0
O001393,S003279,U01980,2025-02-10T20:46:36,727.26,Card,Success,49.0
O001395,S003282,U01981,2025-06-22T11:10:36,584.05,UPI,Success,0.0
O001396,S003283,U01982,2025-05-28T19:24:36,751.11,UPI,Success,29.0
O001397,S003284,U01982,2025-03-01T10:45:36,472.47,Wallet,Success,59.0
O001398,S003287,U01984,2025-01-22T15:04:36,681.44,Cash on Delivery,Success,29.0
O001400,S003293,U01987,2025-01-15T14:12:36,640.31,UPI,Success,39.0
O001401,S003299,U01989,2025-06-30T19:44:36,947.62,Card,Success,0.0
O001402,S003300,U01989,2025-04-10T13:07:36,976.86,Card,Success,0.0
O001403,S003303,U01991,2025-05-01T16:34:36,520.12,UPI,Success,19.0
O001404,S003304,U01992,2025-01-09T18:40:36,1219.41,UPI,Success,0.0
O001405,S003305,U01992,2025-03-16T15:35:36,1020.22,UPI,Success,0.0
O001406,S003312,U01996,2025-02-22T10:46:36,913.19,UPI,Success,0.0
O001407,S003315,U01999,2025-04-25T18:39:36,585.38,Wallet,Success,49.0
O001408,S003317,U02000,2025-02-16T07:41:36,598.44,Card,Success,39.0
O001409,S003318,U02001,2025-03-11T20:46:36,1246.95,UPI,Success,0.0
O001412,S003323,U02004,2025-02-28T08:38:36,1345.32,UPI,Success,0.0
O001413,S003328,U02007,2025-05-06T10:21:36,1841.98,UPI,Success,29.0
O001414,S003332,U02010,2025-03-17T14:49:36,1584.85,UPI,Success,29.0
O001416,S003338,U02014,2025-01-28T21:40:36,1129.49,Card,Success,0.0
O001417,S003339,U02015,2025-02-17T13:34:36,544.22,UPI,Success,49.0
O001418,S003350,U02024,2025-05-16T19:05:36,875.92,UPI,Success,29.0
O001419,S003352,U02026,2025-02-14T10:50:36,628.1,UPI,Success,49.0
O001420,S003353,U02027,2025-03-14T17:35:36,1261.54,Card,Success,0.0
O001421,S003357,U02030,2025-05-24T08:26:36,744.95,Card,Success,69.0
O001422,S003358,U02030,2025-02-14T19:52:36,902.47,UPI,Success,0.0
O001425,S003366,U02036,2025-03-09T15:59:36,1286.67,Card,Success,0.0
O001426,S003367,U02036,2025-01-30T11:08:36,665.62,Card,Success,0.0
O001427,S003368,U02036,2025-02-20T14:02:36,558.33,UPI,Success,49.0
O001428,S003373,U02038,2025-03-24T12:57:36,515.15,UPI,Success,0.0
O001429,S003374,U02039,2025-03-10T16:10:36,585.11,Wallet,Success,19.0
O001430,S003375,U02039,2025-02-12T11:36:36,1905.81,UPI,Success,0.0
O001432,S003383,U02045,2025-04-15T17:38:36,1266.68,UPI,Success,0.0
O001433,S003384,U02045,2025-04-19T07:52:36,1570.48,UPI,Success,0.0
O001434,S003387,U02046,2025-04-24T21:49:36,393.1,UPI,Success,0.0
O001435,S003392,U02048,2025-05-18T14:12:36,476.56,Wallet,Success,39.0
O001436,S003393,U02049,2025-04-02T10:20:36,1028.42,UPI,Success,0.0
O001437,S003396,U02051,2025-01-11T07:07:36,808.14,UPI,Success,29.0
O001439,S003408,U02057,2025-05-11T15:10:36,592.33,Wallet,Success,29.0
O001440,S003409,U02057,2025-04-29T18:46:36,959.31,UPI,Success,0.0
O001441,S003410,U02058,2025-05-31T11:18:36,850.15,UPI,Success,49.0
O001442,S003419,U02064,2025-02-27T20:15:36,1025.86,UPI,Success,0.0
O001443,S003425,U02067,2025-02-14T22:48:36,244.66,UPI,Success,39.0
O001444,S003427,U02068,2025-01-24T10:28:36,560.61,UPI,Success,49.0
O001445,S003428,U02068,2025-05-11T21:56:36,774.71,Card,Success,39.0
O001446,S003429,U02069,2025-05-26T16:20:36,897.1,UPI,Success,49.0
O001447,S003437,U02073,2025-04-10T22:14:36,1109.4,UPI,Success,0.0
O001448,S003439,U02075,2025-05-19T17:55:36,692.43,UPI,Success,39.0
O001451,S003448,U02082,2025-02-25T12:31:36,871.8,Wallet,Success,39.0
O001452,S003451,U02085,2025-04-18T15:52:36,1167.59,UPI,Success,0.0
O001453,S003452,U02085,2025-05-30T11:53:36,1193.67,UPI,Success,59.0
O001454,S003453,U02086,2025-05-11T12:20:36,1525.05,Wallet,Success,0.0
O001455,S003455,U02088,2025-02-13T14:37:36,1090.79,UPI,Success,39.0
O001456,S003457,U02089,2025-06-05T20:06:36,1056.68,UPI,Success,19.0
O001457,S003462,U02092,2025-04-28T08:19:36,610.23,UPI,Success,0.0
O001458,S003463,U02092,2025-03-02T16:39:36,1107.61,Cash on Delivery,Success,0.0
O001459,S003464,U02093,2025-01-08T17:14:36,1119.78,UPI,Success,0.0
O001460,S003466,U02095,2025-03-14T20:31:36,765.35,UPI,Success,29.0
O001461,S003470,U02098,2025-02-15T20:46:36,598.42,Card,Success,19.0
O001462,S003471,U02099,2025-06-02T12:49:36,660.66,UPI,Success,69.0
O001463,S003472,U02100,2025-05-17T12:28:36,512.31,Wallet,Success,29.0
O001464,S003475,U02103,2025-04-08T17:48:36,675.85,UPI,Success,69.0
O001465,S003477,U02103,2025-01-10T09:09:36,833.4,UPI,Success,29.0
O001466,S003478,U02104,2025-03-01T09:28:36,621.75,Card,Success,49.0
O001467,S003479,U02105,2025-01-07T14:12:36,1115.7,UPI,Success,0.0
O001468,S003481,U02105,2025-01-10T12:16:36,497.96,UPI,Success,49.0
O001469,S003483,U02107,2025-04-11T07:24:36,680.88,Card,Success,29.0
O001470,S003484,U02107,2025-06-01T17:18:36,675.21,UPI,Success,0.0
O001471,S003485,U02108,2025-02-10T15:13:36,1005.15,UPI,Success,0.0
O001472,S003486,U02108,2025-02-28T22:43:36,783.84,Card,Success,39.0
O001473,S003491,U02111,2025-04-27T11:36:36,1030.57,Card,Success,39.0
O001474,S003493,U02113,2025-05-09T17:01:36,916.64,Wallet,Success,29.0
O001475,S003494,U02113,2025-02-17T12:12:36,921.42,UPI,Success,0.0
O001476,S003496,U02114,2025-01-31T15:18:36,663.04,UPI,Success,0.0
O001477,S003497,U02115,2025-04-18T13:52:36,952.49,UPI,Success,49.0
O001478,S003498,U02115,2025-04-11T15:10:36,1001.1,Card,Success,0.0
O001479,S003499,U02116,2025-06-12T09:57:36,452.11,UPI,Success,39.0
O001480,S003504,U02119,2025-03-05T09:30:36,644.01,Wallet,Success,69.0
O001481,S003505,U02119,2025-05-23T14:41:36,353.68,Card,Success,29.0
O001482,S003509,U02122,2025-02-14T21:09:36,469.49,UPI,Success,19.0
O001483,S003511,U02124,2025-06-09T13:54:36,555.4,UPI,Success,49.0
O001484,S003515,U02127,2025-01-20T16:22:36,1496.03,UPI,Success,29.0
O001485,S003518,U02130,2025-03-17T21:22:36,640.86,Card,Success,39.0
O001486,S003519,U02130,2025-02-07T19:22:36,1211.97,Cash on Delivery,Success,59.0
O001487,S003523,U02133,2025-04-05T22:04:36,933.44,Card,Success,0.0
O001488,S003526,U02134,2025-03-07T07:20:36,552.47,UPI,Success,49.0
O001489,S003530,U02136,2025-04-21T11:34:36,577.14,UPI,Success,29.0
O001490,S003537,U02138,2025-03-03T17:28:36,1043.84,UPI,Success,0.0
O001492,S003542,U02140,2025-05-12T22:59:36,640.43,Card,Success,29.0
O001493,S003546,U02142,2025-05-08T20:36:36,523.92,UPI,Success,29.0
O001494,S003551,U02144,2025-05-08T11:33:36,729.79,Card,Success,0.0
O001495,S003553,U02145,2025-04-27T10:39:36,1363.79,Wallet,Success,0.0
O001496,S003558,U02149,2025-03-18T08:39:36,554.9,Card,Success,59.0
O001497,S003561,U02151,2025-01-17T18:51:36,627.39,Card,Success,39.0
O001499,S003565,U02153,2025-02-06T12:26:36,702.14,UPI,Success,29.0
O001500,S003566,U02153,2025-05-07T14:03:36,749.61,Card,Success,69.0
O001501,S003571,U02155,2025-06-18T10:26:36,475.38,Card,Success,49.0
O001503,S003573,U02155,2025-04-08T13:38:36,1161.61,UPI,Success,0.0
O001504,S003574,U02156,2025-05-22T18:44:36,804.41,Wallet,Success,19.0
O001505,S003577,U02157,2025-03-07T09:24:36,360.67,Wallet,Success,39.0
O001506,S003579,U02159,2025-04-15T09:06:36,1129.22,UPI,Success,0.0
O001507,S003584,U02163,2025-04-26T15:03:36,630.84,Wallet,Success,39.0
O001508,S003586,U02165,2025-06-26T16:00:36,759.57,Card,Success,19.0
O001509,S003588,U02167,2025-03-22T07:24:36,549.97,UPI,Success,69.0
O001510,S003591,U02170,2025-01-03T14:21:36,664.22,UPI,Success,49.0
O001511,S003593,U02171,2025-03-07T19:43:36,1119.96,Card,Success,0.0
O001512,S003594,U02172,2025-04-13T08:19:36,627.34,UPI,Success,29.0
O001513,S003595,U02173,2025-02-15T10:21:36,456.43,UPI,Success,39.0
O001514,S003599,U02175,2025-02-01T20:20:36,337.47,UPI,Success,39.0
O001515,S003601,U02176,2025-01-07T14:28:36,1368.17,Card,Success,0.0
O001516,S003603,U02177,2025-02-23T09:17:36,800.23,Card,Success,19.0
O001517,S003606,U02178,2025-04-07T07:38:36,571.75,Card,Success,39.0
O001518,S003607,U02178,2025-03-06T18:27:36,1065.33,UPI,Success,0.0
O001519,S003609,U02179,2025-01-18T18:06:36,993.87,Card,Success,0.0
O001520,S003610,U02179,2025-03-19T15:04:36,669.25,UPI,Success,39.0
O001521,S003611,U02180,2025-01-19T09:39:36,598.45,Card,Success,29.0
O001522,S003612,U02180,2025-04-30T20:00:36,290.18,UPI,Success,0.0
O001523,S003615,U02182,2025-01-12T10:09:36,915.33,UPI,Success,49.0
O001524,S003616,U02183,2025-02-06T19:37:36,1262.85,UPI,Success,0.0
O001525,S003619,U02184,2025-04-05T13:01:36,631.22,UPI,Success,49.0
O001526,S003620,U02185,2025-01-16T10:20:36,416.8,Wallet,Success,59.0
O001527,S003621,U02186,2025-02-04T22:00:36,563.18,Cash on Delivery,Success,0.0
O001530,S003628,U02188,2025-06-17T08:55:36,1090.82,Cash on Delivery,Success,0.0
O001531,S003634,U02190,2025-03-15T12:39:36,710.97,UPI,Success,29.0
O001532,S003635,U02191,2025-05-11T19:26:36,345.09,UPI,Success,29.0
O001533,S003636,U02192,2025-06-27T11:55:36,919.43,Wallet,Success,0.0
O001534,S003639,U02193,2025-03-16T22:58:36,691.95,UPI,Success,0.0
O001535,S003640,U02193,2025-04-15T08:18:36,894.35,UPI,Success,69.0
O001536,S003641,U02194,2025-06-13T18:19:36,645.24,UPI,Success,29.0
O001537,S003643,U02195,2025-05-17T17:00:36,761.9,Cash on Delivery,Success,59.0
O001538,S003644,U02196,2025-05-19T20:23:36,754.42,UPI,Success,39.0
O001539,S003646,U02197,2025-05-27T09:13:36,1789.87,Cash on Delivery,Success,0.0
O001540,S003653,U02201,2025-03-07T20:26:36,650.36,Wallet,Success,39.0
O001542,S003657,U02202,2025-01-05T11:27:36,399.87,UPI,Success,0.0
O001543,S003666,U02206,2025-05-31T10:27:36,912.63,Wallet,Success,0.0
O001544,S003667,U02206,2025-05-05T11:13:36,516.98,UPI,Success,19.0
O001545,S003670,U02208,2025-03-14T10:37:36,727.77,Card,Success,49.0
O001546,S003671,U02208,2025-01-23T07:06:36,581.37,UPI,Success,19.0
O001547,S003672,U02208,2025-05-25T08:16:36,1066.23,Cash on Delivery,Success,0.0
O001548,S003674,U02210,2025-04-01T07:53:36,869.93,UPI,Success,29.0
O001549,S003675,U02211,2025-02-22T14:38:36,581.29,Cash on Delivery,Success,49.0
O001550,S003677,U02211,2025-05-10T16:53:36,559.42,UPI,Success,49.0
O001551,S003678,U02212,2025-05-15T17:24:36,635.91,Card,Success,59.0
O001552,S003681,U02214,2025-02-25T22:30:36,1096.17,UPI,Success,0.0
O001553,S003683,U02215,2025-06-24T12:27:36,882.57,UPI,Success,19.0
O001554,S003687,U02218,2025-01-31T22:51:36,1121.08,UPI,Success,0.0
O001555,S003690,U02219,2025-02-06T22:51:36,607.97,UPI,Success,49.0
O001556,S003694,U02221,2025-03-27T10:45:36,926.94,UPI,Success,0.0
O001557,S003696,U02222,2025-05-03T13:13:36,607.91,UPI,Success,49.0
O001558,S003698,U02224,2025-06-21T14:04:36,642.57,UPI,Success,49.0
O001559,S003699,U02224,2025-02-07T09:19:36,696.45,Cash on Delivery,Success,0.0
O001560,S003700,U02225,2025-03-21T10:23:36,1292.52,Wallet,Success,0.0
O001561,S003703,U02226,2025-06-30T17:47:36,777.96,Cash on Delivery,Success,19.0
O001562,S003704,U02227,2025-03-26T13:18:36,581.4,Wallet,Success,0.0
O001563,S003706,U02228,2025-02-02T18:15:36,311.8,Wallet,Success,19.0
O001564,S003708,U02228,2025-02-25T10:33:36,825.28,Wallet,Success,19.0
O001566,S003712,U02230,2025-04-20T14:30:36,1299.85,UPI,Success,49.0
O001567,S003714,U02230,2025-02-28T19:14:36,455.69,Wallet,Success,49.0
O001568,S003715,U02231,2025-03-07T15:51:36,784.44,Card,Success,19.0
O001569,S003719,U02232,2025-03-09T15:58:36,770.79,UPI,Success,29.0
O001570,S003724,U02235,2025-03-27T11:14:36,1341.48,UPI,Success,0.0
O001572,S003728,U02239,2025-05-22T07:22:36,780.57,Cash on Delivery,Success,39.0
O001575,S003738,U02246,2025-06-12T07:07:36,631.35,Wallet,Success,29.0
O001577,S003742,U02248,2025-03-30T16:20:36,688.08,UPI,Success,39.0
O001578,S003744,U02250,2025-02-16T12:19:36,744.5,Wallet,Success,39.0
O001579,S003748,U02252,2025-01-17T12:19:36,696.03,UPI,Success,49.0
O001581,S003751,U02254,2025-02-06T22:56:36,499.83,UPI,Success,39.0
O001583,S003753,U02254,2025-05-18T09:02:36,810.69,Cash on Delivery,Success,59.0
O001584,S003756,U02256,2025-06-02T22:55:36,455.3,Cash on Delivery,Success,49.0
O001586,S003767,U02261,2025-02-16T15:07:36,815.04,Card,Success,69.0
O001587,S003770,U02263,2025-01-19T11:05:36,595.12,Card,Success,0.0
O001588,S003771,U02263,2025-06-25T18:16:36,510.28,UPI,Success,29.0
O001589,S003772,U02264,2025-01-16T17:38:36,383.45,Card,Success,39.0
O001590,S003773,U02265,2025-06-06T17:51:36,388.67,UPI,Success,29.0
O001591,S003775,U02266,2025-04-05T14:53:36,472.3,UPI,Success,69.0
O001592,S003776,U02267,2025-01-07T18:25:36,483.8,UPI,Success,49.0
O001593,S003777,U02267,2025-06-16T18:28:36,371.52,UPI,Success,39.0
O001594,S003780,U02270,2025-03-15T10:04:36,1190.76,Cash on Delivery,Success,0.0
O001595,S003782,U02271,2025-05-05T19:39:36,504.93,UPI,Success,49.0
O001597,S003789,U02274,2025-03-16T12:58:36,622.83,Card,Success,0.0
O001598,S003790,U02275,2025-04-02T18:07:36,454.9,Wallet,Success,19.0
O001599,S003791,U02275,2025-03-31T09:17:36,818.08,UPI,Success,39.0
O001601,S003797,U02279,2025-05-20T16:06:36,539.91,UPI,Success,19.0
O001603,S003806,U02285,2025-06-20T08:38:36,612.74,UPI,Success,39.0
O001604,S003809,U02288,2025-01-05T20:40:36,1405.01,UPI,Success,0.0
O001605,S003812,U02288,2025-01-31T11:09:36,544.6,Wallet,Success,29.0
O001606,S003817,U02291,2025-05-29T21:29:36,787.53,Cash on Delivery,Success,49.0
O001608,S003820,U02291,2025-03-24T21:23:36,688.02,Wallet,Success,0.0
O001609,S003821,U02292,2025-04-13T15:49:36,441.01,UPI,Success,49.0
O001610,S003823,U02293,2025-02-27T07:29:36,743.92,UPI,Success,39.0
O001611,S003824,U02294,2025-01-09T10:12:36,562.39,UPI,Success,39.0
O001612,S003825,U02294,2025-06-03T19:46:36,378.07,UPI,Success,19.0
O001613,S003828,U02297,2025-02-12T12:24:36,889.86,Card,Success,39.0
O001614,S003830,U02298,2025-03-16T21:51:36,344.61,UPI,Success,0.0
O001618,S003842,U02304,2025-06-14T18:39:36,679.36,UPI,Success,69.0
O001619,S003845,U02307,2025-06-24T13:37:36,878.96,Wallet,Success,39.0
O001620,S003853,U02313,2025-01-14T17:14:36,1000.14,Card,Success,49.0
O001621,S003855,U02315,2025-03-05T12:07:36,482.25,UPI,Success,69.0
O001622,S003856,U02316,2025-03-19T10:39:36,311.45,UPI,Success,69.0
O001623,S003862,U02320,2025-06-03T20:36:36,745.86,UPI,Success,39.0
O001624,S003866,U02324,2025-04-30T20:12:36,424.78,UPI,Success,49.0
O001625,S003868,U02326,2025-05-17T18:54:36,535.35,UPI,Success,19.0
O001626,S003869,U02327,2025-01-15T10:39:36,568.17,Card,Success,39.0
O001627,S003872,U02329,2025-04-16T20:29:36,415.92,Card,Success,59.0
O001628,S003873,U02329,2025-01-31T14:02:36,1063.22,UPI,Success,29.0
O001629,S003874,U02329,2025-06-04T07:28:36,521.11,UPI,Success,39.0
O001630,S003875,U02330,2025-02-24T21:53:36,288.5,Card,Success,39.0
O001631,S003876,U02331,2025-06-27T15:33:36,822.34,UPI,Success,39.0
O001632,S003882,U02333,2025-04-14T11:07:36,605.56,UPI,Success,39.0
O001633,S003885,U02335,2025-01-17T12:50:36,518.43,Card,Success,19.0
O001634,S003887,U02336,2025-02-28T14:55:36,579.48,Wallet,Success,0.0
O001635,S003890,U02338,2025-01-13T07:37:36,732.5,UPI,Success,49.0
O001636,S003891,U02339,2025-04-02T09:04:36,614.62,Cash on Delivery,Success,29.0
O001637,S003895,U02342,2025-06-01T15:30:36,778.33,Card,Success,19.0
O001638,S003900,U02344,2025-04-09T21:23:36,338.75,UPI,Success,49.0
O001639,S003903,U02345,2025-04-26T13:16:36,922.47,UPI,Success,0.0
O001640,S003905,U02347,2025-06-17T09:33:36,728.79,Cash on Delivery,Success,29.0
O001641,S003907,U02348,2025-04-21T22:06:36,1076.56,Cash on Delivery,Success,0.0
O001642,S003912,U02350,2025-06-18T22:52:36,525.99,Cash on Delivery,Success,49.0
O001644,S003915,U02352,2025-05-27T07:45:36,713.14,UPI,Success,49.0
O001645,S003916,U02352,2025-01-28T19:34:36,563.47,Card,Success,49.0
O001646,S003919,U02354,2025-06-11T18:32:36,936.46,Cash on Delivery,Success,0.0
O001647,S003921,U02356,2025-02-20T21:55:36,902.07,UPI,Success,0.0
O001648,S003925,U02359,2025-01-25T22:02:36,583.87,Card,Success,19.0
O001649,S003926,U02360,2025-04-15T18:44:36,499.76,Card,Success,49.0
O001650,S003927,U02360,2025-04-21T07:55:36,926.02,Cash on Delivery,Success,0.0
O001651,S003928,U02361,2025-03-09T19:19:36,552.06,UPI,Success,19.0
O001652,S003932,U02364,2025-03-05T17:26:36,782.91,Wallet,Success,29.0
O001655,S003936,U02366,2025-04-09T13:16:36,1536.99,Card,Success,0.0
O001656,S003938,U02367,2025-05-16T17:06:36,744.5,Card,Success,49.0
O001657,S003939,U02367,2025-01-12T22:08:36,710.77,Card,Success,0.0
O001659,S003943,U02370,2025-06-28T18:45:36,524.04,Wallet,Success,49.0
O001660,S003946,U02373,2025-02-17T07:18:36,418.28,UPI,Success,0.0
O001662,S003951,U02377,2025-06-17T12:52:36,421.01,UPI,Success,39.0
O001663,S003952,U02378,2025-06-17T15:17:36,626.84,UPI,Success,39.0
O001664,S003953,U02378,2025-04-26T09:15:36,947.49,UPI,Success,0.0
O001665,S003955,U02379,2025-05-08T12:40:36,1073.27,Card,Success,0.0
O001666,S003957,U02381,2025-01-24T08:38:36,870.02,UPI,Success,39.0
O001667,S003960,U02382,2025-05-21T17:44:36,884.17,Card,Success,29.0
O001668,S003961,U02383,2025-06-24T15:37:36,549.73,UPI,Success,49.0
O001669,S003962,U02384,2025-05-15T07:20:36,297.16,UPI,Success,0.0
O001670,S003964,U02386,2025-04-02T15:32:36,722.75,UPI,Success,49.0
O001671,S003970,U02388,2025-03-19T08:44:36,654.97,Card,Success,29.0
O001672,S003971,U02389,2025-06-15T12:42:36,765.6,UPI,Success,0.0
O001673,S003974,U02391,2025-06-17T15:52:36,580.98,UPI,Success,39.0
O001674,S003976,U02392,2025-02-24T08:49:36,725.09,Card,Success,39.0
O001675,S003979,U02394,2025-05-09T08:21:36,554.51,UPI,Success,29.0
O001676,S003980,U02395,2025-06-09T15:04:36,769.81,Wallet,Success,49.0
O001677,S003981,U02395,2025-03-13T18:34:36,409.17,UPI,Success,69.0
O001678,S003983,U02397,2025-04-01T15:07:36,379.83,UPI,Success,39.0
O001679,S003984,U02398,2025-06-23T22:53:36,918.61,Card,Success,0.0
O001680,S003987,U02401,2025-01-20T15:08:36,1023.07,UPI,Success,0.0
O001681,S003988,U02401,2025-02-03T14:33:36,751.94,UPI,Success,29.0
O001682,S003989,U02401,2025-01-20T10:07:36,864.23,Cash on Delivery,Success,49.0
O001683,S003991,U02402,2025-06-11T11:11:36,729.42,Card,Success,29.0
O001684,S004004,U02408,2025-06-16T09:22:36,605.35,UPI,Success,29.0
O001685,S004005,U02409,2025-05-22T13:36:36,1125.88,Cash on Delivery,Success,0.0
O001686,S004007,U02410,2025-06-27T14:40:36,1242.5,Cash on Delivery,Success,0.0
O001687,S004008,U02410,2025-05-16T13:25:36,819.06,Cash on Delivery,Success,49.0
O001688,S004009,U02411,2025-04-02T08:39:36,747.12,Card,Success,49.0
O001689,S004014,U02414,2025-02-08T12:22:36,661.03,Cash on Delivery,Success,59.0
O001690,S004016,U02416,2025-01-08T21:35:36,495.56,UPI,Success,49.0
O001691,S004017,U02417,2025-05-15T16:56:36,362.08,UPI,Success,0.0
O001692,S004019,U02419,2025-01-26T15:07:36,992.16,Wallet,Success,39.0
O001693,S004021,U02420,2025-02-02T18:19:36,912.21,Card,Success,0.0
O001694,S004028,U02423,2025-04-06T18:29:36,815.9,Card,Success,19.0
O001695,S004029,U02423,2025-02-12T08:44:36,550.45,UPI,Success,39.0
O001696,S004031,U02425,2025-03-19T16:54:36,720.63,Wallet,Success,49.0
O001697,S004036,U02428,2025-02-07T16:38:36,758.78,UPI,Success,49.0
O001698,S004037,U02428,2025-03-16T16:25:36,1481.0,Card,Success,0.0
O001699,S004042,U02429,2025-06-05T10:04:36,449.47,UPI,Success,39.0
O001700,S004043,U02430,2025-03-19T09:37:36,252.02,UPI,Success,19.0
O001701,S004047,U02432,2025-05-04T21:50:36,618.58,UPI,Success,59.0
O001702,S004049,U02433,2025-04-07T07:06:36,758.72,UPI,Success,0.0
O001703,S004050,U02434,2025-01-19T12:17:36,677.25,Card,Success,0.0
O001704,S004058,U02438,2025-05-31T07:30:36,1104.2,UPI,Success,0.0
O001705,S004059,U02438,2025-04-04T15:23:36,855.28,UPI,Success,29.0
O001706,S004061,U02439,2025-01-08T17:07:36,709.62,Wallet,Success,69.0
O001707,S004063,U02441,2025-05-09T12:45:36,632.43,UPI,Success,59.0
O001708,S004065,U02443,2025-03-28T14:36:36,451.53,Wallet,Success,39.0
O001709,S004067,U02444,2025-04-12T08:16:36,622.97,Card,Success,59.0
O001711,S004074,U02446,2025-04-23T20:49:36,823.72,Wallet,Success,0.0
O001713,S004080,U02450,2025-02-22T14:10:36,863.7,UPI,Success,49.0
O001714,S004082,U02450,2025-06-15T18:57:36,455.1,Cash on Delivery,Success,29.0
O001715,S004083,U02451,2025-02-15T16:50:36,421.86,UPI,Success,29.0
O001716,S004084,U02451,2025-02-26T22:32:36,582.9,UPI,Success,59.0
O001717,S004090,U02454,2025-01-14T19:04:36,1256.61,UPI,Success,69.0
O001718,S004092,U02454,2025-06-30T07:54:36,677.76,UPI,Success,39.0
O001719,S004094,U02456,2025-01-08T14:59:36,1167.9,Wallet,Success,0.0
O001720,S004095,U02457,2025-05-15T13:27:36,600.02,UPI,Success,39.0
O001722,S004100,U02459,2025-03-17T07:24:36,760.88,UPI,Success,49.0
O001723,S004101,U02460,2025-03-02T18:43:36,1168.68,UPI,Success,49.0
O001724,S004103,U02461,2025-05-11T18:44:36,933.3,UPI,Success,0.0
O001725,S004104,U02462,2025-01-31T22:47:36,492.61,UPI,Success,0.0
O001726,S004111,U02466,2025-03-16T22:54:36,541.38,Card,Success,59.0
O001727,S004112,U02467,2025-01-04T12:05:36,376.68,UPI,Success,0.0
O001728,S004115,U02469,2025-02-06T14:38:36,476.6,Wallet,Success,19.0
O001729,S004120,U02471,2025-03-21T22:47:36,631.85,Card,Success,19.0
O001730,S004121,U02471,2025-01-11T16:03:36,403.25,UPI,Success,59.0
O001732,S004124,U02472,2025-01-10T19:13:36,893.13,Card,Success,49.0
O001733,S004125,U02473,2025-06-27T11:56:36,748.25,UPI,Success,19.0
O001734,S004127,U02474,2025-02-14T19:25:36,365.06,UPI,Success,29.0
O001735,S004128,U02475,2025-01-03T14:38:36,921.33,UPI,Success,0.0
O001736,S004131,U02477,2025-05-18T21:30:36,703.07,UPI,Success,49.0
O001737,S004133,U02478,2025-04-01T12:39:36,605.14,UPI,Success,69.0
O001738,S004134,U02478,2025-06-23T10:37:36,921.73,Card,Success,29.0
O001739,S004135,U02479,2025-03-11T17:02:36,615.96,UPI,Success,29.0
O001740,S004137,U02480,2025-04-23T12:52:36,446.99,Card,Success,49.0
O001741,S004141,U02483,2025-06-14T08:53:36,837.47,UPI,Success,49.0
O001742,S004142,U02484,2025-04-10T16:11:36,622.67,Card,Success,19.0
O001743,S004146,U02487,2025-02-17T21:00:36,732.51,Cash on Delivery,Success,59.0
O001744,S004150,U02491,2025-06-20T17:05:36,1115.71,Cash on Delivery,Success,0.0
O001745,S004155,U02493,2025-03-30T09:51:36,815.88,Cash on Delivery,Success,39.0
O001746,S004156,U02494,2025-03-16T20:02:36,1428.36,Wallet,Success,0.0
O001747,S004157,U02495,2025-01-29T14:48:36,608.63,Card,Success,39.0
O001748,S004158,U02495,2025-06-01T09:27:36,524.46,Card,Success,29.0
O001749,S004162,U02497,2025-04-28T22:46:36,948.86,Wallet,Success,0.0
O001750,S004165,U02499,2025-05-21T10:52:36,909.73,Cash on Delivery,Success,19.0
O001751,S004169,U02503,2025-02-23T14:42:36,399.25,UPI,Success,29.0
O001752,S004171,U02504,2025-04-28T18:34:36,763.32,Card,Success,29.0
O001753,S004172,U02505,2025-02-12T15:59:36,385.71,Card,Success,19.0
O001755,S004180,U02510,2025-03-21T08:45:36,639.43,UPI,Success,29.0
O001756,S004181,U02511,2025-02-08T16:45:36,585.64,Card,Success,39.0
O001757,S004182,U02512,2025-01-25T08:47:36,1007.64,Cash on Delivery,Success,0.0
O001758,S004183,U02513,2025-01-28T10:01:36,654.91,UPI,Success,49.0
O001759,S004184,U02513,2025-05-12T16:20:36,485.44,UPI,Success,39.0
O001760,S004187,U02516,2025-04-03T21:52:36,803.49,UPI,Success,39.0
O001762,S004198,U02524,2025-05-02T19:10:36,716.97,UPI,Success,49.0
O001763,S004200,U02526,2025-02-21T07:45:36,473.91,Card,Success,0.0
O001765,S004205,U02528,2025-03-02T20:39:36,1029.11,UPI,Success,0.0
O001766,S004206,U02528,2025-05-25T12:14:36,829.09,Wallet,Success,0.0
O001767,S004210,U02529,2025-04-15T11:53:36,588.86,Wallet,Success,49.0
O001768,S004212,U02530,2025-05-26T16:35:36,1022.5,UPI,Success,19.0
O001769,S004215,U02533,2025-01-26T13:48:36,1180.37,UPI,Success,0.0
O001770,S004216,U02534,2025-01-22T17:15:36,481.17,Card,Success,19.0
O001771,S004218,U02536,2025-01-15T10:19:36,374.81,Wallet,Success,29.0
O001772,S004223,U02538,2025-04-27T17:01:36,898.41,Wallet,Success,49.0
O001773,S004228,U02540,2025-03-19T14:49:36,651.66,UPI,Success,19.0
O001774,S004230,U02542,2025-06-24T21:25:36,593.62,UPI,Success,39.0
O001775,S004232,U02542,2025-05-09T07:29:36,1148.92,UPI,Success,0.0
O001776,S004238,U02547,2025-02-25T09:05:36,571.6,UPI,Success,49.0
O001777,S004241,U02550,2025-01-23T13:43:36,1099.5,Card,Success,0.0
O001778,S004246,U02553,2025-01-17T19:22:36,847.68,Card,Success,29.0
O001779,S004249,U02553,2025-04-13T16:08:36,628.29,Wallet,Success,39.0
O001780,S004250,U02554,2025-01-26T22:03:36,886.7,Cash on Delivery,Success,19.0
O001781,S004255,U02557,2025-06-11T18:18:36,520.61,UPI,Success,39.0
O001782,S004256,U02558,2025-02-10T14:33:36,602.61,UPI,Success,49.0
O001783,S004263,U02561,2025-04-28T14:39:36,568.01,UPI,Success,39.0
O001784,S004264,U02562,2025-03-10T14:42:36,704.72,Wallet,Success,29.0
O001785,S004265,U02562,2025-01-25T15:03:36,1214.96,UPI,Success,0.0
O001786,S004266,U02563,2025-02-25T12:36:36,1815.46,UPI,Success,0.0
O001788,S004273,U02569,2025-04-10T20:39:36,686.05,UPI,Success,19.0
O001789,S004275,U02570,2025-01-19T20:16:36,676.8,UPI,Success,29.0
O001790,S004276,U02571,2025-04-30T16:33:36,1235.76,Card,Success,0.0
O001791,S004278,U02572,2025-05-04T17:08:36,831.37,UPI,Success,59.0
O001792,S004282,U02573,2025-06-25T22:51:36,1315.91,Card,Success,0.0
O001793,S004285,U02574,2025-01-28T21:22:36,627.3,UPI,Success,0.0
O001794,S004286,U02574,2025-04-25T14:11:36,601.85,UPI,Success,19.0
O001795,S004287,U02574,2025-05-18T18:08:36,683.79,UPI,Success,59.0
O001797,S004292,U02576,2025-06-05T18:25:36,741.29,UPI,Success,49.0
O001798,S004293,U02577,2025-05-03T11:57:36,384.2,UPI,Success,69.0
O001800,S004296,U02578,2025-02-03T07:50:36,1242.98,UPI,Success,0.0
O001801,S004297,U02578,2025-06-09T07:58:36,895.78,UPI,Success,29.0
O001803,S004299,U02580,2025-05-24T07:46:36,967.46,UPI,Success,0.0
O001804,S004300,U02581,2025-04-14T18:10:36,1330.57,UPI,Success,0.0
O001806,S004304,U02582,2025-06-18T21:31:36,735.44,UPI,Success,49.0
O001807,S004308,U02585,2025-03-05T20:50:36,912.7,Card,Success,39.0
O001808,S004309,U02586,2025-06-22T13:03:36,645.58,UPI,Success,39.0
O001809,S004310,U02587,2025-01-31T14:16:36,354.43,UPI,Success,49.0
O001810,S004316,U02591,2025-05-30T08:44:36,1076.76,UPI,Success,49.0
O001811,S004320,U02591,2025-06-10T12:41:36,1065.35,UPI,Success,0.0
O001812,S004322,U02592,2025-02-15T17:35:36,840.26,UPI,Success,39.0
O001813,S004324,U02593,2025-06-29T20:56:36,1036.88,UPI,Success,0.0
O001814,S004325,U02593,2025-05-08T22:38:36,1531.74,Card,Success,0.0
O001815,S004332,U02598,2025-06-18T19:14:36,711.36,UPI,Success,49.0
O001816,S004334,U02599,2025-04-12T08:53:36,513.3,Wallet,Success,49.0
O001817,S004338,U02600,2025-05-12T08:05:36,539.46,UPI,Success,49.0
O001818,S004339,U02601,2025-02-06T10:10:36,666.85,UPI,Success,0.0
O001819,S004341,U02603,2025-05-21T21:40:36,323.18,Card,Success,19.0
O001820,S004342,U02604,2025-05-22T22:22:36,689.46,UPI,Success,0.0
O001822,S004348,U02609,2025-01-04T07:33:36,510.08,Card,Success,49.0
O001823,S004349,U02610,2025-02-19T15:28:36,1061.52,UPI,Success,0.0
O001824,S004351,U02611,2025-04-15T14:55:36,753.9,Card,Success,19.0
O001825,S004353,U02612,2025-03-20T14:56:36,730.77,Wallet,Success,29.0
O001826,S004355,U02614,2025-04-26T21:55:36,564.02,Wallet,Success,59.0
O001827,S004359,U02617,2025-06-12T20:08:36,643.05,Wallet,Success,29.0
O001828,S004361,U02618,2025-05-03T18:38:36,772.98,Wallet,Success,39.0
O001829,S004363,U02619,2025-05-06T21:39:36,1475.62,UPI,Success,0.0
O001830,S004364,U02620,2025-06-18T17:26:36,696.58,Wallet,Success,39.0
O001831,S004365,U02620,2025-03-22T21:01:36,747.08,Card,Success,19.0
O001832,S004366,U02621,2025-06-01T11:17:36,390.52,UPI,Success,0.0
O001833,S004367,U02622,2025-05-29T08:48:36,976.2,Card,Success,49.0
O001834,S004370,U02624,2025-04-24T10:10:36,757.87,UPI,Success,0.0
O001837,S004378,U02628,2025-04-27T09:45:36,477.0,Cash on Delivery,Success,39.0
O001838,S004381,U02631,2025-03-25T16:52:36,871.62,Card,Success,39.0
O001840,S004386,U02633,2025-01-12T19:23:36,468.92,UPI,Success,29.0
O001841,S004387,U02634,2025-01-28T14:16:36,615.31,UPI,Success,29.0
O001842,S004388,U02634,2025-03-01T14:45:36,469.23,UPI,Success,39.0
O001843,S004393,U02637,2025-01-16T13:50:36,404.94,UPI,Success,59.0
O001844,S004402,U02641,2025-06-06T18:08:36,604.29,UPI,Success,49.0
O001846,S004405,U02643,2025-04-28T11:41:36,382.06,UPI,Success,49.0
O001847,S004407,U02644,2025-02-22T14:29:36,444.29,Cash on Delivery,Success,69.0
O001848,S004409,U02645,2025-03-24T17:54:36,598.13,Card,Success,39.0
O001849,S004412,U02647,2025-04-08T18:50:36,741.4,UPI,Success,49.0
O001850,S004415,U02648,2025-05-19T07:37:36,632.64,UPI,Success,49.0
O001851,S004417,U02648,2025-06-29T17:05:36,479.76,Card,Success,49.0
O001852,S004420,U02649,2025-06-27T11:23:36,1209.35,UPI,Success,0.0
O001853,S004421,U02650,2025-06-21T10:32:36,762.32,UPI,Success,29.0
O001854,S004422,U02650,2025-01-19T22:33:36,489.04,Card,Success,19.0
O001855,S004423,U02651,2025-01-27T12:53:36,1045.9,Wallet,Success,0.0
O001856,S004424,U02652,2025-06-23T11:51:36,594.68,UPI,Success,69.0
O001857,S004426,U02653,2025-04-20T11:49:36,1063.15,Card,Success,29.0
O001858,S004429,U02655,2025-01-06T10:14:36,388.69,Wallet,Success,29.0
O001859,S004432,U02658,2025-05-06T20:46:36,781.16,UPI,Success,29.0
O001860,S004433,U02658,2025-05-02T12:36:36,564.13,Card,Success,39.0
O001861,S004436,U02661,2025-04-03T19:37:36,586.58,UPI,Success,19.0
O001863,S004443,U02666,2025-02-08T21:45:36,823.62,UPI,Success,39.0
O001864,S004444,U02667,2025-01-10T20:02:36,359.96,UPI,Success,0.0
O001865,S004445,U02668,2025-02-23T20:15:36,814.98,Cash on Delivery,Success,49.0
O001866,S004449,U02670,2025-05-31T14:00:36,573.57,UPI,Success,29.0
O001867,S004451,U02671,2025-03-17T19:53:36,727.31,Card,Success,69.0
O001868,S004455,U02675,2025-03-07T12:17:36,948.36,Cash on Delivery,Success,0.0
O001870,S004458,U02677,2025-01-03T18:02:36,776.68,UPI,Success,0.0
O001871,S004460,U02678,2025-06-07T11:01:36,962.84,Cash on Delivery,Success,0.0
O001872,S004463,U02680,2025-05-14T08:58:36,282.99,UPI,Success,59.0
O001873,S004466,U02681,2025-03-07T09:37:36,623.94,UPI,Success,49.0
O001874,S004467,U02681,2025-05-30T09:03:36,1424.46,Wallet,Success,0.0
O001875,S004469,U02682,2025-02-07T10:14:36,729.24,Card,Success,29.0
O001876,S004472,U02685,2025-02-21T12:34:36,651.25,UPI,Success,29.0
O001877,S004475,U02687,2025-05-04T22:53:36,432.26,UPI,Success,29.0
O001878,S004477,U02689,2025-01-07T12:26:36,562.28,UPI,Success,39.0
O001879,S004478,U02690,2025-01-30T22:10:36,1109.52,Wallet,Success,0.0
O001880,S004480,U02691,2025-01-19T10:52:36,1302.04,UPI,Success,0.0
O001881,S004481,U02691,2025-06-07T13:04:36,1280.41,Wallet,Success,0.0
O001883,S004483,U02692,2025-03-06T07:52:36,462.28,Wallet,Success,59.0
O001885,S004486,U02693,2025-04-12T14:10:36,482.79,UPI,Success,29.0
O001886,S004488,U02694,2025-03-11T21:16:36,1104.01,UPI,Success,39.0
O001887,S004489,U02694,2025-03-23T17:23:36,800.89,UPI,Success,19.0
O001888,S004491,U02695,2025-06-05T13:40:36,917.29,UPI,Success,0.0
O001889,S004494,U02697,2025-01-07T18:50:36,726.11,UPI,Success,39.0
O001890,S004497,U02698,2025-02-14T11:12:36,516.15,UPI,Success,19.0
O001892,S004501,U02700,2025-04-24T07:56:36,666.73,UPI,Success,29.0
O001893,S004502,U02700,2025-03-18T13:10:36,879.16,Cash on Delivery,Success,39.0
O001894,S004503,U02701,2025-03-01T09:36:36,677.94,UPI,Success,29.0
O001895,S004505,U02701,2025-03-27T19:51:36,824.23,Card,Success,49.0
O001896,S004511,U02704,2025-06-16T13:43:36,664.3,UPI,Success,19.0
O001897,S004513,U02705,2025-05-17T14:17:36,791.55,UPI,Success,29.0
O001898,S004515,U02706,2025-05-20T21:43:36,905.91,UPI,Success,69.0
O001899,S004516,U02707,2025-04-07T12:02:36,748.56,UPI,Success,0.0
O001901,S004522,U02711,2025-05-23T13:14:36,654.99,UPI,Success,0.0
O001902,S004523,U02711,2025-02-03T10:53:36,861.28,UPI,Success,59.0
O001903,S004524,U02712,2025-06-27T14:00:36,558.07,Wallet,Success,19.0
O001904,S004526,U02713,2025-06-10T18:22:36,1106.0,UPI,Success,0.0
O001905,S004528,U02715,2025-01-08T07:31:36,841.62,Cash on Delivery,Success,59.0
O001906,S004529,U02715,2025-02-12T12:35:36,472.8,UPI,Success,49.0
O001907,S004531,U02716,2025-02-09T21:11:36,545.46,Card,Success,0.0
O001908,S004534,U02718,2025-06-13T09:54:36,774.8,UPI,Success,49.0
O001909,S004535,U02719,2025-01-30T15:21:36,799.78,Card,Success,0.0
O001910,S004536,U02720,2025-03-26T12:08:36,510.47,UPI,Success,39.0
O001911,S004538,U02722,2025-05-15T21:08:36,732.53,Wallet,Success,39.0
O001912,S004539,U02722,2025-03-22T10:11:36,370.87,UPI,Success,0.0
O001914,S004541,U02722,2025-01-18T18:07:36,723.53,UPI,Success,49.0
O001915,S004543,U02723,2025-01-04T12:02:36,776.34,Card,Success,0.0
O001916,S004551,U02727,2025-04-16T13:18:36,955.79,UPI,Success,0.0
O001917,S004554,U02729,2025-05-27T20:38:36,478.98,UPI,Success,19.0
O001918,S004558,U02730,2025-01-10T19:53:36,626.68,Wallet,Success,19.0
O001919,S004565,U02735,2025-05-21T14:15:36,536.14,Wallet,Success,49.0
O001920,S004569,U02739,2025-05-18T20:11:36,1517.33,UPI,Success,0.0
O001921,S004570,U02739,2025-03-25T10:57:36,881.02,Card,Success,59.0
O001922,S004572,U02740,2025-04-27T13:43:36,760.66,Card,Success,29.0
O001923,S004574,U02741,2025-03-04T15:05:36,469.59,UPI,Success,59.0
O001924,S004576,U02742,2025-06-11T14:36:36,1486.01,Card,Success,0.0
O001925,S004577,U02743,2025-03-25T22:35:36,1344.36,UPI,Success,0.0
O001926,S004584,U02748,2025-02-21T17:37:36,292.93,UPI,Success,0.0
O001927,S004585,U02749,2025-04-08T08:18:36,265.77,UPI,Success,29.0
O001928,S004588,U02752,2025-01-27T19:48:36,865.32,Card,Success,39.0
O001929,S004589,U02752,2025-02-19T22:25:36,1364.98,Wallet,Success,0.0
O001930,S004596,U02757,2025-01-02T13:49:36,739.72,UPI,Success,69.0
O001931,S004604,U02762,2025-01-01T14:30:36,920.5,UPI,Success,0.0
O001933,S004610,U02766,2025-03-13T19:29:36,748.78,UPI,Success,29.0
O001934,S004613,U02768,2025-02-24T13:50:36,460.41,Card,Success,59.0
O001935,S004616,U02771,2025-05-23T12:39:36,867.32,UPI,Success,49.0
O001936,S004617,U02772,2025-06-27T22:44:36,562.34,Wallet,Success,49.0
O001937,S004621,U02774,2025-04-19T22:02:36,768.29,UPI,Success,49.0
O001939,S004623,U02775,2025-06-03T14:24:36,643.1,Card,Success,39.0
O001941,S004633,U02779,2025-06-16T15:41:36,994.5,Card,Success,0.0
O001942,S004634,U02780,2025-01-22T18:02:36,584.94,Wallet,Success,39.0
O001943,S004638,U02783,2025-01-02T14:09:36,1037.87,UPI,Success,29.0
O001944,S004639,U02783,2025-02-20T18:44:36,670.16,Card,Success,29.0
O001945,S004640,U02784,2025-01-26T16:37:36,552.71,UPI,Success,19.0
O001946,S004643,U02786,2025-03-11T21:44:36,960.17,UPI,Success,0.0
O001947,S004644,U02786,2025-06-25T16:06:36,609.72,Wallet,Success,19.0
O001948,S004647,U02787,2025-03-13T18:05:36,907.99,Card,Success,0.0
O001949,S004648,U02788,2025-02-10T07:22:36,627.47,Card,Success,19.0
O001950,S004653,U02791,2025-04-10T11:23:36,745.73,UPI,Success,29.0
O001951,S004654,U02791,2025-01-14T16:27:36,603.2,UPI,Success,59.0
O001952,S004657,U02793,2025-03-25T14:05:36,893.67,UPI,Success,29.0
O001953,S004660,U02794,2025-02-08T12:19:36,927.57,UPI,Success,0.0
O001954,S004662,U02795,2025-02-26T10:55:36,1146.99,UPI,Success,0.0
O001955,S004664,U02796,2025-03-20T09:17:36,793.19,UPI,Success,59.0
O001956,S004666,U02798,2025-03-17T11:31:36,642.81,Cash on Delivery,Success,39.0
O001957,S004668,U02800,2025-03-02T10:37:36,585.55,Cash on Delivery,Success,69.0
O001961,S004678,U02804,2025-02-26T08:13:36,674.71,Wallet,Success,69.0
O001962,S004680,U02806,2025-05-15T10:27:36,566.98,UPI,Success,49.0
O001963,S004682,U02807,2025-01-15T21:29:36,927.21,UPI,Success,0.0
O001964,S004683,U02808,2025-04-26T19:51:36,769.29,UPI,Success,19.0
O001965,S004689,U02812,2025-04-09T09:08:36,1561.21,UPI,Success,69.0
O001966,S004698,U02817,2025-01-02T15:01:36,772.57,UPI,Success,19.0
O001967,S004700,U02818,2025-01-16T14:12:36,1846.5,Wallet,Success,0.0
O001969,S004705,U02820,2025-06-12T11:30:36,1102.31,Card,Success,0.0
O001970,S004710,U02823,2025-06-04T16:20:36,953.1,Wallet,Success,0.0
O001972,S004715,U02827,2025-02-11T19:33:36,736.75,UPI,Success,19.0
O001973,S004717,U02829,2025-06-22T14:41:36,651.77,Cash on Delivery,Success,49.0
O001974,S004718,U02829,2025-04-21T16:29:36,916.87,UPI,Success,0.0
O001976,S004721,U02830,2025-06-21T21:59:36,384.51,UPI,Success,19.0
O001977,S004725,U02833,2025-05-16T10:41:36,666.95,Card,Success,29.0
O001978,S004729,U02835,2025-05-15T21:43:36,663.92,UPI,Success,59.0
O001979,S004730,U02835,2025-04-27T21:49:36,992.3,Wallet,Success,0.0
O001980,S004731,U02836,2025-01-02T17:38:36,498.53,UPI,Success,19.0
O001981,S004732,U02837,2025-03-22T11:06:36,884.11,UPI,Success,39.0
O001982,S004733,U02837,2025-01-02T20:55:36,1660.06,Card,Success,0.0
O001983,S004734,U02838,2025-01-29T22:29:36,638.24,Cash on Delivery,Success,29.0
O001984,S004736,U02840,2025-03-28T17:29:36,754.7,Card,Success,39.0
O001985,S004746,U02848,2025-01-06T16:16:36,672.61,UPI,Success,49.0
O001986,S004753,U02855,2025-02-22T10:59:36,546.84,Wallet,Success,49.0
O001987,S004755,U02856,2025-03-13T14:45:36,401.51,Card,Success,19.0
O001989,S004759,U02859,2025-04-24T09:24:36,497.9,Wallet,Success,49.0
O001990,S004761,U02860,2025-02-16T08:44:36,648.04,UPI,Success,59.0
O001991,S004766,U02864,2025-05-20T18:28:36,799.86,UPI,Success,29.0
O001992,S004768,U02865,2025-04-01T13:00:36,661.3,UPI,Success,39.0
O001993,S004770,U02867,2025-02-02T16:30:36,570.12,Cash on Delivery,Success,49.0
O001994,S004773,U02868,2025-02-09T13:33:36,562.34,UPI,Success,49.0
O001996,S004776,U02870,2025-01-07T15:54:36,1085.27,Wallet,Success,0.0
O001997,S004778,U02871,2025-03-11T22:47:36,766.55,Cash on Delivery,Success,69.0
O001998,S004781,U02873,2025-03-09T22:45:36,853.74,Card,Success,29.0
O001999,S004787,U02877,2025-04-23T11:15:36,578.64,Card,Success,19.0
O002001,S004791,U02881,2025-02-07T12:47:36,597.37,Wallet,Success,49.0
O002002,S004796,U02884,2025-05-04T20:35:36,749.8,UPI,Success,39.0
O002003,S004798,U02885,2025-02-21T21:40:36,569.49,UPI,Success,39.0
O002004,S004799,U02886,2025-02-06T12:01:36,675.05,UPI,Success,39.0
O002005,S004801,U02887,2025-03-20T13:14:36,814.7,UPI,Success,29.0
O002006,S004809,U02892,2025-04-12T10:43:36,614.48,Card,Success,39.0
O002007,S004811,U02893,2025-05-09T08:40:36,1040.05,Card,Success,0.0
O002008,S004814,U02896,2025-06-23T14:01:36,556.01,UPI,Success,59.0
O002009,S004815,U02897,2025-03-12T22:18:36,1359.24,UPI,Success,0.0
O002010,S004816,U02897,2025-05-07T11:40:36,1544.76,UPI,Success,0.0
O002011,S004821,U02899,2025-01-28T16:26:36,684.13,Wallet,Success,49.0
O002012,S004823,U02900,2025-05-30T18:59:36,474.91,UPI,Success,49.0
O002013,S004828,U02905,2025-04-08T08:55:36,530.27,UPI,Success,29.0
O002014,S004829,U02906,2025-06-29T08:04:36,715.36,Cash on Delivery,Success,39.0
O002015,S004830,U02906,2025-03-31T22:16:36,1283.17,Wallet,Success,39.0
O002016,S004831,U02907,2025-01-27T21:19:36,539.34,Cash on Delivery,Success,19.0
O002017,S004834,U02907,2025-03-10T21:18:36,1060.36,Cash on Delivery,Success,0.0
O002018,S004836,U02909,2025-01-19T18:59:36,776.38,UPI,Success,49.0
O002019,S004839,U02911,2025-05-03T15:53:36,1239.45,Card,Success,0.0
O002020,S004840,U02911,2025-06-26T08:01:36,1151.0,UPI,Success,0.0
O002021,S004842,U02912,2025-06-28T17:34:36,761.17,UPI,Success,0.0
O002022,S004846,U02916,2025-03-05T07:27:36,411.93,Cash on Delivery,Success,59.0
O002023,S004847,U02917,2025-04-28T16:35:36,858.23,UPI,Success,19.0
O002024,S004849,U02918,2025-01-06T16:43:36,614.07,UPI,Success,19.0
O002025,S004850,U02918,2025-04-19T12:40:36,1272.9,UPI,Success,0.0
O002026,S004851,U02919,2025-06-01T22:27:36,2262.81,UPI,Success,0.0
O002027,S004854,U02921,2025-03-08T14:25:36,508.39,Wallet,Success,29.0
O002028,S004858,U02924,2025-06-01T15:31:36,1344.82,UPI,Success,49.0
O002029,S004863,U02928,2025-02-25T13:31:36,721.87,Card,Success,19.0
O002030,S004864,U02928,2025-05-13T14:50:36,2295.09,UPI,Success,0.0
O002031,S004866,U02929,2025-01-27T22:55:36,460.22,UPI,Success,39.0
O002033,S004870,U02932,2025-01-17T11:08:36,406.48,UPI,Success,29.0
O002034,S004871,U02933,2025-02-06T21:24:36,1021.34,Wallet,Success,0.0
O002035,S004872,U02934,2025-05-27T08:32:36,558.71,Card,Success,49.0
O002036,S004874,U02935,2025-06-04T21:55:36,1701.48,Card,Success,39.0
O002037,S004875,U02935,2025-02-25T11:33:36,774.04,Card,Success,0.0
O002038,S004878,U02936,2025-03-17T19:27:36,588.19,UPI,Success,39.0
O002039,S004879,U02937,2025-05-01T09:47:36,554.78,Card,Success,29.0
O002040,S004883,U02939,2025-01-12T09:52:36,562.8,Wallet,Success,49.0
O002041,S004884,U02939,2025-05-24T15:25:36,955.54,Card,Success,0.0
O002042,S004888,U02941,2025-04-23T10:30:36,1051.52,UPI,Success,0.0
O002043,S004892,U02943,2025-03-07T09:13:36,691.79,Wallet,Success,29.0
O002044,S004894,U02943,2025-04-10T08:24:36,984.03,Card,Success,0.0
O002045,S004896,U02943,2025-03-03T17:25:36,1482.78,UPI,Success,0.0
O002046,S004899,U02945,2025-03-12T13:44:36,535.5,Wallet,Success,0.0
O002047,S004904,U02948,2025-01-08T15:41:36,695.13,Wallet,Success,29.0
O002048,S004906,U02948,2025-03-11T13:55:36,577.29,Wallet,Success,19.0
O002049,S004907,U02948,2025-05-20T16:11:36,536.89,Card,Success,0.0
O002050,S004908,U02948,2025-02-07T19:31:36,545.99,UPI,Success,39.0
O002051,S004910,U02948,2025-06-06T10:27:36,580.94,UPI,Success,0.0
O002053,S004914,U02950,2025-04-01T19:44:36,996.57,UPI,Success,0.0
O002054,S004915,U02951,2025-05-01T08:57:36,556.54,UPI,Success,39.0
O002056,S004918,U02953,2025-06-26T08:38:36,723.13,Card,Success,39.0
O002057,S004919,U02953,2025-06-09T20:02:36,1200.99,UPI,Success,0.0
O002058,S004925,U02957,2025-01-02T21:22:36,494.01,UPI,Success,69.0
O002059,S004927,U02958,2025-05-12T22:24:36,1333.1,Card,Success,0.0
O002061,S004931,U02961,2025-03-10T20:53:36,1228.89,Cash on Delivery,Success,0.0
O002062,S004932,U02962,2025-05-17T21:09:36,989.89,UPI,Success,0.0
O002063,S004933,U02962,2025-05-16T11:27:36,656.25,UPI,Success,39.0
O002064,S004935,U02964,2025-05-01T12:16:36,861.35,UPI,Success,0.0
O002066,S004938,U02966,2025-05-16T17:34:36,1102.59,UPI,Success,0.0
O002068,S004943,U02971,2025-01-08T22:28:36,407.52,UPI,Success,19.0
O002069,S004946,U02972,2025-06-01T20:36:36,1133.27,UPI,Success,19.0
O002070,S004947,U02973,2025-05-12T14:53:36,1224.48,Card,Success,49.0
O002071,S004948,U02973,2025-01-05T12:22:36,609.57,UPI,Success,39.0
O002072,S004950,U02975,2025-03-28T22:35:36,657.78,Wallet,Success,59.0
O002073,S004953,U02976,2025-03-12T16:50:36,1175.58,UPI,Success,0.0
O002074,S004955,U02976,2025-01-19T07:16:36,316.31,UPI,Success,0.0
O002076,S004957,U02978,2025-02-19T18:36:36,585.34,Wallet,Success,19.0
O002079,S004960,U02980,2025-03-13T11:34:36,978.83,UPI,Success,19.0
O002080,S004961,U02980,2025-01-08T13:28:36,706.04,Wallet,Success,19.0
O002081,S004962,U02980,2025-05-18T17:38:36,644.96,Wallet,Success,59.0
O002082,S004964,U02982,2025-03-21T15:19:36,455.08,UPI,Success,19.0
O002083,S004966,U02983,2025-03-03T13:22:36,439.51,UPI,Success,59.0
O002084,S004970,U02987,2025-05-02T16:35:36,497.4,Card,Success,49.0
O002085,S004975,U02990,2025-03-22T08:31:36,1036.81,Card,Success,0.0
O002086,S004977,U02991,2025-06-03T08:15:36,766.39,UPI,Success,0.0
O002088,S004985,U02995,2025-01-23T11:12:36,788.37,UPI,Success,49.0
O002089,S004986,U02995,2025-03-29T09:07:36,540.38,UPI,Success,39.0
O002090,S004988,U02996,2025-05-30T19:10:36,1229.19,Card,Success,59.0
O002091,S004991,U02998,2025-05-09T09:00:36,544.27,Card,Success,19.0
O002092,S004992,U02998,2025-01-15T12:51:36,387.89,UPI,Success,29.0
O002094,S005001,U03003,2025-04-21T14:23:36,498.67,UPI,Success,69.0
O002095,S005002,U03003,2025-04-26T10:09:36,1126.13,Cash on Delivery,Success,39.0
O002096,S005006,U03006,2025-02-25T08:09:36,682.01,Wallet,Success,39.0
O002097,S005008,U03007,2025-02-03T08:06:36,458.68,Wallet,Success,69.0
O002098,S005010,U03007,2025-06-30T07:02:36,420.68,UPI,Success,39.0
O002099,S005011,U03007,2025-02-17T13:30:36,1231.0,Wallet,Success,39.0
O002100,S005014,U03010,2025-02-03T07:22:36,750.75,Card,Success,39.0
O002101,S005015,U03010,2025-06-10T10:47:36,437.12,UPI,Success,19.0
O002102,S005016,U03011,2025-06-13T15:29:36,539.99,Wallet,Success,19.0
O002103,S005017,U03011,2025-01-02T17:48:36,1169.92,UPI,Success,29.0
O002104,S005022,U03014,2025-01-30T20:17:36,670.19,Cash on Delivery,Success,19.0
O002105,S005029,U03018,2025-01-02T20:25:36,2157.23,UPI,Success,0.0
O002106,S005031,U03020,2025-04-03T15:24:36,718.56,UPI,Success,39.0
O002108,S005040,U03025,2025-04-03T16:57:36,471.93,UPI,Success,49.0
O002109,S005042,U03027,2025-03-31T11:28:36,567.94,UPI,Success,39.0
O002110,S005045,U03028,2025-06-30T22:58:36,640.82,UPI,Success,0.0
O002111,S005046,U03028,2025-05-24T12:58:36,808.08,UPI,Success,39.0
O002112,S005047,U03029,2025-05-11T17:16:36,521.59,Wallet,Success,19.0
O002115,S005055,U03033,2025-04-25T19:17:36,627.61,UPI,Success,49.0
O002116,S005057,U03035,2025-01-09T07:16:36,815.05,Wallet,Success,69.0
O002118,S005060,U03036,2025-05-20T20:41:36,972.98,Cash on Delivery,Success,0.0
O002119,S005061,U03037,2025-01-28T16:53:36,525.23,UPI,Success,29.0
O002120,S005062,U03038,2025-01-07T14:52:36,479.84,UPI,Success,39.0
O002121,S005065,U03040,2025-02-14T12:25:36,807.98,Wallet,Success,29.0
O002122,S005068,U03041,2025-02-07T12:31:36,495.59,UPI,Success,0.0
O002123,S005070,U03042,2025-03-01T22:37:36,912.38,Card,Success,0.0
O002124,S005071,U03042,2025-04-29T16:49:36,517.61,UPI,Success,19.0
O002125,S005072,U03043,2025-02-13T17:49:36,742.01,Card,Success,29.0
O002126,S005075,U03046,2025-02-18T19:18:36,761.5,UPI,Success,39.0
O002127,S005076,U03046,2025-05-01T20:36:36,800.45,Card,Success,69.0
O002128,S005083,U03052,2025-03-07T21:56:36,961.37,UPI,Success,59.0
O002129,S005088,U03055,2025-02-12T08:43:36,848.92,UPI,Success,19.0
O002130,S005090,U03057,2025-01-11T21:24:36,607.35,Wallet,Success,39.0
O002131,S005091,U03057,2025-02-08T17:30:36,885.09,UPI,Success,49.0
O002132,S005095,U03061,2025-06-01T10:29:36,771.89,Cash on Delivery,Success,39.0
O002133,S005098,U03063,2025-05-24T09:29:36,764.6,Wallet,Success,19.0
O002134,S005099,U03064,2025-05-28T14:26:36,777.35,UPI,Success,59.0
O002135,S005104,U03065,2025-03-12T17:13:36,781.49,UPI,Success,69.0
O002136,S005106,U03066,2025-06-28T18:51:36,712.4,Card,Success,69.0
O002137,S005111,U03069,2025-06-08T08:40:36,2400.0,Wallet,Success,0.0
O002138,S005114,U03072,2025-06-28T20:46:36,759.29,UPI,Success,49.0
O002139,S005115,U03073,2025-03-14T13:46:36,589.27,UPI,Success,69.0
O002140,S005117,U03075,2025-01-14T10:24:36,1100.12,UPI,Success,0.0
O002141,S005118,U03075,2025-02-21T07:10:36,202.98,Wallet,Success,39.0
O002142,S005119,U03075,2025-04-14T12:54:36,1696.52,UPI,Success,0.0
O002144,S005123,U03078,2025-01-07T16:18:36,778.31,Wallet,Success,29.0
O002145,S005125,U03079,2025-03-19T21:24:36,1134.37,UPI,Success,0.0
O002146,S005129,U03082,2025-04-27T21:16:36,1193.31,Card,Success,0.0
O002147,S005132,U03085,2025-03-29T10:00:36,654.45,UPI,Success,29.0
O002148,S005133,U03086,2025-03-19T08:59:36,496.34,Wallet,Success,0.0
O002149,S005134,U03087,2025-06-12T18:50:36,701.26,UPI,Success,29.0
O002150,S005135,U03088,2025-01-12T09:32:36,582.22,Cash on Delivery,Success,59.0
O002151,S005137,U03089,2025-05-30T20:12:36,711.65,UPI,Success,0.0
O002152,S005138,U03090,2025-03-01T14:23:36,1337.51,UPI,Success,0.0
O002153,S005146,U03092,2025-01-21T14:19:36,799.76,UPI,Success,49.0
O002154,S005148,U03093,2025-01-22T17:41:36,985.61,UPI,Success,0.0
O002155,S005149,U03093,2025-02-24T10:53:36,885.53,Card,Success,0.0
O002157,S005151,U03095,2025-05-20T08:43:36,1009.15,Wallet,Success,0.0
O002158,S005164,U03104,2025-04-11T16:00:36,781.62,Card,Success,39.0
O002159,S005165,U03105,2025-05-21T14:16:36,1168.49,UPI,Success,49.0
O002160,S005167,U03106,2025-02-28T14:18:36,653.56,UPI,Success,29.0
O002162,S005171,U03108,2025-06-28T10:45:36,827.34,Wallet,Success,39.0
O002163,S005172,U03108,2025-04-16T14:24:36,408.3,UPI,Success,19.0
O002164,S005177,U03111,2025-03-21T19:10:36,677.13,Card,Success,39.0
O002167,S005184,U03114,2025-02-10T20:07:36,680.89,Cash on Delivery,Success,39.0
O002169,S005190,U03116,2025-01-24T08:25:36,1016.89,Cash on Delivery,Success,59.0
O002170,S005193,U03118,2025-02-24T22:23:36,545.4,Card,Success,39.0
O002172,S005206,U03128,2025-03-01T20:33:36,755.6,UPI,Success,29.0
O002173,S005207,U03129,2025-03-21T07:37:36,754.2,Wallet,Success,69.0
O002175,S005214,U03132,2025-06-15T11:09:36,1122.08,Cash on Delivery,Success,39.0
O002176,S005215,U03133,2025-06-13T08:14:36,727.27,UPI,Success,39.0
O002177,S005220,U03136,2025-03-17T16:48:36,585.22,Cash on Delivery,Success,19.0
O002179,S005230,U03143,2025-01-15T11:17:36,893.46,Card,Success,19.0
O002180,S005231,U03144,2025-04-26T12:16:36,702.03,Card,Success,0.0
O002181,S005232,U03145,2025-02-08T16:35:36,862.18,Card,Success,59.0
O002182,S005234,U03146,2025-04-21T10:16:36,630.39,Wallet,Success,39.0
O002183,S005240,U03148,2025-04-18T19:56:36,652.98,Card,Success,49.0
O002184,S005243,U03150,2025-05-12T07:36:36,517.7,UPI,Success,59.0
O002185,S005244,U03150,2025-03-15T18:48:36,460.42,UPI,Success,29.0
O002186,S005247,U03152,2025-04-29T10:17:36,641.73,Card,Success,49.0
O002187,S005248,U03152,2025-04-23T14:12:36,1842.73,Card,Success,69.0
O002189,S005251,U03155,2025-04-09T13:50:36,1020.85,Cash on Delivery,Success,0.0
O002190,S005254,U03157,2025-05-31T22:09:36,372.6,Wallet,Success,59.0
O002191,S005255,U03157,2025-05-22T14:32:36,811.34,UPI,Success,39.0
O002193,S005260,U03159,2025-01-26T20:50:36,514.65,Cash on Delivery,Success,69.0
O002194,S005261,U03159,2025-01-03T09:54:36,1210.12,UPI,Success,0.0
O002196,S005265,U03161,2025-05-21T20:02:36,1082.03,Wallet,Success,0.0
O002197,S005266,U03161,2025-03-28T22:45:36,1852.36,Card,Success,49.0
O002198,S005268,U03162,2025-06-05T12:28:36,983.5,UPI,Success,0.0
O002199,S005273,U03165,2025-01-22T17:13:36,529.71,UPI,Success,19.0
O002200,S005274,U03166,2025-01-28T16:30:36,676.72,UPI,Success,59.0
O002201,S005275,U03167,2025-04-19T15:41:36,590.98,UPI,Success,69.0
O002202,S005276,U03168,2025-06-18T14:25:36,452.5,UPI,Success,39.0
O002203,S005278,U03170,2025-06-07T12:49:36,550.28,Card,Success,0.0
O002204,S005281,U03171,2025-01-12T08:42:36,598.51,UPI,Success,59.0
O002206,S005286,U03172,2025-06-03T18:35:36,867.66,Card,Success,29.0
O002207,S005288,U03173,2025-03-31T10:41:36,726.0,UPI,Success,29.0
O002208,S005289,U03174,2025-04-18T07:39:36,1014.03,UPI,Success,0.0
O002209,S005291,U03175,2025-06-23T12:02:36,630.5,Card,Success,49.0
O002210,S005293,U03176,2025-04-30T17:28:36,1272.72,Cash on Delivery,Success,0.0
O002211,S005295,U03177,2025-06-30T21:52:36,958.03,UPI,Success,0.0
O002212,S005299,U03180,2025-01-22T10:03:36,1109.75,UPI,Success,0.0
O002213,S005301,U03181,2025-05-30T12:37:36,694.77,Wallet,Success,49.0
O002214,S005305,U03184,2025-03-30T16:55:36,752.08,UPI,Success,19.0
O002215,S005306,U03185,2025-05-02T08:51:36,603.8,UPI,Success,39.0
O002216,S005308,U03186,2025-05-13T22:02:36,607.05,Wallet,Success,29.0
O002217,S005309,U03187,2025-06-21T19:26:36,909.84,UPI,Success,0.0
O002218,S005310,U03188,2025-01-11T13:22:36,946.21,UPI,Success,0.0
O002220,S005318,U03194,2025-02-27T21:52:36,643.98,UPI,Success,0.0
O002221,S005319,U03195,2025-04-17T19:21:36,955.64,Wallet,Success,0.0
O002222,S005326,U03199,2025-03-17T14:58:36,654.86,UPI,Success,29.0
O002223,S005329,U03200,2025-06-05T12:59:36,498.34,Cash on Delivery,Success,49.0
O002225,S005333,U03202,2025-03-23T22:42:36,802.86,UPI,Success,59.0
O002227,S005339,U03207,2025-02-03T10:53:36,894.49,UPI,Success,39.0
O002228,S005342,U03209,2025-06-24T16:28:36,661.62,Card,Success,49.0
O002229,S005343,U03210,2025-02-24T20:15:36,678.56,UPI,Success,29.0
O002230,S005344,U03211,2025-04-14T19:21:36,951.89,Cash on Delivery,Success,0.0
O002231,S005348,U03214,2025-02-12T07:09:36,373.67,Card,Success,19.0
O002232,S005350,U03216,2025-01-15T07:12:36,923.02,UPI,Success,0.0
O002233,S005355,U03220,2025-01-04T15:55:36,941.68,UPI,Success,39.0
O002235,S005359,U03222,2025-02-25T13:13:36,1072.06,UPI,Success,59.0
O002236,S005363,U03224,2025-04-01T22:54:36,1405.08,Wallet,Success,0.0
O002238,S005371,U03229,2025-03-22T10:22:36,817.17,UPI,Success,29.0
O002239,S005373,U03229,2025-01-19T21:15:36,700.74,UPI,Success,69.0
O002240,S005383,U03237,2025-01-24T14:55:36,770.24,Cash on Delivery,Success,59.0
O002241,S005387,U03240,2025-05-09T09:41:36,857.58,UPI,Success,29.0
O002242,S005390,U03241,2025-01-20T16:35:36,673.49,Wallet,Success,19.0
O002243,S005399,U03246,2025-01-18T07:28:36,702.94,Card,Success,19.0
O002244,S005403,U03249,2025-05-22T12:30:36,929.69,Wallet,Success,0.0
O002245,S005404,U03249,2025-04-05T22:33:36,552.16,Card,Success,39.0
O002248,S005412,U03255,2025-01-03T09:13:36,229.27,UPI,Success,39.0
O002249,S005415,U03256,2025-03-13T10:38:36,690.12,Wallet,Success,0.0
O002250,S005418,U03258,2025-04-09T20:24:36,475.79,Wallet,Success,29.0
O002251,S005420,U03260,2025-01-22T16:10:36,892.33,Cash on Delivery,Success,19.0
O002252,S005421,U03261,2025-06-22T19:22:36,1014.87,Card,Success,0.0
O002253,S005425,U03265,2025-05-24T13:15:36,451.71,Card,Success,29.0
O002254,S005426,U03266,2025-03-22T15:57:36,940.27,Card,Success,0.0
O002255,S005431,U03271,2025-03-21T17:29:36,996.51,UPI,Success,49.0
O002256,S005432,U03271,2025-04-19T14:29:36,840.7,UPI,Success,29.0
O002257,S005433,U03271,2025-04-23T22:36:36,787.04,UPI,Success,49.0
O002258,S005434,U03272,2025-06-07T12:38:36,826.63,Card,Success,39.0
O002259,S005436,U03273,2025-06-13T15:17:36,886.02,Card,Success,29.0
O002261,S005440,U03275,2025-05-24T22:41:36,972.82,UPI,Success,0.0
O002262,S005443,U03277,2025-05-24T17:48:36,622.36,UPI,Success,39.0
O002263,S005447,U03279,2025-04-25T18:43:36,695.1,Cash on Delivery,Success,29.0
O002264,S005448,U03280,2025-03-23T15:46:36,726.34,Wallet,Success,0.0
O002266,S005457,U03287,2025-03-05T15:04:36,675.33,UPI,Success,39.0
O002268,S005463,U03291,2025-05-09T08:19:36,1308.27,UPI,Success,0.0
O002270,S005469,U03294,2025-03-16T08:50:36,616.88,Card,Success,49.0
O002272,S005473,U03296,2025-05-07T17:24:36,822.49,Card,Success,59.0
O002273,S005475,U03297,2025-01-19T14:31:36,965.56,Cash on Delivery,Success,0.0
O002274,S005480,U03300,2025-03-20T12:52:36,556.91,UPI,Success,49.0
O002275,S005482,U03301,2025-05-18T11:00:36,593.7,UPI,Success,19.0
O002277,S005485,U03302,2025-03-29T21:38:36,750.46,Cash on Delivery,Success,29.0
O002278,S005487,U03303,2025-05-13T13:15:36,373.14,Cash on Delivery,Success,29.0
O002279,S005488,U03304,2025-05-11T19:40:36,574.93,Cash on Delivery,Success,29.0
O002280,S005489,U03304,2025-06-12T19:15:36,1092.26,Wallet,Success,0.0
O002281,S005495,U03308,2025-06-21T21:00:36,871.39,Wallet,Success,0.0
O002282,S005496,U03309,2025-01-21T20:31:36,1060.0,Card,Success,0.0
O002283,S005498,U03310,2025-04-12T07:03:36,1019.85,Card,Success,0.0
O002284,S005500,U03311,2025-01-26T19:41:36,636.26,UPI,Success,39.0
O002285,S005506,U03313,2025-04-30T16:29:36,510.16,UPI,Success,49.0
O002286,S005507,U03313,2025-04-24T18:29:36,641.74,UPI,Success,49.0
O002288,S005512,U03316,2025-06-29T15:55:36,1041.07,UPI,Success,0.0
O002289,S005513,U03317,2025-02-27T19:51:36,662.36,UPI,Success,0.0
O002290,S005517,U03319,2025-01-05T16:46:36,375.87,Cash on Delivery,Success,0.0
O002291,S005518,U03320,2025-06-17T18:12:36,604.6,Wallet,Success,49.0
O002292,S005519,U03320,2025-04-03T09:53:36,526.02,Card,Success,39.0
O002293,S005520,U03321,2025-03-30T21:08:36,835.21,UPI,Success,19.0
O002294,S005522,U03322,2025-02-26T14:21:36,662.18,Wallet,Success,49.0
O002295,S005524,U03323,2025-02-10T17:10:36,703.95,UPI,Success,59.0
O002297,S005526,U03324,2025-03-04T08:12:36,750.74,UPI,Success,29.0
O002299,S005528,U03325,2025-01-28T17:37:36,567.42,UPI,Success,19.0
O002300,S005529,U03326,2025-04-29T13:05:36,1016.09,Wallet,Success,19.0
O002301,S005533,U03328,2025-04-23T13:22:36,890.11,Wallet,Success,29.0
O002303,S005538,U03331,2025-03-21T09:37:36,1160.74,UPI,Success,0.0
O002304,S005540,U03332,2025-04-08T17:15:36,536.03,UPI,Success,39.0
O002305,S005543,U03335,2025-03-26T19:13:36,689.57,Card,Success,59.0
O002308,S005555,U03342,2025-04-21T17:51:36,937.93,Card,Success,0.0
O002309,S005559,U03345,2025-01-18T12:31:36,605.16,Card,Success,49.0
O002310,S005560,U03346,2025-02-04T08:42:36,756.75,UPI,Success,39.0
O002311,S005561,U03347,2025-05-19T18:12:36,795.08,Wallet,Success,19.0
O002312,S005563,U03348,2025-05-26T12:49:36,962.27,UPI,Success,0.0
O002313,S005567,U03350,2025-01-22T21:01:36,714.99,Card,Success,39.0
O002314,S005571,U03354,2025-01-29T20:35:36,611.99,Cash on Delivery,Success,39.0
O002315,S005573,U03355,2025-02-15T13:54:36,404.16,UPI,Success,29.0
O002316,S005576,U03357,2025-03-04T19:44:36,706.83,UPI,Success,29.0
O002317,S005577,U03357,2025-01-11T20:38:36,576.04,Card,Success,49.0
O002318,S005579,U03358,2025-03-30T17:06:36,561.55,UPI,Success,69.0
O002319,S005580,U03359,2025-02-17T10:28:36,948.56,UPI,Success,0.0
O002321,S005584,U03360,2025-01-24T19:09:36,661.34,UPI,Success,29.0
O002323,S005589,U03364,2025-01-02T21:25:36,779.87,Card,Success,29.0
O002324,S005590,U03364,2025-06-02T18:58:36,674.7,UPI,Success,39.0
O002326,S005596,U03368,2025-03-19T10:09:36,811.51,Wallet,Success,49.0
O002327,S005599,U03371,2025-01-30T19:34:36,776.85,UPI,Success,49.0
O002328,S005605,U03373,2025-03-15T19:15:36,801.47,UPI,Success,49.0
O002329,S005606,U03374,2025-04-13T09:51:36,1164.31,Wallet,Success,29.0
O002331,S005614,U03380,2025-06-21T08:16:36,408.2,UPI,Success,39.0
O002332,S005615,U03380,2025-06-23T22:48:36,780.56,UPI,Success,59.0
O002333,S005616,U03381,2025-02-22T18:18:36,649.5,UPI,Success,49.0
O002334,S005619,U03383,2025-06-06T18:23:36,772.85,Card,Success,69.0
O002335,S005624,U03386,2025-04-19T21:42:36,794.27,UPI,Success,19.0
O002337,S005627,U03388,2025-01-28T16:06:36,1183.65,Card,Success,0.0
O002338,S005628,U03388,2025-05-29T15:39:36,1486.36,UPI,Success,0.0
O002339,S005630,U03388,2025-01-20T09:00:36,528.04,UPI,Success,19.0
O002340,S005631,U03388,2025-02-01T17:55:36,448.74,UPI,Success,39.0
O002341,S005633,U03389,2025-04-26T09:16:36,359.74,UPI,Success,29.0
O002342,S005637,U03392,2025-02-10T21:15:36,625.65,Card,Success,39.0
O002343,S005640,U03394,2025-05-08T13:47:36,419.4,Card,Success,39.0
O002344,S005642,U03396,2025-04-08T20:34:36,690.04,UPI,Success,29.0
O002345,S005643,U03396,2025-04-25T12:52:36,477.46,Card,Success,49.0
O002346,S005646,U03398,2025-06-15T16:15:36,719.54,Card,Success,29.0
O002347,S005647,U03399,2025-06-02T21:00:36,471.95,UPI,Success,39.0
O002348,S005649,U03401,2025-05-25T09:49:36,790.45,Wallet,Success,29.0
O002349,S005652,U03402,2025-02-20T09:11:36,712.72,Card,Success,19.0
O002350,S005655,U03403,2025-03-10T14:29:36,1449.16,UPI,Success,29.0
O002351,S005660,U03406,2025-06-23T11:13:36,571.32,UPI,Success,29.0
O002352,S005665,U03410,2025-01-30T11:33:36,484.47,Card,Success,19.0
O002353,S005666,U03410,2025-05-03T10:22:36,882.87,UPI,Success,39.0
O002354,S005669,U03412,2025-04-28T08:35:36,548.42,UPI,Success,0.0
O002355,S005671,U03414,2025-06-16T12:41:36,555.72,UPI,Success,59.0
O002356,S005672,U03414,2025-01-25T19:14:36,528.23,UPI,Success,39.0
O002357,S005674,U03416,2025-01-20T20:46:36,250.62,UPI,Success,0.0
O002358,S005675,U03417,2025-02-02T09:30:36,413.36,Card,Success,0.0
O002359,S005676,U03417,2025-03-25T09:19:36,536.31,UPI,Success,29.0
O002360,S005678,U03418,2025-06-20T11:22:36,568.3,UPI,Success,49.0
O002361,S005680,U03420,2025-05-25T14:02:36,898.53,UPI,Success,59.0
O002362,S005684,U03421,2025-04-25T07:10:36,771.58,Wallet,Success,39.0
O002363,S005686,U03423,2025-04-12T14:36:36,517.63,Card,Success,0.0
O002364,S005688,U03423,2025-04-06T07:58:36,782.86,Wallet,Success,29.0
O002365,S005689,U03423,2025-02-21T15:49:36,550.77,UPI,Success,59.0
O002366,S005692,U03426,2025-06-25T22:19:36,831.11,UPI,Success,59.0
O002367,S005695,U03428,2025-03-06T20:42:36,366.07,Card,Success,19.0
O002369,S005698,U03430,2025-04-15T17:00:36,998.14,Card,Success,0.0
O002370,S005700,U03431,2025-01-30T19:30:36,1091.86,UPI,Success,0.0
O002371,S005701,U03432,2025-03-22T15:45:36,931.38,Card,Success,0.0
O002372,S005702,U03433,2025-03-10T13:26:36,744.41,UPI,Success,49.0
O002373,S005704,U03433,2025-06-18T19:19:36,505.58,UPI,Success,39.0
O002374,S005708,U03436,2025-04-14T19:13:36,492.71,UPI,Success,0.0
O002375,S005711,U03439,2025-06-08T11:41:36,448.11,Card,Success,19.0
O002376,S005712,U03439,2025-01-12T07:53:36,585.47,Card,Success,0.0
O002377,S005714,U03440,2025-03-15T19:04:36,1268.23,Wallet,Success,29.0
O002378,S005716,U03441,2025-01-13T14:47:36,307.46,Wallet,Success,29.0
O002380,S005719,U03442,2025-05-25T15:32:36,536.3,Card,Success,19.0
O002381,S005722,U03444,2025-06-20T20:43:36,1231.23,UPI,Success,19.0
O002382,S005723,U03445,2025-01-05T17:24:36,530.22,UPI,Success,59.0
O002383,S005724,U03446,2025-05-03T11:40:36,1726.65,UPI,Success,0.0
O002385,S005727,U03447,2025-05-23T10:08:36,1973.63,Wallet,Success,0.0
O002386,S005732,U03451,2025-04-30T20:02:36,865.63,Cash on Delivery,Success,39.0
O002387,S005737,U03454,2025-01-12T20:38:36,664.18,Card,Success,29.0
O002388,S005742,U03457,2025-04-15T10:03:36,828.55,UPI,Success,39.0
O002389,S005743,U03457,2025-01-23T11:43:36,560.66,UPI,Success,59.0
O002390,S005748,U03460,2025-06-27T19:46:36,448.16,UPI,Success,29.0
O002391,S005751,U03462,2025-06-20T14:24:36,1403.75,UPI,Success,0.0
O002392,S005753,U03463,2025-03-04T10:42:36,420.19,Card,Success,49.0
O002393,S005755,U03465,2025-01-10T15:21:36,1485.03,Cash on Delivery,Success,0.0
O002394,S005759,U03467,2025-05-20T22:05:36,1176.43,Wallet,Success,0.0
O002395,S005760,U03467,2025-03-02T22:33:36,704.36,Wallet,Success,19.0
O002396,S005762,U03468,2025-05-12T10:56:36,1397.64,UPI,Success,0.0
O002397,S005766,U03470,2025-02-14T21:59:36,1103.84,Wallet,Success,69.0
O002398,S005767,U03470,2025-01-27T13:01:36,647.42,UPI,Success,0.0
O002399,S005771,U03473,2025-03-15T13:06:36,616.86,UPI,Success,49.0
O002400,S005774,U03475,2025-03-01T12:55:36,494.76,UPI,Success,0.0
O002401,S005775,U03476,2025-04-11T21:48:36,615.44,UPI,Success,59.0
O002402,S005776,U03476,2025-05-14T16:17:36,286.35,UPI,Success,0.0
O002403,S005777,U03477,2025-01-20T16:46:36,707.83,UPI,Success,69.0
O002404,S005778,U03477,2025-03-29T11:07:36,771.38,Card,Success,19.0
O002405,S005783,U03480,2025-05-14T10:21:36,846.11,UPI,Success,59.0
O002406,S005788,U03483,2025-01-16T13:56:36,447.25,Card,Success,59.0
O002407,S005789,U03483,2025-04-14T19:17:36,546.24,Cash on Delivery,Success,19.0
O002408,S005790,U03483,2025-06-30T13:58:36,458.66,UPI,Success,49.0
O002409,S005793,U03485,2025-03-14T15:28:36,503.13,UPI,Success,39.0
O002410,S005794,U03486,2025-06-30T18:05:36,840.58,Wallet,Success,49.0
O002411,S005796,U03486,2025-01-12T22:11:36,955.43,UPI,Success,49.0
O002412,S005798,U03488,2025-06-12T15:25:36,1275.01,UPI,Success,0.0
O002414,S005800,U03488,2025-01-20T20:40:36,633.96,Cash on Delivery,Success,29.0
O002415,S005805,U03491,2025-03-12T08:37:36,961.49,Wallet,Success,0.0
O002416,S005806,U03491,2025-05-06T22:06:36,939.36,UPI,Success,69.0
O002417,S005807,U03492,2025-04-01T09:10:36,680.98,UPI,Success,49.0
O002418,S005809,U03493,2025-04-21T09:12:36,876.8,Card,Success,59.0
O002419,S005812,U03495,2025-03-01T22:54:36,649.5,Wallet,Success,29.0
O002420,S005813,U03496,2025-03-26T07:13:36,694.52,Wallet,Success,49.0
O002421,S005817,U03497,2025-05-18T14:53:36,1085.77,Card,Success,0.0
O002422,S005818,U03497,2025-02-06T07:10:36,427.81,Card,Success,19.0
O002425,S005825,U03501,2025-06-24T07:02:36,1138.04,UPI,Success,29.0
O002426,S005826,U03502,2025-02-20T21:09:36,607.9,UPI,Success,29.0
O002427,S005831,U03504,2025-06-25T20:42:36,861.47,UPI,Success,69.0
O002429,S005836,U03507,2025-05-29T14:18:36,581.03,UPI,Success,39.0
O002432,S005843,U03510,2025-03-10T17:53:36,337.58,Card,Success,29.0
O002433,S005844,U03511,2025-06-14T19:42:36,1044.76,UPI,Success,0.0
O002434,S005852,U03515,2025-06-06T10:23:36,489.85,Wallet,Success,59.0
O002435,S005853,U03516,2025-02-24T21:18:36,584.96,UPI,Success,19.0
O002436,S005855,U03517,2025-06-02T20:17:36,888.9,Wallet,Success,49.0
O002437,S005856,U03517,2025-05-14T08:40:36,745.08,UPI,Success,29.0
O002438,S005859,U03520,2025-04-15T13:29:36,526.66,Card,Success,49.0
O002440,S005865,U03523,2025-06-01T11:29:36,597.77,Card,Success,0.0
O002441,S005867,U03524,2025-02-06T20:48:36,446.06,UPI,Success,69.0
O002442,S005869,U03526,2025-06-11T16:58:36,552.15,UPI,Success,0.0
O002443,S005871,U03527,2025-04-28T11:16:36,729.31,Card,Success,29.0
O002444,S005872,U03528,2025-03-14T09:45:36,1040.3,UPI,Success,39.0
O002445,S005873,U03529,2025-04-05T09:18:36,1028.76,UPI,Success,0.0
O002446,S005875,U03529,2025-05-04T12:21:36,1048.07,Wallet,Success,0.0
O002447,S005877,U03531,2025-01-07T11:54:36,878.59,UPI,Success,0.0
O002448,S005878,U03531,2025-01-12T09:39:36,392.18,Card,Success,49.0
O002449,S005888,U03536,2025-04-10T07:11:36,715.49,Card,Success,29.0
O002450,S005889,U03536,2025-04-02T08:05:36,1232.52,Card,Success,0.0
O002451,S005890,U03537,2025-03-04T15:04:36,535.78,Card,Success,59.0
O002452,S005891,U03538,2025-03-05T14:14:36,732.24,UPI,Success,0.0
O002453,S005892,U03538,2025-05-29T14:05:36,521.84,Card,Success,49.0
O002454,S005896,U03542,2025-03-26T11:41:36,908.09,UPI,Success,49.0
O002455,S005898,U03543,2025-04-09T07:52:36,989.67,Wallet,Success,0.0
O002456,S005900,U03543,2025-05-08T20:44:36,706.97,UPI,Success,19.0
O002457,S005901,U03543,2025-01-14T10:52:36,956.86,UPI,Success,0.0
O002459,S005907,U03548,2025-06-06T07:32:36,764.91,UPI,Success,39.0
O002460,S005911,U03550,2025-03-02T20:07:36,910.86,UPI,Success,0.0
O002461,S005912,U03550,2025-05-11T13:17:36,464.53,Cash on Delivery,Success,19.0
O002462,S005918,U03554,2025-01-05T20:08:36,665.61,UPI,Success,49.0
O002463,S005919,U03555,2025-02-18T21:56:36,557.93,UPI,Success,39.0
O002464,S005921,U03556,2025-04-04T15:53:36,1018.82,Wallet,Success,0.0
O002465,S005925,U03559,2025-04-24T22:00:36,1857.89,UPI,Success,0.0
O002466,S005926,U03559,2025-06-13T21:27:36,564.26,Wallet,Success,39.0
O002467,S005928,U03559,2025-03-24T09:36:36,1564.63,UPI,Success,0.0
O002468,S005931,U03561,2025-04-29T20:24:36,470.71,UPI,Success,19.0
O002470,S005934,U03563,2025-05-18T16:36:36,557.77,Wallet,Success,59.0
O002471,S005935,U03563,2025-05-24T15:27:36,877.51,Card,Success,49.0
O002472,S005936,U03563,2025-01-11T17:10:36,1056.25,Card,Success,49.0
O002473,S005939,U03564,2025-06-24T14:04:36,567.75,UPI,Success,49.0
O002475,S005944,U03566,2025-02-23T10:56:36,287.52,UPI,Success,59.0
O002476,S005945,U03567,2025-01-06T20:26:36,711.15,UPI,Success,19.0
O002477,S005947,U03567,2025-06-26T14:12:36,483.12,Card,Success,19.0
O002478,S005948,U03567,2025-03-03T13:40:36,1102.66,Card,Success,0.0
O002480,S005955,U03570,2025-01-10T20:10:36,910.63,Card,Success,0.0
O002481,S005956,U03571,2025-05-08T10:44:36,1187.49,UPI,Success,0.0
O002482,S005957,U03571,2025-05-13T16:13:36,742.01,UPI,Success,0.0
O002483,S005958,U03572,2025-05-21T13:32:36,1106.57,UPI,Success,0.0
O002484,S005962,U03575,2025-06-30T19:57:36,526.27,Card,Success,39.0
O002485,S005963,U03576,2025-03-21T21:08:36,281.1,Cash on Delivery,Success,19.0
O002486,S005964,U03576,2025-06-07T15:57:36,866.19,UPI,Success,0.0
O002487,S005965,U03577,2025-04-11T13:36:36,426.35,Cash on Delivery,Success,19.0
O002488,S005967,U03578,2025-06-03T07:58:36,864.43,Card,Success,29.0
O002489,S005968,U03578,2025-02-20T21:49:36,234.4,UPI,Success,0.0
O002490,S005969,U03579,2025-01-23T20:02:36,1069.56,Card,Success,0.0
O002491,S005970,U03579,2025-02-07T10:21:36,395.49,Wallet,Success,59.0
O002492,S005973,U03582,2025-06-12T20:26:36,1227.12,Card,Success,0.0
O002493,S005974,U03582,2025-02-02T15:04:36,942.91,UPI,Success,29.0
O002494,S005979,U03586,2025-03-04T19:02:36,671.15,Card,Success,39.0
O002495,S005980,U03586,2025-06-11T09:22:36,669.82,UPI,Success,0.0
O002496,S005981,U03587,2025-04-30T09:32:36,863.41,UPI,Success,29.0
O002497,S005985,U03589,2025-02-13T09:41:36,601.02,UPI,Success,49.0
O002498,S005987,U03590,2025-06-21T22:38:36,1276.89,UPI,Success,0.0
O002499,S005990,U03593,2025-05-03T07:45:36,480.73,Cash on Delivery,Success,49.0
O002500,S005994,U03595,2025-02-26T12:45:36,486.09,Cash on Delivery,Success,59.0
O002501,S005996,U03596,2025-04-03T07:31:36,754.09,UPI,Success,49.0
O002502,S005998,U03597,2025-02-05T16:10:36,1415.39,UPI,Success,0.0
O002503,S006001,U03598,2025-05-25T15:39:36,427.26,Card,Success,29.0
O002504,S006003,U03599,2025-06-29T09:14:36,431.89,UPI,Success,0.0
O002505,S006005,U03599,2025-06-01T11:47:36,504.73,Card,Success,0.0
O002506,S006012,U03605,2025-01-26T22:34:36,493.72,UPI,Success,19.0
O002507,S006013,U03605,2025-03-11T18:34:36,1256.57,Card,Success,29.0
O002509,S006016,U03607,2025-01-31T21:04:36,598.15,Cash on Delivery,Success,49.0
O002510,S006018,U03609,2025-03-13T20:35:36,1020.05,Wallet,Success,49.0
O002512,S006022,U03613,2025-04-24T11:09:36,404.12,Card,Success,29.0
O002513,S006023,U03614,2025-01-27T08:02:36,1374.31,UPI,Success,59.0
O002514,S006030,U03617,2025-04-30T18:04:36,651.48,UPI,Success,39.0
O002515,S006032,U03619,2025-02-15T15:54:36,716.12,Cash on Delivery,Success,29.0
O002516,S006033,U03620,2025-01-01T12:56:36,464.96,UPI,Success,19.0
O002517,S006034,U03621,2025-03-09T13:00:36,588.85,Card,Success,29.0
O002518,S006035,U03621,2025-05-14T10:47:36,623.85,Cash on Delivery,Success,39.0
O002519,S006036,U03621,2025-01-08T17:54:36,966.93,Card,Success,49.0
O002520,S006037,U03622,2025-02-18T07:40:36,1221.77,UPI,Success,0.0
O002521,S006039,U03623,2025-02-03T12:50:36,1060.05,Cash on Delivery,Success,0.0
O002522,S006041,U03624,2025-03-23T13:14:36,594.42,UPI,Success,19.0
O002523,S006044,U03626,2025-02-18T20:06:36,1136.42,Card,Success,0.0
O002526,S006047,U03627,2025-05-03T17:59:36,794.51,Cash on Delivery,Success,29.0
O002527,S006051,U03629,2025-01-23T09:03:36,543.71,UPI,Success,29.0
O002528,S006059,U03633,2025-01-21T17:14:36,745.22,UPI,Success,29.0
O002529,S006062,U03635,2025-03-03T08:37:36,427.57,Wallet,Success,29.0
O002530,S006064,U03637,2025-06-01T20:32:36,272.29,Card,Success,29.0
O002531,S006066,U03639,2025-02-01T09:14:36,489.5,UPI,Success,59.0
O002532,S006070,U03641,2025-02-15T22:59:36,521.29,Card,Success,49.0
O002533,S006071,U03642,2025-04-18T07:26:36,381.99,UPI,Success,59.0
O002534,S006072,U03643,2025-04-12T21:41:36,1002.74,Card,Success,0.0
O002535,S006073,U03644,2025-06-18T19:00:36,965.66,UPI,Success,0.0
O002537,S006078,U03646,2025-04-11T22:13:36,947.04,Wallet,Success,0.0
O002538,S006083,U03650,2025-05-19T20:55:36,1069.79,UPI,Success,0.0
O002539,S006084,U03650,2025-02-10T09:43:36,666.49,Cash on Delivery,Success,29.0
O002540,S006087,U03652,2025-02-19T14:26:36,435.37,UPI,Success,29.0
O002541,S006095,U03659,2025-05-15T12:48:36,612.58,UPI,Success,0.0
O002542,S006098,U03661,2025-01-23T09:15:36,628.72,Wallet,Success,0.0
O002543,S006100,U03662,2025-05-19T14:46:36,594.63,UPI,Success,19.0
O002544,S006101,U03663,2025-05-03T16:45:36,669.57,Card,Success,39.0
O002545,S006102,U03664,2025-03-18T22:50:36,698.36,Cash on Delivery,Success,49.0
O002546,S006106,U03666,2025-02-23T18:43:36,1014.09,Wallet,Success,0.0
O002547,S006108,U03667,2025-05-03T12:59:36,766.47,Wallet,Success,39.0
O002548,S006112,U03670,2025-01-10T21:41:36,922.0,UPI,Success,0.0
O002549,S006116,U03672,2025-02-11T15:48:36,797.07,UPI,Success,19.0
O002550,S006118,U03674,2025-02-22T13:01:36,612.13,Wallet,Success,19.0
O002551,S006121,U03677,2025-02-26T17:21:36,556.65,UPI,Success,49.0
O002552,S006123,U03678,2025-05-05T21:23:36,932.37,Wallet,Success,0.0
O002553,S006125,U03678,2025-01-01T19:01:36,1197.59,Wallet,Success,39.0
O002554,S006129,U03681,2025-06-23T07:56:36,1136.19,UPI,Success,39.0
O002555,S006130,U03681,2025-04-04T21:59:36,859.56,Wallet,Success,19.0
O002556,S006132,U03682,2025-03-23T13:15:36,426.27,Wallet,Success,0.0
O002558,S006142,U03689,2025-06-02T15:33:36,1200.77,UPI,Success,0.0
O002559,S006145,U03690,2025-03-27T21:36:36,513.12,Wallet,Success,19.0
O002560,S006149,U03692,2025-04-04T21:15:36,744.29,Card,Success,19.0
O002561,S006150,U03692,2025-01-07T13:35:36,484.57,Card,Success,69.0
O002563,S006154,U03695,2025-04-15T13:54:36,1285.35,UPI,Success,0.0
O002564,S006155,U03695,2025-02-16T19:24:36,927.02,UPI,Success,0.0
O002567,S006164,U03703,2025-03-05T18:26:36,546.19,UPI,Success,19.0
O002569,S006169,U03705,2025-06-19T12:36:36,702.58,Cash on Delivery,Success,49.0
O002570,S006174,U03708,2025-03-01T16:39:36,449.99,Card,Success,69.0
O002571,S006176,U03710,2025-04-15T19:26:36,967.61,UPI,Success,0.0
O002574,S006179,U03711,2025-01-11T22:48:36,841.85,UPI,Success,49.0
O002575,S006182,U03711,2025-04-30T12:49:36,581.27,Cash on Delivery,Success,39.0
O002576,S006183,U03712,2025-05-12T11:11:36,838.55,UPI,Success,69.0
O002577,S006187,U03713,2025-01-28T18:37:36,1197.47,UPI,Success,0.0
O002578,S006188,U03713,2025-02-25T16:16:36,727.67,UPI,Success,29.0
O002579,S006189,U03714,2025-04-08T11:00:36,1180.44,UPI,Success,0.0
O002580,S006190,U03714,2025-04-06T12:46:36,1046.01,UPI,Success,0.0
O002581,S006191,U03714,2025-05-31T11:37:36,787.61,Cash on Delivery,Success,0.0
O002582,S006192,U03714,2025-04-24T19:28:36,447.0,Card,Success,39.0
O002583,S006194,U03715,2025-06-25T07:38:36,655.06,Card,Success,29.0
O002585,S006214,U03727,2025-04-08T21:17:36,559.6,Card,Success,29.0
O002586,S006215,U03728,2025-06-07T15:41:36,780.13,Card,Success,49.0
O002587,S006217,U03729,2025-06-11T14:32:36,893.27,UPI,Success,39.0
O002588,S006221,U03731,2025-02-28T14:47:36,406.74,Card,Success,49.0
O002590,S006226,U03733,2025-03-19T12:11:36,840.55,UPI,Success,0.0
O002592,S006233,U03737,2025-03-14T13:18:36,626.59,UPI,Success,0.0
O002593,S006235,U03738,2025-06-12T07:50:36,444.82,Card,Success,39.0
O002594,S006237,U03739,2025-06-24T12:22:36,1128.23,Wallet,Success,0.0
O002595,S006239,U03740,2025-01-30T12:05:36,974.42,UPI,Success,0.0
O002597,S006242,U03741,2025-04-01T21:45:36,628.99,UPI,Success,49.0
O002598,S006243,U03742,2025-05-10T11:06:36,420.61,UPI,Success,19.0
O002599,S006244,U03742,2025-01-30T21:12:36,661.46,UPI,Success,29.0
O002600,S006250,U03747,2025-04-11T16:49:36,565.75,UPI,Success,59.0
O002601,S006253,U03749,2025-05-11T10:12:36,685.73,Card,Success,49.0
O002602,S006256,U03751,2025-01-04T08:46:36,666.78,Card,Success,69.0
O002603,S006259,U03752,2025-06-28T18:33:36,791.64,UPI,Success,49.0
O002604,S006260,U03752,2025-06-11T08:31:36,983.93,UPI,Success,0.0
O002605,S006264,U03754,2025-03-10T14:26:36,228.63,UPI,Success,59.0
O002606,S006268,U03757,2025-05-08T13:08:36,1478.35,Wallet,Success,0.0
O002607,S006269,U03757,2025-06-17T11:47:36,677.28,Wallet,Success,49.0
O002608,S006271,U03758,2025-06-09T10:54:36,1917.21,Card,Success,19.0
O002609,S006272,U03758,2025-04-25T15:45:36,763.65,UPI,Success,39.0
O002610,S006273,U03759,2025-04-16T08:00:36,1296.26,UPI,Success,0.0
O002611,S006274,U03759,2025-02-15T23:00:36,1042.69,Wallet,Success,0.0
O002612,S006276,U03760,2025-05-11T23:00:36,877.84,Wallet,Success,19.0
O002613,S006286,U03766,2025-02-24T10:01:36,427.92,UPI,Success,19.0
O002614,S006289,U03768,2025-02-12T20:37:36,502.21,UPI,Success,39.0
O002616,S006292,U03770,2025-06-08T10:11:36,1217.32,UPI,Success,0.0
O002618,S006295,U03772,2025-06-17T15:02:36,969.19,Card,Success,0.0
O002620,S006300,U03775,2025-03-11T21:55:36,759.59,UPI,Success,39.0
O002622,S006303,U03776,2025-05-11T19:07:36,657.04,UPI,Success,0.0
O002623,S006307,U03777,2025-02-04T20:49:36,832.86,UPI,Success,39.0
O002624,S006314,U03782,2025-01-10T22:53:36,547.72,Card,Success,59.0
O002625,S006315,U03782,2025-03-21T21:07:36,424.29,UPI,Success,39.0
O002626,S006317,U03784,2025-03-28T12:53:36,527.95,Card,Success,29.0
O002627,S006318,U03785,2025-06-17T11:57:36,1353.0,Card,Success,0.0
O002628,S006320,U03786,2025-05-18T13:53:36,353.47,UPI,Success,29.0
O002629,S006321,U03787,2025-06-09T15:39:36,348.39,Wallet,Success,0.0
O002630,S006322,U03788,2025-04-17T11:57:36,480.42,UPI,Success,29.0
O002631,S006324,U03789,2025-06-21T07:57:36,934.24,UPI,Success,59.0
O002632,S006326,U03790,2025-04-07T08:12:36,847.52,UPI,Success,29.0
O002633,S006331,U03793,2025-01-22T10:32:36,831.7,UPI,Success,49.0
O002634,S006334,U03795,2025-03-31T17:53:36,589.74,UPI,Success,49.0
O002635,S006336,U03796,2025-05-24T16:13:36,784.89,UPI,Success,49.0
O002636,S006338,U03796,2025-02-16T22:16:36,800.32,UPI,Success,39.0
O002637,S006341,U03799,2025-02-16T14:36:36,610.97,UPI,Success,69.0
O002638,S006342,U03800,2025-06-26T08:12:36,662.83,Wallet,Success,59.0
O002639,S006346,U03804,2025-05-10T12:56:36,510.43,Wallet,Success,0.0
O002640,S006348,U03806,2025-04-15T18:31:36,551.92,UPI,Success,59.0
O002641,S006351,U03808,2025-01-31T17:55:36,1632.5,Wallet,Success,59.0
O002642,S006356,U03810,2025-06-14T18:39:36,612.66,UPI,Success,59.0
O002644,S006368,U03817,2025-01-02T17:02:36,769.98,UPI,Success,39.0
O002646,S006370,U03819,2025-02-05T22:45:36,1173.03,UPI,Success,0.0
O002647,S006371,U03820,2025-01-14T07:34:36,613.25,Card,Success,59.0
O002648,S006380,U03825,2025-04-03T13:06:36,1080.89,Cash on Delivery,Success,39.0
O002649,S006381,U03825,2025-03-13T15:49:36,824.35,Wallet,Success,29.0
O002650,S006382,U03826,2025-05-27T16:37:36,711.98,UPI,Success,29.0
O002652,S006388,U03830,2025-03-04T08:35:36,1020.03,UPI,Success,0.0
O002653,S006389,U03830,2025-06-15T07:09:36,862.62,Wallet,Success,19.0
O002655,S006393,U03834,2025-06-13T22:04:36,719.12,Wallet,Success,49.0
O002656,S006400,U03838,2025-04-14T10:49:36,626.22,Wallet,Success,49.0
O002657,S006402,U03839,2025-05-06T14:31:36,528.96,UPI,Success,29.0
O002659,S006406,U03840,2025-01-25T18:01:36,1496.52,UPI,Success,59.0
O002660,S006409,U03843,2025-01-11T13:21:36,535.36,UPI,Success,49.0
O002662,S006416,U03847,2025-04-23T09:33:36,788.26,Cash on Delivery,Success,29.0
O002663,S006418,U03849,2025-05-07T09:52:36,717.99,Wallet,Success,39.0
O002664,S006420,U03850,2025-04-24T17:43:36,497.5,Wallet,Success,49.0
O002665,S006425,U03853,2025-02-15T20:24:36,1032.22,UPI,Success,39.0
O002667,S006431,U03855,2025-05-01T14:51:36,585.79,UPI,Success,39.0
O002668,S006433,U03856,2025-01-11T07:50:36,1002.34,UPI,Success,49.0
O002669,S006438,U03858,2025-05-20T10:00:36,650.37,Card,Success,49.0
O002670,S006443,U03862,2025-05-30T12:00:36,399.9,Wallet,Success,39.0
O002671,S006446,U03863,2025-06-30T09:43:36,508.54,UPI,Success,49.0
O002672,S006448,U03865,2025-03-29T07:19:36,636.85,Card,Success,19.0
O002673,S006453,U03870,2025-01-04T07:57:36,542.23,UPI,Success,0.0
O002674,S006455,U03872,2025-03-05T22:32:36,1007.28,UPI,Success,0.0
O002675,S006457,U03873,2025-01-20T16:49:36,641.18,Cash on Delivery,Success,59.0
O002676,S006460,U03874,2025-05-21T09:28:36,765.61,UPI,Success,59.0
O002677,S006461,U03875,2025-06-07T16:15:36,415.59,Card,Success,0.0
O002679,S006469,U03880,2025-01-29T18:41:36,1064.61,UPI,Success,69.0
O002680,S006471,U03882,2025-05-19T10:23:36,612.93,Card,Success,69.0
O002681,S006473,U03883,2025-04-21T18:12:36,684.61,UPI,Success,29.0
O002682,S006477,U03885,2025-02-12T11:23:36,349.21,UPI,Success,69.0
O002683,S006481,U03887,2025-05-05T18:41:36,933.57,Card,Success,0.0
O002684,S006482,U03888,2025-04-16T20:18:36,460.55,UPI,Success,29.0
O002685,S006484,U03888,2025-03-20T10:21:36,1472.92,Cash on Delivery,Success,0.0
O002686,S006487,U03889,2025-03-31T19:55:36,630.3,UPI,Success,19.0
O002688,S006498,U03899,2025-03-31T09:23:36,578.52,Card,Success,19.0
O002689,S006499,U03899,2025-03-11T17:49:36,643.69,UPI,Success,49.0
O002690,S006503,U03902,2025-02-22T13:01:36,924.57,Wallet,Success,0.0
O002691,S006504,U03903,2025-04-14T14:58:36,748.13,UPI,Success,39.0
O002692,S006505,U03903,2025-03-09T13:32:36,487.16,Card,Success,49.0
O002693,S006508,U03906,2025-04-22T20:22:36,797.66,Card,Success,49.0
O002694,S006509,U03906,2025-01-16T19:29:36,597.04,UPI,Success,0.0
O002696,S006511,U03907,2025-03-31T12:12:36,984.46,UPI,Success,0.0
O002697,S006515,U03909,2025-03-01T13:32:36,924.9,UPI,Success,0.0
O002698,S006516,U03910,2025-04-02T17:14:36,832.62,Cash on Delivery,Success,19.0
O002699,S006518,U03911,2025-06-27T21:27:36,614.93,UPI,Success,29.0
O002700,S006519,U03911,2025-01-04T09:34:36,567.95,UPI,Success,29.0
O002701,S006523,U03914,2025-04-19T09:07:36,636.04,Wallet,Success,49.0
O002702,S006524,U03915,2025-02-17T16:01:36,487.66,UPI,Success,59.0
O002703,S006528,U03918,2025-03-04T19:56:36,505.34,Card,Success,29.0
O002704,S006530,U03919,2025-03-15T18:34:36,1027.96,Card,Success,19.0
O002705,S006531,U03919,2025-04-06T16:59:36,615.84,UPI,Success,39.0
O002706,S006534,U03921,2025-01-08T17:05:36,435.01,UPI,Success,29.0
O002707,S006538,U03924,2025-01-22T15:32:36,1468.58,UPI,Success,19.0
O002708,S006539,U03924,2025-03-05T11:59:36,1030.81,Card,Success,0.0
O002709,S006540,U03925,2025-01-22T14:30:36,778.16,Wallet,Success,19.0
O002710,S006541,U03926,2025-06-04T13:56:36,977.99,Wallet,Success,0.0
O002711,S006543,U03928,2025-06-22T09:29:36,651.97,UPI,Success,49.0
O002712,S006545,U03929,2025-05-22T18:03:36,618.26,Card,Success,39.0
O002713,S006546,U03930,2025-05-23T14:42:36,650.09,UPI,Success,39.0
O002714,S006548,U03930,2025-02-28T10:35:36,1074.23,UPI,Success,0.0
O002715,S006552,U03932,2025-02-21T13:45:36,1195.57,Cash on Delivery,Success,0.0
O002716,S006553,U03933,2025-02-12T18:35:36,651.68,Card,Success,39.0
O002717,S006555,U03934,2025-04-01T09:26:36,513.57,Card,Success,29.0
O002718,S006556,U03935,2025-03-14T21:51:36,648.32,UPI,Success,39.0
O002720,S006561,U03938,2025-01-13T13:19:36,1009.64,UPI,Success,19.0
O002722,S006563,U03939,2025-04-28T11:17:36,623.87,UPI,Success,39.0
O002723,S006564,U03940,2025-03-27T14:49:36,766.5,UPI,Success,19.0
O002724,S006565,U03941,2025-03-31T20:04:36,532.2,Card,Success,39.0
O002725,S006568,U03943,2025-02-09T16:14:36,1177.79,UPI,Success,0.0
O002726,S006573,U03947,2025-03-14T15:01:36,410.85,UPI,Success,0.0
O002727,S006575,U03948,2025-01-20T14:29:36,585.29,UPI,Success,0.0
O002728,S006576,U03949,2025-05-21T07:36:36,580.96,UPI,Success,69.0
O002729,S006581,U03951,2025-03-08T14:11:36,365.56,Cash on Delivery,Success,39.0
O002730,S006582,U03952,2025-05-31T19:19:36,742.36,Card,Success,39.0
O002733,S006587,U03954,2025-02-09T16:11:36,867.22,UPI,Success,19.0
O002734,S006591,U03957,2025-02-13T18:07:36,474.23,UPI,Success,0.0
O002735,S006592,U03958,2025-05-02T09:29:36,622.52,Card,Success,49.0
O002736,S006602,U03963,2025-05-24T11:02:36,1285.39,UPI,Success,0.0
O002737,S006606,U03967,2025-01-02T18:01:36,395.2,UPI,Success,39.0
O002738,S006611,U03971,2025-02-25T22:10:36,582.8,Card,Success,59.0
O002739,S006614,U03973,2025-05-18T18:16:36,475.81,Card,Success,19.0
O002740,S006618,U03976,2025-04-16T15:58:36,724.47,UPI,Success,39.0
O002741,S006620,U03977,2025-04-06T20:52:36,730.28,Cash on Delivery,Success,49.0
O002742,S006621,U03978,2025-01-02T16:53:36,987.65,UPI,Success,0.0
O002743,S006624,U03980,2025-02-01T22:00:36,844.01,UPI,Success,19.0
O002744,S006626,U03981,2025-04-20T17:20:36,803.23,UPI,Success,29.0
O002745,S006628,U03983,2025-04-19T21:40:36,1054.25,UPI,Success,0.0
O002748,S006631,U03986,2025-01-16T08:36:36,744.13,Card,Success,29.0
O002749,S006632,U03987,2025-05-14T12:19:36,1210.2,UPI,Success,0.0
O002750,S006635,U03989,2025-06-05T21:24:36,765.2,Wallet,Success,69.0
O002751,S006642,U03994,2025-03-05T10:42:36,686.31,Cash on Delivery,Success,29.0
O002753,S006645,U03996,2025-03-02T15:53:36,634.87,UPI,Success,19.0
O002755,S006653,U04002,2025-05-10T13:59:36,424.5,UPI,Success,19.0
O002756,S006655,U04003,2025-06-10T21:19:36,986.93,Card,Success,0.0
O002757,S006658,U04004,2025-06-09T10:39:36,1313.43,UPI,Success,0.0
O002758,S006661,U04007,2025-06-15T11:00:36,951.9,UPI,Success,0.0
O002759,S006664,U04010,2025-05-25T07:07:36,481.97,Card,Success,49.0
O002760,S006671,U04015,2025-06-04T14:01:36,945.12,UPI,Success,0.0
O002761,S006673,U04016,2025-05-28T11:43:36,772.3,UPI,Success,39.0
O002762,S006675,U04017,2025-04-23T20:02:36,1747.94,Card,Success,0.0
O002764,S006680,U04022,2025-01-30T07:44:36,1249.39,UPI,Success,0.0
O002765,S006681,U04023,2025-06-16T14:49:36,519.24,UPI,Success,39.0
O002766,S006684,U04025,2025-06-11T20:51:36,1165.52,UPI,Success,0.0
O002767,S006685,U04025,2025-03-28T21:36:36,413.6,Wallet,Success,59.0
O002768,S006686,U04026,2025-01-03T11:55:36,904.81,Cash on Delivery,Success,0.0
O002769,S006687,U04027,2025-01-02T14:37:36,649.0,Cash on Delivery,Success,29.0
O002770,S006688,U04027,2025-06-25T10:38:36,863.65,Card,Success,29.0
O002771,S006690,U04027,2025-02-01T22:40:36,626.6,UPI,Success,39.0
O002772,S006692,U04029,2025-05-20T13:36:36,891.16,Cash on Delivery,Success,29.0
O002773,S006694,U04030,2025-04-03T11:28:36,576.56,Card,Success,39.0
O002774,S006701,U04035,2025-03-05T21:45:36,522.17,Card,Success,59.0
O002775,S006702,U04035,2025-03-13T12:41:36,426.61,Card,Success,39.0
O002776,S006704,U04037,2025-05-25T17:03:36,471.77,UPI,Success,59.0
O002777,S006705,U04037,2025-03-22T13:44:36,1170.29,UPI,Success,19.0
O002778,S006709,U04040,2025-02-14T16:56:36,920.87,Cash on Delivery,Success,0.0
O002779,S006712,U04042,2025-06-21T08:22:36,947.1,UPI,Success,0.0
O002780,S006714,U04043,2025-01-19T13:11:36,619.75,Cash on Delivery,Success,0.0
O002781,S006715,U04044,2025-04-25T12:32:36,569.86,Card,Success,39.0
O002782,S006716,U04044,2025-01-27T07:56:36,603.42,UPI,Success,0.0
O002785,S006727,U04050,2025-06-01T08:53:36,552.52,UPI,Success,49.0
O002786,S006729,U04051,2025-06-23T14:35:36,576.49,Wallet,Success,29.0
O002787,S006730,U04051,2025-03-20T09:43:36,832.69,Card,Success,39.0
O002788,S006734,U04054,2025-06-25T18:57:36,601.16,UPI,Success,39.0
O002790,S006737,U04055,2025-03-13T12:43:36,594.91,UPI,Success,49.0
O002791,S006739,U04056,2025-04-25T10:21:36,532.43,Cash on Delivery,Success,29.0
O002793,S006745,U04058,2025-04-27T17:41:36,766.03,Card,Success,59.0
O002794,S006747,U04059,2025-04-29T17:10:36,997.27,UPI,Success,59.0
O002795,S006749,U04060,2025-02-27T18:29:36,526.33,UPI,Success,0.0
O002796,S006750,U04060,2025-02-20T15:49:36,788.47,UPI,Success,49.0
O002797,S006760,U04066,2025-03-03T12:33:36,627.25,Card,Success,0.0
O002798,S006761,U04067,2025-01-15T11:05:36,549.51,Wallet,Success,0.0
O002799,S006763,U04069,2025-03-15T11:54:36,570.54,UPI,Success,39.0
O002801,S006769,U04073,2025-05-26T11:30:36,477.12,UPI,Success,29.0
O002802,S006776,U04077,2025-06-21T09:04:36,674.76,Card,Success,29.0
O002803,S006780,U04079,2025-05-12T08:05:36,667.58,Card,Success,39.0
O002804,S006786,U04083,2025-04-29T07:15:36,1170.78,UPI,Success,0.0
O002806,S006795,U04088,2025-02-10T15:35:36,1010.8,UPI,Success,0.0
O002807,S006796,U04089,2025-06-09T10:34:36,581.43,UPI,Success,49.0
O002808,S006799,U04092,2025-02-03T19:30:36,756.37,UPI,Success,39.0
O002809,S006800,U04093,2025-02-01T18:04:36,638.16,Wallet,Success,49.0
O002811,S006806,U04097,2025-01-23T14:48:36,581.92,Wallet,Success,0.0
O002812,S006809,U04098,2025-06-13T13:16:36,704.09,Card,Success,49.0
O002813,S006810,U04098,2025-03-03T14:48:36,408.4,Cash on Delivery,Success,39.0
O002814,S006813,U04099,2025-05-18T16:59:36,516.2,Card,Success,59.0
O002815,S006814,U04100,2025-06-01T22:46:36,1014.54,Card,Success,0.0
O002816,S006815,U04100,2025-06-09T12:53:36,854.76,Card,Success,39.0
O002817,S006820,U04102,2025-05-30T14:51:36,930.06,Card,Success,49.0
O002819,S006824,U04104,2025-02-06T11:06:36,448.19,Cash on Delivery,Success,29.0
O002820,S006829,U04107,2025-05-25T09:21:36,695.45,UPI,Success,29.0
O002821,S006832,U04108,2025-06-24T14:03:36,1018.81,UPI,Success,0.0
O002822,S006833,U04109,2025-02-10T10:44:36,670.67,UPI,Success,0.0
O002824,S006839,U04112,2025-03-21T07:55:36,850.16,UPI,Success,39.0
O002825,S006840,U04113,2025-01-28T14:34:36,508.97,UPI,Success,29.0
O002826,S006842,U04114,2025-05-08T08:35:36,712.67,UPI,Success,39.0
O002827,S006844,U04115,2025-01-08T19:50:36,577.65,UPI,Success,0.0
O002828,S006845,U04115,2025-06-12T14:56:36,1170.0,UPI,Success,0.0
O002829,S006850,U04118,2025-01-27T10:24:36,2214.67,Wallet,Success,0.0
O002831,S006859,U04125,2025-01-15T17:01:36,1112.98,Wallet,Success,0.0
O002832,S006861,U04126,2025-01-17T22:07:36,719.49,Wallet,Success,39.0
O002834,S006863,U04128,2025-04-20T07:38:36,1837.26,Wallet,Success,0.0
O002835,S006864,U04128,2025-06-20T11:26:36,876.65,UPI,Success,39.0
O002836,S006865,U04129,2025-06-29T09:02:36,736.46,UPI,Success,49.0
O002837,S006868,U04131,2025-05-26T19:52:36,1125.54,UPI,Success,0.0
O002838,S006870,U04132,2025-04-30T11:23:36,960.12,UPI,Success,0.0
O002839,S006871,U04133,2025-02-02T07:12:36,541.38,Wallet,Success,59.0
O002841,S006873,U04134,2025-03-04T10:08:36,844.64,UPI,Success,39.0
O002842,S006877,U04137,2025-02-02T07:50:36,805.53,UPI,Success,49.0
O002843,S006881,U04138,2025-06-10T14:29:36,849.71,UPI,Success,29.0
O002844,S006884,U04140,2025-03-31T14:54:36,675.75,Card,Success,29.0
O002846,S006887,U04142,2025-04-05T19:33:36,732.63,Cash on Delivery,Success,0.0
O002847,S006888,U04143,2025-04-11T13:48:36,544.9,Card,Success,29.0
O002848,S006890,U04145,2025-02-12T17:53:36,480.73,Cash on Delivery,Success,49.0
O002850,S006894,U04148,2025-04-18T16:24:36,875.32,Wallet,Success,39.0
O002851,S006895,U04148,2025-01-18T20:40:36,429.72,UPI,Success,0.0
O002852,S006902,U04152,2025-05-05T22:59:36,823.01,Card,Success,39.0
O002853,S006903,U04153,2025-02-08T17:41:36,267.63,Wallet,Success,49.0
O002854,S006904,U04154,2025-04-13T10:57:36,579.54,Card,Success,29.0
O002855,S006906,U04156,2025-01-02T13:10:36,1076.25,UPI,Success,49.0
O002856,S006907,U04157,2025-06-29T09:52:36,735.18,UPI,Success,49.0
O002858,S006909,U04158,2025-02-25T22:02:36,539.93,UPI,Success,39.0
O002859,S006910,U04159,2025-05-17T09:37:36,359.31,UPI,Success,39.0
O002860,S006917,U04163,2025-06-29T12:59:36,1249.29,UPI,Success,0.0
O002861,S006920,U04163,2025-03-16T11:46:36,1631.7,UPI,Success,0.0
O002862,S006921,U04164,2025-01-29T18:53:36,372.24,Card,Success,39.0
O002863,S006922,U04164,2025-05-01T17:20:36,636.81,Wallet,Success,49.0
O002864,S006923,U04165,2025-06-03T12:30:36,524.76,UPI,Success,29.0
O002865,S006925,U04165,2025-02-10T11:28:36,892.9,Card,Success,39.0
O002866,S006933,U04171,2025-02-27T07:25:36,691.56,Cash on Delivery,Success,29.0
O002867,S006934,U04172,2025-03-22T15:26:36,1277.66,UPI,Success,39.0
O002868,S006935,U04173,2025-02-04T20:17:36,935.71,UPI,Success,0.0
O002869,S006939,U04175,2025-06-26T22:19:36,699.71,UPI,Success,59.0
O002870,S006942,U04177,2025-01-12T12:42:36,1310.48,Card,Success,0.0
O002871,S006944,U04178,2025-06-09T11:12:36,570.15,UPI,Success,49.0
O002872,S006946,U04179,2025-01-28T08:58:36,369.03,Card,Success,29.0
O002873,S006948,U04180,2025-01-24T11:55:36,634.0,UPI,Success,49.0
O002874,S006949,U04181,2025-01-11T08:49:36,584.77,Card,Success,19.0
O002875,S006951,U04183,2025-03-12T09:49:36,1160.95,Card,Success,39.0
O002876,S006952,U04183,2025-04-03T07:40:36,683.19,UPI,Success,49.0
O002878,S006954,U04184,2025-02-13T10:58:36,673.54,UPI,Success,29.0
O002879,S006955,U04185,2025-04-15T14:22:36,507.24,Card,Success,59.0
O002880,S006959,U04188,2025-04-18T22:43:36,1200.72,Card,Success,29.0
O002881,S006961,U04189,2025-01-21T18:11:36,456.85,Card,Success,69.0
O002882,S006964,U04191,2025-03-16T11:48:36,1128.47,UPI,Success,0.0
O002883,S006965,U04191,2025-04-28T07:55:36,831.08,UPI,Success,49.0
O002884,S006966,U04192,2025-01-23T18:49:36,842.58,UPI,Success,49.0
O002885,S006967,U04193,2025-05-02T13:00:36,1488.32,Card,Success,0.0
O002886,S006970,U04194,2025-01-01T22:40:36,942.89,UPI,Success,0.0
O002887,S006974,U04197,2025-01-24T08:43:36,290.79,UPI,Success,69.0
O002888,S006984,U04204,2025-04-22T16:13:36,957.53,Wallet,Success,0.0
O002890,S006991,U04206,2025-02-06T18:53:36,1205.19,Card,Success,0.0
O002891,S006998,U04210,2025-02-14T13:30:36,401.62,UPI,Success,29.0
O002892,S007003,U04213,2025-03-02T22:14:36,699.38,UPI,Success,0.0
O002893,S007004,U04214,2025-01-24T08:49:36,749.16,UPI,Success,49.0
O002894,S007006,U04215,2025-06-08T07:07:36,478.97,Cash on Delivery,Success,39.0
O002895,S007007,U04215,2025-06-09T11:18:36,1048.5,UPI,Success,29.0
O002896,S007011,U04218,2025-03-11T16:16:36,436.78,Card,Success,39.0
O002897,S007017,U04220,2025-05-19T09:51:36,843.71,Card,Success,59.0
O002898,S007018,U04221,2025-03-31T14:08:36,624.5,UPI,Success,19.0
O002899,S007021,U04223,2025-02-18T10:30:36,543.21,UPI,Success,29.0
O002900,S007023,U04223,2025-04-15T13:33:36,757.08,UPI,Success,19.0
O002901,S007027,U04226,2025-01-29T09:01:36,794.4,UPI,Success,69.0
O002902,S007030,U04226,2025-03-09T07:09:36,679.03,UPI,Success,29.0
O002903,S007037,U04231,2025-03-10T19:38:36,344.21,UPI,Success,49.0
O002904,S007042,U04233,2025-02-22T12:06:36,714.42,Card,Success,59.0
O002905,S007045,U04234,2025-03-18T18:12:36,456.81,UPI,Success,39.0
O002906,S007047,U04234,2025-04-13T18:22:36,923.47,UPI,Success,0.0
O002907,S007050,U04235,2025-05-27T21:41:36,1325.38,Card,Success,0.0
O002908,S007051,U04236,2025-04-17T16:56:36,709.64,Card,Success,29.0
O002909,S007053,U04238,2025-04-15T13:23:36,597.59,Card,Success,29.0
O002910,S007055,U04238,2025-05-25T21:05:36,500.26,UPI,Success,49.0
O002912,S007061,U04242,2025-02-09T17:15:36,1146.25,Cash on Delivery,Success,0.0
O002913,S007065,U04245,2025-04-19T18:46:36,551.06,Wallet,Success,39.0
O002914,S007066,U04245,2025-01-12T12:00:36,607.63,UPI,Success,39.0
O002915,S007069,U04247,2025-02-18T09:25:36,826.83,UPI,Success,39.0
O002916,S007075,U04253,2025-03-19T11:03:36,1031.91,Cash on Delivery,Success,0.0
O002917,S007079,U04256,2025-03-07T13:44:36,346.06,Card,Success,29.0
O002918,S007080,U04257,2025-06-26T08:44:36,589.14,Cash on Delivery,Success,39.0
O002919,S007083,U04260,2025-06-29T19:58:36,449.68,UPI,Success,39.0
O002920,S007085,U04261,2025-02-01T19:20:36,1426.45,UPI,Success,0.0
O002921,S007086,U04262,2025-06-19T16:23:36,906.54,UPI,Success,0.0
O002922,S007090,U04264,2025-04-05T22:32:36,726.8,Wallet,Success,19.0
O002924,S007094,U04267,2025-03-14T07:30:36,876.57,UPI,Success,49.0
O002925,S007097,U04269,2025-01-03T21:18:36,615.3,Wallet,Success,49.0
O002926,S007103,U04271,2025-01-08T16:44:36,436.04,UPI,Success,39.0
O002927,S007107,U04273,2025-01-07T11:22:36,809.26,Card,Success,29.0
O002928,S007108,U04274,2025-03-29T20:04:36,833.85,Card,Success,39.0
O002929,S007112,U04275,2025-04-27T21:57:36,321.87,UPI,Success,19.0
O002930,S007122,U04281,2025-05-30T21:32:36,398.59,UPI,Success,69.0
O002931,S007124,U04282,2025-02-13T12:01:36,478.02,UPI,Success,59.0
O002932,S007125,U04283,2025-04-09T15:38:36,430.99,Cash on Delivery,Success,49.0
O002933,S007126,U04283,2025-02-18T12:10:36,868.11,UPI,Success,39.0
O002934,S007130,U04285,2025-01-16T19:47:36,451.36,UPI,Success,19.0
O002935,S007134,U04287,2025-06-30T17:27:36,700.02,UPI,Success,49.0
O002936,S007139,U04289,2025-05-24T22:36:36,708.82,Card,Success,29.0
O002937,S007142,U04291,2025-01-02T21:14:36,655.23,Card,Success,19.0
O002938,S007143,U04292,2025-06-25T19:12:36,950.14,Card,Success,39.0
O002939,S007147,U04295,2025-04-01T10:36:36,836.57,Card,Success,59.0
O002940,S007149,U04296,2025-01-10T14:12:36,436.56,UPI,Success,39.0
O002941,S007150,U04297,2025-05-06T10:45:36,543.98,Card,Success,19.0
O002942,S007151,U04298,2025-05-01T16:59:36,416.16,UPI,Success,0.0
O002943,S007152,U04299,2025-03-06T11:22:36,865.92,Wallet,Success,0.0
O002944,S007153,U04299,2025-06-24T18:24:36,287.21,Card,Success,0.0
O002946,S007158,U04302,2025-02-20T15:24:36,392.25,UPI,Success,0.0
O002947,S007159,U04302,2025-03-01T11:24:36,1200.2,UPI,Success,0.0
O002948,S007162,U04304,2025-02-23T08:32:36,581.07,Wallet,Success,49.0
O002949,S007163,U04305,2025-04-14T21:36:36,890.79,Wallet,Success,39.0
O002950,S007164,U04306,2025-04-29T22:56:36,431.89,Card,Success,39.0
O002951,S007170,U04309,2025-05-04T10:54:36,578.09,Cash on Delivery,Success,69.0
O002952,S007171,U04310,2025-05-15T16:17:36,655.39,UPI,Success,39.0
O002953,S007173,U04311,2025-04-01T17:43:36,560.74,UPI,Success,69.0
O002954,S007176,U04313,2025-03-22T09:31:36,381.98,UPI,Success,29.0
O002955,S007178,U04313,2025-03-10T16:53:36,728.43,UPI,Success,19.0
O002956,S007179,U04314,2025-06-30T09:31:36,638.98,Card,Success,49.0
O002957,S007181,U04316,2025-03-14T09:01:36,495.63,UPI,Success,29.0
O002958,S007182,U04317,2025-05-24T17:03:36,1116.65,UPI,Success,0.0
O002959,S007184,U04319,2025-01-15T10:31:36,550.01,UPI,Success,39.0
O002960,S007190,U04324,2025-04-28T11:31:36,591.76,UPI,Success,39.0
O002961,S007191,U04324,2025-05-20T10:58:36,634.72,UPI,Success,39.0
O002962,S007196,U04327,2025-01-27T14:49:36,817.21,Cash on Delivery,Success,39.0
O002964,S007198,U04328,2025-06-21T12:32:36,863.2,UPI,Success,39.0
O002965,S007199,U04328,2025-03-19T09:38:36,738.4,Wallet,Success,59.0
O002966,S007201,U04329,2025-01-13T19:09:36,880.71,UPI,Success,49.0
O002967,S007205,U04331,2025-04-16T08:13:36,653.26,Card,Success,29.0
O002968,S007210,U04335,2025-06-02T21:42:36,374.66,UPI,Success,0.0
O002970,S007216,U04339,2025-05-30T13:12:36,549.2,Card,Success,39.0
O002971,S007217,U04340,2025-04-24T13:25:36,443.64,Cash on Delivery,Success,29.0
O002972,S007219,U04341,2025-01-18T22:41:36,1017.13,Wallet,Success,29.0
O002973,S007221,U04343,2025-02-05T10:32:36,1035.32,UPI,Success,0.0
O002974,S007222,U04344,2025-04-24T18:15:36,485.37,Cash on Delivery,Success,49.0
O002975,S007224,U04345,2025-03-09T21:40:36,544.53,UPI,Success,29.0
O002977,S007226,U04345,2025-02-27T09:50:36,646.49,UPI,Success,29.0
O002978,S007227,U04345,2025-03-10T20:56:36,487.42,UPI,Success,59.0
O002979,S007229,U04346,2025-04-12T12:46:36,861.23,Wallet,Success,39.0
O002980,S007230,U04346,2025-01-11T09:46:36,1552.51,UPI,Success,0.0
O002981,S007231,U04347,2025-01-04T10:37:36,846.3,UPI,Success,19.0
O002983,S007233,U04348,2025-06-26T15:11:36,825.69,UPI,Success,39.0
O002984,S007234,U04349,2025-06-02T18:23:36,555.3,UPI,Success,49.0
O002985,S007237,U04350,2025-04-05T18:42:36,460.63,UPI,Success,19.0
O002986,S007239,U04351,2025-04-11T15:50:36,1163.24,UPI,Success,0.0
O002987,S007240,U04352,2025-05-06T11:59:36,428.7,UPI,Success,29.0
O002988,S007244,U04355,2025-04-09T07:09:36,583.18,Cash on Delivery,Success,49.0
O002989,S007245,U04356,2025-05-03T10:19:36,1107.61,Cash on Delivery,Success,0.0
O002991,S007254,U04363,2025-05-15T14:40:36,592.35,UPI,Success,39.0
O002992,S007257,U04365,2025-05-18T12:19:36,868.59,UPI,Success,49.0
O002994,S007260,U04366,2025-02-09T08:22:36,611.82,Card,Success,39.0
O002995,S007263,U04369,2025-06-14T16:21:36,555.97,Card,Success,49.0
O002998,S007273,U04377,2025-06-07T15:56:36,489.97,Card,Success,59.0
O002999,S007277,U04379,2025-02-01T19:44:36,780.98,UPI,Success,39.0
O003000,S007284,U04383,2025-04-30T13:52:36,828.86,UPI,Success,19.0
O003001,S007288,U04385,2025-01-21T18:55:36,617.67,UPI,Success,39.0
O003002,S007289,U04385,2025-05-16T08:17:36,1340.14,Card,Success,0.0
O003004,S007294,U04390,2025-02-13T15:23:36,675.17,UPI,Success,39.0
O003005,S007296,U04392,2025-02-22T11:38:36,1042.93,UPI,Success,0.0
O003006,S007298,U04393,2025-01-19T09:18:36,479.01,Cash on Delivery,Success,49.0
O003007,S007300,U04394,2025-01-12T16:28:36,880.45,Card,Success,39.0
O003008,S007304,U04396,2025-04-13T18:52:36,715.34,Card,Success,29.0
O003009,S007308,U04398,2025-03-15T09:35:36,1166.47,UPI,Success,39.0
O003010,S007309,U04398,2025-06-05T15:29:36,940.65,UPI,Success,59.0
O003011,S007311,U04400,2025-05-22T15:44:36,1191.97,Card,Success,0.0
O003012,S007312,U04401,2025-03-03T17:54:36,534.6,Wallet,Success,29.0
O003013,S007316,U04402,2025-02-15T07:57:36,721.81,UPI,Success,29.0
O003015,S007323,U04406,2025-04-13T15:40:36,821.63,UPI,Success,0.0
O003016,S007324,U04407,2025-06-18T12:11:36,1056.76,Card,Success,0.0
O003018,S007332,U04411,2025-05-02T17:43:36,533.35,UPI,Success,69.0
O003019,S007333,U04412,2025-05-11T19:14:36,972.84,UPI,Success,0.0
O003020,S007336,U04413,2025-02-23T19:26:36,355.97,UPI,Success,0.0
O003021,S007341,U04414,2025-01-18T17:27:36,772.11,Card,Success,39.0
O003022,S007342,U04415,2025-04-02T08:39:36,987.79,Cash on Delivery,Success,0.0
O003023,S007343,U04416,2025-01-02T17:37:36,555.82,UPI,Success,39.0
O003024,S007349,U04419,2025-02-04T19:01:36,865.16,Card,Success,29.0
O003025,S007353,U04422,2025-01-29T09:52:36,1038.92,UPI,Success,0.0
O003026,S007354,U04423,2025-02-26T20:36:36,904.28,UPI,Success,0.0
O003027,S007357,U04425,2025-02-17T12:09:36,842.03,UPI,Success,29.0
O003028,S007361,U04427,2025-01-03T17:02:36,518.89,UPI,Success,19.0
O003029,S007364,U04429,2025-04-10T22:18:36,741.09,UPI,Success,29.0
O003030,S007366,U04431,2025-04-11T22:07:36,608.36,UPI,Success,39.0
O003031,S007368,U04432,2025-04-21T16:43:36,463.46,Card,Success,39.0
O003032,S007371,U04434,2025-05-22T18:35:36,445.34,UPI,Success,39.0
O003033,S007375,U04436,2025-03-27T07:13:36,903.52,UPI,Success,0.0
O003034,S007376,U04437,2025-05-13T08:43:36,658.27,Card,Success,69.0
O003035,S007379,U04440,2025-05-26T10:48:36,822.54,UPI,Success,59.0
O003036,S007380,U04441,2025-03-23T14:01:36,693.53,Card,Success,49.0
O003037,S007381,U04441,2025-04-16T18:50:36,349.95,UPI,Success,0.0
O003038,S007385,U04444,2025-06-03T16:04:36,1003.52,Wallet,Success,0.0
O003039,S007386,U04445,2025-05-25T19:10:36,356.9,Card,Success,49.0
O003040,S007388,U04447,2025-01-12T16:03:36,939.98,Card,Success,49.0
O003041,S007390,U04449,2025-01-10T14:38:36,544.9,Wallet,Success,49.0
O003042,S007391,U04449,2025-02-19T07:29:36,593.95,Cash on Delivery,Success,59.0
O003043,S007394,U04451,2025-06-30T16:55:36,1454.59,UPI,Success,0.0
O003044,S007397,U04452,2025-02-08T10:29:36,592.44,UPI,Success,29.0
O003045,S007403,U04457,2025-05-18T15:04:36,468.97,Cash on Delivery,Success,29.0
O003046,S007407,U04460,2025-06-17T11:04:36,746.11,Wallet,Success,29.0
O003047,S007409,U04460,2025-05-16T16:08:36,721.6,Wallet,Success,19.0
O003048,S007411,U04461,2025-01-25T22:00:36,471.83,UPI,Success,39.0
O003050,S007421,U04469,2025-04-12T16:25:36,903.48,UPI,Success,0.0
O003051,S007423,U04470,2025-05-25T22:25:36,568.58,UPI,Success,39.0
O003052,S007424,U04471,2025-05-30T15:21:36,517.71,UPI,Success,39.0
O003053,S007425,U04472,2025-06-21T08:47:36,605.42,Cash on Delivery,Success,39.0
O003054,S007426,U04473,2025-03-01T17:38:36,1068.05,Card,Success,0.0
O003056,S007429,U04475,2025-01-22T14:49:36,796.3,Card,Success,59.0
O003057,S007432,U04478,2025-04-12T19:55:36,1060.94,UPI,Success,0.0
O003058,S007433,U04478,2025-01-26T17:51:36,604.16,Card,Success,69.0
O003059,S007437,U04480,2025-01-02T12:33:36,514.02,UPI,Success,29.0
O003060,S007438,U04481,2025-01-01T11:27:36,425.83,Cash on Delivery,Success,39.0
O003061,S007439,U04482,2025-06-19T22:33:36,977.91,UPI,Success,0.0
O003062,S007440,U04482,2025-05-20T14:16:36,873.72,UPI,Success,59.0
O003063,S007445,U04485,2025-04-12T20:23:36,790.07,UPI,Success,29.0
O003065,S007450,U04487,2025-04-07T22:43:36,461.61,Card,Success,59.0
O003066,S007457,U04491,2025-03-06T11:05:36,639.54,UPI,Success,69.0
O003067,S007459,U04492,2025-01-17T17:00:36,1011.62,Wallet,Success,0.0
O003068,S007460,U04493,2025-06-11T18:48:36,1390.75,UPI,Success,0.0
O003070,S007462,U04493,2025-02-15T09:12:36,775.12,Card,Success,0.0
O003071,S007466,U04497,2025-04-01T13:21:36,672.51,UPI,Success,69.0
O003072,S007470,U04499,2025-04-26T13:23:36,1505.85,UPI,Success,0.0
O003073,S007476,U04502,2025-06-11T13:51:36,645.0,Card,Success,29.0
O003075,S007479,U04503,2025-04-18T12:07:36,1590.33,Wallet,Success,0.0
O003076,S007483,U04505,2025-06-12T13:10:36,897.01,UPI,Success,69.0
O003077,S007486,U04507,2025-06-05T21:58:36,799.96,UPI,Success,0.0
O003078,S007489,U04509,2025-01-20T13:44:36,487.5,UPI,Success,29.0
O003079,S007490,U04509,2025-04-13T22:42:36,816.57,Card,Success,19.0
O003081,S007492,U04511,2025-01-12T09:26:36,1094.42,UPI,Success,19.0
O003082,S007497,U04514,2025-05-12T08:09:36,902.49,UPI,Success,0.0
O003084,S007500,U04515,2025-05-15T08:04:36,924.36,UPI,Success,49.0
O003085,S007501,U04515,2025-03-16T15:58:36,794.71,UPI,Success,49.0
O003086,S007502,U04516,2025-03-27T10:34:36,510.89,UPI,Success,39.0
O003087,S007508,U04520,2025-01-28T09:16:36,1411.29,Cash on Delivery,Success,0.0
O003088,S007510,U04521,2025-01-15T17:58:36,1091.64,UPI,Success,0.0
O003089,S007518,U04525,2025-01-22T16:36:36,472.8,Wallet,Success,39.0
O003090,S007523,U04528,2025-02-02T16:57:36,1106.98,UPI,Success,0.0
O003091,S007526,U04531,2025-03-11T20:08:36,823.58,UPI,Success,39.0
O003092,S007528,U04533,2025-05-08T07:52:36,424.62,UPI,Success,29.0
O003093,S007529,U04533,2025-05-03T20:11:36,764.95,UPI,Success,59.0
O003094,S007531,U04534,2025-05-20T20:07:36,840.18,UPI,Success,29.0
O003095,S007535,U04537,2025-06-09T11:24:36,889.71,Wallet,Success,59.0
O003096,S007536,U04538,2025-06-23T15:55:36,905.69,Cash on Delivery,Success,0.0
O003097,S007538,U04539,2025-06-20T14:13:36,731.7,Card,Success,39.0
O003098,S007543,U04543,2025-02-12T18:37:36,708.76,Card,Success,69.0
O003099,S007546,U04546,2025-06-14T16:38:36,592.6,UPI,Success,19.0
O003100,S007549,U04549,2025-01-31T14:53:36,741.03,Card,Success,69.0
O003102,S007553,U04550,2025-06-26T11:30:36,576.98,UPI,Success,39.0
O003103,S007555,U04551,2025-04-18T13:11:36,1757.14,Cash on Delivery,Success,0.0
O003104,S007556,U04551,2025-02-26T09:30:36,380.36,UPI,Success,19.0
O003105,S007558,U04553,2025-04-18T21:45:36,418.91,Card,Success,39.0
O003107,S007560,U04554,2025-03-19T17:21:36,989.12,Wallet,Success,0.0
O003108,S007561,U04554,2025-06-08T18:27:36,1049.2,UPI,Success,0.0
O003109,S007562,U04555,2025-01-17T18:31:36,568.73,UPI,Success,0.0
O003110,S007564,U04556,2025-04-14T15:05:36,517.05,UPI,Success,39.0
O003112,S007566,U04558,2025-03-24T09:23:36,492.63,UPI,Success,39.0
O003113,S007571,U04561,2025-04-27T21:50:36,665.38,UPI,Success,69.0
O003114,S007572,U04562,2025-02-21T18:37:36,1603.36,Cash on Delivery,Success,0.0
O003115,S007573,U04562,2025-02-04T14:03:36,649.61,Cash on Delivery,Success,49.0
O003116,S007576,U04565,2025-01-08T19:16:36,745.92,UPI,Success,39.0
O003117,S007577,U04566,2025-02-19T09:26:36,520.2,UPI,Success,49.0
O003118,S007580,U04568,2025-05-23T16:05:36,365.72,UPI,Success,49.0
O003119,S007581,U04569,2025-03-08T15:30:36,568.19,UPI,Success,49.0
O003120,S007585,U04572,2025-02-14T11:19:36,474.03,UPI,Success,49.0
O003121,S007588,U04574,2025-05-05T11:15:36,1050.2,Wallet,Success,0.0
O003122,S007589,U04575,2025-04-29T14:35:36,345.58,UPI,Success,29.0
O003123,S007590,U04575,2025-05-20T15:38:36,952.82,UPI,Success,19.0
O003124,S007598,U04581,2025-03-31T15:23:36,445.24,UPI,Success,59.0
O003126,S007600,U04581,2025-04-19T14:26:36,1409.01,Cash on Delivery,Success,0.0
O003127,S007602,U04582,2025-05-27T19:57:36,701.13,Wallet,Success,29.0
O003128,S007604,U04584,2025-04-10T17:19:36,726.54,UPI,Success,39.0
O003129,S007605,U04584,2025-06-22T21:17:36,1463.17,UPI,Success,39.0
O003130,S007606,U04585,2025-05-13T07:03:36,909.51,UPI,Success,0.0
O003131,S007607,U04585,2025-03-29T13:10:36,675.53,Card,Success,59.0
O003132,S007608,U04585,2025-02-12T17:18:36,1272.12,Card,Success,59.0
O003134,S007614,U04589,2025-05-28T11:56:36,939.55,UPI,Success,0.0
O003135,S007617,U04590,2025-05-22T07:37:36,893.03,UPI,Success,19.0
O003136,S007620,U04592,2025-06-24T13:47:36,509.49,Wallet,Success,39.0
O003137,S007622,U04594,2025-03-28T21:32:36,773.31,Cash on Delivery,Success,39.0
O003138,S007629,U04599,2025-03-02T14:56:36,946.29,UPI,Success,0.0
O003139,S007630,U04600,2025-03-12T13:05:36,873.33,Wallet,Success,29.0
O003140,S007633,U04601,2025-03-16T10:30:36,630.94,Card,Success,49.0
O003141,S007636,U04602,2025-02-07T11:19:36,709.88,Card,Success,69.0
O003142,S007640,U04605,2025-03-18T14:19:36,1120.59,Wallet,Success,0.0
O003143,S007641,U04605,2025-02-06T18:06:36,519.59,UPI,Success,0.0
O003144,S007645,U04606,2025-06-23T17:50:36,401.78,UPI,Success,29.0
O003145,S007646,U04607,2025-03-06T09:27:36,548.14,UPI,Success,39.0
O003146,S007647,U04607,2025-01-05T21:46:36,608.61,Wallet,Success,29.0
O003147,S007649,U04608,2025-03-13T11:21:36,1119.52,Card,Success,49.0
O003148,S007651,U04609,2025-06-12T21:49:36,573.91,UPI,Success,19.0
O003150,S007654,U04610,2025-06-12T20:05:36,647.06,Card,Success,49.0
O003151,S007655,U04611,2025-06-28T08:37:36,1117.13,UPI,Success,0.0
O003152,S007657,U04613,2025-03-01T18:22:36,1012.62,Cash on Delivery,Success,0.0
O003153,S007659,U04613,2025-04-03T08:55:36,960.82,UPI,Success,49.0
O003154,S007671,U04622,2025-01-06T15:49:36,521.31,UPI,Success,39.0
O003155,S007673,U04623,2025-05-20T09:38:36,496.73,UPI,Success,49.0
O003156,S007682,U04626,2025-03-07T10:46:36,775.32,UPI,Success,29.0
O003157,S007684,U04627,2025-01-28T13:38:36,401.81,UPI,Success,59.0
O003158,S007685,U04627,2025-05-03T20:42:36,410.85,Cash on Delivery,Success,49.0
O003159,S007686,U04628,2025-06-28T17:37:36,1200.37,Card,Success,0.0
O003160,S007691,U04631,2025-05-11T14:15:36,909.12,Wallet,Success,0.0
O003161,S007693,U04633,2025-04-05T17:22:36,798.39,UPI,Success,0.0
O003162,S007695,U04635,2025-01-29T12:29:36,518.71,UPI,Success,0.0
O003163,S007700,U04638,2025-03-07T14:34:36,1133.51,Card,Success,0.0
O003164,S007701,U04639,2025-03-13T10:52:36,950.47,UPI,Success,0.0
O003165,S007702,U04640,2025-06-20T09:20:36,653.65,UPI,Success,39.0
O003166,S007704,U04642,2025-01-02T15:31:36,477.35,Card,Success,29.0
O003167,S007706,U04644,2025-03-28T21:38:36,495.83,Card,Success,39.0
O003168,S007707,U04645,2025-04-23T11:30:36,404.68,UPI,Success,39.0
O003169,S007708,U04646,2025-06-07T08:49:36,473.74,Cash on Delivery,Success,0.0
O003171,S007716,U04652,2025-05-24T14:43:36,932.47,Card,Success,0.0
O003172,S007717,U04653,2025-05-09T11:56:36,500.63,Cash on Delivery,Success,29.0
O003173,S007721,U04656,2025-01-17T15:36:36,993.3,UPI,Success,29.0
O003174,S007724,U04658,2025-03-10T15:39:36,476.17,UPI,Success,0.0
O003175,S007725,U04659,2025-05-06T19:46:36,665.64,Cash on Delivery,Success,29.0
O003176,S007729,U04661,2025-01-24T14:01:36,758.52,UPI,Success,19.0
O003177,S007731,U04663,2025-01-30T19:53:36,1156.77,Card,Success,0.0
O003178,S007732,U04664,2025-05-22T12:04:36,981.64,Wallet,Success,0.0
O003179,S007737,U04668,2025-02-04T16:28:36,740.27,Card,Success,29.0
O003180,S007743,U04673,2025-01-06T13:20:36,753.06,Card,Success,39.0
O003181,S007744,U04674,2025-03-13T21:39:36,526.39,Card,Success,49.0
O003182,S007746,U04676,2025-06-14T19:41:36,973.02,Cash on Delivery,Success,29.0
O003183,S007749,U04678,2025-02-26T10:08:36,519.66,UPI,Success,49.0
O003184,S007758,U04683,2025-01-11T07:57:36,1115.75,Card,Success,0.0
O003185,S007762,U04685,2025-03-27T17:34:36,1593.42,Wallet,Success,0.0
O003186,S007764,U04686,2025-03-06T17:54:36,534.92,Wallet,Success,29.0
O003187,S007765,U04687,2025-03-09T15:02:36,1426.83,UPI,Success,69.0
O003188,S007766,U04687,2025-04-01T10:55:36,790.58,Card,Success,69.0
O003189,S007768,U04688,2025-01-26T21:27:36,689.62,UPI,Success,49.0
O003191,S007770,U04689,2025-01-27T09:01:36,1429.34,UPI,Success,0.0
O003192,S007775,U04693,2025-04-25T16:29:36,804.78,UPI,Success,29.0
O003193,S007780,U04695,2025-04-20T14:02:36,802.1,UPI,Success,39.0
O003194,S007781,U04696,2025-03-31T19:53:36,697.83,Card,Success,39.0
O003195,S007782,U04697,2025-01-14T18:53:36,845.65,Card,Success,19.0
O003196,S007783,U04698,2025-03-03T22:17:36,748.97,UPI,Success,59.0
O003197,S007784,U04699,2025-04-14T21:41:36,1064.99,Card,Success,0.0
O003198,S007785,U04700,2025-05-30T10:29:36,963.4,UPI,Success,0.0
O003199,S007788,U04703,2025-01-23T13:12:36,938.65,UPI,Success,59.0
O003201,S007793,U04708,2025-06-23T16:08:36,586.65,Wallet,Success,0.0
O003202,S007798,U04710,2025-02-21T19:46:36,565.65,Card,Success,19.0
O003203,S007800,U04711,2025-06-27T12:07:36,501.65,UPI,Success,29.0
O003204,S007805,U04713,2025-06-25T14:12:36,765.8,UPI,Success,29.0
O003206,S007807,U04714,2025-01-24T12:37:36,553.65,UPI,Success,29.0
O003207,S007808,U04714,2025-06-06T19:40:36,634.32,Cash on Delivery,Success,29.0
O003208,S007809,U04715,2025-01-11T18:06:36,1986.05,UPI,Success,49.0
O003209,S007811,U04715,2025-06-04T16:17:36,1331.2,Cash on Delivery,Success,0.0
O003210,S007813,U04717,2025-02-13T18:22:36,607.5,UPI,Success,59.0
O003211,S007814,U04718,2025-05-28T22:04:36,553.1,UPI,Success,29.0
O003212,S007815,U04718,2025-05-02T14:12:36,768.14,UPI,Success,39.0
O003213,S007816,U04719,2025-06-17T11:20:36,536.55,Card,Success,39.0
O003214,S007820,U04722,2025-03-01T22:46:36,657.28,Cash on Delivery,Success,39.0
O003215,S007824,U04724,2025-03-27T13:55:36,420.59,Card,Success,0.0
O003218,S007839,U04733,2025-01-31T15:18:36,727.89,Cash on Delivery,Success,69.0
O003219,S007843,U04735,2025-03-07T20:10:36,652.91,Card,Success,29.0
O003220,S007844,U04735,2025-06-16T22:56:36,741.73,UPI,Success,19.0
O003221,S007845,U04736,2025-04-07T10:42:36,832.18,Wallet,Success,39.0
O003222,S007850,U04740,2025-01-01T07:28:36,486.94,UPI,Success,39.0
O003223,S007851,U04741,2025-01-24T09:44:36,246.74,UPI,Success,69.0
O003224,S007856,U04744,2025-05-01T16:48:36,454.31,Card,Success,29.0
O003225,S007859,U04747,2025-05-08T10:16:36,646.66,UPI,Success,49.0
O003226,S007861,U04748,2025-06-30T14:48:36,912.29,Card,Success,0.0
O003227,S007862,U04749,2025-02-08T07:49:36,1322.18,UPI,Success,0.0
O003228,S007864,U04749,2025-02-17T12:38:36,1094.6,UPI,Success,0.0
O003229,S007868,U04752,2025-06-05T09:49:36,918.89,UPI,Success,0.0
O003230,S007870,U04754,2025-05-10T07:10:36,814.6,Wallet,Success,0.0
O003231,S007871,U04755,2025-04-15T14:26:36,1187.11,UPI,Success,0.0
O003232,S007872,U04755,2025-06-15T15:52:36,1183.74,Wallet,Success,49.0
O003233,S007873,U04755,2025-04-26T09:07:36,210.71,Card,Success,49.0
O003235,S007880,U04760,2025-06-15T20:09:36,857.87,Card,Success,39.0
O003236,S007882,U04761,2025-06-02T12:28:36,643.62,Wallet,Success,49.0
O003237,S007883,U04761,2025-05-27T08:43:36,550.02,UPI,Success,29.0
O003238,S007885,U04763,2025-05-18T12:57:36,1374.72,UPI,Success,0.0
O003239,S007890,U04767,2025-03-17T20:22:36,491.1,Cash on Delivery,Success,39.0
O003240,S007891,U04767,2025-02-15T21:18:36,610.97,UPI,Success,19.0
O003241,S007892,U04768,2025-01-27T07:10:36,977.87,UPI,Success,49.0
O003242,S007893,U04769,2025-05-24T20:26:36,711.17,UPI,Success,39.0
O003244,S007895,U04770,2025-06-07T13:04:36,437.52,UPI,Success,49.0
O003245,S007896,U04771,2025-02-14T21:04:36,1240.02,UPI,Success,0.0
O003246,S007897,U04771,2025-05-21T08:15:36,879.73,UPI,Success,19.0
O003247,S007901,U04774,2025-01-29T20:29:36,681.37,UPI,Success,39.0
O003248,S007902,U04775,2025-05-20T12:10:36,486.72,Wallet,Success,29.0
O003249,S007903,U04775,2025-01-19T20:37:36,416.0,Card,Success,39.0
O003250,S007906,U04778,2025-05-19T22:41:36,748.26,UPI,Success,39.0
O003251,S007914,U04784,2025-05-10T17:00:36,977.71,Cash on Delivery,Success,0.0
O003252,S007918,U04787,2025-01-15T20:26:36,823.6,UPI,Success,49.0
O003253,S007920,U04788,2025-04-24T13:56:36,617.11,UPI,Success,49.0
O003254,S007923,U04790,2025-06-09T19:42:36,1029.29,Card,Success,0.0
O003255,S007929,U04794,2025-02-24T21:19:36,428.56,Card,Success,39.0
O003256,S007931,U04796,2025-05-27T09:08:36,1184.9,UPI,Success,39.0
O003257,S007938,U04801,2025-03-22T21:04:36,500.43,Wallet,Success,29.0
O003258,S007943,U04804,2025-04-20T10:39:36,496.92,UPI,Success,0.0
O003259,S007947,U04806,2025-03-09T19:48:36,702.4,Cash on Delivery,Success,39.0
O003260,S007948,U04807,2025-01-01T16:43:36,766.08,Card,Success,69.0
O003261,S007950,U04808,2025-06-11T18:25:36,602.65,Wallet,Success,39.0
O003262,S007951,U04809,2025-05-15T21:23:36,755.91,UPI,Success,29.0
O003263,S007952,U04809,2025-04-14T19:36:36,560.86,Cash on Delivery,Success,19.0
O003264,S007955,U04811,2025-05-30T13:37:36,561.8,Cash on Delivery,Success,19.0
O003265,S007959,U04815,2025-01-06T13:49:36,330.91,Card,Success,19.0
O003266,S007963,U04818,2025-01-10T09:32:36,461.55,UPI,Success,39.0
O003267,S007967,U04820,2025-02-11T09:55:36,547.15,UPI,Success,39.0
O003268,S007968,U04821,2025-04-28T13:43:36,548.19,UPI,Success,59.0
O003269,S007969,U04822,2025-02-21T16:42:36,430.13,UPI,Success,39.0
O003270,S007970,U04822,2025-04-08T22:10:36,427.64,UPI,Success,49.0
O003271,S007971,U04823,2025-01-23T11:31:36,679.88,UPI,Success,49.0
O003272,S007973,U04824,2025-01-15T07:10:36,1001.96,Card,Success,0.0
O003273,S007974,U04825,2025-02-19T16:55:36,584.9,UPI,Success,49.0
O003274,S007975,U04826,2025-05-04T21:00:36,979.62,Card,Success,59.0
O003275,S007976,U04827,2025-04-11T21:06:36,621.61,UPI,Success,39.0
O003276,S007978,U04828,2025-03-12T10:54:36,682.94,Wallet,Success,19.0
O003277,S007979,U04828,2025-05-12T12:42:36,1417.87,UPI,Success,0.0
O003278,S007981,U04830,2025-06-10T11:11:36,731.29,UPI,Success,49.0
O003279,S007982,U04831,2025-01-29T15:44:36,872.21,UPI,Success,39.0
O003280,S007986,U04834,2025-03-11T07:52:36,784.48,UPI,Success,39.0
O003281,S007987,U04835,2025-06-11T11:56:36,256.33,Wallet,Success,49.0
O003282,S007988,U04836,2025-02-13T15:41:36,531.83,UPI,Success,29.0
O003283,S007989,U04836,2025-06-08T22:34:36,1054.8,UPI,Success,0.0
O003284,S007993,U04838,2025-02-27T18:54:36,649.02,Card,Success,29.0
O003285,S007995,U04840,2025-04-04T21:19:36,878.99,UPI,Success,49.0
O003286,S007996,U04840,2025-04-29T12:30:36,649.25,UPI,Success,29.0
O003287,S007997,U04841,2025-02-03T18:52:36,718.11,UPI,Success,39.0
O003288,S008000,U04841,2025-01-13T20:36:36,682.84,UPI,Success,49.0
O003289,S008002,U04842,2025-03-17T21:23:36,1167.52,Card,Success,39.0
O003290,S008005,U04845,2025-04-20T16:42:36,310.13,UPI,Success,19.0
O003291,S008006,U04846,2025-06-12T09:05:36,780.43,Wallet,Success,29.0
O003292,S008007,U04847,2025-05-30T11:13:36,844.66,UPI,Success,29.0
O003293,S008008,U04848,2025-02-04T15:38:36,510.83,Wallet,Success,69.0
O003294,S008011,U04850,2025-02-07T07:58:36,923.22,UPI,Success,19.0
O003295,S008012,U04850,2025-01-03T10:15:36,353.91,UPI,Success,39.0
O003296,S008013,U04850,2025-05-01T12:19:36,586.1,UPI,Success,39.0
O003297,S008019,U04853,2025-01-06T08:23:36,969.04,UPI,Success,0.0
O003298,S008022,U04855,2025-04-27T19:58:36,467.48,UPI,Success,29.0
O003299,S008024,U04856,2025-03-15T08:13:36,1030.79,Wallet,Success,0.0
O003300,S008026,U04856,2025-05-15T18:44:36,742.21,Card,Success,19.0
O003301,S008030,U04859,2025-04-22T19:58:36,787.09,UPI,Success,69.0
O003302,S008032,U04860,2025-02-16T16:35:36,514.61,UPI,Success,39.0
O003303,S008037,U04863,2025-05-06T10:12:36,575.31,Cash on Delivery,Success,29.0
O003304,S008038,U04863,2025-03-01T15:30:36,503.66,Card,Success,39.0
O003305,S008043,U04865,2025-02-05T18:22:36,381.62,UPI,Success,59.0
O003307,S008049,U04870,2025-04-19T16:06:36,508.31,UPI,Success,59.0
O003308,S008051,U04871,2025-03-09T17:35:36,630.26,UPI,Success,29.0
O003309,S008057,U04873,2025-03-16T09:10:36,1852.96,UPI,Success,0.0
O003310,S008060,U04875,2025-06-25T11:55:36,374.57,Wallet,Success,29.0
O003311,S008064,U04878,2025-01-09T20:36:36,607.91,UPI,Success,59.0
O003313,S008077,U04888,2025-02-04T21:31:36,735.58,UPI,Success,59.0
O003314,S008078,U04889,2025-01-17T14:40:36,887.24,Cash on Delivery,Success,49.0
O003315,S008079,U04890,2025-02-07T18:04:36,545.94,Wallet,Success,49.0
O003316,S008081,U04891,2025-02-06T10:10:36,480.73,Card,Success,29.0
O003317,S008086,U04895,2025-05-11T19:54:36,1036.75,Cash on Delivery,Success,0.0
O003319,S008090,U04897,2025-03-15T19:13:36,711.56,Cash on Delivery,Success,59.0
O003320,S008091,U04898,2025-05-08T18:11:36,934.84,UPI,Success,0.0
O003321,S008092,U04899,2025-05-28T08:40:36,1685.54,Cash on Delivery,Success,0.0
O003322,S008094,U04899,2025-06-20T19:28:36,1053.86,UPI,Success,39.0
O003323,S008097,U04901,2025-06-13T16:16:36,779.34,UPI,Success,19.0
O003325,S008099,U04902,2025-06-20T18:39:36,1095.88,UPI,Success,0.0
O003326,S008101,U04903,2025-05-29T13:07:36,647.78,Wallet,Success,49.0
O003327,S008104,U04904,2025-06-08T12:50:36,688.28,UPI,Success,19.0
O003328,S008105,U04905,2025-03-12T21:16:36,1831.4,UPI,Success,0.0
O003329,S008106,U04905,2025-02-08T16:18:36,1642.52,Card,Success,0.0
O003330,S008108,U04906,2025-03-30T10:19:36,987.55,Wallet,Success,0.0
O003331,S008110,U04906,2025-06-07T07:06:36,408.66,Card,Success,0.0
O003332,S008112,U04907,2025-05-08T08:46:36,1473.98,UPI,Success,0.0
O003333,S008113,U04908,2025-03-21T20:50:36,2124.84,Card,Success,39.0
O003334,S008115,U04909,2025-06-01T11:57:36,944.31,Cash on Delivery,Success,29.0
O003335,S008116,U04909,2025-03-05T09:05:36,933.66,UPI,Success,0.0
O003336,S008123,U04915,2025-03-23T12:45:36,596.17,UPI,Success,59.0
O003337,S008124,U04915,2025-05-23T11:29:36,744.98,Card,Success,39.0
O003338,S008125,U04916,2025-04-11T10:58:36,1272.2,Wallet,Success,0.0
O003339,S008126,U04917,2025-06-22T08:14:36,898.13,UPI,Success,49.0
O003340,S008127,U04918,2025-02-24T21:44:36,445.53,Card,Success,0.0
O003341,S008132,U04922,2025-02-12T18:43:36,498.66,Card,Success,39.0
O003342,S008133,U04922,2025-01-13T14:52:36,436.04,Wallet,Success,39.0
O003343,S008138,U04926,2025-06-11T21:14:36,908.87,Card,Success,59.0
O003344,S008143,U04928,2025-06-23T08:06:36,622.72,Wallet,Success,19.0
O003345,S008144,U04928,2025-06-14T08:17:36,609.66,UPI,Success,19.0
O003346,S008145,U04928,2025-05-01T13:02:36,762.62,UPI,Success,0.0
O003347,S008148,U04930,2025-03-29T09:15:36,503.41,Wallet,Success,39.0
O003348,S008150,U04931,2025-01-13T11:24:36,601.51,UPI,Success,49.0
O003349,S008151,U04931,2025-01-30T14:04:36,877.0,Wallet,Success,29.0
O003350,S008153,U04932,2025-01-08T22:25:36,851.28,Wallet,Success,59.0
O003351,S008162,U04936,2025-03-23T18:21:36,481.25,Cash on Delivery,Success,39.0
O003352,S008163,U04936,2025-02-28T10:23:36,419.03,UPI,Success,39.0
O003353,S008166,U04938,2025-05-28T14:07:36,652.75,UPI,Success,39.0
O003354,S008167,U04938,2025-03-05T21:10:36,1041.53,Card,Success,0.0
O003355,S008168,U04938,2025-05-24T19:32:36,323.08,Card,Success,19.0
O003356,S008169,U04938,2025-01-26T21:06:36,520.49,Card,Success,29.0
O003357,S008170,U04939,2025-06-16T07:18:36,1443.15,UPI,Success,0.0
O003358,S008173,U04940,2025-04-08T19:06:36,346.92,UPI,Success,29.0
O003359,S008174,U04941,2025-02-06T12:17:36,654.4,Wallet,Success,69.0
O003360,S008175,U04941,2025-03-06T21:08:36,453.74,UPI,Success,49.0
O003361,S008177,U04943,2025-01-16T20:53:36,1274.42,Card,Success,0.0
O003362,S008178,U04943,2025-01-19T11:12:36,704.67,UPI,Success,0.0
O003363,S008180,U04945,2025-04-26T14:48:36,978.6,UPI,Success,59.0
O003365,S008182,U04946,2025-03-31T15:26:36,1339.65,Card,Success,0.0
O003366,S008183,U04947,2025-03-14T15:30:36,393.42,Wallet,Success,39.0
O003367,S008184,U04947,2025-04-27T16:49:36,2064.03,UPI,Success,0.0
O003368,S008188,U04949,2025-06-08T15:52:36,636.92,UPI,Success,39.0
O003369,S008193,U04952,2025-04-12T22:17:36,610.02,Card,Success,19.0
O003370,S008201,U04956,2025-01-22T09:00:36,403.5,Card,Success,29.0
O003371,S008202,U04956,2025-05-16T14:43:36,387.7,UPI,Success,49.0
O003372,S008203,U04957,2025-05-05T18:54:36,713.47,UPI,Success,29.0
O003373,S008205,U04957,2025-03-10T14:02:36,764.69,UPI,Success,0.0
O003374,S008207,U04959,2025-01-19T18:26:36,542.48,Card,Success,49.0
O003375,S008209,U04961,2025-01-17T14:22:36,416.81,Cash on Delivery,Success,59.0
O003376,S008215,U04966,2025-03-16T22:42:36,486.64,Wallet,Success,39.0
O003377,S008217,U04967,2025-06-21T14:16:36,1072.47,Cash on Delivery,Success,19.0
O003378,S008225,U04973,2025-02-16T10:20:36,335.56,UPI,Success,0.0
O003379,S008228,U04975,2025-02-07T13:05:36,441.17,Card,Success,49.0
O003380,S008229,U04975,2025-01-21T18:03:36,944.39,Wallet,Success,29.0
O003381,S008232,U04977,2025-05-12T20:21:36,805.04,UPI,Success,59.0
O003382,S008233,U04978,2025-03-14T11:23:36,444.07,UPI,Success,39.0
O003383,S008236,U04980,2025-01-18T21:01:36,785.39,UPI,Success,19.0
O003384,S008238,U04981,2025-02-07T15:16:36,892.87,UPI,Success,19.0
O003385,S008242,U04983,2025-01-17T21:32:36,690.5,UPI,Success,29.0
O003386,S008243,U04983,2025-01-14T22:05:36,539.2,Card,Success,39.0
O003387,S008245,U04985,2025-05-08T20:11:36,939.85,UPI,Success,0.0
O003389,S008249,U04988,2025-04-29T09:33:36,330.59,Card,Success,69.0
O003390,S008250,U04988,2025-03-30T11:48:36,615.73,Card,Success,49.0
O003391,S008252,U04990,2025-02-07T10:27:36,1092.68,UPI,Success,0.0
O003392,S008255,U04992,2025-06-14T09:30:36,866.83,UPI,Success,29.0
O003393,S008256,U04993,2025-02-27T19:58:36,1095.2,Card,Success,19.0
O003394,S008259,U04995,2025-01-23T21:20:36,1331.93,Card,Success,29.0
O003395,S008260,U04995,2025-04-05T21:28:36,585.62,UPI,Success,29.0
O003396,S008261,U04996,2025-03-26T08:00:36,599.49,UPI,Success,39.0
O003398,S008264,U04999,2025-05-09T09:48:36,510.66,UPI,Success,29.0
O003399,S008265,U05000,2025-01-30T18:10:36,912.75,Cash on Delivery,Success,0.0
O003400,S008266,U05001,2025-05-24T12:34:36,480.63,Card,Success,49.0
O003402,S008268,U05002,2025-02-12T07:06:36,831.89,Card,Success,39.0
O003403,S008271,U05004,2025-03-21T14:13:36,429.33,UPI,Success,49.0
O003404,S008274,U05006,2025-03-15T09:45:36,1143.49,UPI,Success,0.0
O003405,S008276,U05008,2025-04-04T21:40:36,850.8,UPI,Success,39.0
O003407,S008281,U05012,2025-01-05T08:54:36,626.08,Card,Success,19.0
O003408,S008285,U05014,2025-04-20T13:54:36,558.64,Cash on Delivery,Success,49.0
O003409,S008288,U05015,2025-02-24T19:12:36,949.67,Wallet,Success,0.0
O003411,S008290,U05016,2025-04-29T11:26:36,526.56,Cash on Delivery,Success,29.0
O003412,S008291,U05017,2025-06-10T18:46:36,757.82,Cash on Delivery,Success,0.0
O003413,S008295,U05019,2025-03-12T22:20:36,413.96,UPI,Success,19.0
O003414,S008298,U05022,2025-04-09T14:18:36,823.72,UPI,Success,19.0
O003415,S008303,U05025,2025-01-04T14:21:36,433.83,UPI,Success,0.0
O003416,S008304,U05026,2025-05-02T09:12:36,1053.56,UPI,Success,0.0
O003417,S008307,U05028,2025-06-27T10:05:36,864.57,UPI,Success,39.0
O003418,S008309,U05030,2025-06-06T16:08:36,535.47,Card,Success,49.0
O003419,S008310,U05030,2025-01-23T17:54:36,563.52,UPI,Success,0.0
O003420,S008314,U05033,2025-05-29T22:25:36,689.44,UPI,Success,59.0
O003422,S008319,U05037,2025-04-02T12:28:36,723.22,Card,Success,49.0
O003423,S008322,U05039,2025-04-21T07:45:36,871.45,Card,Success,49.0
O003424,S008327,U05041,2025-06-09T14:54:36,699.81,UPI,Success,59.0
O003425,S008328,U05042,2025-03-24T12:48:36,933.97,UPI,Success,0.0
O003427,S008334,U05045,2025-02-11T12:24:36,285.94,Card,Success,29.0
O003428,S008335,U05046,2025-06-11T15:56:36,897.17,UPI,Success,69.0
O003429,S008336,U05046,2025-05-08T11:31:36,594.64,UPI,Success,49.0
O003430,S008339,U05048,2025-02-21T14:14:36,877.78,UPI,Success,29.0
O003431,S008343,U05050,2025-04-28T14:11:36,1202.31,Wallet,Success,0.0
O003432,S008359,U05058,2025-06-16T22:02:36,761.07,UPI,Success,49.0
O003433,S008362,U05059,2025-02-20T11:46:36,1474.63,UPI,Success,0.0
O003434,S008365,U05062,2025-02-10T09:21:36,784.42,Wallet,Success,49.0
O003435,S008367,U05063,2025-05-28T20:03:36,652.73,UPI,Success,59.0
O003436,S008369,U05064,2025-04-11T16:51:36,426.78,UPI,Success,59.0
O003437,S008371,U05066,2025-04-18T18:00:36,707.78,Wallet,Success,19.0
O003439,S008375,U05067,2025-04-26T15:24:36,1036.96,UPI,Success,19.0
O003440,S008376,U05067,2025-01-20T09:38:36,783.09,UPI,Success,49.0
O003441,S008378,U05069,2025-06-16T15:13:36,497.95,Card,Success,59.0
O003443,S008384,U05073,2025-03-16T12:58:36,414.56,Wallet,Success,49.0
O003445,S008388,U05077,2025-02-25T13:23:36,727.66,UPI,Success,49.0
O003446,S008389,U05078,2025-03-01T15:40:36,341.93,Wallet,Success,49.0
O003447,S008391,U05080,2025-04-25T12:12:36,1835.99,UPI,Success,29.0
O003448,S008392,U05081,2025-04-20T08:36:36,847.23,UPI,Success,19.0
O003449,S008395,U05084,2025-02-13T14:09:36,627.42,UPI,Success,0.0
O003450,S008396,U05085,2025-06-20T13:05:36,864.62,UPI,Success,19.0
O003451,S008399,U05087,2025-05-25T18:47:36,907.7,UPI,Success,0.0
O003452,S008400,U05087,2025-04-30T08:16:36,655.78,Card,Success,39.0
O003453,S008406,U05089,2025-02-25T12:57:36,369.64,Card,Success,49.0
O003454,S008409,U05092,2025-03-26T12:36:36,1164.81,UPI,Success,0.0
O003455,S008410,U05092,2025-04-22T11:03:36,557.12,Card,Success,0.0
O003456,S008414,U05096,2025-04-20T12:45:36,934.41,Cash on Delivery,Success,0.0
O003457,S008416,U05097,2025-06-25T09:18:36,541.0,Card,Success,29.0
O003460,S008421,U05100,2025-06-02T15:40:36,860.59,UPI,Success,49.0
O003461,S008422,U05101,2025-04-18T07:15:36,1583.01,Wallet,Success,39.0
O003462,S008423,U05102,2025-02-18T22:55:36,548.31,UPI,Success,49.0
O003465,S008430,U05107,2025-02-19T11:03:36,493.53,Card,Success,0.0
O003466,S008432,U05109,2025-04-04T20:14:36,545.09,Card,Success,39.0
O003467,S008434,U05110,2025-01-16T13:23:36,1441.77,Wallet,Success,0.0
O003468,S008436,U05110,2025-06-26T11:44:36,664.0,UPI,Success,59.0
O003469,S008439,U05112,2025-05-27T15:42:36,658.17,UPI,Success,39.0
O003470,S008441,U05113,2025-05-03T13:15:36,710.14,UPI,Success,29.0
O003472,S008447,U05117,2025-06-07T16:25:36,689.19,Card,Success,29.0
O003473,S008448,U05117,2025-02-12T13:59:36,957.77,UPI,Success,29.0
O003474,S008449,U05117,2025-04-04T16:25:36,589.13,UPI,Success,29.0
O003476,S008451,U05118,2025-06-15T11:55:36,558.09,Card,Success,19.0
O003478,S008454,U05120,2025-03-31T22:23:36,731.89,UPI,Success,59.0
O003479,S008456,U05121,2025-05-24T12:49:36,441.84,UPI,Success,39.0
O003480,S008463,U05124,2025-05-02T09:31:36,449.22,Card,Success,59.0
O003481,S008466,U05127,2025-05-11T19:52:36,492.88,UPI,Success,69.0
O003482,S008468,U05129,2025-03-05T15:45:36,827.32,UPI,Success,0.0
O003483,S008469,U05129,2025-02-28T07:56:36,1046.87,UPI,Success,0.0
O003484,S008470,U05129,2025-05-01T12:46:36,284.92,Wallet,Success,19.0
O003485,S008473,U05130,2025-04-01T09:21:36,716.85,UPI,Success,59.0
O003486,S008474,U05131,2025-04-20T08:32:36,1142.93,UPI,Success,0.0
O003487,S008480,U05134,2025-06-30T13:33:36,486.17,UPI,Success,49.0
O003488,S008488,U05140,2025-06-20T17:07:36,312.43,Card,Success,0.0
O003489,S008491,U05140,2025-04-24T14:18:36,493.74,Card,Success,59.0
O003490,S008492,U05141,2025-01-04T11:20:36,844.0,Card,Success,59.0
O003491,S008493,U05141,2025-03-27T17:03:36,792.34,Wallet,Success,19.0
O003492,S008494,U05142,2025-02-13T17:37:36,1484.15,UPI,Success,0.0
O003493,S008496,U05143,2025-02-26T20:58:36,1101.43,UPI,Success,0.0
O003494,S008502,U05148,2025-02-14T20:41:36,2400.0,Wallet,Success,0.0
O003495,S008506,U05151,2025-03-15T18:00:36,1019.07,UPI,Success,0.0
O003496,S008507,U05151,2025-01-23T20:39:36,525.38,UPI,Success,59.0
O003497,S008511,U05154,2025-05-25T20:38:36,822.56,UPI,Success,49.0
O003498,S008514,U05156,2025-02-10T22:19:36,527.09,Card,Success,59.0
O003499,S008517,U05158,2025-02-21T18:11:36,788.78,UPI,Success,29.0
O003500,S008519,U05159,2025-05-12T15:30:36,771.73,UPI,Success,39.0
O003501,S008520,U05160,2025-01-29T16:11:36,645.55,UPI,Success,39.0
O003502,S008522,U05162,2025-02-09T12:59:36,695.92,Card,Success,39.0
O003503,S008525,U05165,2025-01-16T19:19:36,620.52,UPI,Success,29.0
O003504,S008527,U05165,2025-01-08T19:03:36,1093.21,UPI,Success,0.0
O003505,S008528,U05166,2025-05-28T07:25:36,763.84,UPI,Success,69.0
O003508,S008532,U05168,2025-04-15T09:04:36,451.99,UPI,Success,49.0
O003509,S008535,U05171,2025-05-01T19:16:36,698.29,Card,Success,19.0
O003511,S008540,U05173,2025-01-31T10:09:36,549.82,UPI,Success,49.0
O003512,S008547,U05178,2025-02-25T09:04:36,350.86,UPI,Success,29.0
O003513,S008550,U05181,2025-02-15T18:36:36,1289.59,UPI,Success,0.0
O003514,S008552,U05182,2025-02-10T12:35:36,725.09,Wallet,Success,69.0
O003515,S008557,U05186,2025-02-28T08:23:36,513.82,Card,Success,39.0
O003516,S008558,U05186,2025-03-23T16:37:36,859.76,UPI,Success,39.0
O003517,S008560,U05187,2025-02-04T19:55:36,327.62,UPI,Success,39.0
O003518,S008561,U05188,2025-06-01T09:39:36,690.25,Card,Success,49.0
O003519,S008563,U05190,2025-02-16T18:19:36,982.09,UPI,Success,0.0
O003520,S008564,U05191,2025-04-18T15:59:36,1991.78,Card,Success,69.0
O003521,S008565,U05191,2025-06-07T16:23:36,435.1,UPI,Success,19.0
O003522,S008566,U05192,2025-05-19T17:46:36,801.48,Card,Success,39.0
O003523,S008568,U05193,2025-01-14T08:15:36,1349.91,Card,Success,0.0
O003525,S008571,U05195,2025-03-27T09:25:36,608.99,Cash on Delivery,Success,29.0
O003526,S008572,U05195,2025-02-20T14:10:36,775.41,Cash on Delivery,Success,39.0
O003527,S008574,U05196,2025-06-17T13:25:36,984.79,Cash on Delivery,Success,0.0
O003528,S008575,U05197,2025-01-24T22:12:36,750.66,Card,Success,39.0
O003529,S008576,U05197,2025-06-10T21:38:36,474.85,UPI,Success,39.0
O003530,S008578,U05198,2025-01-23T13:58:36,921.69,UPI,Success,49.0
O003531,S008581,U05199,2025-01-05T20:29:36,847.53,UPI,Success,19.0
O003532,S008583,U05201,2025-05-01T16:13:36,770.85,UPI,Success,0.0
O003533,S008590,U05208,2025-03-01T13:55:36,488.27,UPI,Success,39.0
O003534,S008594,U05212,2025-05-14T08:00:36,820.48,Cash on Delivery,Success,19.0
O003535,S008598,U05214,2025-06-14T09:00:36,1347.83,UPI,Success,29.0
O003536,S008603,U05215,2025-04-06T16:40:36,855.29,UPI,Success,39.0
O003537,S008605,U05216,2025-05-12T13:49:36,602.11,UPI,Success,19.0
O003538,S008608,U05218,2025-06-21T16:58:36,429.37,UPI,Success,29.0
O003539,S008610,U05220,2025-05-13T20:07:36,635.83,Card,Success,69.0
O003540,S008613,U05221,2025-06-17T21:46:36,992.73,UPI,Success,0.0
O003541,S008615,U05222,2025-01-23T19:14:36,808.02,Wallet,Success,59.0
O003542,S008618,U05224,2025-03-17T14:06:36,878.67,Cash on Delivery,Success,49.0
O003543,S008619,U05225,2025-05-11T20:10:36,797.98,UPI,Success,39.0
O003544,S008620,U05226,2025-02-19T19:20:36,810.22,UPI,Success,49.0
O003546,S008625,U05230,2025-01-28T09:08:36,1490.49,Card,Success,0.0
O003547,S008626,U05231,2025-01-10T17:21:36,991.07,UPI,Success,0.0
O003548,S008627,U05231,2025-02-13T19:06:36,836.02,UPI,Success,49.0
O003549,S008629,U05232,2025-03-02T15:37:36,1090.94,Cash on Delivery,Success,0.0
O003550,S008631,U05232,2025-06-13T20:03:36,1210.52,Card,Success,0.0
O003552,S008634,U05234,2025-06-02T17:44:36,262.38,Card,Success,49.0
O003553,S008642,U05238,2025-03-15T08:27:36,733.6,Card,Success,39.0
O003554,S008643,U05239,2025-01-13T16:07:36,702.29,UPI,Success,59.0
O003555,S008644,U05239,2025-01-04T12:33:36,460.91,Card,Success,29.0
O003556,S008647,U05240,2025-05-10T12:00:36,1024.01,Card,Success,29.0
O003557,S008648,U05240,2025-03-21T15:11:36,415.81,Card,Success,19.0
O003559,S008651,U05242,2025-05-22T08:24:36,489.91,UPI,Success,59.0
O003561,S008653,U05244,2025-04-19T17:03:36,671.21,Cash on Delivery,Success,39.0
O003562,S008658,U05247,2025-02-28T08:08:36,787.25,UPI,Success,49.0
O003564,S008662,U05249,2025-06-13T12:51:36,515.57,Card,Success,0.0
O003565,S008664,U05251,2025-01-12T17:42:36,605.11,Wallet,Success,29.0
O003567,S008669,U05254,2025-04-03T12:38:36,712.4,Wallet,Success,29.0
O003569,S008674,U05257,2025-03-19T21:03:36,658.67,UPI,Success,19.0
O003570,S008675,U05258,2025-03-23T07:39:36,723.45,UPI,Success,19.0
O003571,S008676,U05259,2025-05-04T09:34:36,532.64,Card,Success,29.0
O003572,S008679,U05261,2025-01-30T13:59:36,363.04,UPI,Success,19.0
O003574,S008681,U05262,2025-02-15T12:01:36,997.9,Card,Success,0.0
O003575,S008683,U05262,2025-02-16T16:50:36,1050.88,UPI,Success,0.0
O003576,S008684,U05263,2025-06-04T14:36:36,812.45,UPI,Success,69.0
O003577,S008685,U05264,2025-06-21T18:39:36,884.75,UPI,Success,39.0
O003578,S008689,U05267,2025-05-18T18:32:36,639.49,Cash on Delivery,Success,0.0
O003579,S008692,U05269,2025-05-21T16:14:36,893.16,UPI,Success,19.0
O003580,S008696,U05271,2025-06-21T13:41:36,1175.57,UPI,Success,19.0
O003581,S008697,U05271,2025-02-03T14:47:36,1688.02,Card,Success,59.0
O003583,S008702,U05274,2025-05-19T13:07:36,574.26,UPI,Success,59.0
O003584,S008703,U05274,2025-01-07T07:54:36,908.33,Card,Success,0.0
O003585,S008704,U05274,2025-01-25T09:29:36,1344.94,UPI,Success,0.0
O003586,S008705,U05275,2025-05-12T17:26:36,1020.18,UPI,Success,0.0
O003587,S008706,U05276,2025-02-26T17:43:36,488.43,UPI,Success,69.0
O003590,S008712,U05278,2025-04-04T10:02:36,709.97,Card,Success,29.0
O003592,S008714,U05280,2025-02-28T13:19:36,448.15,Cash on Delivery,Success,29.0
O003593,S008716,U05280,2025-06-14T14:00:36,452.1,Card,Success,49.0
O003594,S008718,U05281,2025-03-30T21:12:36,569.38,Card,Success,39.0
O003595,S008719,U05281,2025-06-12T16:31:36,2170.29,Card,Success,0.0
O003596,S008720,U05281,2025-06-26T16:06:36,455.95,Card,Success,39.0
O003597,S008721,U05282,2025-04-05T18:00:36,409.93,UPI,Success,59.0
O003598,S008723,U05283,2025-05-31T10:50:36,699.79,Cash on Delivery,Success,29.0
O003599,S008727,U05284,2025-06-15T12:08:36,530.5,UPI,Success,0.0
O003600,S008729,U05286,2025-03-25T19:05:36,1561.69,UPI,Success,0.0
O003601,S008730,U05286,2025-03-31T13:27:36,528.43,UPI,Success,29.0
O003602,S008731,U05287,2025-05-25T13:44:36,865.11,Wallet,Success,69.0
O003603,S008733,U05289,2025-01-08T15:23:36,580.37,Card,Success,29.0
O003604,S008737,U05293,2025-04-23T18:28:36,584.44,UPI,Success,49.0
O003605,S008740,U05294,2025-04-15T18:34:36,1164.71,Card,Success,0.0
O003606,S008741,U05294,2025-01-18T15:34:36,832.35,UPI,Success,59.0
O003607,S008743,U05295,2025-02-23T08:13:36,812.59,UPI,Success,0.0
O003608,S008744,U05296,2025-05-17T21:06:36,683.21,Card,Success,29.0
O003609,S008745,U05296,2025-01-31T12:48:36,855.74,Card,Success,29.0
O003610,S008746,U05297,2025-06-12T18:25:36,355.79,UPI,Success,39.0
O003611,S008751,U05300,2025-03-03T08:47:36,614.06,Wallet,Success,39.0
O003612,S008753,U05302,2025-01-02T08:43:36,933.35,UPI,Success,0.0
O003613,S008754,U05303,2025-02-03T11:31:36,870.68,UPI,Success,29.0
O003614,S008757,U05303,2025-02-09T22:56:36,907.84,Wallet,Success,39.0
O003615,S008760,U05306,2025-01-07T21:52:36,750.65,Wallet,Success,39.0
O003616,S008761,U05306,2025-06-18T17:25:36,983.06,UPI,Success,0.0
O003617,S008762,U05306,2025-06-10T11:55:36,636.06,Card,Success,59.0
O003618,S008767,U05307,2025-01-11T18:05:36,902.82,Wallet,Success,0.0
O003619,S008770,U05309,2025-01-31T11:20:36,543.56,Card,Success,39.0
O003620,S008774,U05313,2025-01-17T17:03:36,730.69,UPI,Success,29.0
O003621,S008776,U05314,2025-02-02T15:18:36,1126.14,UPI,Success,0.0
O003622,S008777,U05314,2025-04-13T14:09:36,789.13,UPI,Success,59.0
O003623,S008778,U05315,2025-02-17T19:27:36,718.41,UPI,Success,29.0
O003624,S008783,U05318,2025-01-27T14:31:36,892.36,UPI,Success,29.0
O003625,S008784,U05318,2025-05-18T22:18:36,1059.79,Wallet,Success,0.0
O003626,S008786,U05320,2025-05-26T22:54:36,371.84,UPI,Success,39.0
O003627,S008787,U05320,2025-02-18T07:51:36,566.99,Card,Success,59.0
O003628,S008788,U05321,2025-06-22T18:20:36,431.09,UPI,Success,29.0
O003629,S008790,U05322,2025-04-14T17:54:36,856.13,Card,Success,19.0
O003630,S008791,U05323,2025-01-20T14:08:36,571.96,UPI,Success,69.0
O003631,S008795,U05326,2025-02-16T21:39:36,732.73,UPI,Success,29.0
O003632,S008803,U05332,2025-05-29T11:45:36,984.13,Card,Success,59.0
O003633,S008804,U05333,2025-06-07T15:00:36,730.46,UPI,Success,59.0
O003634,S008807,U05336,2025-03-09T07:32:36,756.81,UPI,Success,29.0
O003635,S008814,U05342,2025-01-06T17:05:36,543.66,Wallet,Success,59.0
O003636,S008817,U05343,2025-05-30T21:48:36,796.75,UPI,Success,29.0
O003637,S008819,U05343,2025-03-23T07:02:36,673.53,UPI,Success,0.0
O003638,S008822,U05345,2025-06-20T17:32:36,579.1,Card,Success,39.0
O003639,S008823,U05346,2025-02-22T18:52:36,517.19,Wallet,Success,49.0
O003640,S008824,U05347,2025-03-14T07:22:36,574.94,UPI,Success,29.0
O003641,S008825,U05347,2025-01-01T22:28:36,1008.06,Card,Success,0.0
O003642,S008827,U05348,2025-04-23T21:36:36,1227.48,Card,Success,0.0
O003643,S008829,U05349,2025-02-04T20:32:36,907.7,Card,Success,0.0
O003644,S008830,U05350,2025-05-21T08:05:36,698.41,UPI,Success,29.0
O003645,S008832,U05351,2025-06-28T09:51:36,1303.61,UPI,Success,0.0
O003646,S008833,U05351,2025-05-20T13:36:36,741.54,UPI,Success,29.0
O003647,S008838,U05355,2025-06-26T15:20:36,984.89,UPI,Success,0.0
O003648,S008840,U05356,2025-01-27T10:02:36,699.26,UPI,Success,0.0
O003649,S008841,U05356,2025-01-09T08:32:36,405.98,Cash on Delivery,Success,49.0
O003650,S008843,U05358,2025-05-07T07:46:36,545.26,Card,Success,39.0
O003651,S008845,U05359,2025-06-01T11:01:36,739.26,UPI,Success,39.0
O003652,S008856,U05365,2025-03-19T22:35:36,932.63,UPI,Success,0.0
O003653,S008860,U05368,2025-01-11T15:08:36,1492.51,Wallet,Success,0.0
O003654,S008862,U05370,2025-04-29T18:25:36,707.56,Cash on Delivery,Success,49.0
O003655,S008864,U05371,2025-05-21T11:29:36,679.15,UPI,Success,29.0
O003656,S008867,U05373,2025-04-06T13:17:36,659.15,Card,Success,59.0
O003657,S008871,U05375,2025-05-28T11:30:36,630.76,Card,Success,29.0
O003659,S008875,U05379,2025-06-29T16:57:36,560.17,UPI,Success,29.0
O003660,S008881,U05383,2025-01-28T08:54:36,873.85,Cash on Delivery,Success,59.0
O003661,S008882,U05384,2025-06-24T10:31:36,902.33,UPI,Success,0.0
O003662,S008886,U05387,2025-05-17T13:12:36,807.15,UPI,Success,39.0
O003663,S008889,U05389,2025-06-08T11:49:36,365.57,UPI,Success,69.0
O003664,S008890,U05390,2025-06-21T12:00:36,841.22,Wallet,Success,59.0
O003665,S008891,U05390,2025-01-02T22:06:36,1394.23,UPI,Success,0.0
O003666,S008892,U05391,2025-03-08T22:22:36,551.2,Card,Success,29.0
O003667,S008893,U05391,2025-03-23T13:56:36,484.64,UPI,Success,0.0
O003668,S008898,U05394,2025-05-22T14:57:36,705.93,Cash on Delivery,Success,29.0
O003669,S008900,U05396,2025-01-11T12:20:36,770.8,Wallet,Success,69.0
O003670,S008901,U05396,2025-03-04T08:34:36,645.59,Wallet,Success,19.0
O003671,S008907,U05401,2025-06-03T21:53:36,566.68,UPI,Success,29.0
O003672,S008909,U05401,2025-02-23T07:47:36,538.0,UPI,Success,29.0
O003673,S008910,U05402,2025-06-15T11:13:36,483.62,UPI,Success,29.0
O003674,S008911,U05402,2025-03-26T18:43:36,1350.87,UPI,Success,29.0
O003675,S008916,U05406,2025-06-28T15:15:36,1020.13,UPI,Success,0.0
O003677,S008918,U05406,2025-03-15T13:10:36,1061.13,UPI,Success,0.0
O003678,S008921,U05408,2025-03-23T15:30:36,340.59,UPI,Success,29.0
O003679,S008922,U05409,2025-02-14T07:31:36,417.57,Card,Success,69.0
O003680,S008923,U05410,2025-01-15T07:44:36,579.92,Wallet,Success,29.0
O003681,S008924,U05411,2025-01-01T13:55:36,1347.4,Card,Success,69.0
O003682,S008926,U05413,2025-03-31T10:14:36,738.32,Card,Success,59.0
O003683,S008927,U05414,2025-05-14T10:02:36,540.13,Wallet,Success,19.0
O003684,S008928,U05415,2025-06-07T17:43:36,550.21,Wallet,Success,49.0
O003685,S008930,U05417,2025-05-24T10:35:36,463.33,Wallet,Success,49.0
O003686,S008933,U05418,2025-06-24T22:28:36,513.1,UPI,Success,0.0
O003688,S008938,U05422,2025-06-17T20:20:36,1139.82,UPI,Success,49.0
O003689,S008947,U05428,2025-05-28T14:29:36,740.47,Card,Success,29.0
O003690,S008948,U05429,2025-05-26T09:32:36,913.85,Cash on Delivery,Success,0.0
O003691,S008950,U05429,2025-01-17T18:11:36,279.42,Card,Success,39.0
O003692,S008953,U05432,2025-04-28T19:41:36,467.29,UPI,Success,49.0
O003693,S008955,U05433,2025-06-10T18:59:36,1189.8,Card,Success,0.0
O003694,S008958,U05436,2025-06-10T09:20:36,597.12,UPI,Success,39.0
O003695,S008966,U05442,2025-02-23T16:16:36,331.77,UPI,Success,19.0
O003696,S008969,U05444,2025-04-04T11:02:36,946.22,UPI,Success,0.0
O003697,S008970,U05444,2025-05-29T13:10:36,873.74,UPI,Success,19.0
O003699,S008975,U05447,2025-06-30T10:00:36,794.4,Card,Success,49.0
O003700,S008977,U05449,2025-02-15T14:00:36,515.71,Card,Success,29.0
O003701,S008979,U05450,2025-01-13T18:46:36,350.3,UPI,Success,59.0
O003702,S008982,U05452,2025-02-20T07:37:36,785.11,Cash on Delivery,Success,19.0
O003703,S008985,U05453,2025-03-14T22:11:36,630.39,UPI,Success,39.0
O003704,S008987,U05455,2025-05-14T08:18:36,1183.09,UPI,Success,0.0
O003705,S008995,U05462,2025-02-03T18:00:36,445.6,Card,Success,49.0
O003706,S008996,U05463,2025-05-30T14:57:36,838.38,Card,Success,19.0
O003707,S009000,U05465,2025-06-29T15:50:36,890.12,Card,Success,39.0
O003710,S009004,U05468,2025-01-12T07:49:36,901.86,Card,Success,29.0
O003711,S009006,U05469,2025-05-05T10:04:36,634.21,UPI,Success,49.0
O003712,S009009,U05471,2025-06-08T11:31:36,571.55,UPI,Success,59.0
O003713,S009014,U05473,2025-04-25T22:23:36,499.3,UPI,Success,19.0
O003714,S009015,U05473,2025-02-20T20:56:36,1300.35,Wallet,Success,29.0
O003715,S009018,U05475,2025-01-19T15:57:36,355.8,Card,Success,69.0
O003716,S009020,U05476,2025-05-31T19:03:36,573.79,Card,Success,59.0
O003717,S009021,U05477,2025-05-18T22:37:36,541.42,UPI,Success,0.0
O003718,S009026,U05479,2025-03-04T10:34:36,375.04,UPI,Success,39.0
O003719,S009027,U05479,2025-06-13T22:38:36,1512.46,Card,Success,0.0
O003720,S009037,U05484,2025-02-02T21:50:36,598.2,UPI,Success,69.0
O003721,S009040,U05485,2025-06-17T09:33:36,460.83,Wallet,Success,39.0
O003722,S009042,U05487,2025-01-15T09:03:36,719.41,UPI,Success,19.0
O003723,S009043,U05487,2025-05-09T17:21:36,569.43,UPI,Success,39.0
O003724,S009047,U05490,2025-06-26T22:45:36,299.14,UPI,Success,69.0
O003726,S009052,U05492,2025-05-24T07:48:36,590.82,Card,Success,0.0
O003727,S009053,U05492,2025-04-19T19:17:36,576.25,Wallet,Success,39.0
O003728,S009054,U05493,2025-03-02T13:56:36,599.0,UPI,Success,49.0
O003729,S009055,U05494,2025-06-24T07:40:36,1130.02,Cash on Delivery,Success,29.0
O003730,S009061,U05498,2025-06-17T18:27:36,672.3,UPI,Success,29.0
O003731,S009062,U05498,2025-03-09T08:34:36,529.18,UPI,Success,39.0
O003732,S009064,U05499,2025-06-20T08:29:36,621.86,Card,Success,19.0
O003733,S009066,U05501,2025-01-03T20:24:36,429.96,UPI,Success,19.0
O003734,S009067,U05501,2025-05-02T12:10:36,620.46,Cash on Delivery,Success,49.0
O003735,S009069,U05502,2025-06-28T13:35:36,706.29,UPI,Success,19.0
O003736,S009073,U05505,2025-01-03T08:02:36,788.35,Wallet,Success,39.0
O003737,S009074,U05505,2025-01-06T18:06:36,679.55,UPI,Success,39.0
O003738,S009075,U05506,2025-02-08T17:19:36,491.31,UPI,Success,49.0
O003739,S009077,U05508,2025-04-12T16:38:36,844.95,Card,Success,39.0
O003740,S009079,U05509,2025-03-28T20:24:36,798.29,UPI,Success,29.0
O003741,S009080,U05509,2025-06-08T21:51:36,1042.32,UPI,Success,49.0
O003742,S009082,U05509,2025-04-01T17:09:36,952.41,Cash on Delivery,Success,19.0
O003743,S009086,U05513,2025-06-15T08:50:36,608.9,Wallet,Success,19.0
O003744,S009090,U05516,2025-04-08T20:37:36,1344.83,Cash on Delivery,Success,0.0
O003745,S009091,U05517,2025-02-25T18:09:36,922.64,Wallet,Success,0.0
O003746,S009092,U05518,2025-04-09T07:44:36,983.71,UPI,Success,0.0
O003748,S009097,U05521,2025-04-20T07:20:36,587.31,Card,Success,39.0
O003749,S009098,U05522,2025-02-04T07:52:36,814.76,Card,Success,29.0
O003750,S009099,U05523,2025-01-11T19:43:36,541.93,Card,Success,49.0
O003751,S009106,U05526,2025-03-12T21:28:36,1082.68,Card,Success,29.0
O003752,S009107,U05526,2025-05-29T22:52:36,718.22,UPI,Success,29.0
O003753,S009113,U05531,2025-01-15T09:32:36,944.55,Card,Success,0.0
O003754,S009115,U05532,2025-05-04T21:42:36,1231.14,UPI,Success,0.0
O003755,S009117,U05534,2025-04-12T09:36:36,869.65,UPI,Success,39.0
O003756,S009120,U05536,2025-05-16T16:13:36,1068.49,UPI,Success,0.0
O003757,S009121,U05536,2025-04-27T15:21:36,422.81,Card,Success,49.0
O003758,S009122,U05537,2025-03-09T21:17:36,1041.95,UPI,Success,49.0
O003759,S009123,U05537,2025-01-02T08:08:36,334.28,UPI,Success,39.0
O003760,S009125,U05538,2025-03-06T14:08:36,510.07,UPI,Success,29.0
O003761,S009129,U05540,2025-06-24T09:47:36,449.43,Card,Success,49.0
O003763,S009135,U05543,2025-05-17T18:21:36,826.71,Card,Success,29.0
O003764,S009139,U05545,2025-01-02T08:53:36,586.06,Card,Success,0.0
O003765,S009144,U05548,2025-01-15T17:05:36,1072.46,Card,Success,0.0
O003766,S009145,U05548,2025-01-30T10:44:36,994.14,UPI,Success,0.0
O003767,S009147,U05549,2025-04-20T17:16:36,830.46,Card,Success,49.0
O003768,S009148,U05549,2025-04-16T17:07:36,1105.44,Card,Success,0.0
O003769,S009149,U05550,2025-06-04T08:47:36,333.42,UPI,Success,59.0
O003770,S009153,U05552,2025-06-14T18:23:36,512.35,UPI,Success,49.0
O003771,S009154,U05553,2025-02-02T09:21:36,1422.87,Cash on Delivery,Success,29.0
O003772,S009155,U05554,2025-02-23T08:44:36,826.41,Card,Success,29.0
O003773,S009156,U05555,2025-05-04T07:13:36,609.51,Cash on Delivery,Success,29.0
O003774,S009157,U05555,2025-02-15T21:40:36,573.18,Card,Success,29.0
O003775,S009159,U05555,2025-04-20T20:10:36,1671.2,Wallet,Success,29.0
O003776,S009164,U05558,2025-06-20T22:19:36,417.61,UPI,Success,59.0
O003777,S009165,U05559,2025-05-14T12:12:36,800.67,UPI,Success,59.0
O003778,S009167,U05560,2025-02-14T21:12:36,741.59,Wallet,Success,29.0
O003779,S009170,U05562,2025-02-05T09:28:36,995.68,UPI,Success,29.0
O003780,S009171,U05563,2025-04-18T16:19:36,1482.42,UPI,Success,0.0
O003781,S009179,U05567,2025-01-21T20:33:36,876.27,UPI,Success,29.0
O003782,S009180,U05567,2025-02-26T21:36:36,689.93,UPI,Success,29.0
O003783,S009181,U05568,2025-02-01T21:15:36,1229.52,Card,Success,0.0
O003784,S009184,U05570,2025-01-20T18:53:36,1036.63,Card,Success,0.0
O003785,S009185,U05571,2025-03-07T17:10:36,466.96,Card,Success,39.0
O003786,S009190,U05574,2025-05-25T07:03:36,1723.67,Wallet,Success,0.0
O003787,S009191,U05575,2025-03-29T07:06:36,641.42,UPI,Success,39.0
O003788,S009200,U05580,2025-04-12T21:04:36,850.11,UPI,Success,29.0
O003789,S009201,U05580,2025-04-27T22:50:36,949.83,UPI,Success,0.0
O003790,S009203,U05582,2025-05-09T22:29:36,786.08,UPI,Success,19.0
O003792,S009209,U05587,2025-02-22T17:37:36,756.79,Card,Success,29.0
O003793,S009210,U05587,2025-03-13T10:53:36,962.0,UPI,Success,0.0
O003794,S009211,U05588,2025-02-25T15:41:36,701.43,UPI,Success,29.0
O003795,S009212,U05588,2025-05-16T22:05:36,339.23,UPI,Success,39.0
O003796,S009216,U05590,2025-03-26T21:10:36,1829.56,Card,Success,39.0
O003797,S009217,U05590,2025-05-03T17:23:36,1271.17,UPI,Success,39.0
O003800,S009223,U05593,2025-06-02T07:29:36,599.37,UPI,Success,29.0
O003801,S009224,U05593,2025-05-27T10:18:36,1046.5,UPI,Success,0.0
O003802,S009226,U05594,2025-03-25T13:29:36,584.24,UPI,Success,19.0
O003804,S009229,U05595,2025-06-07T13:35:36,1244.02,UPI,Success,49.0
O003805,S009231,U05596,2025-03-22T16:56:36,523.96,Card,Success,29.0
O003806,S009233,U05597,2025-01-27T12:33:36,637.43,UPI,Success,0.0
O003807,S009235,U05599,2025-06-05T12:42:36,426.58,Cash on Delivery,Success,29.0
O003808,S009236,U05599,2025-05-08T12:40:36,806.66,UPI,Success,19.0
O003809,S009240,U05603,2025-02-26T11:24:36,728.27,Wallet,Success,39.0
O003810,S009241,U05603,2025-02-27T21:29:36,645.47,Card,Success,69.0
O003811,S009242,U05604,2025-06-10T08:47:36,743.04,UPI,Success,39.0
O003812,S009244,U05605,2025-02-04T16:11:36,609.66,UPI,Success,29.0
O003813,S009245,U05606,2025-05-30T12:45:36,849.77,Cash on Delivery,Success,0.0
O003814,S009248,U05609,2025-02-06T12:54:36,477.98,UPI,Success,29.0
O003815,S009250,U05610,2025-04-02T17:06:36,649.39,UPI,Success,0.0
O003816,S009251,U05610,2025-05-28T20:34:36,2327.28,Card,Success,0.0
O003817,S009253,U05612,2025-02-23T07:39:36,636.28,UPI,Success,29.0
O003818,S009254,U05613,2025-06-29T17:19:36,349.38,Card,Success,49.0
O003819,S009255,U05613,2025-04-26T13:48:36,499.08,Cash on Delivery,Success,39.0
O003820,S009258,U05615,2025-04-13T14:22:36,624.68,Cash on Delivery,Success,69.0
O003821,S009259,U05615,2025-06-13T16:49:36,846.62,UPI,Success,59.0
O003822,S009264,U05618,2025-03-17T20:13:36,981.19,UPI,Success,0.0
O003824,S009270,U05621,2025-02-06T11:26:36,552.8,Wallet,Success,39.0
O003825,S009272,U05623,2025-03-17T16:05:36,630.76,UPI,Success,59.0
O003826,S009273,U05624,2025-04-20T09:24:36,1388.04,UPI,Success,39.0
O003828,S009278,U05627,2025-02-27T18:07:36,1126.96,UPI,Success,0.0
O003829,S009280,U05629,2025-06-29T11:21:36,862.4,UPI,Success,39.0
O003830,S009286,U05633,2025-04-07T17:49:36,388.5,UPI,Success,49.0
O003831,S009287,U05634,2025-01-24T09:48:36,373.88,Wallet,Success,39.0
O003832,S009293,U05638,2025-01-23T12:16:36,655.4,UPI,Success,29.0
O003833,S009294,U05639,2025-02-28T21:10:36,1235.65,Cash on Delivery,Success,0.0
O003834,S009297,U05641,2025-06-22T17:56:36,1036.99,UPI,Success,0.0
O003835,S009303,U05643,2025-01-26T09:31:36,1028.71,UPI,Success,0.0
O003836,S009304,U05644,2025-03-10T20:42:36,565.33,Card,Success,59.0
O003837,S009306,U05645,2025-01-03T13:04:36,1285.21,UPI,Success,0.0
O003838,S009308,U05646,2025-04-22T22:19:36,464.07,Card,Success,49.0
O003839,S009312,U05647,2025-02-19T18:02:36,743.46,UPI,Success,39.0
O003840,S009317,U05650,2025-04-04T16:55:36,742.53,Cash on Delivery,Success,39.0
O003841,S009320,U05653,2025-02-13T07:56:36,868.04,UPI,Success,19.0
O003842,S009326,U05658,2025-01-28T08:05:36,544.29,UPI,Success,29.0
O003843,S009330,U05659,2025-05-07T18:22:36,1099.52,UPI,Success,39.0
O003844,S009331,U05660,2025-01-21T18:15:36,951.75,Card,Success,39.0
O003845,S009333,U05661,2025-01-05T13:59:36,1153.44,UPI,Success,0.0
O003846,S009334,U05662,2025-05-03T14:25:36,563.47,UPI,Success,39.0
O003847,S009339,U05666,2025-03-09T12:05:36,858.53,Card,Success,49.0
O003848,S009341,U05668,2025-06-01T10:02:36,723.44,UPI,Success,59.0
O003849,S009342,U05669,2025-04-11T15:52:36,490.43,UPI,Success,29.0
O003850,S009350,U05674,2025-01-10T11:41:36,564.04,Wallet,Success,39.0
O003852,S009360,U05679,2025-02-15T13:21:36,877.23,UPI,Success,59.0
O003853,S009363,U05681,2025-06-07T09:53:36,542.8,Card,Success,59.0
O003854,S009364,U05681,2025-06-08T11:58:36,607.19,Wallet,Success,69.0
O003855,S009367,U05683,2025-05-17T10:14:36,752.39,Card,Success,59.0
O003856,S009368,U05684,2025-03-01T12:20:36,1172.98,Card,Success,39.0
O003857,S009370,U05685,2025-04-28T08:47:36,1061.77,Wallet,Success,49.0
O003858,S009371,U05686,2025-04-19T07:49:36,1508.5,UPI,Success,0.0
O003859,S009372,U05687,2025-02-10T19:36:36,1456.18,UPI,Success,0.0
O003860,S009378,U05692,2025-06-20T09:10:36,889.72,UPI,Success,59.0
O003861,S009379,U05693,2025-02-28T12:13:36,1076.52,UPI,Success,0.0
O003862,S009380,U05694,2025-05-21T17:02:36,725.72,UPI,Success,39.0
O003863,S009383,U05695,2025-06-30T09:41:36,485.21,UPI,Success,39.0
O003864,S009386,U05696,2025-06-08T19:16:36,929.02,Card,Success,0.0
O003866,S009394,U05701,2025-03-17T20:38:36,829.3,Card,Success,29.0
O003867,S009396,U05702,2025-04-04T18:36:36,1100.07,UPI,Success,0.0
O003868,S009398,U05704,2025-06-11T21:22:36,1370.91,UPI,Success,0.0
O003869,S009400,U05705,2025-01-08T21:51:36,538.79,Card,Success,29.0
O003870,S009402,U05706,2025-06-09T16:38:36,1017.99,UPI,Success,19.0
O003871,S009404,U05707,2025-04-03T16:06:36,592.15,UPI,Success,19.0
O003872,S009406,U05707,2025-03-10T19:03:36,512.4,UPI,Success,0.0
O003873,S009407,U05708,2025-06-11T20:36:36,777.51,UPI,Success,49.0
O003875,S009417,U05714,2025-02-11T09:41:36,694.78,Card,Success,19.0
O003876,S009419,U05715,2025-01-03T13:19:36,772.49,Card,Success,39.0
O003877,S009420,U05716,2025-05-08T22:33:36,711.72,Cash on Delivery,Success,19.0
O003878,S009422,U05717,2025-04-01T11:25:36,725.27,UPI,Success,39.0
O003879,S009428,U05721,2025-05-08T14:59:36,870.71,Wallet,Success,19.0
O003881,S009430,U05721,2025-06-30T21:55:36,982.84,UPI,Success,0.0
O003882,S009433,U05723,2025-02-13T08:01:36,388.76,Cash on Delivery,Success,39.0
O003883,S009436,U05725,2025-02-17T13:29:36,1158.6,Wallet,Success,0.0
O003884,S009438,U05726,2025-01-29T20:57:36,679.08,UPI,Success,39.0
O003885,S009441,U05726,2025-05-28T13:03:36,473.12,Cash on Delivery,Success,59.0
O003886,S009442,U05727,2025-01-24T22:15:36,593.35,Card,Success,39.0
O003889,S009450,U05731,2025-05-05T21:12:36,670.23,UPI,Success,0.0
O003890,S009453,U05733,2025-02-18T15:14:36,1948.16,Wallet,Success,59.0
O003891,S009455,U05733,2025-01-07T21:24:36,750.08,UPI,Success,39.0
O003892,S009456,U05734,2025-04-02T11:39:36,834.77,Wallet,Success,39.0
O003893,S009464,U05738,2025-03-03T11:57:36,441.99,UPI,Success,19.0
O003895,S009471,U05743,2025-01-01T20:22:36,1607.04,UPI,Success,39.0
O003896,S009474,U05744,2025-06-18T07:18:36,1350.27,UPI,Success,0.0
O003898,S009482,U05747,2025-03-20T18:08:36,731.26,UPI,Success,29.0
O003899,S009489,U05753,2025-01-29T20:21:36,686.88,Wallet,Success,0.0
O003900,S009490,U05753,2025-02-22T22:24:36,798.29,UPI,Success,29.0
O003901,S009491,U05754,2025-04-17T15:54:36,829.67,UPI,Success,49.0
O003902,S009492,U05754,2025-03-26T09:36:36,701.2,Wallet,Success,49.0
O003903,S009498,U05759,2025-06-13T19:12:36,390.42,Card,Success,49.0
O003904,S009500,U05760,2025-06-20T21:38:36,552.63,Wallet,Success,29.0
O003906,S009502,U05760,2025-01-20T12:48:36,621.99,Card,Success,49.0
O003908,S009505,U05762,2025-01-06T17:13:36,984.31,Card,Success,0.0
O003910,S009516,U05770,2025-06-22T08:15:36,627.76,UPI,Success,69.0
O003911,S009517,U05770,2025-01-03T18:04:36,306.29,UPI,Success,39.0
O003913,S009519,U05771,2025-03-10T16:04:36,793.83,Wallet,Success,39.0
O003914,S009521,U05772,2025-02-27T16:15:36,1160.14,Cash on Delivery,Success,0.0
O003915,S009523,U05773,2025-05-01T07:52:36,850.77,UPI,Success,59.0
O003916,S009524,U05774,2025-02-23T15:16:36,519.15,UPI,Success,59.0
O003917,S009529,U05777,2025-03-21T15:44:36,732.62,UPI,Success,0.0
O003919,S009534,U05781,2025-05-10T18:56:36,662.25,UPI,Success,39.0
O003920,S009536,U05782,2025-05-17T20:55:36,682.51,UPI,Success,19.0
O003921,S009537,U05783,2025-05-07T16:25:36,900.67,UPI,Success,0.0
O003922,S009543,U05789,2025-02-06T07:21:36,433.56,UPI,Success,59.0
O003923,S009545,U05791,2025-03-08T15:01:36,651.72,UPI,Success,29.0
O003924,S009547,U05792,2025-04-03T16:31:36,619.77,UPI,Success,0.0
O003926,S009552,U05795,2025-01-12T21:34:36,515.44,UPI,Success,39.0
O003927,S009553,U05796,2025-04-14T20:52:36,918.65,UPI,Success,0.0
O003928,S009558,U05798,2025-04-10T16:01:36,1095.95,UPI,Success,0.0
O003929,S009560,U05799,2025-04-28T18:13:36,1311.68,UPI,Success,0.0
O003930,S009561,U05799,2025-03-26T09:11:36,849.46,UPI,Success,0.0
O003931,S009565,U05802,2025-01-19T21:52:36,1102.15,Wallet,Success,0.0
O003933,S009571,U05805,2025-01-01T14:47:36,881.9,UPI,Success,39.0
O003934,S009573,U05807,2025-06-09T15:02:36,862.85,UPI,Success,39.0
O003935,S009574,U05807,2025-01-07T13:08:36,766.55,Card,Success,39.0
O003936,S009575,U05808,2025-05-02T13:02:36,724.82,Card,Success,49.0
O003937,S009582,U05812,2025-05-11T15:12:36,1050.94,UPI,Success,29.0
O003938,S009583,U05813,2025-06-27T22:37:36,1287.34,Card,Success,0.0
O003939,S009584,U05813,2025-06-10T08:00:36,507.94,UPI,Success,39.0
O003942,S009587,U05814,2025-03-03T08:17:36,950.64,Card,Success,0.0
O003944,S009591,U05817,2025-06-25T13:03:36,860.74,Cash on Delivery,Success,19.0
O003945,S009597,U05821,2025-06-26T09:58:36,372.55,Card,Success,0.0
O003946,S009598,U05822,2025-02-15T14:14:36,795.91,UPI,Success,19.0
O003947,S009599,U05823,2025-01-04T12:13:36,491.83,UPI,Success,0.0
O003948,S009600,U05823,2025-05-02T08:34:36,531.05,UPI,Success,39.0
O003949,S009603,U05825,2025-05-28T21:00:36,549.08,Card,Success,29.0
O003950,S009605,U05827,2025-01-08T10:10:36,714.82,UPI,Success,39.0
O003951,S009607,U05829,2025-05-17T15:37:36,449.96,UPI,Success,49.0
O003952,S009610,U05831,2025-01-05T08:05:36,825.88,Card,Success,29.0
O003953,S009611,U05832,2025-04-10T20:49:36,1095.34,UPI,Success,0.0
O003954,S009614,U05834,2025-06-08T09:02:36,1149.84,UPI,Success,0.0
O003955,S009616,U05834,2025-03-11T17:36:36,439.19,UPI,Success,59.0
O003956,S009618,U05835,2025-04-25T18:44:36,553.94,UPI,Success,39.0
O003957,S009619,U05836,2025-02-27T13:13:36,769.87,Card,Success,0.0
O003958,S009620,U05837,2025-03-19T13:53:36,1255.32,Cash on Delivery,Success,0.0
O003959,S009622,U05838,2025-06-04T14:14:36,1816.53,Wallet,Success,49.0
O003960,S009624,U05840,2025-03-29T15:36:36,638.97,UPI,Success,29.0
O003961,S009629,U05845,2025-02-07T15:46:36,744.88,UPI,Success,39.0
O003962,S009634,U05847,2025-05-29T16:54:36,1647.22,UPI,Success,0.0
O003963,S009636,U05848,2025-03-10T19:28:36,488.48,UPI,Success,39.0
O003964,S009638,U05850,2025-01-07T07:35:36,1189.58,UPI,Success,49.0
O003965,S009641,U05852,2025-05-18T07:46:36,622.8,Card,Success,39.0
O003966,S009644,U05854,2025-03-09T12:24:36,689.93,UPI,Success,29.0
O003967,S009645,U05854,2025-06-30T20:43:36,1090.01,UPI,Success,29.0
O003968,S009650,U05857,2025-01-16T15:48:36,609.4,UPI,Success,39.0
O003969,S009651,U05857,2025-02-15T07:12:36,548.46,UPI,Success,59.0
O003970,S009652,U05858,2025-06-11T18:42:36,437.03,UPI,Success,59.0
O003971,S009659,U05862,2025-04-12T11:47:36,707.79,UPI,Success,69.0
O003972,S009660,U05862,2025-04-29T21:25:36,458.1,UPI,Success,49.0
O003973,S009661,U05863,2025-05-10T17:37:36,672.58,UPI,Success,59.0
O003974,S009664,U05864,2025-02-17T13:13:36,1063.59,UPI,Success,39.0
O003975,S009667,U05867,2025-04-03T11:29:36,803.2,Cash on Delivery,Success,49.0
O003977,S009670,U05869,2025-04-27T10:45:36,887.87,UPI,Success,29.0
O003978,S009672,U05870,2025-05-29T08:56:36,917.63,Card,Success,0.0
O003979,S009674,U05871,2025-02-28T17:55:36,847.5,Wallet,Success,19.0
O003980,S009678,U05874,2025-06-28T08:28:36,934.27,UPI,Success,0.0
O003981,S009679,U05875,2025-05-10T08:51:36,616.4,UPI,Success,19.0
O003982,S009680,U05875,2025-04-03T17:25:36,893.47,Card,Success,0.0
O003983,S009681,U05876,2025-03-16T22:19:36,1090.65,UPI,Success,0.0
O003984,S009682,U05877,2025-05-12T07:06:36,492.96,Card,Success,0.0
O003985,S009683,U05877,2025-05-04T13:16:36,818.97,UPI,Success,19.0
O003986,S009685,U05878,2025-05-19T15:32:36,928.17,Card,Success,19.0
O003987,S009687,U05879,2025-05-21T11:17:36,633.15,UPI,Success,59.0
O003988,S009691,U05883,2025-06-25T20:08:36,604.06,Wallet,Success,39.0
O003989,S009693,U05885,2025-03-26T22:04:36,630.8,Wallet,Success,39.0
O003991,S009698,U05889,2025-04-01T17:19:36,456.61,Card,Success,19.0
O003992,S009699,U05889,2025-03-19T17:36:36,784.38,UPI,Success,29.0
O003993,S009700,U05889,2025-05-25T13:08:36,755.34,Cash on Delivery,Success,19.0
O003994,S009703,U05889,2025-03-28T12:30:36,339.06,UPI,Success,39.0
O003995,S009706,U05891,2025-05-03T15:16:36,652.03,Card,Success,29.0
O003996,S009707,U05891,2025-03-12T11:57:36,979.77,UPI,Success,0.0
O003997,S009708,U05892,2025-05-07T21:11:36,1569.77,Card,Success,0.0
O003998,S009710,U05893,2025-01-31T19:44:36,430.81,Cash on Delivery,Success,49.0
O003999,S009711,U05893,2025-03-27T08:09:36,1733.28,UPI,Success,0.0
O004000,S009712,U05894,2025-04-29T13:24:36,1316.34,Card,Success,19.0
O004001,S009716,U05897,2025-04-21T09:25:36,417.73,Card,Success,39.0
O004002,S009717,U05898,2025-06-27T21:56:36,1077.44,UPI,Success,0.0
O004005,S009723,U05901,2025-01-10T08:22:36,818.07,Card,Success,39.0
O004006,S009724,U05901,2025-02-05T13:22:36,564.3,Wallet,Success,39.0
O004007,S009727,U05904,2025-02-01T13:23:36,470.33,UPI,Success,29.0
O004008,S009729,U05906,2025-02-25T10:04:36,841.72,UPI,Success,39.0
O004009,S009735,U05908,2025-03-06T18:13:36,1350.56,Card,Success,0.0
O004010,S009736,U05909,2025-02-01T19:59:36,772.51,Cash on Delivery,Success,39.0
O004011,S009744,U05911,2025-06-02T11:48:36,636.45,Wallet,Success,19.0
O004013,S009746,U05912,2025-01-09T20:25:36,749.39,UPI,Success,29.0
O004014,S009751,U05916,2025-05-07T21:24:36,576.07,UPI,Success,39.0
O004015,S009755,U05918,2025-01-17T09:39:36,660.0,Card,Success,29.0
O004016,S009756,U05919,2025-06-20T14:58:36,1503.45,UPI,Success,49.0
O004017,S009757,U05919,2025-06-26T12:31:36,999.88,UPI,Success,69.0
O004018,S009759,U05921,2025-06-27T11:49:36,832.51,Card,Success,29.0
O004019,S009765,U05925,2025-06-06T16:22:36,700.92,UPI,Success,39.0
O004020,S009766,U05925,2025-04-18T16:07:36,1025.01,UPI,Success,0.0
O004021,S009769,U05925,2025-02-16T13:28:36,759.18,Cash on Delivery,Success,39.0
O004022,S009771,U05925,2025-05-24T14:48:36,1159.27,UPI,Success,0.0
O004023,S009772,U05926,2025-04-05T07:35:36,829.76,UPI,Success,49.0
O004024,S009773,U05926,2025-03-13T12:37:36,481.72,Cash on Delivery,Success,19.0
O004025,S009775,U05927,2025-06-05T16:57:36,514.01,UPI,Success,29.0
O004026,S009777,U05928,2025-03-06T21:36:36,662.47,UPI,Success,39.0
O004027,S009780,U05929,2025-01-20T13:21:36,571.15,Wallet,Success,29.0
O004028,S009782,U05929,2025-05-14T11:11:36,963.37,UPI,Success,0.0
O004029,S009788,U05931,2025-03-26T17:51:36,815.14,Card,Success,29.0
O004030,S009789,U05932,2025-03-04T22:13:36,445.71,UPI,Success,49.0
O004031,S009791,U05933,2025-06-06T11:13:36,516.12,UPI,Success,19.0
O004033,S009793,U05934,2025-03-19T20:58:36,620.63,Cash on Delivery,Success,29.0
O004034,S009798,U05937,2025-03-14T10:17:36,712.1,UPI,Success,29.0
O004035,S009799,U05938,2025-04-20T15:25:36,826.44,Cash on Delivery,Success,39.0
O004036,S009801,U05939,2025-03-15T21:08:36,1117.24,Cash on Delivery,Success,0.0
O004037,S009802,U05940,2025-06-14T13:53:36,890.87,Wallet,Success,49.0
O004038,S009803,U05941,2025-06-23T20:33:36,612.92,Card,Success,39.0
O004039,S009805,U05942,2025-02-07T19:05:36,1453.02,UPI,Success,59.0
O004040,S009810,U05943,2025-04-25T13:19:36,390.04,UPI,Success,49.0
O004041,S009815,U05945,2025-04-30T07:31:36,901.23,UPI,Success,0.0
O004042,S009816,U05946,2025-06-18T18:37:36,484.16,UPI,Success,49.0
O004043,S009817,U05946,2025-06-16T12:16:36,462.69,Card,Success,39.0
O004044,S009820,U05948,2025-01-25T17:35:36,516.23,UPI,Success,39.0
O004045,S009821,U05949,2025-05-04T19:36:36,1171.77,Cash on Delivery,Success,0.0
O004047,S009825,U05953,2025-02-03T15:53:36,450.31,UPI,Success,49.0
O004048,S009826,U05954,2025-01-28T07:40:36,469.08,UPI,Success,49.0
O004049,S009828,U05956,2025-04-28T18:25:36,927.91,UPI,Success,0.0
O004050,S009829,U05957,2025-03-15T07:45:36,449.26,Card,Success,69.0
O004051,S009830,U05958,2025-06-11T15:57:36,834.38,Wallet,Success,29.0
O004053,S009832,U05959,2025-06-11T10:29:36,1217.32,UPI,Success,59.0
O004054,S009834,U05960,2025-05-01T11:28:36,489.22,UPI,Success,19.0
O004055,S009838,U05963,2025-05-31T18:17:36,573.99,Wallet,Success,39.0
O004057,S009843,U05967,2025-04-04T11:57:36,670.28,Card,Success,49.0
O004058,S009845,U05968,2025-02-13T15:17:36,1341.19,Card,Success,0.0
O004059,S009849,U05970,2025-01-24T10:10:36,1112.82,UPI,Success,0.0
O004060,S009851,U05971,2025-06-03T20:19:36,575.44,Cash on Delivery,Success,49.0
O004061,S009862,U05977,2025-03-02T22:23:36,591.64,Cash on Delivery,Success,39.0
O004062,S009864,U05979,2025-05-13T09:23:36,960.24,Wallet,Success,0.0
O004063,S009868,U05981,2025-05-07T13:03:36,588.57,Card,Success,59.0
O004064,S009870,U05982,2025-05-03T14:52:36,824.67,UPI,Success,19.0
O004065,S009871,U05983,2025-06-30T07:29:36,422.92,Card,Success,29.0
O004067,S009874,U05985,2025-02-07T20:10:36,628.09,UPI,Success,49.0
O004068,S009877,U05987,2025-02-18T07:13:36,1058.83,UPI,Success,0.0
O004069,S009879,U05989,2025-03-25T11:57:36,469.09,Cash on Delivery,Success,69.0
O004070,S009885,U05994,2025-02-19T16:40:36,598.51,UPI,Success,49.0
O004071,S009886,U05994,2025-03-12T11:43:36,627.3,Cash on Delivery,Success,39.0
O004072,S009889,U05995,2025-03-17T21:09:36,955.11,UPI,Success,29.0
O004073,S009891,U05995,2025-02-25T17:45:36,1053.64,Cash on Delivery,Success,0.0
O004074,S009892,U05995,2025-01-21T20:41:36,259.66,UPI,Success,0.0
O004075,S009893,U05996,2025-03-04T19:41:36,522.7,UPI,Success,49.0
O004076,S009895,U05996,2025-06-15T16:21:36,1290.97,UPI,Success,59.0
O004077,S009896,U05997,2025-01-20T21:57:36,683.64,UPI,Success,59.0
O004078,S009897,U05997,2025-03-08T17:40:36,460.17,Wallet,Success,59.0
O004079,S009898,U05998,2025-02-10T09:29:36,486.32,UPI,Success,49.0
O004080,S009899,U05998,2025-02-19T18:24:36,626.19,Cash on Delivery,Success,49.0
O004081,S009900,U05998,2025-01-24T18:34:36,701.58,UPI,Success,49.0
O004082,S009901,U05999,2025-01-09T20:05:36,624.7,UPI,Success,49.0
O004083,S009903,U05999,2025-02-08T14:18:36,886.6,UPI,Success,39.0
O004084,S009912,U06006,2025-06-18T16:10:36,547.19,UPI,Success,49.0
O004085,S009914,U06007,2025-05-07T22:24:36,1045.67,UPI,Success,39.0
O004086,S009921,U06010,2025-01-08T18:34:36,894.52,UPI,Success,39.0
O004087,S009923,U06011,2025-05-21T12:24:36,1232.74,Cash on Delivery,Success,0.0
O004088,S009925,U06012,2025-05-02T20:26:36,740.26,Card,Success,59.0
O004089,S009926,U06012,2025-04-17T12:02:36,1288.59,Card,Success,0.0
O004090,S009927,U06012,2025-02-10T17:59:36,1086.82,Card,Success,19.0
O004091,S009929,U06014,2025-02-01T09:11:36,803.24,UPI,Success,49.0
O004092,S009930,U06014,2025-06-23T21:41:36,800.69,UPI,Success,69.0
O004093,S009932,U06015,2025-03-08T10:21:36,746.94,Wallet,Success,39.0
O004094,S009935,U06016,2025-02-27T14:46:36,491.57,Card,Success,39.0
O004095,S009939,U06017,2025-02-03T13:15:36,1140.72,Wallet,Success,69.0
O004096,S009942,U06019,2025-04-08T14:04:36,706.37,UPI,Success,29.0
O004097,S009946,U06021,2025-01-16T09:08:36,768.82,UPI,Success,59.0
O004098,S009947,U06021,2025-05-23T17:54:36,599.9,Card,Success,0.0
O004099,S009948,U06022,2025-03-29T07:29:36,1423.45,UPI,Success,0.0
O004100,S009950,U06023,2025-06-02T20:47:36,433.64,Card,Success,29.0
O004101,S009951,U06024,2025-02-11T09:58:36,743.09,Card,Success,0.0
O004103,S009954,U06026,2025-02-23T13:47:36,551.17,UPI,Success,49.0
O004104,S009961,U06031,2025-04-20T08:24:36,509.7,Cash on Delivery,Success,0.0
O004105,S009964,U06032,2025-01-08T16:32:36,880.33,Card,Success,29.0
O004107,S009970,U06036,2025-03-14T09:58:36,645.05,UPI,Success,0.0
O004108,S009974,U06038,2025-04-22T14:05:36,795.44,UPI,Success,69.0
O004109,S009978,U06041,2025-05-24T16:52:36,666.83,UPI,Success,29.0
O004111,S009984,U06046,2025-02-17T09:34:36,578.29,UPI,Success,29.0
O004112,S009985,U06047,2025-03-25T11:26:36,852.17,Card,Success,49.0
O004113,S009986,U06048,2025-02-08T13:44:36,982.6,UPI,Success,0.0
O004114,S009987,U06049,2025-02-25T17:02:36,609.64,UPI,Success,49.0
O004115,S009988,U06050,2025-01-05T13:20:36,631.34,UPI,Success,0.0
O004116,S009990,U06051,2025-01-06T22:15:36,1225.83,Card,Success,0.0
O004118,S009996,U06053,2025-01-07T15:25:36,986.22,Wallet,Success,0.0
O004119,S010000,U06057,2025-02-10T20:20:36,717.26,UPI,Success,19.0
O004120,S010004,U06058,2025-05-17T14:24:36,1085.61,UPI,Success,0.0
O004121,S010005,U06059,2025-01-24T16:13:36,705.73,UPI,Success,69.0
O004122,S010008,U06061,2025-02-16T22:31:36,1011.22,UPI,Success,0.0
O004123,S010013,U06062,2025-01-21T16:13:36,410.82,Card,Success,39.0
O004124,S010015,U06063,2025-02-12T19:25:36,949.38,Cash on Delivery,Success,39.0
O004126,S010018,U06065,2025-05-23T14:09:36,823.29,Wallet,Success,69.0
O004128,S010020,U06066,2025-06-29T14:09:36,933.95,UPI,Success,49.0
O004129,S010022,U06067,2025-05-20T22:01:36,806.87,UPI,Success,39.0
O004130,S010027,U06071,2025-05-26T15:15:36,924.51,UPI,Success,0.0
O004131,S010029,U06073,2025-01-05T20:04:36,505.91,Cash on Delivery,Success,19.0
O004132,S010032,U06075,2025-04-22T15:24:36,543.48,Card,Success,0.0
O004133,S010033,U06076,2025-06-19T09:39:36,1047.77,Card,Success,0.0
O004134,S010038,U06080,2025-03-28T07:50:36,429.56,UPI,Success,39.0
O004135,S010042,U06082,2025-03-19T22:10:36,889.97,Card,Success,19.0
O004136,S010043,U06083,2025-06-10T08:21:36,1175.68,UPI,Success,49.0
O004138,S010046,U06085,2025-01-21T12:41:36,1169.97,UPI,Success,0.0
O004140,S010049,U06087,2025-06-20T09:26:36,600.26,Card,Success,39.0
O004141,S010052,U06089,2025-04-21T17:38:36,584.05,UPI,Success,69.0
O004142,S010055,U06090,2025-03-04T09:52:36,552.23,UPI,Success,39.0
O004143,S010058,U06092,2025-02-01T22:53:36,403.24,UPI,Success,49.0
O004144,S010061,U06094,2025-03-30T12:51:36,375.67,UPI,Success,59.0
O004145,S010064,U06095,2025-02-25T07:17:36,894.72,Card,Success,49.0
O004146,S010066,U06096,2025-02-01T11:59:36,1460.75,Card,Success,0.0
O004147,S010067,U06097,2025-02-19T07:19:36,561.34,Card,Success,29.0
O004148,S010068,U06097,2025-03-26T11:38:36,340.17,Cash on Delivery,Success,19.0
O004149,S010070,U06098,2025-06-09T21:38:36,485.18,Wallet,Success,49.0
O004150,S010072,U06099,2025-02-19T17:43:36,961.37,UPI,Success,0.0
O004151,S010075,U06099,2025-02-03T13:23:36,788.87,Card,Success,49.0
O004152,S010076,U06100,2025-04-29T11:44:36,634.14,UPI,Success,29.0
O004153,S010083,U06104,2025-02-05T12:31:36,832.82,UPI,Success,49.0
O004154,S010084,U06104,2025-05-17T21:25:36,583.91,UPI,Success,29.0
O004155,S010085,U06105,2025-03-08T10:07:36,716.6,UPI,Success,29.0
O004156,S010086,U06106,2025-02-27T08:10:36,968.2,UPI,Success,0.0
O004157,S010089,U06106,2025-01-21T10:03:36,1360.52,Cash on Delivery,Success,0.0
O004158,S010091,U06107,2025-02-27T22:33:36,719.36,UPI,Success,69.0
O004159,S010094,U06110,2025-01-31T12:50:36,1244.42,Wallet,Success,0.0
O004161,S010105,U06116,2025-06-05T12:19:36,585.96,UPI,Success,39.0
O004163,S010114,U06123,2025-03-19T16:42:36,1397.78,UPI,Success,29.0
O004164,S010132,U06136,2025-05-22T13:13:36,699.04,Wallet,Success,19.0
O004167,S010139,U06142,2025-05-24T15:34:36,945.83,UPI,Success,0.0
O004168,S010140,U06142,2025-06-14T11:23:36,536.01,Card,Success,49.0
O004169,S010142,U06143,2025-02-21T10:24:36,414.72,UPI,Success,59.0
O004170,S010143,U06144,2025-04-01T16:11:36,1902.54,Cash on Delivery,Success,69.0
O004171,S010147,U06145,2025-05-26T19:34:36,698.0,UPI,Success,39.0
O004172,S010149,U06146,2025-02-01T14:32:36,768.92,UPI,Success,0.0
O004173,S010150,U06146,2025-04-20T16:39:36,954.48,UPI,Success,0.0
O004174,S010156,U06149,2025-06-26T22:04:36,713.46,Card,Success,59.0
O004175,S010157,U06149,2025-06-27T13:42:36,502.44,UPI,Success,19.0
O004176,S010159,U06151,2025-06-07T22:18:36,558.31,UPI,Success,29.0
O004179,S010167,U06157,2025-02-05T16:20:36,355.96,UPI,Success,69.0
O004180,S010168,U06158,2025-05-06T08:57:36,690.69,Card,Success,29.0
O004181,S010174,U06161,2025-03-26T11:21:36,506.79,Wallet,Success,59.0
O004182,S010176,U06162,2025-02-21T20:12:36,534.53,UPI,Success,59.0
O004183,S010177,U06162,2025-02-21T11:46:36,858.09,Card,Success,59.0
O004184,S010179,U06164,2025-05-28T12:49:36,1024.54,UPI,Success,0.0
O004185,S010180,U06164,2025-05-11T07:19:36,547.83,UPI,Success,0.0
O004186,S010182,U06165,2025-05-23T17:01:36,956.88,Card,Success,0.0
O004187,S010187,U06168,2025-04-30T18:09:36,745.36,Wallet,Success,39.0
O004188,S010188,U06169,2025-04-17T07:22:36,389.38,Wallet,Success,29.0
O004189,S010191,U06171,2025-05-27T16:09:36,607.24,UPI,Success,29.0
O004190,S010193,U06172,2025-04-09T10:41:36,603.25,UPI,Success,39.0
O004191,S010195,U06172,2025-05-10T08:07:36,1162.81,Card,Success,0.0
O004192,S010196,U06173,2025-06-08T16:42:36,804.27,UPI,Success,49.0
O004195,S010201,U06176,2025-03-07T22:29:36,717.93,UPI,Success,39.0
O004196,S010203,U06178,2025-01-03T15:48:36,556.61,UPI,Success,39.0
O004197,S010205,U06179,2025-06-04T17:03:36,242.76,Wallet,Success,19.0
O004198,S010207,U06180,2025-04-13T22:59:36,689.62,UPI,Success,69.0
O004199,S010209,U06181,2025-06-25T15:59:36,637.03,UPI,Success,49.0
O004200,S010211,U06182,2025-04-02T19:41:36,811.26,UPI,Success,19.0
O004201,S010215,U06184,2025-03-27T11:07:36,1043.13,UPI,Success,0.0
O004202,S010216,U06185,2025-02-10T13:34:36,554.86,Wallet,Success,29.0
O004203,S010218,U06186,2025-02-03T10:03:36,596.77,Wallet,Success,39.0
O004204,S010222,U06189,2025-03-02T12:02:36,1003.97,UPI,Success,0.0
O004205,S010223,U06190,2025-03-02T22:49:36,1008.58,Wallet,Success,39.0
O004206,S010225,U06191,2025-05-17T11:06:36,801.5,Wallet,Success,39.0
O004207,S010228,U06192,2025-06-11T16:48:36,688.4,UPI,Success,59.0
O004208,S010229,U06193,2025-05-03T22:36:36,604.93,UPI,Success,49.0
O004209,S010232,U06196,2025-04-10T13:35:36,558.55,UPI,Success,29.0
O004210,S010238,U06200,2025-03-19T18:12:36,502.7,Card,Success,19.0
O004211,S010239,U06200,2025-04-05T17:46:36,365.04,Wallet,Success,49.0
O004212,S010245,U06203,2025-01-16T16:07:36,743.16,UPI,Success,59.0
O004213,S010247,U06204,2025-01-04T10:29:36,444.32,Wallet,Success,49.0
O004214,S010249,U06206,2025-01-30T13:52:36,819.66,Card,Success,0.0
O004215,S010250,U06206,2025-02-02T09:12:36,1130.07,Wallet,Success,0.0
O004216,S010254,U06210,2025-05-17T21:45:36,1018.88,UPI,Success,0.0
O004217,S010256,U06211,2025-06-28T11:22:36,828.07,UPI,Success,29.0
O004218,S010259,U06213,2025-01-12T08:31:36,477.18,UPI,Success,69.0
O004219,S010260,U06213,2025-02-27T22:11:36,539.92,UPI,Success,19.0
O004220,S010262,U06214,2025-04-16T11:54:36,649.16,Card,Success,59.0
O004221,S010264,U06216,2025-06-29T14:28:36,510.97,UPI,Success,29.0
O004222,S010265,U06217,2025-02-03T19:22:36,392.29,Card,Success,39.0
O004223,S010266,U06218,2025-06-19T07:59:36,661.89,Card,Success,29.0
O004224,S010268,U06219,2025-01-07T15:29:36,960.72,UPI,Success,0.0
O004225,S010269,U06220,2025-05-23T20:56:36,720.72,Wallet,Success,0.0
O004227,S010274,U06223,2025-01-20T12:00:36,692.34,UPI,Success,59.0
O004228,S010276,U06225,2025-04-22T07:46:36,761.99,UPI,Success,49.0
O004229,S010277,U06225,2025-06-15T10:38:36,341.18,Card,Success,0.0
O004230,S010281,U06227,2025-06-27T10:28:36,447.72,Wallet,Success,49.0
O004231,S010284,U06229,2025-06-07T20:07:36,854.48,UPI,Success,39.0
O004232,S010288,U06233,2025-04-18T07:48:36,619.75,UPI,Success,19.0
O004234,S010295,U06238,2025-02-05T17:11:36,677.28,Card,Success,0.0
O004235,S010298,U06239,2025-02-02T22:44:36,1142.67,UPI,Success,0.0
O004236,S010301,U06241,2025-02-08T14:49:36,921.52,Card,Success,39.0
O004237,S010304,U06243,2025-04-18T16:28:36,560.45,UPI,Success,69.0
O004238,S010306,U06244,2025-06-25T12:24:36,370.1,UPI,Success,29.0
O004239,S010307,U06245,2025-02-12T10:34:36,746.54,Card,Success,39.0
O004242,S010314,U06248,2025-02-08T15:35:36,784.6,Cash on Delivery,Success,39.0
O004243,S010315,U06248,2025-03-07T22:38:36,873.18,UPI,Success,49.0
O004244,S010319,U06250,2025-03-04T15:57:36,671.4,UPI,Success,19.0
O004245,S010322,U06251,2025-05-25T14:33:36,1179.44,Wallet,Success,0.0
O004246,S010323,U06251,2025-06-10T09:25:36,584.31,UPI,Success,49.0
O004247,S010326,U06252,2025-05-09T12:18:36,542.27,Card,Success,29.0
O004248,S010332,U06256,2025-03-28T11:17:36,560.27,Wallet,Success,39.0
O004249,S010333,U06256,2025-06-15T17:27:36,265.96,Wallet,Success,59.0
O004250,S010334,U06256,2025-04-28T14:49:36,782.85,Card,Success,59.0
O004251,S010335,U06256,2025-05-09T23:00:36,1011.93,UPI,Success,0.0
O004252,S010336,U06257,2025-05-04T19:34:36,927.55,Wallet,Success,0.0
O004255,S010341,U06261,2025-03-23T14:19:36,1065.67,Wallet,Success,0.0
O004256,S010342,U06261,2025-01-31T22:13:36,726.19,Cash on Delivery,Success,59.0
O004257,S010345,U06262,2025-03-14T22:25:36,371.0,UPI,Success,39.0
O004260,S010349,U06264,2025-01-01T19:56:36,730.46,UPI,Success,39.0
O004261,S010350,U06264,2025-05-17T21:28:36,782.38,Card,Success,49.0
O004262,S010355,U06268,2025-02-18T17:31:36,506.88,UPI,Success,19.0
O004264,S010358,U06271,2025-05-14T11:59:36,519.37,UPI,Success,59.0
O004265,S010359,U06272,2025-01-28T20:21:36,516.02,UPI,Success,49.0
O004266,S010361,U06273,2025-05-14T14:30:36,1409.95,Card,Success,0.0
O004267,S010362,U06273,2025-05-25T21:44:36,860.74,Wallet,Success,0.0
O004268,S010366,U06276,2025-03-24T15:56:36,1007.65,UPI,Success,0.0
O004269,S010367,U06277,2025-06-18T21:23:36,639.41,UPI,Success,19.0
O004270,S010368,U06278,2025-01-08T22:00:36,347.9,UPI,Success,0.0
O004271,S010369,U06278,2025-02-14T12:45:36,595.45,Wallet,Success,39.0
O004272,S010375,U06281,2025-01-13T19:04:36,1746.38,Card,Success,0.0
O004273,S010377,U06282,2025-03-12T11:21:36,1035.48,Wallet,Success,0.0
O004274,S010381,U06285,2025-03-06T09:10:36,595.69,UPI,Success,69.0
O004275,S010383,U06285,2025-05-12T22:14:36,982.18,UPI,Success,0.0
O004276,S010385,U06286,2025-01-24T18:25:36,928.47,UPI,Success,0.0
O004279,S010388,U06288,2025-02-17T18:59:36,588.57,UPI,Success,29.0
O004280,S010389,U06288,2025-02-22T16:59:36,577.64,UPI,Success,39.0
O004281,S010395,U06291,2025-06-24T08:58:36,649.83,Card,Success,59.0
O004282,S010396,U06292,2025-05-31T17:57:36,1380.62,UPI,Success,0.0
O004283,S010397,U06292,2025-05-11T21:43:36,549.56,Wallet,Success,39.0
O004284,S010398,U06293,2025-05-13T08:31:36,815.26,Wallet,Success,19.0
O004285,S010399,U06293,2025-05-20T10:40:36,1199.31,UPI,Success,0.0
O004286,S010404,U06297,2025-04-13T13:23:36,474.43,UPI,Success,29.0
O004287,S010410,U06300,2025-06-19T10:48:36,661.41,Card,Success,49.0
O004288,S010413,U06301,2025-05-02T12:02:36,1402.57,UPI,Success,0.0
O004289,S010415,U06303,2025-02-11T08:31:36,529.92,UPI,Success,39.0
O004290,S010416,U06304,2025-05-06T16:04:36,657.44,Card,Success,69.0
O004292,S010420,U06307,2025-06-24T11:33:36,410.29,Cash on Delivery,Success,39.0
O004294,S010424,U06309,2025-05-18T07:21:36,920.64,UPI,Success,0.0
O004295,S010425,U06310,2025-05-21T09:14:36,948.28,Card,Success,0.0
O004296,S010426,U06310,2025-05-14T09:35:36,1054.99,UPI,Success,0.0
O004297,S010429,U06312,2025-02-04T22:12:36,826.68,UPI,Success,29.0
O004298,S010430,U06313,2025-05-14T10:57:36,1177.87,Cash on Delivery,Success,0.0
O004299,S010433,U06314,2025-06-21T15:35:36,605.03,Cash on Delivery,Success,59.0
O004300,S010434,U06315,2025-06-24T10:46:36,864.36,Cash on Delivery,Success,19.0
O004301,S010438,U06317,2025-02-06T14:02:36,736.44,Card,Success,59.0
O004303,S010443,U06320,2025-03-22T19:32:36,380.62,UPI,Success,49.0
O004304,S010445,U06322,2025-01-03T18:11:36,517.62,Card,Success,29.0
O004305,S010446,U06323,2025-06-22T16:56:36,438.88,UPI,Success,49.0
O004306,S010448,U06325,2025-05-10T22:25:36,528.27,UPI,Success,0.0
O004307,S010450,U06325,2025-05-18T17:07:36,534.23,UPI,Success,0.0
O004308,S010453,U06327,2025-04-22T11:05:36,902.94,UPI,Success,0.0
O004309,S010455,U06328,2025-01-04T22:14:36,663.18,Wallet,Success,39.0
O004310,S010456,U06328,2025-05-05T19:15:36,1199.18,UPI,Success,0.0
O004311,S010459,U06331,2025-04-17T11:15:36,773.52,UPI,Success,19.0
O004312,S010460,U06332,2025-03-23T19:48:36,644.09,UPI,Success,49.0
O004313,S010465,U06335,2025-06-25T09:56:36,755.61,UPI,Success,0.0
O004314,S010468,U06338,2025-05-11T16:08:36,617.67,Card,Success,69.0
O004315,S010470,U06339,2025-03-12T15:06:36,593.1,Cash on Delivery,Success,19.0
O004316,S010471,U06340,2025-01-22T09:32:36,571.92,Wallet,Success,39.0
O004317,S010473,U06341,2025-04-04T10:10:36,1540.32,Card,Success,0.0
O004318,S010479,U06344,2025-03-24T13:20:36,714.17,Wallet,Success,49.0
O004319,S010480,U06345,2025-06-22T14:10:36,945.82,UPI,Success,0.0
O004321,S010490,U06351,2025-02-14T07:08:36,704.41,UPI,Success,19.0
O004323,S010492,U06351,2025-06-21T21:36:36,896.73,Card,Success,49.0
O004324,S010493,U06352,2025-03-25T16:40:36,2400.0,Cash on Delivery,Success,0.0
O004325,S010494,U06352,2025-06-09T09:55:36,531.75,Card,Success,19.0
O004326,S010498,U06356,2025-01-27T15:47:36,871.87,Card,Success,49.0
O004327,S010499,U06356,2025-01-27T15:52:36,651.32,Wallet,Success,59.0
O004328,S010500,U06357,2025-02-24T07:50:36,1282.08,Card,Success,0.0
O004329,S010502,U06358,2025-01-07T12:48:36,1105.39,UPI,Success,0.0
O004330,S010505,U06360,2025-05-20T18:55:36,539.44,Wallet,Success,39.0
O004331,S010514,U06365,2025-01-26T09:36:36,714.48,UPI,Success,29.0
O004332,S010516,U06366,2025-06-06T12:23:36,513.78,Wallet,Success,39.0
O004334,S010519,U06367,2025-01-18T07:34:36,884.16,Card,Success,39.0
O004335,S010525,U06370,2025-04-13T08:44:36,1324.48,UPI,Success,0.0
O004336,S010526,U06370,2025-02-05T18:11:36,706.25,UPI,Success,49.0
O004337,S010531,U06373,2025-03-17T08:36:36,478.32,UPI,Success,49.0
O004339,S010543,U06382,2025-02-10T07:28:36,1132.97,Wallet,Success,0.0
O004341,S010545,U06383,2025-06-29T12:12:36,816.34,UPI,Success,49.0
O004342,S010547,U06384,2025-01-08T07:53:36,315.02,Card,Success,29.0
O004343,S010551,U06386,2025-03-19T15:55:36,930.57,Wallet,Success,0.0
O004344,S010552,U06386,2025-01-13T18:50:36,412.26,Cash on Delivery,Success,49.0
O004345,S010555,U06387,2025-03-15T09:18:36,1305.34,Card,Success,0.0
O004346,S010558,U06390,2025-03-19T20:25:36,926.16,UPI,Success,0.0
O004347,S010559,U06391,2025-03-30T13:24:36,639.61,Card,Success,0.0
O004348,S010564,U06395,2025-01-25T14:50:36,897.1,UPI,Success,69.0
O004349,S010565,U06395,2025-01-13T08:07:36,744.05,Card,Success,49.0
O004350,S010567,U06395,2025-04-20T20:07:36,831.79,UPI,Success,19.0
O004351,S010568,U06395,2025-02-18T18:19:36,1642.76,UPI,Success,0.0
O004352,S010570,U06396,2025-03-09T18:42:36,596.54,Cash on Delivery,Success,49.0
O004353,S010571,U06397,2025-02-21T16:32:36,462.81,UPI,Success,29.0
O004354,S010572,U06397,2025-06-15T08:18:36,1286.09,UPI,Success,0.0
O004355,S010575,U06400,2025-06-09T10:25:36,837.24,UPI,Success,49.0
O004357,S010583,U06406,2025-05-26T15:01:36,345.08,UPI,Success,29.0
O004358,S010585,U06406,2025-05-16T22:44:36,747.37,UPI,Success,29.0
O004359,S010589,U06408,2025-04-14T07:59:36,824.39,UPI,Success,0.0
O004360,S010592,U06411,2025-05-06T10:49:36,790.62,UPI,Success,0.0
O004361,S010593,U06411,2025-05-16T16:46:36,373.78,Cash on Delivery,Success,0.0
O004362,S010594,U06412,2025-02-17T09:33:36,919.96,UPI,Success,29.0
O004363,S010596,U06414,2025-05-01T19:29:36,728.31,UPI,Success,59.0
O004365,S010606,U06418,2025-05-25T22:01:36,654.37,UPI,Success,39.0
O004366,S010610,U06421,2025-05-30T19:52:36,297.58,Cash on Delivery,Success,0.0
O004367,S010612,U06422,2025-06-23T07:07:36,636.77,Card,Success,69.0
O004368,S010613,U06423,2025-03-17T17:18:36,858.46,Card,Success,49.0
O004369,S010614,U06424,2025-06-12T08:28:36,720.65,Wallet,Success,49.0
O004370,S010616,U06425,2025-04-16T07:07:36,1485.57,Card,Success,0.0
O004371,S010621,U06430,2025-05-06T17:32:36,877.65,UPI,Success,0.0
O004372,S010622,U06431,2025-06-19T15:02:36,610.22,Card,Success,0.0
O004373,S010623,U06431,2025-02-26T08:53:36,691.7,UPI,Success,39.0
O004374,S010624,U06432,2025-04-13T16:25:36,659.77,UPI,Success,59.0
O004375,S010626,U06434,2025-03-19T18:05:36,597.66,Card,Success,39.0
O004376,S010628,U06434,2025-01-11T15:52:36,558.16,UPI,Success,29.0
O004377,S010630,U06435,2025-04-04T14:25:36,1938.63,Card,Success,69.0
O004378,S010634,U06439,2025-06-20T09:43:36,613.2,Card,Success,69.0
O004379,S010639,U06442,2025-03-12T11:34:36,660.32,Card,Success,0.0
O004380,S010642,U06445,2025-01-26T09:31:36,1304.06,Card,Success,0.0
O004381,S010644,U06447,2025-04-17T20:54:36,506.28,UPI,Success,0.0
O004382,S010646,U06449,2025-02-27T08:36:36,649.02,UPI,Success,0.0
O004383,S010647,U06449,2025-06-20T13:32:36,361.3,Card,Success,29.0
O004384,S010654,U06453,2025-04-16T17:58:36,1239.99,Card,Success,0.0
O004385,S010661,U06457,2025-06-05T09:21:36,502.12,Cash on Delivery,Success,39.0
O004387,S010666,U06459,2025-02-05T07:22:36,1121.36,UPI,Success,0.0
O004388,S010668,U06460,2025-03-12T15:06:36,1327.8,UPI,Success,0.0
O004389,S010669,U06461,2025-04-16T10:24:36,454.93,UPI,Success,19.0
O004390,S010670,U06462,2025-03-22T15:18:36,908.84,Cash on Delivery,Success,0.0
O004391,S010672,U06463,2025-03-24T08:36:36,616.62,UPI,Success,49.0
O004392,S010677,U06466,2025-02-13T11:43:36,893.08,Card,Success,39.0
O004393,S010679,U06467,2025-01-06T09:43:36,370.8,Card,Success,29.0
O004394,S010681,U06468,2025-06-14T14:10:36,999.28,UPI,Success,0.0
O004395,S010682,U06469,2025-04-25T22:36:36,960.9,UPI,Success,0.0
O004396,S010684,U06470,2025-04-27T07:41:36,669.24,Card,Success,29.0
O004397,S010685,U06470,2025-02-26T17:56:36,1174.61,UPI,Success,0.0
O004398,S010686,U06470,2025-03-03T15:12:36,937.75,UPI,Success,0.0
O004399,S010687,U06470,2025-04-20T14:23:36,807.05,UPI,Success,49.0
O004400,S010689,U06471,2025-04-28T18:57:36,605.99,Wallet,Success,39.0
O004401,S010695,U06473,2025-05-06T09:59:36,648.26,UPI,Success,0.0
O004402,S010699,U06477,2025-04-21T14:29:36,933.96,Card,Success,59.0
O004405,S010705,U06480,2025-03-24T17:16:36,1063.11,UPI,Success,0.0
O004406,S010707,U06481,2025-03-29T16:16:36,877.11,UPI,Success,29.0
O004407,S010708,U06481,2025-01-12T07:16:36,883.1,UPI,Success,29.0
O004408,S010713,U06485,2025-04-24T09:38:36,694.04,UPI,Success,59.0
O004409,S010715,U06486,2025-02-22T12:33:36,1408.89,UPI,Success,0.0
O004410,S010716,U06486,2025-06-11T17:45:36,1256.32,Card,Success,0.0
O004412,S010720,U06488,2025-05-03T09:16:36,607.38,UPI,Success,39.0
O004413,S010722,U06490,2025-06-05T15:52:36,642.59,Card,Success,39.0
O004414,S010724,U06492,2025-05-12T09:36:36,951.75,UPI,Success,0.0
O004415,S010726,U06493,2025-05-22T12:46:36,333.0,UPI,Success,49.0
O004416,S010730,U06495,2025-03-03T07:13:36,849.65,UPI,Success,69.0
O004417,S010732,U06496,2025-05-04T15:05:36,756.4,Wallet,Success,49.0
O004418,S010736,U06499,2025-04-14T22:56:36,896.02,UPI,Success,0.0
O004419,S010738,U06500,2025-01-07T12:33:36,504.68,UPI,Success,49.0
O004420,S010742,U06501,2025-04-06T19:15:36,605.06,Card,Success,19.0
O004421,S010744,U06503,2025-03-17T19:28:36,1551.63,UPI,Success,0.0
O004422,S010745,U06504,2025-02-12T08:59:36,1351.48,UPI,Success,59.0
O004423,S010747,U06505,2025-05-20T19:09:36,562.59,UPI,Success,39.0
O004424,S010751,U06505,2025-02-08T21:51:36,741.7,UPI,Success,59.0
O004425,S010755,U06508,2025-06-21T10:10:36,475.57,Card,Success,29.0
O004426,S010758,U06510,2025-05-25T20:50:36,601.28,Card,Success,29.0
O004427,S010759,U06510,2025-06-17T08:42:36,991.95,Wallet,Success,0.0
O004428,S010760,U06511,2025-04-04T16:57:36,808.69,Card,Success,49.0
O004429,S010763,U06512,2025-06-07T14:18:36,982.86,Card,Success,0.0
O004431,S010771,U06518,2025-05-13T17:42:36,1555.96,UPI,Success,49.0
O004432,S010774,U06521,2025-04-28T08:01:36,727.81,UPI,Success,39.0
O004433,S010777,U06524,2025-05-05T10:30:36,679.67,Card,Success,49.0
O004434,S010780,U06526,2025-04-19T08:35:36,1028.54,UPI,Success,0.0
O004435,S010783,U06528,2025-06-18T18:40:36,447.65,Cash on Delivery,Success,49.0
O004436,S010789,U06532,2025-01-29T11:09:36,695.98,Card,Success,29.0
O004437,S010793,U06534,2025-04-11T21:45:36,383.99,UPI,Success,39.0
O004438,S010794,U06535,2025-02-08T17:15:36,629.59,UPI,Success,0.0
O004439,S010797,U06537,2025-05-11T07:23:36,877.62,UPI,Success,49.0
O004440,S010801,U06538,2025-02-06T20:19:36,881.39,Wallet,Success,39.0
O004441,S010803,U06539,2025-03-29T11:20:36,691.36,UPI,Success,29.0
O004442,S010804,U06540,2025-05-15T15:40:36,673.75,UPI,Success,0.0
O004443,S010805,U06541,2025-01-06T09:12:36,529.87,Card,Success,49.0
O004444,S010809,U06542,2025-04-06T11:07:36,622.0,UPI,Success,0.0
O004445,S010811,U06543,2025-04-29T22:10:36,397.78,Cash on Delivery,Success,69.0
O004446,S010812,U06543,2025-01-08T15:16:36,702.28,UPI,Success,49.0
O004447,S010813,U06543,2025-02-28T21:47:36,525.41,Card,Success,29.0
O004448,S010816,U06546,2025-05-09T21:58:36,1250.36,UPI,Success,0.0
O004449,S010817,U06546,2025-03-26T22:28:36,848.44,UPI,Success,39.0
O004450,S010822,U06550,2025-05-05T10:52:36,366.19,UPI,Success,29.0
O004452,S010826,U06552,2025-01-27T20:38:36,426.43,UPI,Success,29.0
O004453,S010828,U06554,2025-05-31T08:14:36,598.22,Card,Success,49.0
O004454,S010831,U06556,2025-02-01T12:29:36,736.62,Wallet,Success,39.0
O004455,S010832,U06557,2025-03-26T13:18:36,771.63,UPI,Success,39.0
O004456,S010834,U06557,2025-03-29T15:49:36,577.89,UPI,Success,59.0
O004457,S010839,U06560,2025-02-03T14:19:36,965.19,UPI,Success,0.0
O004458,S010845,U06562,2025-01-28T21:50:36,701.86,UPI,Success,19.0
O004459,S010850,U06564,2025-04-25T12:02:36,1072.75,Card,Success,0.0
O004460,S010852,U06564,2025-02-28T21:26:36,327.55,UPI,Success,39.0
O004461,S010853,U06565,2025-05-15T22:29:36,570.01,Card,Success,29.0
O004462,S010854,U06565,2025-05-06T07:44:36,557.08,Card,Success,19.0
O004463,S010857,U06566,2025-01-13T13:01:36,1243.47,Card,Success,0.0
O004464,S010861,U06567,2025-03-14T14:50:36,565.3,UPI,Success,0.0
O004465,S010862,U06567,2025-03-03T22:01:36,1693.85,UPI,Success,69.0
O004466,S010863,U06567,2025-06-21T08:47:36,1105.88,Card,Success,0.0
O004468,S010865,U06568,2025-06-02T08:25:36,663.27,UPI,Success,49.0
O004470,S010869,U06570,2025-03-31T09:17:36,1394.85,Cash on Delivery,Success,0.0
O004471,S010871,U06571,2025-04-01T15:16:36,802.98,UPI,Success,29.0
O004472,S010873,U06572,2025-05-15T20:30:36,1073.26,Card,Success,19.0
O004473,S010874,U06573,2025-03-01T07:31:36,648.55,UPI,Success,59.0
O004475,S010882,U06577,2025-06-02T14:06:36,955.68,UPI,Success,0.0
O004476,S010884,U06578,2025-06-03T19:03:36,1216.24,Card,Success,0.0
O004477,S010885,U06578,2025-05-30T17:30:36,1076.14,UPI,Success,0.0
O004478,S010886,U06578,2025-01-08T21:21:36,1744.2,Wallet,Success,0.0
O004480,S010889,U06580,2025-01-05T19:35:36,399.59,Card,Success,39.0
O004481,S010891,U06582,2025-05-14T13:06:36,565.18,UPI,Success,49.0
O004482,S010897,U06587,2025-01-27T11:19:36,920.36,Card,Success,59.0
O004483,S010900,U06590,2025-01-22T22:57:36,1079.23,Card,Success,0.0
O004484,S010903,U06592,2025-04-13T12:02:36,1015.47,UPI,Success,29.0
O004485,S010911,U06595,2025-01-24T22:40:36,723.93,UPI,Success,39.0
O004486,S010912,U06596,2025-02-19T19:35:36,1590.88,Wallet,Success,0.0
O004487,S010922,U06605,2025-06-29T19:23:36,638.95,UPI,Success,29.0
O004488,S010923,U06605,2025-02-15T11:03:36,826.51,Card,Success,29.0
O004490,S010942,U06618,2025-02-04T22:53:36,972.76,Card,Success,0.0
O004491,S010946,U06620,2025-03-13T19:36:36,496.8,UPI,Success,39.0
O004492,S010947,U06621,2025-02-11T10:06:36,989.48,UPI,Success,0.0
O004493,S010949,U06621,2025-05-20T08:46:36,666.9,Card,Success,59.0
O004494,S010950,U06622,2025-02-06T18:56:36,1207.05,UPI,Success,0.0
O004495,S010957,U06626,2025-05-29T07:55:36,616.64,UPI,Success,29.0
O004497,S010959,U06627,2025-02-13T12:37:36,759.64,UPI,Success,49.0
O004498,S010960,U06628,2025-04-28T20:55:36,737.88,UPI,Success,39.0
O004499,S010963,U06631,2025-01-16T21:51:36,936.9,UPI,Success,69.0
O004501,S010967,U06633,2025-03-13T09:31:36,629.48,UPI,Success,49.0
O004502,S010969,U06634,2025-03-26T16:43:36,879.21,UPI,Success,0.0
O004503,S010970,U06634,2025-05-21T12:32:36,475.36,Card,Success,49.0
O004504,S010972,U06635,2025-01-24T12:02:36,560.18,Card,Success,0.0
O004506,S010974,U06636,2025-01-23T15:44:36,1213.08,UPI,Success,0.0
O004507,S010976,U06637,2025-01-12T09:25:36,617.6,UPI,Success,39.0
O004508,S010977,U06638,2025-03-22T12:08:36,1204.07,UPI,Success,0.0
O004510,S010980,U06640,2025-02-28T12:47:36,563.77,UPI,Success,39.0
O004511,S010983,U06642,2025-06-29T19:55:36,1120.23,UPI,Success,0.0
O004512,S010985,U06642,2025-05-02T15:11:36,1079.9,UPI,Success,0.0
O004515,S010992,U06647,2025-01-26T19:42:36,454.56,Card,Success,29.0
O004516,S010997,U06649,2025-06-02T16:09:36,974.27,UPI,Success,0.0
O004517,S010998,U06650,2025-05-08T21:54:36,570.45,UPI,Success,69.0
O004518,S011000,U06651,2025-04-25T17:03:36,736.73,Card,Success,39.0
O004519,S011001,U06651,2025-03-18T09:15:36,862.09,UPI,Success,49.0
O004520,S011004,U06653,2025-05-12T13:33:36,410.08,UPI,Success,19.0
O004521,S011006,U06653,2025-03-26T16:20:36,510.77,UPI,Success,59.0
O004523,S011010,U06656,2025-01-21T17:45:36,271.98,UPI,Success,0.0
O004524,S011011,U06657,2025-02-05T22:10:36,602.34,UPI,Success,29.0
O004525,S011016,U06661,2025-02-21T19:13:36,416.6,Cash on Delivery,Success,59.0
O004526,S011017,U06662,2025-02-17T10:39:36,1143.1,UPI,Success,0.0
O004527,S011018,U06662,2025-03-08T21:02:36,1185.91,Card,Success,0.0
O004528,S011019,U06663,2025-06-10T15:59:36,589.42,UPI,Success,49.0
O004529,S011020,U06663,2025-03-30T07:15:36,764.43,Wallet,Success,49.0
O004531,S011024,U06664,2025-03-10T08:32:36,907.12,Wallet,Success,0.0
O004532,S011027,U06666,2025-01-26T22:25:36,838.23,Wallet,Success,49.0
O004533,S011028,U06666,2025-01-27T10:28:36,799.02,UPI,Success,49.0
O004534,S011030,U06668,2025-05-17T16:12:36,560.05,UPI,Success,19.0
O004535,S011032,U06669,2025-04-25T07:30:36,911.07,Wallet,Success,0.0
O004536,S011033,U06670,2025-03-20T17:50:36,573.63,UPI,Success,29.0
O004537,S011034,U06671,2025-04-07T09:22:36,841.57,Card,Success,69.0
O004538,S011039,U06674,2025-04-16T16:30:36,710.79,UPI,Success,59.0
O004539,S011043,U06676,2025-01-26T11:11:36,552.34,UPI,Success,19.0
O004541,S011047,U06678,2025-04-22T21:46:36,1405.46,UPI,Success,0.0
O004542,S011052,U06682,2025-01-12T17:16:36,538.15,Cash on Delivery,Success,59.0
O004543,S011057,U06684,2025-02-28T19:12:36,549.89,UPI,Success,0.0
O004544,S011060,U06687,2025-03-25T18:38:36,904.63,Cash on Delivery,Success,19.0
O004545,S011065,U06691,2025-02-27T21:45:36,658.29,UPI,Success,39.0
O004546,S011066,U06691,2025-02-11T14:43:36,1548.84,Card,Success,0.0
O004547,S011067,U06692,2025-01-21T13:56:36,770.83,Card,Success,39.0
O004548,S011068,U06693,2025-05-19T10:14:36,601.32,UPI,Success,29.0
O004549,S011071,U06693,2025-05-24T17:17:36,989.98,Cash on Delivery,Success,0.0
O004550,S011072,U06694,2025-03-26T15:00:36,679.13,Card,Success,39.0
O004552,S011074,U06695,2025-01-11T18:21:36,944.77,Card,Success,0.0
O004553,S011075,U06696,2025-04-12T22:52:36,546.91,UPI,Success,59.0
O004554,S011076,U06697,2025-06-19T08:59:36,1463.94,Card,Success,49.0
O004555,S011080,U06699,2025-06-22T15:54:36,583.6,Cash on Delivery,Success,0.0
O004556,S011081,U06700,2025-03-21T10:25:36,357.84,UPI,Success,19.0
O004557,S011086,U06705,2025-01-02T20:11:36,1189.31,UPI,Success,0.0
O004558,S011090,U06708,2025-06-25T18:22:36,1159.08,UPI,Success,59.0
O004559,S011094,U06712,2025-05-30T16:55:36,456.03,UPI,Success,0.0
O004560,S011096,U06712,2025-02-07T15:08:36,745.93,UPI,Success,69.0
O004561,S011098,U06713,2025-06-01T10:02:36,546.67,Card,Success,29.0
O004562,S011102,U06714,2025-02-24T18:04:36,563.56,Wallet,Success,39.0
O004563,S011103,U06715,2025-01-15T10:37:36,941.17,UPI,Success,0.0
O004564,S011105,U06715,2025-05-30T12:16:36,969.0,Wallet,Success,0.0
O004565,S011106,U06716,2025-02-21T13:59:36,1373.4,UPI,Success,0.0
O004566,S011108,U06716,2025-02-04T19:44:36,1173.31,UPI,Success,0.0
O004567,S011114,U06720,2025-04-25T14:44:36,494.45,UPI,Success,69.0
O004568,S011120,U06724,2025-04-21T22:15:36,496.57,Card,Success,29.0
O004569,S011126,U06729,2025-03-02T11:38:36,848.25,UPI,Success,29.0
O004570,S011128,U06730,2025-06-09T23:01:36,382.74,UPI,Success,29.0
O004571,S011132,U06731,2025-02-25T07:35:36,602.72,Card,Success,49.0
O004573,S011141,U06736,2025-02-23T18:12:36,1494.75,UPI,Success,19.0
O004575,S011147,U06739,2025-05-07T22:29:36,1016.39,UPI,Success,0.0
O004576,S011148,U06739,2025-03-16T11:59:36,942.95,UPI,Success,49.0
O004577,S011150,U06740,2025-02-23T19:38:36,372.77,Card,Success,59.0
O004578,S011152,U06742,2025-02-13T12:10:36,1081.29,UPI,Success,0.0
O004580,S011158,U06747,2025-01-06T08:44:36,1673.12,UPI,Success,0.0
O004582,S011160,U06748,2025-05-11T21:28:36,538.16,Card,Success,19.0
O004583,S011162,U06749,2025-06-17T13:58:36,665.18,Cash on Delivery,Success,49.0
O004584,S011165,U06752,2025-01-17T19:44:36,671.74,UPI,Success,39.0
O004585,S011166,U06753,2025-01-28T19:41:36,553.03,Card,Success,29.0
O004586,S011167,U06753,2025-05-11T07:28:36,787.54,UPI,Success,19.0
O004587,S011169,U06754,2025-06-13T21:58:36,1009.01,UPI,Success,0.0
O004588,S011170,U06754,2025-01-01T12:09:36,832.56,UPI,Success,29.0
O004589,S011172,U06754,2025-01-01T14:15:36,894.56,UPI,Success,49.0
O004590,S011174,U06756,2025-04-07T13:24:36,852.15,Wallet,Success,0.0
O004591,S011178,U06758,2025-06-07T20:42:36,1040.55,UPI,Success,0.0
O004592,S011179,U06759,2025-05-23T07:52:36,582.33,UPI,Success,19.0
O004594,S011182,U06762,2025-04-28T12:38:36,1413.03,UPI,Success,0.0
O004595,S011184,U06763,2025-05-13T19:09:36,829.71,UPI,Success,19.0
O004596,S011185,U06763,2025-06-09T14:47:36,888.68,UPI,Success,59.0
O004597,S011187,U06764,2025-03-25T14:34:36,385.51,Card,Success,49.0
O004598,S011193,U06769,2025-02-09T17:19:36,735.85,UPI,Success,19.0
O004599,S011195,U06770,2025-06-06T15:54:36,769.81,UPI,Success,69.0
O004601,S011197,U06771,2025-03-10T17:51:36,1052.2,Card,Success,0.0
O004602,S011200,U06774,2025-02-10T11:33:36,980.55,UPI,Success,0.0
O004603,S011201,U06775,2025-01-01T08:12:36,574.86,Card,Success,29.0
O004604,S011205,U06778,2025-05-03T15:48:36,641.22,Card,Success,0.0
O004605,S011210,U06783,2025-06-25T18:52:36,2179.95,UPI,Success,0.0
O004606,S011211,U06784,2025-01-29T22:13:36,479.85,UPI,Success,49.0
O004607,S011212,U06785,2025-06-15T08:12:36,793.8,Wallet,Success,0.0
O004609,S011221,U06792,2025-06-04T22:00:36,474.81,Card,Success,49.0
O004610,S011226,U06793,2025-05-06T19:27:36,517.58,UPI,Success,19.0
O004611,S011231,U06795,2025-06-10T12:15:36,659.26,UPI,Success,49.0
O004612,S011233,U06797,2025-01-28T12:02:36,849.82,Wallet,Success,39.0
O004613,S011234,U06797,2025-03-20T17:32:36,546.17,UPI,Success,19.0
O004615,S011242,U06802,2025-03-30T10:01:36,732.28,UPI,Success,49.0
O004616,S011245,U06802,2025-01-02T08:11:36,471.59,UPI,Success,49.0
O004617,S011251,U06808,2025-04-04T21:39:36,297.99,Cash on Delivery,Success,59.0
O004618,S011252,U06808,2025-01-07T20:16:36,759.57,Card,Success,39.0
O004619,S011253,U06808,2025-05-28T16:19:36,681.46,UPI,Success,29.0
O004621,S011256,U06811,2025-02-11T09:37:36,687.62,UPI,Success,19.0
O004622,S011258,U06813,2025-06-08T21:29:36,914.45,UPI,Success,0.0
O004623,S011261,U06815,2025-06-01T18:59:36,733.12,UPI,Success,49.0
O004624,S011262,U06816,2025-04-25T08:19:36,973.44,Card,Success,29.0
O004625,S011263,U06816,2025-01-17T20:20:36,507.34,UPI,Success,39.0
O004626,S011264,U06817,2025-06-23T17:33:36,1337.85,Wallet,Success,0.0
O004627,S011267,U06819,2025-01-27T17:00:36,484.07,UPI,Success,39.0
O004628,S011268,U06820,2025-02-19T13:27:36,1279.05,UPI,Success,0.0
O004629,S011276,U06823,2025-04-20T20:27:36,631.03,Card,Success,0.0
O004630,S011278,U06825,2025-06-30T13:41:36,1058.3,UPI,Success,0.0
O004631,S011279,U06825,2025-05-01T09:53:36,843.53,Card,Success,49.0
O004632,S011281,U06826,2025-02-11T19:22:36,386.02,Card,Success,49.0
O004634,S011283,U06828,2025-04-08T15:09:36,486.59,UPI,Success,49.0
O004635,S011285,U06829,2025-03-02T07:46:36,534.41,Card,Success,49.0
O004636,S011286,U06830,2025-01-05T10:37:36,1001.61,Cash on Delivery,Success,39.0
O004637,S011289,U06832,2025-02-23T07:53:36,1211.81,Card,Success,0.0
O004638,S011291,U06833,2025-04-30T18:17:36,1554.39,UPI,Success,0.0
O004639,S011292,U06834,2025-01-28T10:43:36,757.65,Wallet,Success,69.0
O004640,S011293,U06835,2025-01-13T18:18:36,524.54,UPI,Success,49.0
O004641,S011294,U06835,2025-02-05T07:47:36,1078.86,UPI,Success,19.0
O004642,S011300,U06840,2025-04-21T13:01:36,842.72,Cash on Delivery,Success,49.0
O004643,S011301,U06840,2025-01-29T18:54:36,1546.99,UPI,Success,29.0
O004644,S011302,U06841,2025-02-02T20:50:36,624.55,UPI,Success,39.0
O004646,S011306,U06844,2025-03-05T13:53:36,716.5,UPI,Success,49.0
O004648,S011308,U06845,2025-02-20T11:54:36,973.83,Wallet,Success,0.0
O004649,S011309,U06846,2025-01-12T13:40:36,496.26,UPI,Success,29.0
O004650,S011310,U06846,2025-06-24T17:37:36,616.36,Cash on Delivery,Success,59.0
O004651,S011313,U06848,2025-04-05T07:41:36,1010.42,UPI,Success,0.0
O004652,S011314,U06849,2025-03-28T16:02:36,652.14,Cash on Delivery,Success,19.0
O004653,S011315,U06850,2025-04-07T14:37:36,1018.57,Card,Success,0.0
O004654,S011317,U06851,2025-05-28T08:08:36,962.13,UPI,Success,0.0
O004656,S011321,U06853,2025-01-21T16:19:36,1068.54,Cash on Delivery,Success,0.0
O004657,S011323,U06854,2025-05-06T10:32:36,979.57,UPI,Success,0.0
O004659,S011325,U06855,2025-02-19T11:37:36,1104.79,UPI,Success,39.0
O004660,S011327,U06857,2025-03-28T22:00:36,509.91,Wallet,Success,0.0
O004661,S011329,U06858,2025-01-16T18:24:36,639.31,UPI,Success,19.0
O004662,S011334,U06861,2025-03-25T07:09:36,331.0,UPI,Success,59.0
O004664,S011337,U06862,2025-02-19T22:21:36,1098.92,UPI,Success,0.0
O004665,S011338,U06863,2025-04-20T11:37:36,1120.87,UPI,Success,0.0
O004666,S011339,U06863,2025-03-12T20:52:36,805.48,UPI,Success,39.0
O004668,S011343,U06867,2025-05-07T12:25:36,435.28,Card,Success,49.0
O004669,S011345,U06869,2025-06-09T21:41:36,921.0,UPI,Success,0.0
O004670,S011347,U06871,2025-03-13T22:23:36,926.88,Card,Success,0.0
O004671,S011349,U06871,2025-02-19T18:46:36,1192.3,UPI,Success,59.0
O004672,S011358,U06877,2025-03-29T09:29:36,654.28,Card,Success,39.0
O004673,S011360,U06879,2025-02-19T10:26:36,539.38,UPI,Success,69.0
O004675,S011362,U06881,2025-06-02T17:17:36,1124.89,UPI,Success,0.0
O004676,S011364,U06882,2025-04-13T20:53:36,1567.54,UPI,Success,0.0
O004678,S011367,U06884,2025-02-26T07:12:36,834.04,Card,Success,0.0
O004679,S011370,U06885,2025-02-22T13:23:36,1458.15,Wallet,Success,0.0
O004680,S011372,U06885,2025-01-04T08:56:36,848.64,UPI,Success,29.0
O004681,S011375,U06888,2025-02-03T21:57:36,891.41,UPI,Success,69.0
O004682,S011378,U06890,2025-06-02T07:28:36,1675.54,UPI,Success,0.0
O004683,S011380,U06890,2025-05-22T16:01:36,400.78,UPI,Success,0.0
O004684,S011381,U06891,2025-06-17T22:17:36,1072.65,UPI,Success,0.0
O004687,S011389,U06896,2025-05-21T09:15:36,753.57,Wallet,Success,69.0
O004688,S011392,U06897,2025-05-11T08:19:36,688.97,UPI,Success,49.0
O004689,S011394,U06897,2025-05-09T20:44:36,677.26,UPI,Success,19.0
O004690,S011397,U06898,2025-06-13T12:35:36,555.48,UPI,Success,0.0
O004691,S011400,U06899,2025-03-18T14:19:36,307.17,Cash on Delivery,Success,39.0
O004692,S011401,U06900,2025-04-14T19:52:36,696.67,Wallet,Success,49.0
O004693,S011402,U06900,2025-01-20T15:02:36,1246.08,UPI,Success,39.0
O004694,S011408,U06903,2025-03-27T14:36:36,834.5,Card,Success,49.0
O004695,S011411,U06903,2025-04-11T22:25:36,399.54,UPI,Success,39.0
O004697,S011416,U06907,2025-02-17T08:36:36,789.99,Cash on Delivery,Success,59.0
O004698,S011417,U06907,2025-05-10T15:30:36,490.84,Card,Success,39.0
O004701,S011423,U06910,2025-04-16T18:09:36,852.27,UPI,Success,39.0
O004702,S011430,U06913,2025-02-25T10:23:36,1025.59,Card,Success,0.0
O004703,S011431,U06914,2025-01-28T12:46:36,961.26,UPI,Success,0.0
O004706,S011439,U06917,2025-04-26T19:56:36,568.67,Cash on Delivery,Success,69.0
O004707,S011440,U06917,2025-02-11T10:48:36,673.53,Wallet,Success,39.0
O004708,S011441,U06918,2025-06-13T07:29:36,868.19,UPI,Success,39.0
O004709,S011442,U06918,2025-03-10T09:41:36,432.38,UPI,Success,39.0
O004710,S011446,U06920,2025-03-06T11:32:36,539.72,UPI,Success,19.0
O004711,S011449,U06922,2025-02-02T10:38:36,961.4,Card,Success,0.0
O004712,S011450,U06923,2025-01-11T20:48:36,729.55,Wallet,Success,29.0
O004713,S011453,U06926,2025-02-18T17:36:36,489.48,UPI,Success,39.0
O004714,S011455,U06928,2025-04-30T12:26:36,1014.24,UPI,Success,0.0
O004715,S011456,U06928,2025-04-19T07:40:36,1193.91,Wallet,Success,0.0
O004716,S011457,U06928,2025-02-01T07:37:36,681.29,UPI,Success,59.0
O004718,S011461,U06929,2025-02-03T08:21:36,428.12,UPI,Success,39.0
O004719,S011462,U06929,2025-02-17T17:05:36,686.4,UPI,Success,59.0
O004720,S011465,U06932,2025-06-17T14:17:36,677.58,UPI,Success,0.0
O004721,S011466,U06933,2025-06-10T19:46:36,685.44,Card,Success,19.0
O004722,S011467,U06933,2025-02-21T13:13:36,452.7,UPI,Success,29.0
O004723,S011469,U06934,2025-02-04T22:11:36,388.76,UPI,Success,0.0
O004724,S011471,U06935,2025-05-04T12:07:36,534.95,UPI,Success,39.0
O004725,S011472,U06935,2025-01-06T09:46:36,1033.3,Card,Success,0.0
O004726,S011473,U06936,2025-02-09T20:45:36,962.87,Card,Success,0.0
O004727,S011474,U06936,2025-04-14T10:39:36,770.91,Card,Success,59.0
O004728,S011477,U06938,2025-03-31T19:53:36,924.66,Card,Success,0.0
O004729,S011481,U06940,2025-04-27T15:47:36,505.74,Wallet,Success,29.0
O004731,S011484,U06942,2025-04-16T13:08:36,489.44,UPI,Success,29.0
O004732,S011487,U06943,2025-02-17T22:57:36,762.32,Card,Success,39.0
O004733,S011490,U06945,2025-01-22T20:00:36,505.46,UPI,Success,0.0
O004734,S011492,U06946,2025-05-06T22:29:36,828.63,UPI,Success,49.0
O004735,S011493,U06947,2025-04-03T13:29:36,1137.74,UPI,Success,39.0
O004736,S011496,U06948,2025-06-18T07:17:36,772.08,Wallet,Success,29.0
O004737,S011499,U06951,2025-06-24T16:40:36,700.61,UPI,Success,39.0
O004738,S011502,U06952,2025-05-30T08:29:36,953.46,Card,Success,0.0
O004739,S011504,U06954,2025-01-07T17:09:36,687.07,UPI,Success,29.0
O004740,S011505,U06954,2025-02-09T07:56:36,497.02,UPI,Success,69.0
O004741,S011507,U06955,2025-06-14T12:18:36,515.77,Wallet,Success,59.0
O004742,S011510,U06957,2025-03-22T07:59:36,181.04,Wallet,Success,39.0
O004743,S011512,U06958,2025-02-09T18:12:36,732.84,UPI,Success,49.0
O004744,S011515,U06960,2025-04-19T20:15:36,868.19,UPI,Success,19.0
O004746,S011520,U06963,2025-03-27T07:44:36,1245.71,Card,Success,0.0
O004747,S011521,U06963,2025-05-12T12:06:36,591.44,Wallet,Success,49.0
O004748,S011523,U06965,2025-04-07T07:39:36,786.69,UPI,Success,0.0
O004749,S011526,U06968,2025-01-05T11:49:36,976.04,UPI,Success,0.0
O004750,S011527,U06969,2025-05-26T10:25:36,1356.59,UPI,Success,39.0
O004751,S011528,U06969,2025-03-16T12:31:36,219.11,Card,Success,49.0
O004752,S011529,U06970,2025-02-03T10:39:36,1179.6,Cash on Delivery,Success,0.0
O004753,S011530,U06971,2025-01-08T07:31:36,634.3,UPI,Success,59.0
O004754,S011532,U06973,2025-05-04T12:48:36,506.5,UPI,Success,49.0
O004755,S011533,U06974,2025-04-02T08:31:36,490.69,Card,Success,29.0
O004756,S011535,U06974,2025-02-10T08:04:36,803.72,Wallet,Success,59.0
O004757,S011536,U06974,2025-03-10T08:32:36,552.34,Card,Success,69.0
O004758,S011537,U06975,2025-01-09T16:48:36,433.46,UPI,Success,39.0
O004759,S011538,U06975,2025-05-01T14:38:36,1678.66,UPI,Success,0.0
O004760,S011539,U06976,2025-02-16T11:59:36,721.81,UPI,Success,19.0
O004761,S011541,U06977,2025-03-08T08:15:36,495.91,UPI,Success,0.0
O004763,S011546,U06980,2025-04-28T12:39:36,466.26,Card,Success,39.0
O004764,S011549,U06981,2025-02-24T12:54:36,947.67,Card,Success,39.0
O004765,S011550,U06981,2025-05-30T14:31:36,1245.88,UPI,Success,0.0
O004766,S011555,U06986,2025-01-15T11:55:36,459.26,UPI,Success,29.0
O004767,S011557,U06987,2025-02-25T15:52:36,722.21,UPI,Success,49.0
O004768,S011561,U06989,2025-03-08T13:15:36,995.57,Card,Success,49.0
O004769,S011569,U06994,2025-06-29T19:55:36,615.27,Wallet,Success,29.0
O004770,S011575,U06998,2025-02-14T19:33:36,730.81,UPI,Success,39.0
O004771,S011578,U07000,2025-04-26T22:22:36,1021.7,UPI,Success,0.0
O004772,S011579,U07000,2025-04-18T20:34:36,1118.17,Card,Success,39.0
