experiment_session_id,variant,checkout_started,payment_attempt,payment_failed,order_completed,order_value
EXP00001,Control,1,1,0,1,557.01
EXP00002,Control,1,1,0,1,641.64
EXP00003,Treatment,1,1,0,1,503.17
EXP00004,Treatment,1,1,0,1,514.34
EXP00005,Control,0,0,0,0,0.0
EXP00006,Treatment,0,0,0,0,0.0
EXP00007,Treatment,1,1,0,1,729.88
EXP00008,Treatment,1,1,0,1,2004.31
EXP00009,Control,1,1,0,1,1228.81
EXP00010,Treatment,1,1,1,0,0.0
EXP00011,Control,0,0,0,0,0.0
EXP00012,Treatment,0,0,0,0,0.0
EXP00013,Control,1,1,0,1,869.46
EXP00014,Control,1,1,1,0,0.0
EXP00015,Control,1,1,0,1,870.82
EXP00016,Control,1,0,0,0,0.0
EXP00017,Treatment,1,1,0,1,878.82
EXP00018,Control,1,1,0,1,995.75
EXP00019,Treatment,1,1,0,1,875.15
EXP00020,Control,1,1,1,0,0.0
EXP00021,Control,0,0,0,0,0.0
EXP00022,Control,1,1,0,1,874.15
EXP00023,Control,1,1,0,1,1105.58
EXP00024,Control,1,1,0,1,500.78
EXP00025,Control,1,1,0,1,651.23
EXP00026,Treatment,1,0,0,0,0.0
EXP00027,Treatment,1,1,0,1,724.53
EXP00028,Control,1,1,0,1,671.48
EXP00029,Control,1,0,0,0,0.0
EXP00030,Treatment,1,1,0,1,374.87
EXP00031,Treatment,1,1,1,0,0.0
EXP00032,Control,1,1,0,1,838.54
EXP00033,Control,0,0,0,0,0.0
EXP00034,Control,0,0,0,0,0.0
EXP00035,Treatment,1,1,0,1,412.06
EXP00036,Control,0,0,0,0,0.0
EXP00037,Treatment,1,1,0,1,775.33
EXP00038,Treatment,0,0,0,0,0.0
EXP00039,Control,1,1,0,1,680.71
EXP00040,Control,1,1,0,1,714.73
EXP00041,Control,1,1,0,1,447.06
EXP00042,Control,1,1,1,0,0.0
EXP00043,Control,0,0,0,0,0.0
EXP00044,Control,0,0,0,0,0.0
EXP00045,Control,1,1,0,1,1393.85
EXP00046,Treatment,0,0,0,0,0.0
EXP00047,Treatment,1,1,0,1,919.83
EXP00048,Treatment,1,1,1,0,0.0
EXP00049,Treatment,0,0,0,0,0.0
EXP00050,Treatment,1,1,1,0,0.0
EXP00051,Treatment,1,1,0,1,686.45
EXP00052,Control,0,0,0,0,0.0
EXP00053,Control,1,1,0,1,995.79
EXP00054,Treatment,1,1,0,1,849.76
EXP00055,Control,1,1,1,0,0.0
EXP00056,Control,1,1,0,1,1319.3
EXP00057,Control,1,1,0,1,711.62
EXP00058,Treatment,1,1,0,1,1026.84
EXP00059,Control,1,1,0,1,1093.7
EXP00060,Control,1,1,0,1,864.03
EXP00061,Treatment,1,1,0,1,911.37
EXP00062,Control,1,1,0,1,1023.97
EXP00063,Control,1,1,0,1,367.6
EXP00064,Control,0,0,0,0,0.0
EXP00065,Control,1,1,0,1,626.72
EXP00066,Treatment,0,0,0,0,0.0
EXP00067,Control,1,1,0,1,513.44
EXP00068,Treatment,1,1,0,1,668.23
EXP00069,Treatment,1,1,0,1,748.59
EXP00070,Control,0,0,0,0,0.0
EXP00071,Control,1,1,0,1,865.56
EXP00072,Treatment,0,0,0,0,0.0
EXP00073,Treatment,1,1,0,1,1069.86
EXP00074,Control,1,1,0,1,1151.04
EXP00075,Control,1,1,0,1,851.35
EXP00076,Treatment,1,1,0,1,621.33
EXP00077,Treatment,1,1,0,1,1220.09
EXP00078,Treatment,1,1,0,1,1049.56
EXP00079,Control,1,1,1,0,0.0
EXP00080,Treatment,1,1,0,1,594.69
EXP00081,Control,1,1,1,0,0.0
EXP00082,Control,1,1,0,1,563.11
EXP00083,Control,1,1,1,0,0.0
EXP00084,Treatment,1,1,0,1,758.45
EXP00085,Treatment,0,0,0,0,0.0
EXP00086,Treatment,0,0,0,0,0.0
EXP00087,Control,1,1,0,1,1386.66
EXP00088,Control,1,1,0,1,717.97
EXP00089,Treatment,1,0,0,0,0.0
EXP00090,Treatment,1,1,0,1,1095.19
EXP00091,Control,1,0,0,0,0.0
EXP00092,Control,1,1,0,1,827.32
EXP00093,Treatment,1,1,0,1,542.72
EXP00094,Treatment,1,1,0,1,840.47
EXP00095,Control,0,0,0,0,0.0
EXP00096,Treatment,1,1,0,1,794.3
EXP00097,Treatment,1,1,0,1,706.05
EXP00098,Control,1,1,0,1,938.77
EXP00099,Treatment,1,1,0,1,901.7
EXP00100,Control,1,1,0,1,901.52
EXP00101,Control,0,0,0,0,0.0
EXP00102,Treatment,1,1,0,1,857.92
EXP00103,Control,0,0,0,0,0.0
EXP00104,Control,0,0,0,0,0.0
EXP00105,Control,1,1,0,1,789.22
EXP00106,Control,0,0,0,0,0.0
EXP00107,Treatment,1,1,0,1,819.25
EXP00108,Treatment,1,1,0,1,794.71
EXP00109,Treatment,1,1,0,1,538.55
EXP00110,Control,1,1,0,1,695.23
EXP00111,Treatment,1,0,0,0,0.0
EXP00112,Control,1,1,0,1,584.59
EXP00113,Control,1,1,0,1,687.81
EXP00114,Treatment,1,1,0,1,367.54
EXP00115,Treatment,1,1,1,0,0.0
EXP00116,Control,1,1,1,0,0.0
EXP00117,Control,0,0,0,0,0.0
EXP00118,Treatment,0,0,0,0,0.0
EXP00119,Control,0,0,0,0,0.0
EXP00120,Control,0,0,0,0,0.0
EXP00121,Treatment,1,1,0,1,491.65
EXP00122,Control,1,1,0,1,666.96
EXP00123,Treatment,1,1,1,0,0.0
EXP00124,Control,1,1,0,1,814.7
EXP00125,Treatment,1,0,0,0,0.0
EXP00126,Treatment,1,1,0,1,1097.87
EXP00127,Treatment,1,1,0,1,1111.84
EXP00128,Control,1,1,0,1,892.31
EXP00129,Control,1,1,0,1,1035.22
EXP00130,Treatment,1,1,0,1,921.58
EXP00131,Control,0,0,0,0,0.0
EXP00132,Control,1,1,0,1,1392.49
EXP00133,Treatment,0,0,0,0,0.0
EXP00134,Treatment,1,1,0,1,523.86
EXP00135,Control,1,0,0,0,0.0
EXP00136,Treatment,0,0,0,0,0.0
EXP00137,Treatment,1,1,0,1,1376.87
EXP00138,Control,1,1,0,1,513.17
EXP00139,Treatment,0,0,0,0,0.0
EXP00140,Control,0,0,0,0,0.0
EXP00141,Control,0,0,0,0,0.0
EXP00142,Treatment,1,1,0,1,439.84
EXP00143,Treatment,0,0,0,0,0.0
EXP00144,Control,1,1,1,0,0.0
EXP00145,Control,1,1,0,1,545.47
EXP00146,Control,1,1,0,1,746.72
EXP00147,Treatment,1,1,1,0,0.0
EXP00148,Control,1,1,0,1,1263.58
EXP00149,Treatment,1,1,0,1,878.09
EXP00150,Treatment,1,1,0,1,808.3
EXP00151,Control,1,1,0,1,1379.49
EXP00152,Treatment,1,1,0,1,582.06
EXP00153,Control,1,1,0,1,586.96
EXP00154,Control,1,1,0,1,1545.8
EXP00155,Control,1,1,1,0,0.0
EXP00156,Control,1,1,0,1,888.9
EXP00157,Control,1,0,0,0,0.0
EXP00158,Treatment,1,1,0,1,1439.75
EXP00159,Treatment,0,0,0,0,0.0
EXP00160,Treatment,1,1,0,1,848.74
EXP00161,Treatment,1,1,0,1,1251.2
EXP00162,Control,1,1,0,1,1725.36
EXP00163,Treatment,1,1,0,1,694.37
EXP00164,Control,1,1,0,1,1317.32
EXP00165,Treatment,1,1,0,1,875.09
EXP00166,Treatment,1,1,0,1,857.2
EXP00167,Treatment,1,1,0,1,581.67
EXP00168,Control,1,1,0,1,736.88
EXP00169,Control,1,1,0,1,716.18
EXP00170,Treatment,1,1,0,1,750.11
EXP00171,Control,1,1,0,1,686.39
EXP00172,Treatment,1,1,1,0,0.0
EXP00173,Treatment,1,1,0,1,819.18
EXP00174,Treatment,1,1,0,1,892.88
EXP00175,Control,1,0,0,0,0.0
EXP00176,Control,1,1,0,1,1076.31
EXP00177,Treatment,0,0,0,0,0.0
EXP00178,Treatment,0,0,0,0,0.0
EXP00179,Treatment,0,0,0,0,0.0
EXP00180,Treatment,1,1,1,0,0.0
EXP00181,Treatment,1,0,0,0,0.0
EXP00182,Treatment,0,0,0,0,0.0
EXP00183,Control,1,0,0,0,0.0
EXP00184,Control,1,1,1,0,0.0
EXP00185,Control,1,1,1,0,0.0
EXP00186,Treatment,1,1,0,1,914.22
EXP00187,Treatment,1,1,0,1,925.64
EXP00188,Control,1,1,1,0,0.0
EXP00189,Control,1,1,0,1,1520.62
EXP00190,Control,0,0,0,0,0.0
EXP00191,Treatment,0,0,0,0,0.0
EXP00192,Treatment,1,1,0,1,507.32
EXP00193,Control,1,1,1,0,0.0
EXP00194,Control,0,0,0,0,0.0
EXP00195,Treatment,1,1,0,1,945.12
EXP00196,Control,1,1,0,1,1049.67
EXP00197,Treatment,1,1,0,1,970.51
EXP00198,Control,1,1,0,1,718.75
EXP00199,Treatment,1,1,1,0,0.0
EXP00200,Treatment,0,0,0,0,0.0
EXP00201,Control,1,1,0,1,817.17
EXP00202,Control,1,1,0,1,602.57
EXP00203,Control,1,1,0,1,376.87
EXP00204,Control,1,1,0,1,668.56
EXP00205,Treatment,1,1,0,1,1013.7
EXP00206,Treatment,1,1,0,1,762.87
EXP00207,Control,0,0,0,0,0.0
EXP00208,Treatment,1,1,0,1,625.34
EXP00209,Treatment,1,1,1,0,0.0
EXP00210,Treatment,1,1,1,0,0.0
EXP00211,Treatment,1,1,0,1,362.96
EXP00212,Control,1,1,0,1,657.03
EXP00213,Control,1,1,0,1,467.89
EXP00214,Control,1,1,1,0,0.0
EXP00215,Control,0,0,0,0,0.0
EXP00216,Control,0,0,0,0,0.0
EXP00217,Treatment,1,1,1,0,0.0
EXP00218,Control,1,1,0,1,929.79
EXP00219,Treatment,1,1,0,1,907.8
EXP00220,Treatment,1,1,0,1,952.06
EXP00221,Control,0,0,0,0,0.0
EXP00222,Control,1,1,0,1,833.27
EXP00223,Treatment,1,1,0,1,1157.66
EXP00224,Treatment,1,1,1,0,0.0
EXP00225,Control,1,1,0,1,1078.43
EXP00226,Control,1,0,0,0,0.0
EXP00227,Control,1,1,0,1,1056.24
EXP00228,Control,1,1,0,1,976.14
EXP00229,Control,1,1,0,1,1200.18
EXP00230,Treatment,0,0,0,0,0.0
EXP00231,Control,0,0,0,0,0.0
EXP00232,Control,1,1,0,1,1034.19
EXP00233,Treatment,1,1,0,1,474.56
EXP00234,Control,1,1,0,1,753.03
EXP00235,Control,1,1,0,1,1029.26
EXP00236,Control,1,1,0,1,1008.46
EXP00237,Treatment,1,1,1,0,0.0
EXP00238,Treatment,1,0,0,0,0.0
EXP00239,Treatment,1,1,0,1,608.98
EXP00240,Treatment,0,0,0,0,0.0
EXP00241,Treatment,0,0,0,0,0.0
EXP00242,Treatment,1,1,0,1,910.62
EXP00243,Treatment,1,1,0,1,606.75
EXP00244,Treatment,1,1,0,1,497.97
EXP00245,Treatment,0,0,0,0,0.0
EXP00246,Treatment,1,1,0,1,613.7
EXP00247,Control,1,1,0,1,1059.17
EXP00248,Treatment,0,0,0,0,0.0
EXP00249,Treatment,0,0,0,0,0.0
EXP00250,Treatment,1,1,0,1,897.38
EXP00251,Control,0,0,0,0,0.0
EXP00252,Treatment,1,1,0,1,647.54
EXP00253,Treatment,1,1,0,1,747.88
EXP00254,Control,1,1,0,1,726.47
EXP00255,Treatment,1,1,0,1,398.18
EXP00256,Treatment,0,0,0,0,0.0
EXP00257,Control,1,1,0,1,810.57
EXP00258,Control,1,1,0,1,684.85
EXP00259,Control,1,1,0,1,1110.8
EXP00260,Treatment,0,0,0,0,0.0
EXP00261,Treatment,0,0,0,0,0.0
EXP00262,Treatment,1,0,0,0,0.0
EXP00263,Treatment,1,1,0,1,746.18
EXP00264,Treatment,1,1,0,1,826.88
EXP00265,Treatment,1,1,0,1,987.78
EXP00266,Treatment,1,1,0,1,1259.6
EXP00267,Control,1,1,0,1,577.6
EXP00268,Treatment,1,1,0,1,1202.89
EXP00269,Control,0,0,0,0,0.0
EXP00270,Control,1,1,0,1,767.66
EXP00271,Control,1,1,0,1,941.32
EXP00272,Treatment,1,1,0,1,986.07
EXP00273,Treatment,1,1,0,1,795.77
EXP00274,Control,1,1,0,1,502.52
EXP00275,Treatment,0,0,0,0,0.0
EXP00276,Treatment,1,1,0,1,650.63
EXP00277,Control,1,1,0,1,520.86
EXP00278,Control,1,1,0,1,947.28
EXP00279,Treatment,1,1,0,1,640.84
EXP00280,Treatment,1,1,0,1,411.88
EXP00281,Control,1,1,0,1,1221.16
EXP00282,Control,0,0,0,0,0.0
EXP00283,Treatment,1,1,0,1,675.2
EXP00284,Treatment,1,1,0,1,933.53
EXP00285,Treatment,0,0,0,0,0.0
EXP00286,Control,1,1,0,1,419.54
EXP00287,Control,1,1,0,1,1024.12
EXP00288,Treatment,1,1,0,1,962.67
EXP00289,Treatment,1,1,1,0,0.0
EXP00290,Control,1,1,0,1,958.44
EXP00291,Treatment,0,0,0,0,0.0
EXP00292,Control,1,1,0,1,996.07
EXP00293,Treatment,1,1,0,1,663.18
EXP00294,Control,1,1,0,1,812.45
EXP00295,Control,1,1,0,1,729.92
EXP00296,Treatment,1,1,0,1,619.18
EXP00297,Treatment,1,1,0,1,747.2
EXP00298,Control,0,0,0,0,0.0
EXP00299,Treatment,1,1,0,1,527.28
EXP00300,Treatment,1,1,0,1,1308.24
EXP00301,Treatment,1,1,0,1,660.37
EXP00302,Control,1,1,0,1,417.48
EXP00303,Control,0,0,0,0,0.0
EXP00304,Treatment,1,1,0,1,877.8
EXP00305,Control,1,1,0,1,997.27
EXP00306,Control,1,1,0,1,732.32
EXP00307,Treatment,1,1,1,0,0.0
EXP00308,Treatment,1,1,0,1,922.47
EXP00309,Treatment,1,1,1,0,0.0
EXP00310,Control,1,1,0,1,856.17
EXP00311,Treatment,1,1,0,1,605.13
EXP00312,Treatment,1,1,0,1,1033.55
EXP00313,Control,1,1,0,1,680.21
EXP00314,Control,0,0,0,0,0.0
EXP00315,Control,1,0,0,0,0.0
EXP00316,Control,1,0,0,0,0.0
EXP00317,Control,1,1,0,1,604.45
EXP00318,Treatment,1,1,0,1,736.1
EXP00319,Treatment,0,0,0,0,0.0
EXP00320,Treatment,1,1,0,1,868.9
EXP00321,Treatment,1,1,0,1,1023.58
EXP00322,Control,1,1,0,1,892.53
EXP00323,Control,1,1,0,1,1124.46
EXP00324,Treatment,0,0,0,0,0.0
EXP00325,Treatment,1,0,0,0,0.0
EXP00326,Control,1,1,0,1,1330.96
EXP00327,Treatment,1,1,0,1,705.17
EXP00328,Treatment,1,1,0,1,832.8
EXP00329,Treatment,1,1,0,1,351.39
EXP00330,Treatment,1,1,0,1,615.65
EXP00331,Treatment,1,1,0,1,1420.92
EXP00332,Control,1,1,0,1,606.43
EXP00333,Control,1,1,0,1,356.96
EXP00334,Control,1,1,0,1,819.4
EXP00335,Control,1,1,0,1,698.31
EXP00336,Control,1,1,0,1,1072.89
EXP00337,Control,1,1,0,1,477.67
EXP00338,Control,1,1,0,1,956.14
EXP00339,Treatment,0,0,0,0,0.0
EXP00340,Treatment,1,1,0,1,530.65
EXP00341,Treatment,1,1,0,1,503.9
EXP00342,Treatment,1,1,0,1,594.19
EXP00343,Control,1,1,1,0,0.0
EXP00344,Treatment,1,1,0,1,1159.28
EXP00345,Treatment,1,1,0,1,876.15
EXP00346,Treatment,1,1,1,0,0.0
EXP00347,Treatment,0,0,0,0,0.0
EXP00348,Control,1,1,0,1,929.64
EXP00349,Control,1,1,0,1,1301.83
EXP00350,Control,1,1,1,0,0.0
EXP00351,Control,0,0,0,0,0.0
EXP00352,Treatment,0,0,0,0,0.0
EXP00353,Control,1,1,0,1,1185.58
EXP00354,Treatment,1,1,1,0,0.0
EXP00355,Treatment,1,1,0,1,492.98
EXP00356,Control,1,1,0,1,476.69
EXP00357,Control,1,1,0,1,722.51
EXP00358,Treatment,1,1,0,1,930.0
EXP00359,Treatment,1,1,0,1,615.98
EXP00360,Treatment,1,1,0,1,886.86
EXP00361,Control,0,0,0,0,0.0
EXP00362,Treatment,1,1,0,1,799.52
EXP00363,Treatment,1,1,0,1,924.67
EXP00364,Control,1,1,1,0,0.0
EXP00365,Control,1,1,0,1,774.0
EXP00366,Control,1,1,0,1,1058.27
EXP00367,Control,1,1,0,1,1060.41
EXP00368,Control,1,1,1,0,0.0
EXP00369,Treatment,1,1,0,1,806.04
EXP00370,Control,1,1,0,1,1035.49
EXP00371,Treatment,1,1,0,1,693.69
EXP00372,Treatment,1,1,0,1,1199.21
EXP00373,Treatment,1,1,1,0,0.0
EXP00374,Treatment,1,1,0,1,526.42
EXP00375,Treatment,1,1,0,1,521.45
EXP00376,Control,1,0,0,0,0.0
EXP00377,Control,1,1,0,1,730.91
EXP00378,Treatment,1,1,0,1,379.3
EXP00379,Control,1,1,0,1,516.68
EXP00380,Treatment,1,1,0,1,1049.36
EXP00381,Treatment,1,1,0,1,704.16
EXP00382,Treatment,1,1,0,1,803.3
EXP00383,Treatment,1,1,0,1,1269.73
EXP00384,Treatment,1,1,0,1,659.89
EXP00385,Treatment,1,1,0,1,1045.4
EXP00386,Control,0,0,0,0,0.0
EXP00387,Control,1,1,0,1,329.42
EXP00388,Control,0,0,0,0,0.0
EXP00389,Treatment,1,1,0,1,1368.98
EXP00390,Control,0,0,0,0,0.0
EXP00391,Control,0,0,0,0,0.0
EXP00392,Control,1,1,0,1,1305.24
EXP00393,Treatment,1,1,0,1,1217.61
EXP00394,Control,1,1,0,1,537.12
EXP00395,Control,0,0,0,0,0.0
EXP00396,Control,1,1,0,1,737.23
EXP00397,Treatment,1,1,0,1,923.35
EXP00398,Control,1,1,0,1,1172.46
EXP00399,Treatment,1,1,0,1,694.96
EXP00400,Treatment,1,1,0,1,907.0
EXP00401,Control,0,0,0,0,0.0
EXP00402,Control,0,0,0,0,0.0
EXP00403,Treatment,1,1,0,1,733.88
EXP00404,Treatment,0,0,0,0,0.0
EXP00405,Control,1,1,0,1,561.91
EXP00406,Control,1,1,0,1,1302.33
EXP00407,Control,1,1,0,1,1079.72
EXP00408,Treatment,1,1,1,0,0.0
EXP00409,Treatment,1,1,0,1,488.73
EXP00410,Treatment,1,1,0,1,751.17
EXP00411,Control,1,1,0,1,534.34
EXP00412,Treatment,1,1,0,1,621.06
EXP00413,Treatment,1,1,0,1,942.18
EXP00414,Control,1,1,0,1,2072.84
EXP00415,Control,1,1,0,1,1067.78
EXP00416,Control,1,1,0,1,806.16
EXP00417,Treatment,1,1,0,1,665.28
EXP00418,Treatment,1,1,0,1,638.83
EXP00419,Treatment,1,1,0,1,469.83
EXP00420,Treatment,1,1,0,1,1033.96
EXP00421,Treatment,1,0,0,0,0.0
EXP00422,Treatment,1,1,0,1,1000.27
EXP00423,Treatment,1,1,0,1,511.92
EXP00424,Control,1,1,0,1,719.13
EXP00425,Control,1,0,0,0,0.0
EXP00426,Control,1,1,0,1,641.82
EXP00427,Control,0,0,0,0,0.0
EXP00428,Control,1,1,1,0,0.0
EXP00429,Treatment,1,1,0,1,811.9
EXP00430,Treatment,1,1,0,1,844.11
EXP00431,Control,1,1,0,1,1154.32
EXP00432,Control,1,1,0,1,607.16
EXP00433,Treatment,1,1,1,0,0.0
EXP00434,Control,1,1,0,1,1267.91
EXP00435,Treatment,1,1,0,1,660.13
EXP00436,Treatment,1,1,0,1,628.27
EXP00437,Treatment,1,1,0,1,914.33
EXP00438,Treatment,1,1,0,1,600.34
EXP00439,Control,1,1,0,1,1143.61
EXP00440,Treatment,1,1,0,1,395.84
EXP00441,Control,0,0,0,0,0.0
EXP00442,Treatment,1,1,0,1,728.38
EXP00443,Treatment,1,1,0,1,545.35
EXP00444,Control,1,1,0,1,529.43
EXP00445,Treatment,1,1,0,1,633.75
EXP00446,Control,1,1,1,0,0.0
EXP00447,Control,1,1,0,1,651.26
EXP00448,Control,1,1,1,0,0.0
EXP00449,Treatment,0,0,0,0,0.0
EXP00450,Treatment,1,1,0,1,642.28
EXP00451,Control,1,1,0,1,1450.71
EXP00452,Treatment,1,1,0,1,818.4
EXP00453,Control,1,1,0,1,598.09
EXP00454,Treatment,1,1,0,1,1038.71
EXP00455,Treatment,1,1,0,1,1589.97
EXP00456,Treatment,1,1,0,1,545.04
EXP00457,Control,1,0,0,0,0.0
EXP00458,Control,1,1,0,1,381.96
EXP00459,Treatment,0,0,0,0,0.0
EXP00460,Treatment,1,1,0,1,990.81
EXP00461,Control,1,1,0,1,829.44
EXP00462,Treatment,1,1,0,1,1288.18
EXP00463,Control,1,1,0,1,735.23
EXP00464,Control,1,1,0,1,468.56
EXP00465,Treatment,1,1,0,1,1337.69
EXP00466,Control,1,1,1,0,0.0
EXP00467,Treatment,1,1,0,1,1253.42
EXP00468,Control,1,1,0,1,642.19
EXP00469,Treatment,1,1,0,1,901.77
EXP00470,Treatment,0,0,0,0,0.0
EXP00471,Treatment,0,0,0,0,0.0
EXP00472,Control,1,1,0,1,571.52
EXP00473,Control,0,0,0,0,0.0
EXP00474,Control,1,1,0,1,753.47
EXP00475,Control,1,1,0,1,547.43
EXP00476,Treatment,1,1,0,1,437.94
EXP00477,Treatment,1,1,0,1,564.24
EXP00478,Treatment,1,1,0,1,549.94
EXP00479,Control,1,1,0,1,465.3
EXP00480,Treatment,1,1,0,1,810.26
EXP00481,Control,1,1,1,0,0.0
EXP00482,Treatment,1,1,0,1,829.45
EXP00483,Treatment,1,1,0,1,860.49
EXP00484,Treatment,1,1,0,1,1050.53
EXP00485,Treatment,1,1,0,1,763.39
EXP00486,Control,1,1,0,1,561.14
EXP00487,Treatment,0,0,0,0,0.0
EXP00488,Treatment,1,1,0,1,998.76
EXP00489,Treatment,1,1,0,1,558.18
EXP00490,Treatment,0,0,0,0,0.0
EXP00491,Control,0,0,0,0,0.0
EXP00492,Treatment,1,1,0,1,1345.96
EXP00493,Control,0,0,0,0,0.0
EXP00494,Treatment,1,1,0,1,927.39
EXP00495,Control,1,1,1,0,0.0
EXP00496,Treatment,1,1,0,1,479.28
EXP00497,Control,1,1,1,0,0.0
EXP00498,Treatment,1,1,0,1,476.07
EXP00499,Control,1,1,0,1,873.75
EXP00500,Control,1,1,0,1,971.56
EXP00501,Control,1,1,0,1,593.25
EXP00502,Control,1,1,0,1,943.2
EXP00503,Control,1,1,0,1,1123.61
EXP00504,Control,1,1,0,1,643.38
EXP00505,Treatment,1,0,0,0,0.0
EXP00506,Treatment,1,1,0,1,669.83
EXP00507,Control,1,1,0,1,761.11
EXP00508,Treatment,1,1,0,1,846.82
EXP00509,Control,0,0,0,0,0.0
EXP00510,Treatment,1,1,0,1,574.82
EXP00511,Control,1,1,1,0,0.0
EXP00512,Control,0,0,0,0,0.0
EXP00513,Control,1,1,0,1,647.45
EXP00514,Treatment,1,1,0,1,580.29
EXP00515,Treatment,1,1,0,1,443.95
EXP00516,Control,1,1,0,1,447.6
EXP00517,Control,1,1,0,1,940.58
EXP00518,Control,0,0,0,0,0.0
EXP00519,Treatment,1,1,0,1,740.01
EXP00520,Treatment,1,1,0,1,1026.69
EXP00521,Control,1,1,0,1,417.69
EXP00522,Control,1,1,0,1,808.71
EXP00523,Treatment,1,0,0,0,0.0
EXP00524,Control,1,1,0,1,683.16
EXP00525,Control,1,1,1,0,0.0
EXP00526,Control,0,0,0,0,0.0
EXP00527,Control,0,0,0,0,0.0
EXP00528,Treatment,1,1,1,0,0.0
EXP00529,Treatment,0,0,0,0,0.0
EXP00530,Control,1,1,0,1,563.58
EXP00531,Treatment,1,1,0,1,777.92
EXP00532,Control,1,1,0,1,370.44
EXP00533,Control,1,1,0,1,964.06
EXP00534,Control,1,1,0,1,939.53
EXP00535,Control,1,1,0,1,637.33
EXP00536,Treatment,1,1,0,1,739.29
EXP00537,Control,1,1,0,1,1425.41
EXP00538,Control,0,0,0,0,0.0
EXP00539,Control,1,1,0,1,1159.72
EXP00540,Treatment,1,1,0,1,744.79
EXP00541,Treatment,1,1,0,1,896.7
EXP00542,Control,1,0,0,0,0.0
EXP00543,Treatment,1,1,0,1,407.64
EXP00544,Treatment,1,1,0,1,557.91
EXP00545,Treatment,1,1,0,1,412.74
EXP00546,Control,1,1,0,1,683.45
EXP00547,Treatment,1,1,0,1,917.14
EXP00548,Treatment,1,1,0,1,949.33
EXP00549,Treatment,1,1,0,1,578.71
EXP00550,Treatment,1,1,0,1,552.85
EXP00551,Treatment,1,1,0,1,645.11
EXP00552,Control,1,1,0,1,1562.72
EXP00553,Control,1,1,0,1,587.36
EXP00554,Control,1,1,0,1,367.16
EXP00555,Control,1,1,0,1,903.5
EXP00556,Treatment,0,0,0,0,0.0
EXP00557,Treatment,1,1,1,0,0.0
EXP00558,Control,1,1,0,1,583.76
EXP00559,Treatment,0,0,0,0,0.0
EXP00560,Control,0,0,0,0,0.0
EXP00561,Control,0,0,0,0,0.0
EXP00562,Treatment,0,0,0,0,0.0
EXP00563,Treatment,1,0,0,0,0.0
EXP00564,Treatment,1,1,0,1,644.84
EXP00565,Treatment,1,1,0,1,554.31
EXP00566,Control,1,1,0,1,807.55
EXP00567,Treatment,1,1,0,1,640.86
EXP00568,Control,0,0,0,0,0.0
EXP00569,Control,1,1,0,1,546.52
EXP00570,Control,1,1,1,0,0.0
EXP00571,Control,1,1,0,1,624.2
EXP00572,Treatment,1,1,0,1,821.39
EXP00573,Control,0,0,0,0,0.0
EXP00574,Control,0,0,0,0,0.0
EXP00575,Control,0,0,0,0,0.0
EXP00576,Treatment,1,1,0,1,591.22
EXP00577,Treatment,1,1,0,1,950.03
EXP00578,Control,1,0,0,0,0.0
EXP00579,Treatment,1,1,0,1,850.83
EXP00580,Control,1,1,0,1,925.35
EXP00581,Treatment,1,1,1,0,0.0
EXP00582,Control,0,0,0,0,0.0
EXP00583,Treatment,1,1,0,1,435.62
EXP00584,Control,1,1,0,1,787.15
EXP00585,Treatment,1,1,0,1,583.7
EXP00586,Treatment,1,1,0,1,712.88
EXP00587,Control,0,0,0,0,0.0
EXP00588,Treatment,1,1,0,1,535.92
EXP00589,Control,1,1,0,1,1057.65
EXP00590,Treatment,1,1,0,1,739.05
EXP00591,Control,1,1,0,1,660.1
EXP00592,Control,0,0,0,0,0.0
EXP00593,Treatment,1,1,0,1,753.91
EXP00594,Control,0,0,0,0,0.0
EXP00595,Control,1,1,0,1,590.65
EXP00596,Treatment,0,0,0,0,0.0
EXP00597,Treatment,1,1,0,1,989.18
EXP00598,Treatment,1,1,1,0,0.0
EXP00599,Treatment,1,0,0,0,0.0
EXP00600,Control,1,1,0,1,1171.62
EXP00601,Treatment,1,1,0,1,546.28
EXP00602,Treatment,1,1,0,1,760.48
EXP00603,Control,1,1,0,1,302.71
EXP00604,Treatment,1,1,0,1,1142.92
EXP00605,Control,1,1,0,1,672.7
EXP00606,Control,0,0,0,0,0.0
EXP00607,Treatment,1,1,0,1,974.88
EXP00608,Control,1,1,0,1,635.57
EXP00609,Control,0,0,0,0,0.0
EXP00610,Control,1,1,0,1,847.87
EXP00611,Treatment,1,1,1,0,0.0
EXP00612,Treatment,1,1,0,1,577.73
EXP00613,Treatment,1,1,0,1,773.72
EXP00614,Treatment,0,0,0,0,0.0
EXP00615,Treatment,1,1,0,1,686.68
EXP00616,Treatment,0,0,0,0,0.0
EXP00617,Control,1,1,0,1,595.98
EXP00618,Control,0,0,0,0,0.0
EXP00619,Treatment,1,1,0,1,813.68
EXP00620,Treatment,1,1,0,1,600.61
EXP00621,Control,0,0,0,0,0.0
EXP00622,Treatment,1,1,0,1,897.73
EXP00623,Treatment,1,1,0,1,1278.92
EXP00624,Control,1,1,0,1,630.29
EXP00625,Control,1,0,0,0,0.0
EXP00626,Treatment,1,1,1,0,0.0
EXP00627,Treatment,1,1,0,1,1076.52
EXP00628,Treatment,1,1,0,1,837.91
EXP00629,Control,1,1,0,1,539.79
EXP00630,Control,0,0,0,0,0.0
EXP00631,Treatment,0,0,0,0,0.0
EXP00632,Control,1,1,0,1,868.19
EXP00633,Treatment,0,0,0,0,0.0
EXP00634,Control,1,1,1,0,0.0
EXP00635,Control,1,1,0,1,860.51
EXP00636,Treatment,1,1,0,1,764.0
EXP00637,Control,1,1,0,1,903.45
EXP00638,Control,1,0,0,0,0.0
EXP00639,Treatment,1,1,0,1,598.92
EXP00640,Control,1,1,0,1,805.64
EXP00641,Treatment,1,1,0,1,1028.13
EXP00642,Treatment,1,1,0,1,691.51
EXP00643,Control,1,1,0,1,696.65
EXP00644,Treatment,1,1,0,1,1399.73
EXP00645,Treatment,1,1,0,1,480.25
EXP00646,Control,0,0,0,0,0.0
EXP00647,Treatment,1,1,1,0,0.0
EXP00648,Control,1,1,1,0,0.0
EXP00649,Control,1,1,0,1,1087.93
EXP00650,Treatment,1,1,0,1,1021.42
EXP00651,Control,1,1,0,1,978.28
EXP00652,Treatment,1,1,0,1,861.83
EXP00653,Treatment,1,1,0,1,1176.07
EXP00654,Treatment,1,1,0,1,610.68
EXP00655,Control,0,0,0,0,0.0
EXP00656,Treatment,1,0,0,0,0.0
EXP00657,Treatment,1,0,0,0,0.0
EXP00658,Treatment,1,1,0,1,527.34
EXP00659,Treatment,1,1,0,1,446.39
EXP00660,Control,1,1,0,1,1291.09
EXP00661,Control,1,1,0,1,904.77
EXP00662,Treatment,1,1,0,1,901.76
EXP00663,Control,0,0,0,0,0.0
EXP00664,Control,1,1,0,1,737.76
EXP00665,Treatment,1,1,0,1,520.13
EXP00666,Control,1,1,0,1,691.53
EXP00667,Treatment,1,1,0,1,506.16
EXP00668,Control,1,1,0,1,986.46
EXP00669,Control,1,1,0,1,1031.76
EXP00670,Treatment,1,1,0,1,1511.5
EXP00671,Control,1,1,0,1,896.37
EXP00672,Treatment,1,1,0,1,1082.93
EXP00673,Treatment,0,0,0,0,0.0
EXP00674,Control,1,1,0,1,1143.73
EXP00675,Treatment,1,1,0,1,702.69
EXP00676,Control,1,1,0,1,1244.52
EXP00677,Control,0,0,0,0,0.0
EXP00678,Treatment,1,1,0,1,900.89
EXP00679,Control,1,1,0,1,314.54
EXP00680,Control,1,0,0,0,0.0
EXP00681,Control,1,0,0,0,0.0
EXP00682,Control,1,1,0,1,440.05
EXP00683,Treatment,1,0,0,0,0.0
EXP00684,Treatment,0,0,0,0,0.0
EXP00685,Control,0,0,0,0,0.0
EXP00686,Control,1,1,0,1,1191.59
EXP00687,Treatment,1,1,0,1,1108.78
EXP00688,Control,0,0,0,0,0.0
EXP00689,Treatment,0,0,0,0,0.0
EXP00690,Control,1,1,0,1,601.85
EXP00691,Control,1,1,0,1,432.85
EXP00692,Control,1,1,1,0,0.0
EXP00693,Treatment,1,1,0,1,1151.1
EXP00694,Control,1,1,1,0,0.0
EXP00695,Control,1,1,0,1,828.65
EXP00696,Control,0,0,0,0,0.0
EXP00697,Treatment,1,1,0,1,424.67
EXP00698,Treatment,0,0,0,0,0.0
EXP00699,Treatment,1,1,0,1,982.75
EXP00700,Control,0,0,0,0,0.0
EXP00701,Treatment,1,1,0,1,1098.61
EXP00702,Control,1,1,0,1,462.46
EXP00703,Control,0,0,0,0,0.0
EXP00704,Treatment,1,1,0,1,573.48
EXP00705,Control,1,1,0,1,580.77
EXP00706,Control,0,0,0,0,0.0
EXP00707,Control,0,0,0,0,0.0
EXP00708,Control,1,1,0,1,598.63
EXP00709,Control,1,0,0,0,0.0
EXP00710,Treatment,1,1,0,1,1907.16
EXP00711,Control,1,0,0,0,0.0
EXP00712,Treatment,1,1,0,1,397.81
EXP00713,Control,1,1,0,1,1379.7
EXP00714,Control,1,1,0,1,1433.99
EXP00715,Treatment,1,1,1,0,0.0
EXP00716,Control,1,1,1,0,0.0
EXP00717,Control,1,1,0,1,931.33
EXP00718,Control,1,1,0,1,395.41
EXP00719,Treatment,1,1,0,1,1419.19
EXP00720,Treatment,1,1,0,1,802.23
EXP00721,Treatment,1,1,0,1,716.39
EXP00722,Treatment,1,1,0,1,715.57
EXP00723,Treatment,1,1,0,1,761.95
EXP00724,Treatment,1,1,0,1,869.25
EXP00725,Control,1,1,0,1,397.15
EXP00726,Control,1,1,0,1,619.4
EXP00727,Control,1,1,0,1,1052.87
EXP00728,Treatment,1,1,0,1,434.13
EXP00729,Treatment,1,1,0,1,505.07
EXP00730,Treatment,1,1,0,1,1008.57
EXP00731,Treatment,1,1,0,1,791.39
EXP00732,Treatment,0,0,0,0,0.0
EXP00733,Treatment,1,1,0,1,736.77
EXP00734,Treatment,1,1,0,1,653.07
EXP00735,Control,1,1,0,1,971.8
EXP00736,Control,1,1,0,1,711.09
EXP00737,Treatment,0,0,0,0,0.0
EXP00738,Control,1,1,0,1,532.68
EXP00739,Treatment,1,1,0,1,759.99
EXP00740,Treatment,0,0,0,0,0.0
EXP00741,Control,1,1,0,1,557.65
EXP00742,Treatment,0,0,0,0,0.0
EXP00743,Treatment,1,1,0,1,612.56
EXP00744,Treatment,0,0,0,0,0.0
EXP00745,Control,0,0,0,0,0.0
EXP00746,Control,1,1,0,1,1134.52
EXP00747,Control,1,1,0,1,786.41
EXP00748,Control,1,1,0,1,697.32
EXP00749,Control,1,1,0,1,1010.1
EXP00750,Treatment,1,1,0,1,911.75
EXP00751,Control,1,1,1,0,0.0
EXP00752,Control,1,1,0,1,878.96
EXP00753,Treatment,1,1,0,1,631.65
EXP00754,Control,0,0,0,0,0.0
EXP00755,Treatment,0,0,0,0,0.0
EXP00756,Control,1,1,0,1,843.0
EXP00757,Treatment,1,1,0,1,834.88
EXP00758,Treatment,1,1,0,1,541.9
EXP00759,Treatment,1,1,0,1,893.63
EXP00760,Control,1,1,1,0,0.0
EXP00761,Control,1,0,0,0,0.0
EXP00762,Control,1,1,0,1,990.69
EXP00763,Control,0,0,0,0,0.0
EXP00764,Control,1,1,0,1,438.99
EXP00765,Treatment,0,0,0,0,0.0
EXP00766,Treatment,1,1,0,1,1210.43
EXP00767,Treatment,0,0,0,0,0.0
EXP00768,Treatment,1,1,0,1,777.5
EXP00769,Treatment,1,1,0,1,963.9
EXP00770,Treatment,0,0,0,0,0.0
EXP00771,Control,0,0,0,0,0.0
EXP00772,Treatment,1,1,0,1,665.82
EXP00773,Control,1,1,1,0,0.0
EXP00774,Control,1,1,0,1,944.31
EXP00775,Treatment,1,1,0,1,425.03
EXP00776,Control,1,1,0,1,983.89
EXP00777,Control,1,1,1,0,0.0
EXP00778,Treatment,1,1,0,1,1658.22
EXP00779,Treatment,1,1,0,1,553.13
EXP00780,Control,1,1,0,1,766.05
EXP00781,Control,1,1,0,1,545.62
EXP00782,Control,1,1,0,1,885.53
EXP00783,Control,1,1,0,1,629.08
EXP00784,Control,1,0,0,0,0.0
EXP00785,Treatment,0,0,0,0,0.0
EXP00786,Treatment,1,1,1,0,0.0
EXP00787,Control,1,1,0,1,790.28
EXP00788,Control,0,0,0,0,0.0
EXP00789,Treatment,1,1,0,1,1143.14
EXP00790,Treatment,1,0,0,0,0.0
EXP00791,Control,1,1,0,1,583.17
EXP00792,Treatment,1,1,0,1,494.53
EXP00793,Treatment,0,0,0,0,0.0
EXP00794,Treatment,1,1,0,1,448.13
EXP00795,Control,1,1,0,1,624.25
EXP00796,Control,0,0,0,0,0.0
EXP00797,Control,1,1,0,1,1276.18
EXP00798,Treatment,1,1,0,1,590.26
EXP00799,Treatment,1,1,0,1,475.32
EXP00800,Treatment,0,0,0,0,0.0
EXP00801,Control,1,1,0,1,467.47
EXP00802,Control,1,1,1,0,0.0
EXP00803,Control,1,1,0,1,972.79
EXP00804,Treatment,1,1,0,1,792.45
EXP00805,Treatment,0,0,0,0,0.0
EXP00806,Treatment,0,0,0,0,0.0
EXP00807,Treatment,0,0,0,0,0.0
EXP00808,Treatment,1,0,0,0,0.0
EXP00809,Control,0,0,0,0,0.0
EXP00810,Control,1,0,0,0,0.0
EXP00811,Control,0,0,0,0,0.0
EXP00812,Control,1,1,0,1,840.55
EXP00813,Control,1,1,0,1,510.66
EXP00814,Treatment,1,1,0,1,1192.24
EXP00815,Control,1,1,0,1,869.36
EXP00816,Treatment,1,1,0,1,920.15
EXP00817,Control,1,1,0,1,674.87
EXP00818,Control,1,1,0,1,1290.62
EXP00819,Control,1,1,1,0,0.0
EXP00820,Treatment,0,0,0,0,0.0
EXP00821,Control,1,1,0,1,1116.09
EXP00822,Treatment,1,1,1,0,0.0
EXP00823,Treatment,1,1,0,1,413.69
EXP00824,Control,1,1,0,1,720.92
EXP00825,Control,1,1,0,1,1063.28
EXP00826,Control,1,1,0,1,1487.52
EXP00827,Treatment,1,1,1,0,0.0
EXP00828,Control,1,1,0,1,650.03
EXP00829,Control,0,0,0,0,0.0
EXP00830,Control,1,1,1,0,0.0
EXP00831,Treatment,1,1,0,1,609.91
EXP00832,Control,0,0,0,0,0.0
EXP00833,Control,0,0,0,0,0.0
EXP00834,Treatment,1,1,1,0,0.0
EXP00835,Control,1,1,0,1,1921.26
EXP00836,Treatment,1,1,0,1,963.37
EXP00837,Control,1,1,0,1,941.28
EXP00838,Treatment,1,1,0,1,852.49
EXP00839,Treatment,1,0,0,0,0.0
EXP00840,Control,0,0,0,0,0.0
EXP00841,Treatment,1,0,0,0,0.0
EXP00842,Treatment,1,1,0,1,459.48
EXP00843,Treatment,1,1,0,1,830.96
EXP00844,Control,1,1,0,1,842.98
EXP00845,Treatment,1,1,0,1,833.52
EXP00846,Treatment,0,0,0,0,0.0
EXP00847,Control,1,1,0,1,854.85
EXP00848,Treatment,1,1,0,1,763.0
EXP00849,Control,0,0,0,0,0.0
EXP00850,Control,0,0,0,0,0.0
EXP00851,Treatment,0,0,0,0,0.0
EXP00852,Treatment,1,1,0,1,874.19
EXP00853,Treatment,1,1,0,1,747.73
EXP00854,Control,0,0,0,0,0.0
EXP00855,Control,1,1,0,1,621.28
EXP00856,Treatment,1,1,0,1,531.66
EXP00857,Control,1,1,0,1,794.05
EXP00858,Treatment,0,0,0,0,0.0
EXP00859,Treatment,1,1,0,1,1304.57
EXP00860,Control,0,0,0,0,0.0
EXP00861,Control,1,1,0,1,788.66
EXP00862,Control,1,1,0,1,732.76
EXP00863,Control,1,1,0,1,880.42
EXP00864,Treatment,1,1,0,1,1096.2
EXP00865,Treatment,1,1,0,1,1011.21
EXP00866,Control,1,1,0,1,507.86
EXP00867,Control,1,1,0,1,705.39
EXP00868,Treatment,1,1,0,1,1083.37
EXP00869,Treatment,1,1,0,1,489.39
EXP00870,Control,1,1,0,1,906.38
EXP00871,Control,0,0,0,0,0.0
EXP00872,Treatment,1,0,0,0,0.0
EXP00873,Treatment,1,0,0,0,0.0
EXP00874,Control,1,1,0,1,814.63
EXP00875,Treatment,1,1,0,1,1179.89
EXP00876,Control,1,1,0,1,1208.17
EXP00877,Treatment,1,1,0,1,852.55
EXP00878,Treatment,1,1,0,1,1011.32
EXP00879,Treatment,1,1,0,1,880.44
EXP00880,Treatment,1,1,0,1,756.14
EXP00881,Control,1,1,0,1,507.87
EXP00882,Treatment,1,1,0,1,719.46
EXP00883,Control,0,0,0,0,0.0
EXP00884,Treatment,1,1,0,1,839.9
EXP00885,Treatment,1,1,0,1,326.88
EXP00886,Treatment,1,1,0,1,863.59
EXP00887,Treatment,1,1,0,1,842.36
EXP00888,Treatment,1,1,0,1,1079.0
EXP00889,Treatment,1,1,0,1,855.75
EXP00890,Control,1,1,0,1,635.78
EXP00891,Treatment,1,1,0,1,1162.75
EXP00892,Treatment,1,1,0,1,1360.39
EXP00893,Treatment,1,1,0,1,1127.09
EXP00894,Control,0,0,0,0,0.0
EXP00895,Control,1,1,0,1,887.59
EXP00896,Treatment,0,0,0,0,0.0
EXP00897,Control,0,0,0,0,0.0
EXP00898,Control,1,0,0,0,0.0
EXP00899,Control,1,1,0,1,563.55
EXP00900,Treatment,1,1,0,1,1001.42
EXP00901,Control,0,0,0,0,0.0
EXP00902,Control,1,1,0,1,612.4
EXP00903,Treatment,1,1,0,1,451.63
EXP00904,Treatment,1,1,0,1,549.69
EXP00905,Treatment,0,0,0,0,0.0
EXP00906,Control,1,1,0,1,536.65
EXP00907,Control,0,0,0,0,0.0
EXP00908,Treatment,1,1,0,1,798.81
EXP00909,Control,0,0,0,0,0.0
EXP00910,Control,1,1,1,0,0.0
EXP00911,Control,1,1,0,1,2113.95
EXP00912,Control,1,1,0,1,779.97
EXP00913,Treatment,1,1,0,1,768.12
EXP00914,Control,1,1,0,1,1077.26
EXP00915,Control,1,1,0,1,1192.3
EXP00916,Treatment,1,1,0,1,1547.8
EXP00917,Treatment,1,1,0,1,521.57
EXP00918,Treatment,1,1,0,1,940.57
EXP00919,Treatment,0,0,0,0,0.0
EXP00920,Treatment,1,1,0,1,764.3
EXP00921,Treatment,1,1,0,1,650.86
EXP00922,Treatment,1,1,1,0,0.0
EXP00923,Control,1,1,0,1,932.42
EXP00924,Control,1,1,0,1,1052.16
EXP00925,Treatment,1,1,0,1,447.18
EXP00926,Treatment,0,0,0,0,0.0
EXP00927,Treatment,1,1,0,1,567.76
EXP00928,Treatment,1,1,0,1,481.71
EXP00929,Treatment,1,1,0,1,615.6
EXP00930,Treatment,1,0,0,0,0.0
EXP00931,Treatment,1,1,0,1,586.15
EXP00932,Control,1,0,0,0,0.0
EXP00933,Control,1,1,1,0,0.0
EXP00934,Control,1,1,0,1,580.13
EXP00935,Control,1,1,0,1,706.62
EXP00936,Treatment,1,1,0,1,499.18
EXP00937,Control,0,0,0,0,0.0
EXP00938,Control,1,1,0,1,684.37
EXP00939,Control,1,1,0,1,556.84
EXP00940,Treatment,0,0,0,0,0.0
EXP00941,Treatment,1,1,0,1,687.06
EXP00942,Treatment,1,1,0,1,453.81
EXP00943,Treatment,1,1,0,1,1152.4
EXP00944,Treatment,1,1,0,1,874.17
EXP00945,Control,1,1,1,0,0.0
EXP00946,Treatment,1,1,0,1,1577.59
EXP00947,Treatment,1,1,1,0,0.0
EXP00948,Treatment,1,1,0,1,1337.45
EXP00949,Treatment,1,1,0,1,1016.14
EXP00950,Control,1,1,0,1,774.49
EXP00951,Control,1,1,0,1,625.17
EXP00952,Control,1,1,0,1,808.56
EXP00953,Treatment,1,1,0,1,780.32
EXP00954,Treatment,1,1,0,1,841.31
EXP00955,Control,1,0,0,0,0.0
EXP00956,Treatment,1,1,0,1,576.64
EXP00957,Treatment,1,1,0,1,826.82
EXP00958,Control,1,1,0,1,551.76
EXP00959,Treatment,0,0,0,0,0.0
EXP00960,Treatment,1,1,0,1,848.22
EXP00961,Treatment,1,1,0,1,907.67
EXP00962,Treatment,1,1,0,1,1050.03
EXP00963,Treatment,0,0,0,0,0.0
EXP00964,Treatment,0,0,0,0,0.0
EXP00965,Control,0,0,0,0,0.0
EXP00966,Treatment,0,0,0,0,0.0
EXP00967,Treatment,1,1,0,1,732.45
EXP00968,Treatment,0,0,0,0,0.0
EXP00969,Treatment,1,1,0,1,813.12
EXP00970,Control,1,1,0,1,923.7
EXP00971,Treatment,1,1,0,1,1204.43
EXP00972,Control,1,1,0,1,862.21
EXP00973,Treatment,1,1,0,1,895.94
EXP00974,Treatment,0,0,0,0,0.0
EXP00975,Treatment,1,1,0,1,948.61
EXP00976,Control,1,1,0,1,619.22
EXP00977,Treatment,1,1,0,1,837.03
EXP00978,Control,1,1,0,1,1053.22
EXP00979,Treatment,1,1,0,1,774.04
EXP00980,Control,1,1,0,1,669.58
EXP00981,Control,0,0,0,0,0.0
EXP00982,Control,1,1,0,1,714.97
EXP00983,Control,1,1,0,1,792.42
EXP00984,Treatment,1,1,0,1,576.09
EXP00985,Control,1,1,0,1,793.04
EXP00986,Control,1,1,0,1,858.28
EXP00987,Treatment,1,1,0,1,748.34
EXP00988,Control,0,0,0,0,0.0
EXP00989,Control,1,1,0,1,854.67
EXP00990,Treatment,1,1,0,1,655.77
EXP00991,Treatment,1,1,0,1,853.52
EXP00992,Treatment,1,1,0,1,824.99
EXP00993,Control,0,0,0,0,0.0
EXP00994,Treatment,1,1,0,1,534.66
EXP00995,Control,1,1,0,1,896.99
EXP00996,Control,1,1,0,1,967.19
EXP00997,Control,1,1,0,1,728.72
EXP00998,Treatment,0,0,0,0,0.0
EXP00999,Treatment,0,0,0,0,0.0
EXP01000,Treatment,1,1,0,1,741.12
EXP01001,Treatment,1,1,0,1,1337.59
EXP01002,Control,1,1,1,0,0.0
EXP01003,Control,0,0,0,0,0.0
EXP01004,Control,0,0,0,0,0.0
EXP01005,Control,1,1,0,1,871.64
EXP01006,Treatment,1,1,0,1,598.65
EXP01007,Control,1,1,0,1,1655.7
EXP01008,Control,0,0,0,0,0.0
EXP01009,Control,0,0,0,0,0.0
EXP01010,Control,1,1,0,1,742.88
EXP01011,Control,1,1,0,1,799.45
EXP01012,Treatment,0,0,0,0,0.0
EXP01013,Control,1,1,0,1,873.69
EXP01014,Control,0,0,0,0,0.0
EXP01015,Treatment,1,1,0,1,472.9
EXP01016,Treatment,1,1,0,1,644.55
EXP01017,Treatment,1,1,0,1,1019.98
EXP01018,Treatment,0,0,0,0,0.0
EXP01019,Control,1,1,0,1,790.46
EXP01020,Treatment,1,1,0,1,670.72
EXP01021,Treatment,1,1,0,1,846.39
EXP01022,Treatment,1,0,0,0,0.0
EXP01023,Treatment,1,1,0,1,503.3
EXP01024,Treatment,1,1,0,1,1107.7
EXP01025,Control,1,1,0,1,343.8
EXP01026,Treatment,1,1,0,1,1288.42
EXP01027,Treatment,0,0,0,0,0.0
EXP01028,Treatment,1,1,0,1,1288.26
EXP01029,Control,1,1,0,1,724.85
EXP01030,Treatment,1,1,0,1,504.7
EXP01031,Control,0,0,0,0,0.0
EXP01032,Control,1,1,0,1,725.28
EXP01033,Treatment,1,0,0,0,0.0
EXP01034,Control,1,1,0,1,1089.0
EXP01035,Control,1,1,0,1,647.89
EXP01036,Treatment,1,1,0,1,553.08
EXP01037,Treatment,1,1,0,1,517.97
EXP01038,Control,1,1,0,1,589.24
EXP01039,Control,0,0,0,0,0.0
EXP01040,Treatment,0,0,0,0,0.0
EXP01041,Control,1,1,1,0,0.0
EXP01042,Treatment,0,0,0,0,0.0
EXP01043,Treatment,1,1,0,1,940.57
EXP01044,Control,1,1,0,1,545.78
EXP01045,Treatment,1,1,0,1,678.75
EXP01046,Control,1,1,1,0,0.0
EXP01047,Treatment,0,0,0,0,0.0
EXP01048,Control,1,1,1,0,0.0
EXP01049,Control,1,1,1,0,0.0
EXP01050,Treatment,1,1,0,1,521.68
EXP01051,Treatment,1,1,0,1,846.55
EXP01052,Treatment,1,1,0,1,714.54
EXP01053,Control,1,1,0,1,778.58
EXP01054,Treatment,1,1,0,1,607.48
EXP01055,Control,1,1,0,1,657.79
EXP01056,Treatment,1,1,0,1,660.65
EXP01057,Treatment,1,1,0,1,554.86
EXP01058,Treatment,1,1,0,1,518.49
EXP01059,Control,1,1,0,1,457.47
EXP01060,Control,0,0,0,0,0.0
EXP01061,Control,1,1,0,1,613.63
EXP01062,Treatment,1,1,0,1,1224.44
EXP01063,Treatment,1,1,0,1,798.36
EXP01064,Treatment,1,1,0,1,1105.95
EXP01065,Treatment,1,1,0,1,488.73
EXP01066,Control,1,1,0,1,782.58
EXP01067,Treatment,1,1,0,1,784.28
EXP01068,Control,0,0,0,0,0.0
EXP01069,Control,1,1,0,1,869.49
EXP01070,Treatment,1,1,1,0,0.0
EXP01071,Treatment,1,1,0,1,653.35
EXP01072,Control,1,1,0,1,751.36
EXP01073,Treatment,1,1,0,1,854.66
EXP01074,Treatment,1,1,0,1,937.46
EXP01075,Treatment,1,1,0,1,1532.84
EXP01076,Treatment,1,1,0,1,781.85
EXP01077,Treatment,1,1,1,0,0.0
EXP01078,Control,1,1,1,0,0.0
EXP01079,Control,1,1,0,1,697.27
EXP01080,Treatment,0,0,0,0,0.0
EXP01081,Control,1,1,0,1,650.47
EXP01082,Treatment,1,1,0,1,701.71
EXP01083,Control,1,1,0,1,662.94
EXP01084,Control,1,1,0,1,443.53
EXP01085,Control,0,0,0,0,0.0
EXP01086,Treatment,1,1,0,1,594.72
EXP01087,Control,1,1,0,1,855.9
EXP01088,Treatment,1,1,0,1,897.47
EXP01089,Treatment,0,0,0,0,0.0
EXP01090,Control,1,1,0,1,1148.72
EXP01091,Treatment,0,0,0,0,0.0
EXP01092,Treatment,1,1,1,0,0.0
EXP01093,Control,1,1,0,1,450.04
EXP01094,Treatment,1,1,0,1,535.68
EXP01095,Treatment,1,1,0,1,765.41
EXP01096,Treatment,1,1,0,1,1023.2
EXP01097,Treatment,1,1,0,1,1023.62
EXP01098,Treatment,1,1,1,0,0.0
EXP01099,Treatment,1,1,0,1,808.74
EXP01100,Treatment,1,1,0,1,793.29
EXP01101,Control,1,1,0,1,891.72
EXP01102,Treatment,0,0,0,0,0.0
EXP01103,Control,0,0,0,0,0.0
EXP01104,Treatment,1,1,0,1,390.81
EXP01105,Control,1,1,0,1,515.78
EXP01106,Control,0,0,0,0,0.0
EXP01107,Control,1,1,0,1,975.06
EXP01108,Control,0,0,0,0,0.0
EXP01109,Treatment,0,0,0,0,0.0
EXP01110,Treatment,1,1,1,0,0.0
EXP01111,Treatment,0,0,0,0,0.0
EXP01112,Treatment,1,1,0,1,582.22
EXP01113,Treatment,1,1,0,1,649.49
EXP01114,Control,1,1,0,1,1063.05
EXP01115,Treatment,1,1,0,1,914.41
EXP01116,Treatment,1,1,0,1,820.24
EXP01117,Treatment,1,1,0,1,867.24
EXP01118,Treatment,1,1,0,1,716.48
EXP01119,Control,1,1,0,1,843.5
EXP01120,Treatment,1,1,0,1,730.61
EXP01121,Control,1,1,0,1,665.8
EXP01122,Control,1,1,0,1,979.06
EXP01123,Control,1,1,0,1,888.72
EXP01124,Treatment,1,1,0,1,533.41
EXP01125,Treatment,0,0,0,0,0.0
EXP01126,Control,1,1,0,1,650.75
EXP01127,Control,1,1,0,1,409.74
EXP01128,Treatment,1,1,0,1,869.4
EXP01129,Control,1,1,0,1,456.88
EXP01130,Treatment,0,0,0,0,0.0
EXP01131,Treatment,1,1,0,1,716.91
EXP01132,Treatment,1,1,0,1,1076.26
EXP01133,Treatment,1,1,0,1,748.72
EXP01134,Treatment,1,1,0,1,421.52
EXP01135,Treatment,0,0,0,0,0.0
EXP01136,Treatment,1,1,0,1,787.01
EXP01137,Treatment,0,0,0,0,0.0
EXP01138,Control,1,1,1,0,0.0
EXP01139,Control,1,1,0,1,800.11
EXP01140,Treatment,1,1,0,1,665.0
EXP01141,Control,1,1,0,1,979.6
EXP01142,Treatment,1,1,0,1,513.79
EXP01143,Treatment,1,1,0,1,591.56
EXP01144,Control,1,1,0,1,697.62
EXP01145,Treatment,0,0,0,0,0.0
EXP01146,Treatment,1,1,0,1,578.51
EXP01147,Control,1,1,0,1,477.68
EXP01148,Treatment,1,1,0,1,758.46
EXP01149,Control,1,1,0,1,735.36
EXP01150,Treatment,1,1,0,1,734.0
EXP01151,Treatment,1,1,0,1,542.13
EXP01152,Control,0,0,0,0,0.0
EXP01153,Treatment,1,1,0,1,792.21
EXP01154,Treatment,1,1,0,1,671.68
EXP01155,Control,1,1,0,1,970.89
EXP01156,Treatment,1,1,0,1,478.67
EXP01157,Control,1,0,0,0,0.0
EXP01158,Control,0,0,0,0,0.0
EXP01159,Treatment,1,1,0,1,279.4
EXP01160,Control,0,0,0,0,0.0
EXP01161,Control,1,0,0,0,0.0
EXP01162,Control,1,1,0,1,973.34
EXP01163,Control,1,1,0,1,524.33
EXP01164,Treatment,1,1,0,1,666.22
EXP01165,Control,1,1,0,1,629.0
EXP01166,Treatment,1,1,0,1,528.28
EXP01167,Control,1,1,0,1,610.21
EXP01168,Control,1,0,0,0,0.0
EXP01169,Control,0,0,0,0,0.0
EXP01170,Control,1,1,0,1,318.77
EXP01171,Control,1,1,0,1,497.13
EXP01172,Control,0,0,0,0,0.0
EXP01173,Treatment,1,1,1,0,0.0
EXP01174,Control,1,1,0,1,476.41
EXP01175,Control,1,0,0,0,0.0
EXP01176,Treatment,1,1,0,1,1048.76
EXP01177,Treatment,1,1,0,1,609.39
EXP01178,Control,1,0,0,0,0.0
EXP01179,Control,1,1,0,1,1050.66
EXP01180,Treatment,1,1,0,1,832.85
EXP01181,Treatment,1,1,0,1,779.71
EXP01182,Treatment,1,1,0,1,759.29
EXP01183,Treatment,1,1,1,0,0.0
EXP01184,Treatment,1,1,0,1,438.5
EXP01185,Control,1,1,0,1,645.17
EXP01186,Control,1,1,0,1,517.53
EXP01187,Control,1,1,0,1,630.37
EXP01188,Treatment,1,1,0,1,392.92
EXP01189,Control,0,0,0,0,0.0
EXP01190,Control,1,1,1,0,0.0
EXP01191,Control,0,0,0,0,0.0
EXP01192,Control,1,1,0,1,592.9
EXP01193,Treatment,0,0,0,0,0.0
EXP01194,Control,1,0,0,0,0.0
EXP01195,Treatment,1,1,0,1,495.18
EXP01196,Control,1,1,0,1,1166.94
EXP01197,Treatment,1,1,0,1,654.97
EXP01198,Treatment,1,1,0,1,922.9
EXP01199,Treatment,1,0,0,0,0.0
EXP01200,Control,1,1,1,0,0.0
EXP01201,Control,1,1,0,1,525.95
EXP01202,Control,1,1,0,1,519.14
EXP01203,Treatment,1,1,0,1,627.27
EXP01204,Control,1,1,0,1,487.28
EXP01205,Control,1,1,0,1,1033.98
EXP01206,Treatment,1,1,0,1,720.46
EXP01207,Control,1,1,0,1,1040.79
EXP01208,Treatment,1,1,0,1,501.04
EXP01209,Control,0,0,0,0,0.0
EXP01210,Control,1,1,0,1,845.18
EXP01211,Control,1,0,0,0,0.0
EXP01212,Control,0,0,0,0,0.0
EXP01213,Treatment,1,1,0,1,803.01
EXP01214,Control,0,0,0,0,0.0
EXP01215,Treatment,1,1,0,1,894.02
EXP01216,Treatment,0,0,0,0,0.0
EXP01217,Control,1,1,0,1,399.16
EXP01218,Treatment,1,1,0,1,973.44
EXP01219,Treatment,1,1,0,1,1194.67
EXP01220,Control,1,1,1,0,0.0
EXP01221,Control,1,1,0,1,391.17
EXP01222,Control,1,1,1,0,0.0
EXP01223,Control,1,1,0,1,567.39
EXP01224,Control,1,1,0,1,1183.2
EXP01225,Treatment,0,0,0,0,0.0
EXP01226,Treatment,1,1,0,1,706.18
EXP01227,Control,1,1,0,1,1162.77
EXP01228,Control,1,1,1,0,0.0
EXP01229,Control,1,1,1,0,0.0
EXP01230,Treatment,1,1,1,0,0.0
EXP01231,Control,1,1,0,1,686.01
EXP01232,Control,1,1,0,1,799.81
EXP01233,Control,1,1,0,1,401.54
EXP01234,Control,1,1,1,0,0.0
EXP01235,Control,0,0,0,0,0.0
EXP01236,Treatment,1,1,0,1,1284.56
EXP01237,Control,0,0,0,0,0.0
EXP01238,Control,1,1,0,1,815.11
EXP01239,Treatment,1,1,0,1,458.53
EXP01240,Treatment,1,1,0,1,528.5
EXP01241,Treatment,1,1,0,1,1002.88
EXP01242,Treatment,0,0,0,0,0.0
EXP01243,Control,1,1,0,1,1920.35
EXP01244,Treatment,0,0,0,0,0.0
EXP01245,Treatment,1,1,0,1,1148.35
EXP01246,Control,1,1,0,1,671.74
EXP01247,Treatment,1,1,0,1,907.13
EXP01248,Control,0,0,0,0,0.0
EXP01249,Control,1,1,1,0,0.0
EXP01250,Treatment,1,1,0,1,793.96
EXP01251,Control,1,1,0,1,590.0
EXP01252,Treatment,1,1,1,0,0.0
EXP01253,Treatment,1,1,0,1,1255.17
EXP01254,Treatment,0,0,0,0,0.0
EXP01255,Treatment,1,1,0,1,537.35
EXP01256,Control,0,0,0,0,0.0
EXP01257,Treatment,1,1,0,1,745.42
EXP01258,Control,1,1,0,1,1099.98
EXP01259,Treatment,1,1,0,1,1132.7
EXP01260,Control,1,1,1,0,0.0
EXP01261,Control,1,1,0,1,734.03
EXP01262,Treatment,1,1,0,1,738.48
EXP01263,Control,1,1,0,1,918.38
EXP01264,Treatment,0,0,0,0,0.0
EXP01265,Control,0,0,0,0,0.0
EXP01266,Treatment,1,1,0,1,637.89
EXP01267,Control,0,0,0,0,0.0
EXP01268,Treatment,1,1,0,1,618.28
EXP01269,Control,1,1,0,1,565.43
EXP01270,Control,1,1,0,1,647.74
EXP01271,Treatment,0,0,0,0,0.0
EXP01272,Control,1,1,1,0,0.0
EXP01273,Treatment,1,0,0,0,0.0
EXP01274,Control,0,0,0,0,0.0
EXP01275,Control,1,1,0,1,796.36
EXP01276,Control,0,0,0,0,0.0
EXP01277,Control,1,1,0,1,1124.18
EXP01278,Control,1,1,0,1,908.55
EXP01279,Control,1,1,0,1,455.9
EXP01280,Treatment,1,1,0,1,629.36
EXP01281,Control,1,1,0,1,747.12
EXP01282,Control,1,0,0,0,0.0
EXP01283,Treatment,1,1,0,1,964.71
EXP01284,Treatment,1,1,0,1,696.87
EXP01285,Control,1,1,0,1,967.85
EXP01286,Treatment,1,1,0,1,922.48
EXP01287,Control,1,1,1,0,0.0
EXP01288,Control,1,1,0,1,447.75
EXP01289,Treatment,1,1,0,1,1192.4
EXP01290,Control,0,0,0,0,0.0
EXP01291,Control,1,1,0,1,984.12
EXP01292,Treatment,1,1,0,1,815.62
EXP01293,Treatment,1,1,0,1,548.08
EXP01294,Treatment,0,0,0,0,0.0
EXP01295,Treatment,0,0,0,0,0.0
EXP01296,Treatment,0,0,0,0,0.0
EXP01297,Treatment,0,0,0,0,0.0
EXP01298,Treatment,1,1,0,1,663.82
EXP01299,Control,1,0,0,0,0.0
EXP01300,Treatment,0,0,0,0,0.0
EXP01301,Control,1,1,0,1,440.54
EXP01302,Control,1,1,0,1,1004.97
EXP01303,Control,0,0,0,0,0.0
EXP01304,Treatment,0,0,0,0,0.0
EXP01305,Treatment,1,0,0,0,0.0
EXP01306,Treatment,1,1,0,1,705.34
EXP01307,Control,1,1,0,1,702.13
EXP01308,Treatment,0,0,0,0,0.0
EXP01309,Treatment,1,1,0,1,842.61
EXP01310,Control,1,1,0,1,787.54
EXP01311,Control,1,1,0,1,1002.86
EXP01312,Treatment,0,0,0,0,0.0
EXP01313,Treatment,1,0,0,0,0.0
EXP01314,Treatment,0,0,0,0,0.0
EXP01315,Control,1,1,0,1,597.88
EXP01316,Treatment,1,1,0,1,717.29
EXP01317,Control,1,0,0,0,0.0
EXP01318,Treatment,1,1,0,1,639.39
EXP01319,Treatment,1,0,0,0,0.0
EXP01320,Control,1,1,0,1,593.67
EXP01321,Control,1,1,0,1,885.04
EXP01322,Treatment,1,1,0,1,993.63
EXP01323,Treatment,1,1,0,1,890.35
EXP01324,Control,1,1,0,1,387.52
EXP01325,Treatment,1,1,0,1,726.13
EXP01326,Control,1,1,0,1,1476.38
EXP01327,Control,1,1,0,1,556.58
EXP01328,Control,1,1,1,0,0.0
EXP01329,Treatment,1,1,0,1,614.15
EXP01330,Treatment,0,0,0,0,0.0
EXP01331,Control,1,1,0,1,811.0
EXP01332,Treatment,1,1,0,1,737.63
EXP01333,Treatment,1,1,1,0,0.0
EXP01334,Treatment,1,1,0,1,607.6
EXP01335,Control,1,1,1,0,0.0
EXP01336,Control,1,1,0,1,699.52
EXP01337,Treatment,1,1,0,1,733.63
EXP01338,Treatment,1,1,0,1,1171.87
EXP01339,Control,1,1,0,1,918.06
EXP01340,Treatment,1,1,0,1,736.94
EXP01341,Control,0,0,0,0,0.0
EXP01342,Control,1,1,0,1,1113.86
EXP01343,Treatment,1,1,0,1,1085.52
EXP01344,Treatment,1,1,0,1,1430.34
EXP01345,Treatment,1,1,1,0,0.0
EXP01346,Control,1,1,0,1,826.09
EXP01347,Treatment,0,0,0,0,0.0
EXP01348,Control,1,1,0,1,1116.26
EXP01349,Control,1,1,0,1,1300.17
EXP01350,Control,1,1,0,1,720.75
EXP01351,Treatment,1,1,0,1,1074.9
EXP01352,Treatment,1,1,0,1,722.12
EXP01353,Control,1,1,0,1,868.84
EXP01354,Control,0,0,0,0,0.0
EXP01355,Treatment,1,1,0,1,948.27
EXP01356,Control,1,1,0,1,433.2
EXP01357,Treatment,0,0,0,0,0.0
EXP01358,Control,1,1,0,1,403.25
EXP01359,Control,1,1,0,1,651.13
EXP01360,Control,0,0,0,0,0.0
EXP01361,Treatment,0,0,0,0,0.0
EXP01362,Control,1,1,0,1,482.16
EXP01363,Treatment,0,0,0,0,0.0
EXP01364,Control,1,1,0,1,773.39
EXP01365,Treatment,1,1,0,1,1154.75
EXP01366,Control,0,0,0,0,0.0
EXP01367,Control,1,1,0,1,877.76
EXP01368,Treatment,1,1,1,0,0.0
EXP01369,Treatment,1,1,0,1,537.17
EXP01370,Control,1,1,1,0,0.0
EXP01371,Control,1,1,0,1,957.3
EXP01372,Treatment,1,1,0,1,525.07
EXP01373,Treatment,1,1,0,1,1145.81
EXP01374,Treatment,1,1,0,1,649.43
EXP01375,Control,0,0,0,0,0.0
EXP01376,Treatment,1,1,1,0,0.0
EXP01377,Treatment,1,1,0,1,903.03
EXP01378,Treatment,1,1,0,1,611.14
EXP01379,Treatment,0,0,0,0,0.0
EXP01380,Control,1,1,0,1,698.91
EXP01381,Control,1,1,0,1,505.7
EXP01382,Control,1,1,0,1,1562.19
EXP01383,Control,0,0,0,0,0.0
EXP01384,Treatment,0,0,0,0,0.0
EXP01385,Treatment,1,1,0,1,780.65
EXP01386,Control,1,1,0,1,557.94
EXP01387,Treatment,1,1,0,1,671.56
EXP01388,Control,0,0,0,0,0.0
EXP01389,Control,0,0,0,0,0.0
EXP01390,Treatment,1,1,0,1,1132.21
EXP01391,Treatment,1,1,0,1,814.78
EXP01392,Treatment,1,1,0,1,736.56
EXP01393,Control,0,0,0,0,0.0
EXP01394,Treatment,1,1,0,1,497.42
EXP01395,Treatment,1,1,0,1,1541.89
EXP01396,Control,1,1,0,1,815.51
EXP01397,Treatment,1,1,0,1,704.95
EXP01398,Control,1,1,0,1,693.94
EXP01399,Control,0,0,0,0,0.0
EXP01400,Treatment,1,1,0,1,526.29
EXP01401,Control,1,1,0,1,580.0
EXP01402,Treatment,1,1,0,1,408.83
EXP01403,Treatment,1,1,0,1,938.35
EXP01404,Treatment,1,1,0,1,757.57
EXP01405,Control,1,1,0,1,646.99
EXP01406,Treatment,1,1,0,1,755.69
EXP01407,Control,0,0,0,0,0.0
EXP01408,Treatment,1,1,0,1,791.46
EXP01409,Treatment,1,1,0,1,694.17
EXP01410,Treatment,0,0,0,0,0.0
EXP01411,Control,1,1,0,1,766.24
EXP01412,Treatment,1,1,0,1,1003.41
EXP01413,Control,1,1,0,1,1511.19
EXP01414,Treatment,1,1,0,1,459.82
EXP01415,Treatment,1,1,0,1,767.65
EXP01416,Treatment,1,1,0,1,973.85
EXP01417,Control,1,0,0,0,0.0
EXP01418,Control,1,1,0,1,1181.11
EXP01419,Control,0,0,0,0,0.0
EXP01420,Treatment,1,1,0,1,607.73
EXP01421,Treatment,1,1,0,1,702.71
EXP01422,Treatment,1,1,0,1,725.62
EXP01423,Control,1,1,0,1,557.99
EXP01424,Control,1,1,1,0,0.0
EXP01425,Treatment,0,0,0,0,0.0
EXP01426,Treatment,1,1,0,1,730.17
EXP01427,Control,1,1,0,1,665.14
EXP01428,Treatment,1,1,0,1,464.09
EXP01429,Treatment,1,1,0,1,1436.94
EXP01430,Control,0,0,0,0,0.0
EXP01431,Treatment,1,1,0,1,461.23
EXP01432,Treatment,1,1,0,1,639.79
EXP01433,Control,1,1,0,1,467.04
EXP01434,Treatment,0,0,0,0,0.0
EXP01435,Treatment,1,1,0,1,718.63
EXP01436,Treatment,1,1,1,0,0.0
EXP01437,Control,1,1,0,1,515.0
EXP01438,Treatment,1,1,0,1,958.5
EXP01439,Control,1,1,0,1,1146.96
EXP01440,Control,0,0,0,0,0.0
EXP01441,Control,1,1,0,1,697.0
EXP01442,Control,0,0,0,0,0.0
EXP01443,Control,1,1,0,1,801.06
EXP01444,Control,1,1,0,1,698.03
EXP01445,Control,1,1,0,1,459.89
EXP01446,Control,1,1,0,1,827.29
EXP01447,Treatment,1,1,0,1,790.97
EXP01448,Treatment,1,1,0,1,594.93
EXP01449,Treatment,0,0,0,0,0.0
EXP01450,Control,1,1,0,1,651.02
EXP01451,Control,1,1,0,1,1139.2
EXP01452,Treatment,1,1,0,1,1067.01
EXP01453,Treatment,1,1,0,1,767.63
EXP01454,Control,1,1,0,1,664.36
EXP01455,Control,1,0,0,0,0.0
EXP01456,Treatment,1,1,0,1,1104.51
EXP01457,Control,1,1,0,1,326.07
EXP01458,Treatment,1,1,0,1,939.48
EXP01459,Treatment,1,1,0,1,599.09
EXP01460,Control,0,0,0,0,0.0
EXP01461,Control,1,1,0,1,1012.9
EXP01462,Control,1,1,1,0,0.0
EXP01463,Treatment,1,1,0,1,617.49
EXP01464,Control,1,1,0,1,551.39
EXP01465,Treatment,1,1,0,1,560.71
EXP01466,Treatment,1,1,0,1,385.72
EXP01467,Treatment,1,1,0,1,959.96
EXP01468,Treatment,1,1,0,1,627.22
EXP01469,Control,1,1,1,0,0.0
EXP01470,Treatment,0,0,0,0,0.0
EXP01471,Treatment,1,1,0,1,813.47
EXP01472,Control,0,0,0,0,0.0
EXP01473,Control,1,1,0,1,1238.31
EXP01474,Control,1,1,0,1,603.78
EXP01475,Treatment,1,1,0,1,995.75
EXP01476,Treatment,1,1,0,1,736.59
EXP01477,Control,1,1,1,0,0.0
EXP01478,Control,0,0,0,0,0.0
EXP01479,Control,1,1,0,1,1062.34
EXP01480,Treatment,0,0,0,0,0.0
EXP01481,Control,0,0,0,0,0.0
EXP01482,Control,1,1,0,1,1153.03
EXP01483,Treatment,1,1,0,1,665.18
EXP01484,Control,1,1,0,1,639.66
EXP01485,Control,1,1,0,1,648.0
EXP01486,Control,1,1,1,0,0.0
EXP01487,Control,1,1,0,1,841.29
EXP01488,Control,0,0,0,0,0.0
EXP01489,Control,0,0,0,0,0.0
EXP01490,Control,1,1,0,1,576.29
EXP01491,Treatment,1,1,0,1,721.23
EXP01492,Treatment,1,1,0,1,474.53
EXP01493,Control,0,0,0,0,0.0
EXP01494,Control,0,0,0,0,0.0
EXP01495,Control,1,1,0,1,674.68
EXP01496,Control,1,1,0,1,681.15
EXP01497,Treatment,0,0,0,0,0.0
EXP01498,Control,0,0,0,0,0.0
EXP01499,Control,0,0,0,0,0.0
EXP01500,Treatment,1,1,0,1,576.65
EXP01501,Treatment,0,0,0,0,0.0
EXP01502,Treatment,1,1,0,1,863.02
EXP01503,Control,1,1,0,1,555.49
EXP01504,Control,1,1,0,1,477.14
EXP01505,Treatment,1,1,0,1,801.7
EXP01506,Control,1,1,0,1,1395.63
EXP01507,Control,1,1,0,1,338.22
EXP01508,Treatment,1,1,0,1,885.36
EXP01509,Treatment,0,0,0,0,0.0
EXP01510,Control,0,0,0,0,0.0
EXP01511,Control,1,0,0,0,0.0
EXP01512,Control,1,1,0,1,678.69
EXP01513,Treatment,1,1,0,1,1268.56
EXP01514,Treatment,1,1,0,1,635.43
EXP01515,Treatment,0,0,0,0,0.0
EXP01516,Control,1,1,0,1,774.54
EXP01517,Treatment,1,1,0,1,1205.19
EXP01518,Treatment,0,0,0,0,0.0
EXP01519,Treatment,1,1,0,1,661.96
EXP01520,Control,1,1,0,1,857.82
EXP01521,Treatment,1,1,1,0,0.0
EXP01522,Treatment,1,1,0,1,482.53
EXP01523,Treatment,1,1,0,1,1244.17
EXP01524,Treatment,1,0,0,0,0.0
EXP01525,Control,1,1,0,1,645.38
EXP01526,Treatment,1,1,1,0,0.0
EXP01527,Control,1,1,0,1,323.32
EXP01528,Treatment,0,0,0,0,0.0
EXP01529,Treatment,1,1,1,0,0.0
EXP01530,Treatment,1,1,1,0,0.0
EXP01531,Control,1,1,0,1,571.26
EXP01532,Control,1,0,0,0,0.0
EXP01533,Control,1,1,0,1,946.58
EXP01534,Control,1,1,0,1,919.01
EXP01535,Treatment,0,0,0,0,0.0
EXP01536,Control,1,1,0,1,1045.09
EXP01537,Control,1,1,0,1,497.18
EXP01538,Treatment,1,1,0,1,1213.93
EXP01539,Treatment,0,0,0,0,0.0
EXP01540,Control,1,1,1,0,0.0
EXP01541,Treatment,1,1,0,1,830.67
EXP01542,Control,1,1,0,1,1585.07
EXP01543,Control,1,1,0,1,634.66
EXP01544,Treatment,1,1,0,1,478.26
EXP01545,Treatment,0,0,0,0,0.0
EXP01546,Control,1,1,0,1,805.09
EXP01547,Control,1,1,0,1,1147.72
EXP01548,Treatment,0,0,0,0,0.0
EXP01549,Control,1,1,0,1,1595.51
EXP01550,Control,1,1,0,1,2284.29
EXP01551,Treatment,0,0,0,0,0.0
EXP01552,Treatment,1,1,0,1,716.57
EXP01553,Control,1,1,0,1,1421.41
EXP01554,Treatment,0,0,0,0,0.0
EXP01555,Control,1,1,1,0,0.0
EXP01556,Control,1,1,0,1,735.72
EXP01557,Treatment,1,1,0,1,1019.04
EXP01558,Control,1,1,1,0,0.0
EXP01559,Treatment,0,0,0,0,0.0
EXP01560,Treatment,1,1,0,1,482.63
EXP01561,Control,1,1,0,1,835.36
EXP01562,Control,0,0,0,0,0.0
EXP01563,Control,1,1,0,1,738.2
EXP01564,Control,0,0,0,0,0.0
EXP01565,Control,1,1,1,0,0.0
EXP01566,Control,1,1,0,1,1003.68
EXP01567,Treatment,1,1,0,1,984.16
EXP01568,Treatment,1,1,0,1,663.46
EXP01569,Control,1,1,0,1,821.81
EXP01570,Treatment,1,0,0,0,0.0
EXP01571,Treatment,1,1,1,0,0.0
EXP01572,Treatment,1,1,0,1,539.23
EXP01573,Treatment,1,1,0,1,444.74
EXP01574,Treatment,1,1,0,1,719.46
EXP01575,Control,1,1,0,1,755.19
EXP01576,Treatment,1,1,0,1,1194.12
EXP01577,Control,1,1,0,1,770.79
EXP01578,Control,0,0,0,0,0.0
EXP01579,Treatment,1,1,0,1,1087.8
EXP01580,Treatment,1,1,0,1,990.58
EXP01581,Control,1,1,0,1,417.53
EXP01582,Control,1,1,0,1,1254.02
EXP01583,Control,1,1,1,0,0.0
EXP01584,Control,0,0,0,0,0.0
EXP01585,Treatment,0,0,0,0,0.0
EXP01586,Control,1,1,0,1,602.93
EXP01587,Treatment,1,1,1,0,0.0
EXP01588,Treatment,1,1,0,1,782.76
EXP01589,Treatment,1,1,0,1,562.46
EXP01590,Treatment,1,1,0,1,599.29
EXP01591,Treatment,1,1,0,1,1101.2
EXP01592,Treatment,1,1,0,1,637.86
EXP01593,Control,0,0,0,0,0.0
EXP01594,Control,0,0,0,0,0.0
EXP01595,Treatment,1,1,0,1,1113.37
EXP01596,Control,1,1,0,1,561.63
EXP01597,Treatment,1,1,0,1,1007.05
EXP01598,Treatment,1,0,0,0,0.0
EXP01599,Control,1,1,0,1,474.47
EXP01600,Control,1,1,0,1,1032.45
EXP01601,Treatment,1,0,0,0,0.0
EXP01602,Treatment,0,0,0,0,0.0
EXP01603,Treatment,1,1,1,0,0.0
EXP01604,Control,1,1,0,1,909.16
EXP01605,Treatment,0,0,0,0,0.0
EXP01606,Treatment,1,1,0,1,751.98
EXP01607,Control,1,1,0,1,846.43
EXP01608,Control,1,1,0,1,562.53
EXP01609,Control,1,1,0,1,468.6
EXP01610,Control,1,1,0,1,509.89
EXP01611,Control,0,0,0,0,0.0
EXP01612,Control,1,1,0,1,903.13
EXP01613,Control,1,1,0,1,776.51
EXP01614,Treatment,0,0,0,0,0.0
EXP01615,Treatment,1,1,1,0,0.0
EXP01616,Treatment,1,1,0,1,906.28
EXP01617,Control,1,1,0,1,1101.91
EXP01618,Treatment,0,0,0,0,0.0
EXP01619,Control,1,1,0,1,652.74
EXP01620,Control,1,1,0,1,709.7
EXP01621,Control,1,1,0,1,1060.32
EXP01622,Control,1,1,0,1,958.25
EXP01623,Control,1,1,0,1,670.96
EXP01624,Treatment,1,1,0,1,909.79
EXP01625,Treatment,1,1,0,1,600.75
EXP01626,Control,1,1,0,1,1103.75
EXP01627,Treatment,1,1,0,1,479.32
EXP01628,Control,1,1,0,1,679.94
EXP01629,Treatment,0,0,0,0,0.0
EXP01630,Control,1,1,0,1,1190.68
EXP01631,Treatment,1,1,0,1,994.54
EXP01632,Control,1,1,0,1,1368.48
EXP01633,Treatment,1,1,0,1,603.48
EXP01634,Treatment,0,0,0,0,0.0
EXP01635,Control,1,1,0,1,1147.67
EXP01636,Control,1,1,0,1,1191.77
EXP01637,Control,1,1,1,0,0.0
EXP01638,Treatment,1,1,0,1,971.49
EXP01639,Control,1,1,0,1,1063.95
EXP01640,Control,1,0,0,0,0.0
EXP01641,Control,1,1,0,1,723.03
EXP01642,Treatment,1,1,0,1,957.17
EXP01643,Control,1,1,0,1,1014.54
EXP01644,Control,1,1,0,1,576.2
EXP01645,Control,0,0,0,0,0.0
EXP01646,Control,1,1,0,1,1128.39
EXP01647,Control,1,1,0,1,1064.46
EXP01648,Control,1,1,0,1,845.52
EXP01649,Treatment,1,1,0,1,910.81
EXP01650,Treatment,1,0,0,0,0.0
EXP01651,Treatment,0,0,0,0,0.0
EXP01652,Control,1,1,0,1,1448.34
EXP01653,Control,1,1,0,1,992.0
EXP01654,Treatment,0,0,0,0,0.0
EXP01655,Treatment,1,1,0,1,444.36
EXP01656,Treatment,1,1,0,1,1485.03
EXP01657,Treatment,1,1,0,1,884.09
EXP01658,Control,1,1,0,1,1160.89
EXP01659,Control,0,0,0,0,0.0
EXP01660,Control,0,0,0,0,0.0
EXP01661,Treatment,1,1,0,1,1012.34
EXP01662,Treatment,1,1,1,0,0.0
EXP01663,Control,1,1,0,1,1206.75
EXP01664,Control,1,1,1,0,0.0
EXP01665,Control,1,1,0,1,523.7
EXP01666,Treatment,0,0,0,0,0.0
EXP01667,Treatment,1,1,0,1,863.22
EXP01668,Treatment,1,1,0,1,815.73
EXP01669,Control,1,1,0,1,821.24
EXP01670,Treatment,1,1,0,1,717.64
EXP01671,Treatment,1,1,1,0,0.0
EXP01672,Treatment,1,1,1,0,0.0
EXP01673,Control,1,1,0,1,1433.94
EXP01674,Control,1,1,0,1,507.59
EXP01675,Control,0,0,0,0,0.0
EXP01676,Treatment,1,1,0,1,1042.31
EXP01677,Treatment,1,1,0,1,625.05
EXP01678,Control,1,1,0,1,528.55
EXP01679,Control,1,0,0,0,0.0
EXP01680,Control,0,0,0,0,0.0
EXP01681,Treatment,1,1,1,0,0.0
EXP01682,Treatment,1,1,0,1,915.61
EXP01683,Control,1,1,0,1,1040.84
EXP01684,Control,1,1,0,1,694.89
EXP01685,Treatment,1,1,0,1,718.86
EXP01686,Treatment,1,1,1,0,0.0
EXP01687,Treatment,1,1,0,1,1264.22
EXP01688,Control,1,1,0,1,1199.62
EXP01689,Control,1,1,0,1,1311.52
EXP01690,Control,1,1,0,1,1529.14
EXP01691,Control,1,1,0,1,676.73
EXP01692,Treatment,1,1,0,1,1423.31
EXP01693,Treatment,1,1,0,1,804.35
EXP01694,Treatment,1,1,0,1,734.96
EXP01695,Control,1,1,0,1,842.77
EXP01696,Control,1,1,1,0,0.0
EXP01697,Control,0,0,0,0,0.0
EXP01698,Control,1,1,0,1,629.03
EXP01699,Treatment,1,1,1,0,0.0
EXP01700,Treatment,1,1,1,0,0.0
EXP01701,Control,1,1,0,1,559.49
EXP01702,Treatment,0,0,0,0,0.0
EXP01703,Treatment,1,1,0,1,1523.56
EXP01704,Treatment,1,1,0,1,844.96
EXP01705,Control,0,0,0,0,0.0
EXP01706,Treatment,1,1,0,1,479.35
EXP01707,Control,1,1,0,1,1352.89
EXP01708,Treatment,0,0,0,0,0.0
EXP01709,Treatment,1,1,1,0,0.0
EXP01710,Treatment,1,1,0,1,816.7
EXP01711,Treatment,1,1,1,0,0.0
EXP01712,Treatment,1,1,0,1,468.59
EXP01713,Treatment,1,1,0,1,457.35
EXP01714,Treatment,1,1,0,1,662.29
EXP01715,Treatment,1,1,0,1,342.51
EXP01716,Treatment,0,0,0,0,0.0
EXP01717,Control,1,1,0,1,605.56
EXP01718,Control,1,1,0,1,611.3
EXP01719,Control,0,0,0,0,0.0
EXP01720,Control,1,1,0,1,1061.24
EXP01721,Treatment,1,1,0,1,396.4
EXP01722,Treatment,1,1,0,1,675.14
EXP01723,Control,1,0,0,0,0.0
EXP01724,Treatment,1,0,0,0,0.0
EXP01725,Control,1,1,0,1,419.21
EXP01726,Treatment,1,1,0,1,939.45
EXP01727,Control,1,1,0,1,602.03
EXP01728,Treatment,1,1,0,1,738.53
EXP01729,Treatment,1,1,0,1,762.76
EXP01730,Control,1,0,0,0,0.0
EXP01731,Treatment,1,1,0,1,668.16
EXP01732,Control,0,0,0,0,0.0
EXP01733,Treatment,1,1,1,0,0.0
EXP01734,Treatment,1,1,0,1,820.68
EXP01735,Control,1,1,0,1,646.79
EXP01736,Treatment,1,1,0,1,962.04
EXP01737,Treatment,0,0,0,0,0.0
EXP01738,Treatment,0,0,0,0,0.0
EXP01739,Control,1,1,0,1,788.2
EXP01740,Control,0,0,0,0,0.0
EXP01741,Treatment,0,0,0,0,0.0
EXP01742,Control,1,1,1,0,0.0
EXP01743,Treatment,1,1,0,1,682.25
EXP01744,Control,0,0,0,0,0.0
EXP01745,Treatment,1,1,0,1,688.12
EXP01746,Control,1,1,0,1,1514.11
EXP01747,Treatment,1,1,0,1,498.0
EXP01748,Control,1,1,0,1,934.53
EXP01749,Control,1,1,0,1,403.09
EXP01750,Control,0,0,0,0,0.0
EXP01751,Control,1,1,1,0,0.0
EXP01752,Control,1,1,0,1,908.4
EXP01753,Control,1,1,0,1,847.45
EXP01754,Control,0,0,0,0,0.0
EXP01755,Control,0,0,0,0,0.0
EXP01756,Control,1,1,0,1,789.34
EXP01757,Control,1,1,0,1,1205.91
EXP01758,Control,1,1,0,1,1119.37
EXP01759,Treatment,1,1,0,1,767.49
EXP01760,Control,1,1,0,1,790.8
EXP01761,Treatment,1,1,0,1,1565.62
EXP01762,Control,1,1,0,1,751.0
EXP01763,Treatment,0,0,0,0,0.0
EXP01764,Control,1,1,0,1,482.1
EXP01765,Control,0,0,0,0,0.0
EXP01766,Treatment,1,1,0,1,797.32
EXP01767,Control,1,0,0,0,0.0
EXP01768,Control,0,0,0,0,0.0
EXP01769,Treatment,1,1,0,1,657.82
EXP01770,Control,0,0,0,0,0.0
EXP01771,Treatment,1,1,1,0,0.0
EXP01772,Control,1,1,0,1,646.33
EXP01773,Control,1,1,0,1,576.51
EXP01774,Treatment,1,1,0,1,1162.46
EXP01775,Treatment,1,1,0,1,526.5
EXP01776,Treatment,1,1,0,1,974.35
EXP01777,Control,1,1,0,1,624.64
EXP01778,Control,1,1,0,1,1138.07
EXP01779,Control,1,1,0,1,844.38
EXP01780,Control,0,0,0,0,0.0
EXP01781,Control,1,1,0,1,1331.03
EXP01782,Control,1,1,0,1,1004.61
EXP01783,Treatment,0,0,0,0,0.0
EXP01784,Control,1,1,0,1,651.63
EXP01785,Control,1,1,0,1,1200.53
EXP01786,Treatment,0,0,0,0,0.0
EXP01787,Treatment,1,1,0,1,1234.71
EXP01788,Control,1,1,0,1,871.64
EXP01789,Control,1,1,0,1,938.61
EXP01790,Treatment,1,1,0,1,516.57
EXP01791,Control,1,1,0,1,720.55
EXP01792,Treatment,1,1,0,1,527.79
EXP01793,Control,1,1,0,1,453.25
EXP01794,Control,0,0,0,0,0.0
EXP01795,Treatment,1,1,0,1,751.51
EXP01796,Control,0,0,0,0,0.0
EXP01797,Treatment,1,0,0,0,0.0
EXP01798,Treatment,1,1,0,1,1065.51
EXP01799,Control,1,1,0,1,674.98
EXP01800,Control,1,1,0,1,1204.62
EXP01801,Treatment,0,0,0,0,0.0
EXP01802,Treatment,1,1,1,0,0.0
EXP01803,Control,1,1,1,0,0.0
EXP01804,Treatment,1,1,0,1,713.45
EXP01805,Treatment,1,1,0,1,817.75
EXP01806,Treatment,1,1,0,1,887.32
EXP01807,Control,0,0,0,0,0.0
EXP01808,Treatment,1,1,0,1,487.63
EXP01809,Treatment,1,0,0,0,0.0
EXP01810,Treatment,1,1,0,1,1009.07
EXP01811,Control,1,1,0,1,496.96
EXP01812,Control,1,1,0,1,824.18
EXP01813,Control,0,0,0,0,0.0
EXP01814,Control,1,1,0,1,889.94
EXP01815,Treatment,1,1,0,1,659.26
EXP01816,Control,1,1,0,1,479.76
EXP01817,Treatment,1,1,0,1,1369.59
EXP01818,Treatment,1,1,0,1,1418.1
EXP01819,Control,1,1,0,1,1017.88
EXP01820,Treatment,1,1,1,0,0.0
EXP01821,Control,1,1,0,1,789.75
EXP01822,Treatment,1,1,1,0,0.0
EXP01823,Treatment,1,1,0,1,935.24
EXP01824,Treatment,0,0,0,0,0.0
EXP01825,Control,1,1,0,1,593.86
EXP01826,Control,0,0,0,0,0.0
EXP01827,Treatment,0,0,0,0,0.0
EXP01828,Control,0,0,0,0,0.0
EXP01829,Control,1,0,0,0,0.0
EXP01830,Control,1,1,0,1,587.76
EXP01831,Control,1,1,0,1,655.45
EXP01832,Control,1,1,0,1,900.46
EXP01833,Control,0,0,0,0,0.0
EXP01834,Treatment,1,1,0,1,1222.03
EXP01835,Treatment,1,1,1,0,0.0
EXP01836,Treatment,1,1,0,1,1061.94
EXP01837,Treatment,1,1,0,1,616.07
EXP01838,Control,1,1,0,1,829.81
EXP01839,Control,1,1,1,0,0.0
EXP01840,Treatment,1,1,0,1,1646.66
EXP01841,Control,0,0,0,0,0.0
EXP01842,Control,1,1,0,1,918.98
EXP01843,Control,1,1,1,0,0.0
EXP01844,Control,1,1,0,1,514.28
EXP01845,Control,1,1,0,1,612.72
EXP01846,Control,0,0,0,0,0.0
EXP01847,Treatment,1,1,0,1,571.71
EXP01848,Control,1,1,0,1,602.37
EXP01849,Control,1,1,0,1,603.04
EXP01850,Treatment,0,0,0,0,0.0
EXP01851,Control,1,1,0,1,820.48
EXP01852,Treatment,1,1,1,0,0.0
EXP01853,Control,1,1,0,1,581.9
EXP01854,Control,0,0,0,0,0.0
EXP01855,Control,0,0,0,0,0.0
EXP01856,Control,1,1,0,1,767.75
EXP01857,Control,1,1,0,1,721.66
EXP01858,Treatment,1,1,0,1,1218.15
EXP01859,Control,0,0,0,0,0.0
EXP01860,Treatment,1,1,0,1,539.82
EXP01861,Treatment,1,0,0,0,0.0
EXP01862,Treatment,1,1,0,1,815.37
EXP01863,Control,0,0,0,0,0.0
EXP01864,Treatment,1,1,0,1,776.96
EXP01865,Treatment,1,1,0,1,807.02
EXP01866,Treatment,1,1,0,1,846.37
EXP01867,Control,0,0,0,0,0.0
EXP01868,Control,0,0,0,0,0.0
EXP01869,Treatment,1,1,0,1,949.34
EXP01870,Treatment,1,1,0,1,782.44
EXP01871,Control,1,1,0,1,935.7
EXP01872,Control,1,1,0,1,723.16
EXP01873,Treatment,1,1,0,1,893.26
EXP01874,Treatment,1,1,0,1,956.88
EXP01875,Control,1,1,0,1,653.11
EXP01876,Control,1,1,0,1,471.52
EXP01877,Control,1,1,0,1,1275.69
EXP01878,Treatment,1,1,0,1,989.59
EXP01879,Treatment,1,1,0,1,680.28
EXP01880,Control,1,1,0,1,765.61
EXP01881,Treatment,0,0,0,0,0.0
EXP01882,Treatment,0,0,0,0,0.0
EXP01883,Treatment,1,1,0,1,1042.53
EXP01884,Treatment,1,1,0,1,962.84
EXP01885,Control,0,0,0,0,0.0
EXP01886,Treatment,0,0,0,0,0.0
EXP01887,Control,1,1,0,1,1042.85
EXP01888,Treatment,1,1,0,1,715.79
EXP01889,Treatment,1,1,0,1,919.24
EXP01890,Treatment,1,1,1,0,0.0
EXP01891,Control,1,1,0,1,573.99
EXP01892,Treatment,1,1,0,1,826.24
EXP01893,Control,1,1,0,1,1021.22
EXP01894,Treatment,1,1,0,1,802.51
EXP01895,Control,1,0,0,0,0.0
EXP01896,Control,1,1,0,1,804.59
EXP01897,Treatment,0,0,0,0,0.0
EXP01898,Control,1,0,0,0,0.0
EXP01899,Control,1,1,0,1,615.61
EXP01900,Control,1,1,0,1,1011.4
EXP01901,Control,1,1,0,1,786.54
EXP01902,Treatment,1,0,0,0,0.0
EXP01903,Control,1,1,0,1,499.16
EXP01904,Control,1,0,0,0,0.0
EXP01905,Treatment,1,1,0,1,838.15
EXP01906,Treatment,1,1,0,1,527.31
EXP01907,Control,1,1,1,0,0.0
EXP01908,Control,1,1,0,1,1254.49
EXP01909,Treatment,1,1,0,1,748.98
EXP01910,Control,0,0,0,0,0.0
EXP01911,Control,1,1,0,1,806.33
EXP01912,Control,1,1,0,1,693.65
EXP01913,Treatment,0,0,0,0,0.0
EXP01914,Control,1,1,0,1,679.01
EXP01915,Control,1,1,1,0,0.0
EXP01916,Control,1,1,0,1,1489.74
EXP01917,Control,1,1,0,1,346.3
EXP01918,Treatment,1,1,0,1,689.86
EXP01919,Treatment,1,1,0,1,728.93
EXP01920,Treatment,1,1,0,1,599.36
EXP01921,Control,1,1,0,1,578.74
EXP01922,Control,0,0,0,0,0.0
EXP01923,Treatment,1,1,0,1,941.6
EXP01924,Treatment,1,1,0,1,902.01
EXP01925,Control,0,0,0,0,0.0
EXP01926,Treatment,0,0,0,0,0.0
EXP01927,Treatment,1,1,1,0,0.0
EXP01928,Treatment,1,1,0,1,1029.06
EXP01929,Control,1,1,0,1,742.61
EXP01930,Control,1,1,0,1,1037.46
EXP01931,Treatment,1,1,0,1,623.6
EXP01932,Control,1,1,0,1,762.31
EXP01933,Treatment,0,0,0,0,0.0
EXP01934,Control,1,1,0,1,384.29
EXP01935,Treatment,1,1,0,1,1145.59
EXP01936,Treatment,0,0,0,0,0.0
EXP01937,Control,1,1,0,1,843.11
EXP01938,Control,1,1,0,1,1192.52
EXP01939,Treatment,1,1,1,0,0.0
EXP01940,Treatment,1,1,0,1,866.0
EXP01941,Control,0,0,0,0,0.0
EXP01942,Control,1,1,1,0,0.0
EXP01943,Treatment,1,1,0,1,486.96
EXP01944,Control,1,0,0,0,0.0
EXP01945,Control,0,0,0,0,0.0
EXP01946,Control,1,1,0,1,678.91
EXP01947,Control,1,1,0,1,573.49
EXP01948,Treatment,1,1,0,1,687.86
EXP01949,Treatment,1,1,0,1,672.21
EXP01950,Treatment,1,1,0,1,856.75
EXP01951,Control,1,1,0,1,764.6
EXP01952,Control,1,1,0,1,773.73
EXP01953,Control,0,0,0,0,0.0
EXP01954,Control,1,1,0,1,901.13
EXP01955,Control,1,1,1,0,0.0
EXP01956,Control,1,1,0,1,720.62
EXP01957,Treatment,1,1,0,1,810.45
EXP01958,Control,1,1,0,1,913.27
EXP01959,Treatment,1,1,0,1,515.8
EXP01960,Control,1,1,0,1,675.37
EXP01961,Treatment,1,1,0,1,801.43
EXP01962,Control,1,1,0,1,1045.84
EXP01963,Treatment,1,0,0,0,0.0
EXP01964,Control,1,1,0,1,751.44
EXP01965,Treatment,1,1,0,1,690.36
EXP01966,Treatment,1,1,0,1,607.58
EXP01967,Treatment,1,1,0,1,582.7
EXP01968,Treatment,1,1,1,0,0.0
EXP01969,Control,1,1,0,1,782.21
EXP01970,Control,1,1,0,1,600.15
EXP01971,Treatment,0,0,0,0,0.0
EXP01972,Control,1,1,0,1,978.47
EXP01973,Treatment,1,1,0,1,771.6
EXP01974,Treatment,1,1,0,1,1232.07
EXP01975,Treatment,0,0,0,0,0.0
EXP01976,Treatment,0,0,0,0,0.0
EXP01977,Control,0,0,0,0,0.0
EXP01978,Control,0,0,0,0,0.0
EXP01979,Control,1,1,0,1,924.83
EXP01980,Treatment,0,0,0,0,0.0
EXP01981,Treatment,0,0,0,0,0.0
EXP01982,Treatment,1,1,0,1,455.77
EXP01983,Control,1,1,0,1,988.53
EXP01984,Control,1,1,0,1,933.05
EXP01985,Control,0,0,0,0,0.0
EXP01986,Control,1,1,0,1,658.89
EXP01987,Treatment,1,1,0,1,578.89
EXP01988,Control,1,1,1,0,0.0
EXP01989,Treatment,0,0,0,0,0.0
EXP01990,Control,1,1,0,1,751.01
EXP01991,Treatment,0,0,0,0,0.0
EXP01992,Control,1,1,0,1,1106.33
EXP01993,Treatment,1,1,0,1,968.28
EXP01994,Treatment,1,1,0,1,907.51
EXP01995,Treatment,1,1,0,1,789.46
EXP01996,Treatment,1,1,0,1,577.73
EXP01997,Treatment,1,0,0,0,0.0
EXP01998,Control,1,1,0,1,807.92
EXP01999,Treatment,1,1,0,1,803.47
EXP02000,Treatment,1,1,1,0,0.0
EXP02001,Treatment,1,1,0,1,878.95
EXP02002,Control,1,1,0,1,896.03
EXP02003,Treatment,0,0,0,0,0.0
EXP02004,Control,1,1,0,1,518.89
EXP02005,Treatment,1,1,0,1,551.35
EXP02006,Control,0,0,0,0,0.0
EXP02007,Control,1,1,0,1,657.22
EXP02008,Treatment,1,1,0,1,1313.5
EXP02009,Control,1,1,0,1,833.18
EXP02010,Control,1,1,0,1,505.08
EXP02011,Control,1,1,0,1,730.89
EXP02012,Control,1,1,0,1,583.07
EXP02013,Control,1,1,0,1,397.29
EXP02014,Control,0,0,0,0,0.0
EXP02015,Control,0,0,0,0,0.0
EXP02016,Treatment,1,1,0,1,1031.06
EXP02017,Control,0,0,0,0,0.0
EXP02018,Control,1,1,0,1,605.63
EXP02019,Control,1,1,0,1,1424.41
EXP02020,Control,0,0,0,0,0.0
EXP02021,Treatment,1,1,0,1,800.15
EXP02022,Treatment,1,1,0,1,698.03
EXP02023,Treatment,0,0,0,0,0.0
EXP02024,Control,1,1,0,1,613.71
EXP02025,Control,1,1,0,1,602.09
EXP02026,Treatment,1,1,0,1,1024.74
EXP02027,Treatment,1,1,0,1,748.95
EXP02028,Treatment,1,1,0,1,423.49
EXP02029,Treatment,0,0,0,0,0.0
EXP02030,Control,1,1,0,1,1021.56
EXP02031,Treatment,0,0,0,0,0.0
EXP02032,Treatment,1,1,0,1,1073.12
EXP02033,Treatment,1,1,0,1,1299.61
EXP02034,Treatment,1,1,0,1,358.22
EXP02035,Control,1,0,0,0,0.0
EXP02036,Control,0,0,0,0,0.0
EXP02037,Control,0,0,0,0,0.0
EXP02038,Control,1,1,0,1,581.82
EXP02039,Treatment,1,1,0,1,1139.69
EXP02040,Treatment,1,1,0,1,913.74
EXP02041,Control,1,1,0,1,1090.23
EXP02042,Treatment,1,1,0,1,1318.71
EXP02043,Control,1,1,0,1,612.23
EXP02044,Control,1,1,1,0,0.0
EXP02045,Treatment,0,0,0,0,0.0
EXP02046,Control,1,1,0,1,611.08
EXP02047,Treatment,1,1,0,1,878.04
EXP02048,Control,1,1,0,1,445.38
EXP02049,Control,1,1,0,1,709.74
EXP02050,Treatment,1,1,1,0,0.0
EXP02051,Treatment,1,1,0,1,780.72
EXP02052,Control,1,0,0,0,0.0
EXP02053,Control,0,0,0,0,0.0
EXP02054,Control,1,1,0,1,745.81
EXP02055,Treatment,1,1,0,1,819.78
EXP02056,Treatment,1,1,1,0,0.0
EXP02057,Control,1,1,0,1,685.02
EXP02058,Control,0,0,0,0,0.0
EXP02059,Treatment,0,0,0,0,0.0
EXP02060,Control,1,1,0,1,812.99
EXP02061,Control,1,1,0,1,916.45
EXP02062,Control,1,1,0,1,646.66
EXP02063,Treatment,1,1,0,1,882.62
EXP02064,Treatment,0,0,0,0,0.0
EXP02065,Control,1,1,0,1,1049.48
EXP02066,Treatment,1,1,0,1,1228.63
EXP02067,Treatment,1,1,0,1,575.36
EXP02068,Control,1,1,1,0,0.0
EXP02069,Treatment,1,1,0,1,793.94
EXP02070,Control,1,1,0,1,588.75
EXP02071,Treatment,1,1,0,1,565.21
EXP02072,Control,1,1,0,1,629.14
EXP02073,Control,1,1,0,1,836.17
EXP02074,Treatment,1,1,0,1,922.28
EXP02075,Treatment,1,1,0,1,570.3
EXP02076,Treatment,1,1,0,1,792.0
EXP02077,Treatment,1,1,0,1,938.33
EXP02078,Control,1,1,0,1,685.25
EXP02079,Control,1,1,0,1,612.17
EXP02080,Control,1,1,0,1,809.77
EXP02081,Control,0,0,0,0,0.0
EXP02082,Treatment,1,1,0,1,818.97
EXP02083,Treatment,1,1,0,1,674.32
EXP02084,Control,1,1,0,1,678.97
EXP02085,Treatment,1,1,1,0,0.0
EXP02086,Control,1,1,0,1,1054.12
EXP02087,Control,1,1,0,1,782.08
EXP02088,Control,0,0,0,0,0.0
EXP02089,Treatment,1,1,0,1,479.94
EXP02090,Treatment,1,1,0,1,1153.05
EXP02091,Control,0,0,0,0,0.0
EXP02092,Treatment,1,1,0,1,707.05
EXP02093,Treatment,1,1,1,0,0.0
EXP02094,Treatment,1,1,0,1,907.89
EXP02095,Treatment,1,1,0,1,941.12
EXP02096,Control,1,1,0,1,883.94
EXP02097,Treatment,1,1,0,1,812.95
EXP02098,Treatment,1,1,0,1,411.48
EXP02099,Treatment,1,1,0,1,622.05
EXP02100,Treatment,1,1,0,1,565.9
EXP02101,Control,1,1,0,1,546.19
EXP02102,Control,1,1,1,0,0.0
EXP02103,Control,1,1,0,1,600.88
EXP02104,Treatment,1,1,1,0,0.0
EXP02105,Control,1,1,0,1,839.72
EXP02106,Treatment,1,1,0,1,449.82
EXP02107,Control,1,1,0,1,669.68
EXP02108,Treatment,1,1,1,0,0.0
EXP02109,Control,0,0,0,0,0.0
EXP02110,Treatment,1,1,0,1,1058.22
EXP02111,Treatment,1,1,0,1,883.42
EXP02112,Treatment,1,1,0,1,503.68
EXP02113,Treatment,1,1,0,1,809.52
EXP02114,Control,1,0,0,0,0.0
EXP02115,Control,1,1,0,1,605.42
EXP02116,Control,1,1,0,1,825.12
EXP02117,Control,1,1,0,1,836.55
EXP02118,Treatment,1,1,0,1,957.68
EXP02119,Treatment,0,0,0,0,0.0
EXP02120,Control,0,0,0,0,0.0
EXP02121,Control,0,0,0,0,0.0
EXP02122,Treatment,0,0,0,0,0.0
EXP02123,Treatment,1,1,0,1,737.14
EXP02124,Treatment,1,1,0,1,849.72
EXP02125,Control,1,1,0,1,860.03
EXP02126,Control,1,1,1,0,0.0
EXP02127,Treatment,1,1,0,1,854.83
EXP02128,Treatment,0,0,0,0,0.0
EXP02129,Control,1,1,0,1,864.74
EXP02130,Treatment,1,1,0,1,631.79
EXP02131,Control,0,0,0,0,0.0
EXP02132,Control,1,1,0,1,781.29
EXP02133,Treatment,1,1,0,1,1062.72
EXP02134,Treatment,0,0,0,0,0.0
EXP02135,Treatment,1,1,0,1,874.28
EXP02136,Control,1,1,0,1,947.87
EXP02137,Treatment,1,1,0,1,686.06
EXP02138,Treatment,1,1,1,0,0.0
EXP02139,Control,1,1,0,1,1263.65
EXP02140,Control,1,1,0,1,670.89
EXP02141,Treatment,1,1,0,1,740.84
EXP02142,Treatment,1,1,0,1,1299.11
EXP02143,Treatment,1,1,1,0,0.0
EXP02144,Treatment,1,1,0,1,788.25
EXP02145,Control,1,0,0,0,0.0
EXP02146,Control,0,0,0,0,0.0
EXP02147,Control,1,1,0,1,487.69
EXP02148,Treatment,1,1,0,1,925.26
EXP02149,Treatment,1,1,0,1,710.77
EXP02150,Control,0,0,0,0,0.0
EXP02151,Treatment,1,1,0,1,741.72
EXP02152,Treatment,0,0,0,0,0.0
EXP02153,Treatment,0,0,0,0,0.0
EXP02154,Treatment,0,0,0,0,0.0
EXP02155,Treatment,1,1,0,1,981.52
EXP02156,Treatment,0,0,0,0,0.0
EXP02157,Control,0,0,0,0,0.0
EXP02158,Treatment,1,1,0,1,730.99
EXP02159,Treatment,1,1,0,1,508.79
EXP02160,Treatment,1,1,0,1,732.81
EXP02161,Treatment,1,1,0,1,1133.94
EXP02162,Treatment,1,1,0,1,1220.79
EXP02163,Control,0,0,0,0,0.0
EXP02164,Treatment,1,1,0,1,497.33
EXP02165,Control,1,1,0,1,623.43
EXP02166,Control,0,0,0,0,0.0
EXP02167,Treatment,1,1,0,1,528.73
EXP02168,Control,1,1,0,1,954.65
EXP02169,Control,0,0,0,0,0.0
EXP02170,Treatment,1,1,0,1,1118.82
EXP02171,Control,1,1,0,1,685.99
EXP02172,Treatment,0,0,0,0,0.0
EXP02173,Control,1,1,0,1,644.41
EXP02174,Treatment,1,1,0,1,703.44
EXP02175,Control,1,1,0,1,979.29
EXP02176,Treatment,1,1,0,1,959.56
EXP02177,Control,1,1,0,1,810.18
EXP02178,Treatment,0,0,0,0,0.0
EXP02179,Treatment,0,0,0,0,0.0
EXP02180,Treatment,1,1,0,1,1117.12
EXP02181,Control,1,1,0,1,909.39
EXP02182,Control,1,1,0,1,642.65
EXP02183,Treatment,0,0,0,0,0.0
EXP02184,Treatment,1,1,0,1,635.17
EXP02185,Treatment,1,1,0,1,708.36
EXP02186,Treatment,1,1,0,1,915.56
EXP02187,Treatment,1,1,0,1,1416.29
EXP02188,Control,1,1,0,1,913.87
EXP02189,Treatment,1,1,0,1,969.21
EXP02190,Treatment,1,1,0,1,880.22
EXP02191,Treatment,1,1,0,1,1602.03
EXP02192,Control,1,1,1,0,0.0
EXP02193,Control,0,0,0,0,0.0
EXP02194,Control,1,1,0,1,647.78
EXP02195,Control,1,1,0,1,636.36
EXP02196,Treatment,1,1,0,1,801.58
EXP02197,Control,1,0,0,0,0.0
EXP02198,Control,0,0,0,0,0.0
EXP02199,Treatment,1,1,0,1,546.61
EXP02200,Control,1,1,0,1,493.71
EXP02201,Treatment,1,1,0,1,685.62
EXP02202,Control,1,1,0,1,590.08
EXP02203,Control,1,1,0,1,886.46
EXP02204,Control,0,0,0,0,0.0
EXP02205,Treatment,1,1,0,1,701.5
EXP02206,Treatment,0,0,0,0,0.0
EXP02207,Control,1,1,0,1,532.58
EXP02208,Control,1,1,0,1,1039.0
EXP02209,Control,0,0,0,0,0.0
EXP02210,Control,1,1,0,1,915.32
EXP02211,Control,0,0,0,0,0.0
EXP02212,Treatment,1,1,0,1,903.02
EXP02213,Control,0,0,0,0,0.0
EXP02214,Control,1,1,0,1,1053.83
EXP02215,Treatment,0,0,0,0,0.0
EXP02216,Control,1,1,0,1,467.77
EXP02217,Treatment,1,1,0,1,377.6
EXP02218,Control,1,1,0,1,718.67
EXP02219,Treatment,1,1,1,0,0.0
EXP02220,Treatment,1,1,0,1,837.01
EXP02221,Treatment,1,1,0,1,899.68
EXP02222,Treatment,1,1,0,1,447.65
EXP02223,Treatment,1,1,0,1,770.31
EXP02224,Treatment,1,1,0,1,718.13
EXP02225,Treatment,1,0,0,0,0.0
EXP02226,Treatment,1,1,0,1,875.59
EXP02227,Control,1,1,0,1,559.44
EXP02228,Control,1,1,0,1,1541.81
EXP02229,Control,1,1,0,1,652.21
EXP02230,Treatment,0,0,0,0,0.0
EXP02231,Control,0,0,0,0,0.0
EXP02232,Control,1,1,0,1,712.22
EXP02233,Control,1,1,0,1,840.31
EXP02234,Treatment,0,0,0,0,0.0
EXP02235,Treatment,1,1,0,1,1009.09
EXP02236,Control,1,1,0,1,1118.82
EXP02237,Control,1,0,0,0,0.0
EXP02238,Treatment,0,0,0,0,0.0
EXP02239,Control,1,1,0,1,846.25
EXP02240,Control,1,1,0,1,642.0
EXP02241,Treatment,1,1,0,1,854.41
EXP02242,Control,1,1,0,1,636.65
EXP02243,Control,1,1,0,1,1142.44
EXP02244,Control,1,1,0,1,798.66
EXP02245,Treatment,1,1,0,1,785.48
EXP02246,Control,1,1,0,1,1496.08
EXP02247,Treatment,1,0,0,0,0.0
EXP02248,Control,1,1,0,1,874.82
EXP02249,Control,1,1,0,1,835.55
EXP02250,Control,1,1,0,1,1027.06
EXP02251,Control,1,1,0,1,648.44
EXP02252,Control,1,1,0,1,785.78
EXP02253,Control,1,1,0,1,479.21
EXP02254,Treatment,0,0,0,0,0.0
EXP02255,Treatment,1,1,0,1,467.37
EXP02256,Treatment,1,1,0,1,1095.61
EXP02257,Treatment,1,1,0,1,897.09
EXP02258,Control,1,1,0,1,845.63
EXP02259,Treatment,1,1,0,1,285.02
EXP02260,Treatment,1,1,0,1,484.0
EXP02261,Treatment,1,1,0,1,687.22
EXP02262,Treatment,1,1,0,1,859.58
EXP02263,Treatment,1,1,0,1,343.18
EXP02264,Treatment,0,0,0,0,0.0
EXP02265,Control,0,0,0,0,0.0
EXP02266,Control,1,1,0,1,715.09
EXP02267,Treatment,0,0,0,0,0.0
EXP02268,Treatment,1,1,1,0,0.0
EXP02269,Control,0,0,0,0,0.0
EXP02270,Treatment,1,1,0,1,907.33
EXP02271,Control,1,1,1,0,0.0
EXP02272,Treatment,1,1,0,1,1145.8
EXP02273,Control,0,0,0,0,0.0
EXP02274,Treatment,1,1,0,1,518.68
EXP02275,Control,1,1,0,1,702.54
EXP02276,Control,0,0,0,0,0.0
EXP02277,Control,1,1,0,1,945.24
EXP02278,Treatment,1,1,0,1,1390.23
EXP02279,Control,1,1,0,1,994.49
EXP02280,Treatment,1,1,0,1,752.4
EXP02281,Treatment,0,0,0,0,0.0
EXP02282,Treatment,1,1,0,1,858.5
EXP02283,Control,1,1,0,1,907.85
EXP02284,Control,0,0,0,0,0.0
EXP02285,Treatment,1,1,0,1,1172.76
EXP02286,Control,1,1,0,1,537.77
EXP02287,Control,0,0,0,0,0.0
EXP02288,Treatment,1,1,0,1,450.51
EXP02289,Treatment,1,1,0,1,442.59
EXP02290,Control,1,1,0,1,869.34
EXP02291,Control,0,0,0,0,0.0
EXP02292,Treatment,1,1,1,0,0.0
EXP02293,Control,0,0,0,0,0.0
EXP02294,Treatment,1,1,0,1,726.6
EXP02295,Control,1,1,0,1,555.62
EXP02296,Treatment,1,1,0,1,587.55
EXP02297,Treatment,0,0,0,0,0.0
EXP02298,Treatment,1,1,0,1,811.32
EXP02299,Treatment,0,0,0,0,0.0
EXP02300,Treatment,0,0,0,0,0.0
EXP02301,Treatment,1,1,0,1,525.78
EXP02302,Treatment,1,1,0,1,734.44
EXP02303,Control,1,1,0,1,1409.45
EXP02304,Treatment,1,1,0,1,540.1
EXP02305,Treatment,1,1,0,1,636.96
EXP02306,Treatment,1,1,0,1,1945.26
EXP02307,Treatment,1,1,0,1,613.21
EXP02308,Control,1,1,0,1,963.33
EXP02309,Control,1,1,0,1,559.28
EXP02310,Control,1,1,1,0,0.0
EXP02311,Control,1,1,0,1,679.46
EXP02312,Treatment,0,0,0,0,0.0
EXP02313,Control,1,1,0,1,421.16
EXP02314,Treatment,1,1,0,1,1566.66
EXP02315,Treatment,1,1,0,1,990.47
EXP02316,Control,1,1,0,1,962.46
EXP02317,Treatment,1,1,0,1,1299.54
EXP02318,Control,0,0,0,0,0.0
EXP02319,Treatment,1,1,0,1,547.04
EXP02320,Control,1,1,1,0,0.0
EXP02321,Treatment,1,1,0,1,834.57
EXP02322,Control,0,0,0,0,0.0
EXP02323,Treatment,1,1,0,1,552.65
EXP02324,Control,1,1,0,1,333.87
EXP02325,Treatment,1,1,1,0,0.0
EXP02326,Treatment,1,0,0,0,0.0
EXP02327,Treatment,1,1,0,1,1544.73
EXP02328,Treatment,1,0,0,0,0.0
EXP02329,Control,1,1,1,0,0.0
EXP02330,Treatment,0,0,0,0,0.0
EXP02331,Control,1,0,0,0,0.0
EXP02332,Treatment,1,1,0,1,1274.75
EXP02333,Control,1,1,0,1,946.48
EXP02334,Control,1,1,0,1,930.65
EXP02335,Control,0,0,0,0,0.0
EXP02336,Treatment,0,0,0,0,0.0
EXP02337,Control,1,1,0,1,885.12
EXP02338,Control,1,1,0,1,622.23
EXP02339,Treatment,1,1,0,1,477.15
EXP02340,Control,0,0,0,0,0.0
EXP02341,Control,1,1,0,1,683.54
EXP02342,Treatment,1,1,0,1,681.27
EXP02343,Control,1,1,1,0,0.0
EXP02344,Control,1,1,1,0,0.0
EXP02345,Control,1,1,0,1,715.49
EXP02346,Treatment,1,1,0,1,1023.33
EXP02347,Treatment,0,0,0,0,0.0
EXP02348,Treatment,1,1,1,0,0.0
EXP02349,Treatment,1,1,0,1,486.64
EXP02350,Treatment,1,1,1,0,0.0
EXP02351,Control,0,0,0,0,0.0
EXP02352,Treatment,1,1,0,1,408.43
EXP02353,Treatment,1,1,1,0,0.0
EXP02354,Treatment,1,1,0,1,1638.68
EXP02355,Treatment,1,1,0,1,1064.19
EXP02356,Control,1,1,0,1,712.82
EXP02357,Control,1,1,1,0,0.0
EXP02358,Control,0,0,0,0,0.0
EXP02359,Control,1,1,0,1,607.34
EXP02360,Treatment,0,0,0,0,0.0
EXP02361,Control,1,1,0,1,684.78
EXP02362,Treatment,1,1,0,1,508.93
EXP02363,Treatment,1,1,0,1,941.21
EXP02364,Treatment,1,1,0,1,777.37
EXP02365,Control,0,0,0,0,0.0
EXP02366,Control,1,1,0,1,565.56
EXP02367,Control,1,1,0,1,550.99
EXP02368,Control,1,1,0,1,602.43
EXP02369,Control,1,1,0,1,627.81
EXP02370,Treatment,1,1,0,1,476.42
EXP02371,Treatment,1,0,0,0,0.0
EXP02372,Treatment,1,1,0,1,1168.62
EXP02373,Control,1,1,0,1,746.38
EXP02374,Treatment,1,1,0,1,704.06
EXP02375,Control,1,1,0,1,1069.34
EXP02376,Control,1,1,0,1,1239.69
EXP02377,Control,1,1,0,1,664.59
EXP02378,Treatment,0,0,0,0,0.0
EXP02379,Treatment,1,1,0,1,693.92
EXP02380,Treatment,1,1,0,1,791.23
EXP02381,Treatment,1,1,0,1,920.72
EXP02382,Control,0,0,0,0,0.0
EXP02383,Treatment,1,1,0,1,675.25
EXP02384,Treatment,1,1,0,1,652.63
EXP02385,Treatment,1,1,1,0,0.0
EXP02386,Treatment,0,0,0,0,0.0
EXP02387,Control,1,1,0,1,1377.88
EXP02388,Treatment,1,1,1,0,0.0
EXP02389,Treatment,1,1,0,1,906.57
EXP02390,Treatment,1,1,0,1,443.84
EXP02391,Treatment,1,1,0,1,570.12
EXP02392,Treatment,1,1,0,1,1049.28
EXP02393,Treatment,1,1,0,1,945.22
EXP02394,Control,1,1,1,0,0.0
EXP02395,Control,1,1,0,1,664.63
EXP02396,Control,1,1,0,1,827.74
EXP02397,Control,1,1,0,1,933.57
EXP02398,Treatment,1,1,0,1,887.82
EXP02399,Control,1,0,0,0,0.0
EXP02400,Treatment,1,1,0,1,727.98
EXP02401,Control,1,1,0,1,768.54
EXP02402,Treatment,1,1,0,1,368.21
EXP02403,Control,1,1,0,1,582.26
EXP02404,Control,1,1,0,1,1145.81
EXP02405,Treatment,1,1,0,1,808.5
EXP02406,Treatment,1,1,0,1,500.88
EXP02407,Treatment,1,1,0,1,498.0
EXP02408,Treatment,0,0,0,0,0.0
EXP02409,Treatment,1,1,0,1,598.99
EXP02410,Control,1,1,1,0,0.0
EXP02411,Treatment,1,1,0,1,667.03
EXP02412,Control,0,0,0,0,0.0
EXP02413,Control,1,1,0,1,524.94
EXP02414,Control,1,1,0,1,297.89
EXP02415,Treatment,1,1,0,1,1166.25
EXP02416,Control,1,1,0,1,668.51
EXP02417,Treatment,1,1,0,1,917.63
EXP02418,Treatment,1,1,0,1,922.02
EXP02419,Treatment,1,1,0,1,1076.0
EXP02420,Treatment,1,1,0,1,981.67
EXP02421,Treatment,1,1,0,1,579.25
EXP02422,Treatment,1,1,0,1,568.89
EXP02423,Treatment,1,1,1,0,0.0
EXP02424,Control,1,1,0,1,668.13
EXP02425,Control,1,1,0,1,627.86
EXP02426,Control,1,1,0,1,496.3
EXP02427,Treatment,1,1,0,1,523.17
EXP02428,Treatment,0,0,0,0,0.0
EXP02429,Treatment,1,1,1,0,0.0
EXP02430,Control,0,0,0,0,0.0
EXP02431,Control,1,1,0,1,719.97
EXP02432,Control,0,0,0,0,0.0
EXP02433,Treatment,1,1,0,1,1034.18
EXP02434,Treatment,0,0,0,0,0.0
EXP02435,Treatment,1,1,0,1,1468.24
EXP02436,Control,1,1,0,1,884.04
EXP02437,Control,1,1,0,1,866.01
EXP02438,Treatment,1,1,0,1,1477.72
EXP02439,Control,1,1,0,1,902.3
EXP02440,Treatment,1,1,0,1,961.15
EXP02441,Treatment,1,1,1,0,0.0
EXP02442,Control,1,1,1,0,0.0
EXP02443,Control,0,0,0,0,0.0
EXP02444,Control,1,1,0,1,734.19
EXP02445,Control,0,0,0,0,0.0
EXP02446,Control,1,1,0,1,427.62
EXP02447,Treatment,1,1,0,1,933.88
EXP02448,Treatment,1,1,0,1,354.43
EXP02449,Control,1,1,0,1,534.44
EXP02450,Control,1,1,0,1,587.43
EXP02451,Treatment,0,0,0,0,0.0
EXP02452,Control,1,1,0,1,455.45
EXP02453,Treatment,1,1,0,1,679.08
EXP02454,Control,1,1,0,1,967.63
EXP02455,Control,0,0,0,0,0.0
EXP02456,Treatment,1,1,0,1,556.3
EXP02457,Control,1,1,0,1,980.19
EXP02458,Control,1,1,0,1,840.41
EXP02459,Control,1,1,0,1,483.68
EXP02460,Treatment,1,1,0,1,1203.69
EXP02461,Control,0,0,0,0,0.0
EXP02462,Control,1,1,1,0,0.0
EXP02463,Treatment,1,1,0,1,938.55
EXP02464,Control,1,1,0,1,612.85
EXP02465,Control,1,1,0,1,1061.69
EXP02466,Treatment,0,0,0,0,0.0
EXP02467,Control,0,0,0,0,0.0
EXP02468,Control,0,0,0,0,0.0
EXP02469,Control,1,1,0,1,1015.26
EXP02470,Control,0,0,0,0,0.0
EXP02471,Control,1,1,1,0,0.0
EXP02472,Treatment,1,1,0,1,417.16
EXP02473,Treatment,1,1,0,1,831.13
EXP02474,Control,1,1,0,1,789.34
EXP02475,Control,1,1,1,0,0.0
EXP02476,Treatment,1,1,0,1,529.74
EXP02477,Control,1,1,0,1,887.99
EXP02478,Control,1,1,0,1,368.0
EXP02479,Treatment,1,1,0,1,511.59
EXP02480,Control,1,1,1,0,0.0
EXP02481,Treatment,1,1,1,0,0.0
EXP02482,Treatment,1,1,0,1,450.36
EXP02483,Treatment,1,1,0,1,1311.83
EXP02484,Control,0,0,0,0,0.0
EXP02485,Treatment,0,0,0,0,0.0
EXP02486,Treatment,1,1,0,1,603.3
EXP02487,Control,0,0,0,0,0.0
EXP02488,Treatment,1,1,0,1,393.29
EXP02489,Treatment,1,1,0,1,1121.21
EXP02490,Treatment,1,1,1,0,0.0
EXP02491,Treatment,1,1,0,1,1067.4
EXP02492,Control,1,1,0,1,543.93
EXP02493,Treatment,1,1,0,1,1362.39
EXP02494,Treatment,1,1,0,1,1310.63
EXP02495,Treatment,1,1,0,1,511.35
EXP02496,Treatment,1,1,1,0,0.0
EXP02497,Treatment,1,1,0,1,664.42
EXP02498,Control,1,1,0,1,777.06
EXP02499,Treatment,1,1,0,1,793.46
EXP02500,Treatment,1,1,0,1,1155.23
EXP02501,Control,1,1,0,1,414.95
EXP02502,Treatment,1,1,0,1,826.3
EXP02503,Treatment,1,1,0,1,916.21
EXP02504,Control,1,1,0,1,808.89
EXP02505,Control,1,1,0,1,779.66
EXP02506,Control,1,1,0,1,1132.92
EXP02507,Control,1,1,0,1,841.46
EXP02508,Treatment,1,1,0,1,519.66
EXP02509,Control,1,1,1,0,0.0
EXP02510,Treatment,1,1,0,1,1050.13
EXP02511,Treatment,1,1,0,1,1421.53
EXP02512,Treatment,1,1,0,1,402.5
EXP02513,Treatment,0,0,0,0,0.0
EXP02514,Treatment,1,1,0,1,889.89
EXP02515,Control,1,1,0,1,793.71
EXP02516,Control,1,1,0,1,452.37
EXP02517,Control,1,1,0,1,738.94
EXP02518,Treatment,0,0,0,0,0.0
EXP02519,Control,1,1,1,0,0.0
EXP02520,Control,0,0,0,0,0.0
EXP02521,Control,1,0,0,0,0.0
EXP02522,Treatment,1,1,0,1,803.88
EXP02523,Treatment,0,0,0,0,0.0
EXP02524,Treatment,1,1,0,1,414.94
EXP02525,Control,1,1,0,1,740.81
EXP02526,Control,1,0,0,0,0.0
EXP02527,Treatment,0,0,0,0,0.0
EXP02528,Treatment,1,1,0,1,824.19
EXP02529,Treatment,0,0,0,0,0.0
EXP02530,Treatment,1,1,0,1,581.58
EXP02531,Treatment,1,1,0,1,444.13
EXP02532,Control,1,1,0,1,668.9
EXP02533,Control,1,1,0,1,793.04
EXP02534,Treatment,1,1,0,1,619.75
EXP02535,Control,1,1,0,1,402.46
EXP02536,Control,1,1,1,0,0.0
EXP02537,Control,1,1,0,1,544.52
EXP02538,Treatment,1,1,0,1,698.49
EXP02539,Control,1,1,1,0,0.0
EXP02540,Treatment,1,1,0,1,654.02
EXP02541,Control,1,1,0,1,555.85
EXP02542,Treatment,1,1,1,0,0.0
EXP02543,Control,1,0,0,0,0.0
EXP02544,Control,1,1,1,0,0.0
EXP02545,Control,1,1,0,1,840.9
EXP02546,Control,0,0,0,0,0.0
EXP02547,Treatment,1,1,1,0,0.0
EXP02548,Treatment,0,0,0,0,0.0
EXP02549,Control,0,0,0,0,0.0
EXP02550,Treatment,0,0,0,0,0.0
EXP02551,Control,1,1,0,1,1066.26
EXP02552,Control,0,0,0,0,0.0
EXP02553,Control,1,1,0,1,740.03
EXP02554,Control,1,1,0,1,538.89
EXP02555,Treatment,1,1,1,0,0.0
EXP02556,Treatment,1,1,0,1,585.48
EXP02557,Control,1,1,1,0,0.0
EXP02558,Control,0,0,0,0,0.0
EXP02559,Control,0,0,0,0,0.0
EXP02560,Treatment,1,1,0,1,1280.88
EXP02561,Control,1,1,0,1,777.1
EXP02562,Treatment,1,1,0,1,1121.66
EXP02563,Control,1,1,0,1,552.8
EXP02564,Treatment,1,1,0,1,806.51
EXP02565,Control,1,1,0,1,1626.85
EXP02566,Control,0,0,0,0,0.0
EXP02567,Control,1,0,0,0,0.0
EXP02568,Treatment,1,1,0,1,1135.46
EXP02569,Control,1,1,1,0,0.0
EXP02570,Control,0,0,0,0,0.0
EXP02571,Treatment,0,0,0,0,0.0
EXP02572,Treatment,1,1,0,1,1599.91
EXP02573,Treatment,1,1,0,1,965.03
EXP02574,Treatment,1,1,0,1,1638.54
EXP02575,Control,1,1,0,1,1219.54
EXP02576,Control,1,1,0,1,435.65
EXP02577,Treatment,1,1,0,1,710.68
EXP02578,Treatment,1,1,0,1,733.49
EXP02579,Treatment,1,0,0,0,0.0
EXP02580,Control,1,1,0,1,411.95
EXP02581,Treatment,1,1,1,0,0.0
EXP02582,Treatment,1,1,0,1,605.14
EXP02583,Control,1,1,0,1,1502.64
EXP02584,Control,1,1,0,1,606.18
EXP02585,Control,1,1,0,1,392.64
EXP02586,Treatment,1,1,0,1,404.89
EXP02587,Treatment,1,1,0,1,599.84
EXP02588,Treatment,1,1,0,1,686.57
EXP02589,Control,1,1,0,1,768.14
EXP02590,Treatment,1,0,0,0,0.0
EXP02591,Treatment,1,1,0,1,664.62
EXP02592,Treatment,1,1,0,1,828.79
EXP02593,Treatment,1,1,0,1,1702.49
EXP02594,Control,0,0,0,0,0.0
EXP02595,Treatment,1,1,0,1,1152.92
EXP02596,Control,1,0,0,0,0.0
EXP02597,Treatment,1,1,0,1,671.62
EXP02598,Control,1,1,0,1,469.06
EXP02599,Treatment,1,1,0,1,538.46
EXP02600,Control,1,1,0,1,598.64
EXP02601,Control,1,1,0,1,1026.05
EXP02602,Control,1,1,0,1,727.16
EXP02603,Control,1,1,0,1,616.91
EXP02604,Treatment,1,1,0,1,518.91
EXP02605,Control,1,1,0,1,739.36
EXP02606,Treatment,0,0,0,0,0.0
EXP02607,Control,1,1,0,1,1133.74
EXP02608,Treatment,1,1,0,1,901.47
EXP02609,Control,1,1,0,1,793.9
EXP02610,Control,1,1,1,0,0.0
EXP02611,Control,1,1,0,1,727.33
EXP02612,Treatment,1,1,0,1,617.26
EXP02613,Control,0,0,0,0,0.0
EXP02614,Control,1,1,0,1,528.78
EXP02615,Treatment,1,1,0,1,485.72
EXP02616,Treatment,1,1,0,1,780.05
EXP02617,Control,1,1,0,1,960.4
EXP02618,Control,1,1,0,1,899.44
EXP02619,Treatment,1,1,0,1,663.88
EXP02620,Treatment,1,1,0,1,603.4
EXP02621,Control,1,1,0,1,1279.18
EXP02622,Control,1,1,0,1,1141.93
EXP02623,Treatment,1,1,1,0,0.0
EXP02624,Treatment,0,0,0,0,0.0
EXP02625,Control,1,1,0,1,881.38
EXP02626,Control,1,1,1,0,0.0
EXP02627,Control,1,1,0,1,1335.53
EXP02628,Control,0,0,0,0,0.0
EXP02629,Treatment,1,1,0,1,570.41
EXP02630,Control,1,1,0,1,1005.93
EXP02631,Treatment,1,1,0,1,727.96
EXP02632,Treatment,1,1,0,1,516.61
EXP02633,Control,1,1,0,1,832.18
EXP02634,Control,1,1,0,1,1262.77
EXP02635,Treatment,1,1,1,0,0.0
EXP02636,Treatment,1,1,0,1,1290.91
EXP02637,Control,1,1,0,1,396.36
EXP02638,Control,1,1,0,1,731.5
EXP02639,Treatment,1,1,0,1,502.09
EXP02640,Control,1,1,0,1,511.25
EXP02641,Treatment,1,1,0,1,792.8
EXP02642,Control,1,1,0,1,805.53
EXP02643,Control,1,1,0,1,800.45
EXP02644,Treatment,1,1,0,1,367.34
EXP02645,Treatment,0,0,0,0,0.0
EXP02646,Treatment,1,1,0,1,583.37
EXP02647,Control,1,1,0,1,706.96
EXP02648,Treatment,1,1,0,1,1101.09
EXP02649,Control,1,1,0,1,678.08
EXP02650,Control,1,1,0,1,743.65
EXP02651,Treatment,1,1,0,1,739.39
EXP02652,Treatment,1,1,1,0,0.0
EXP02653,Control,1,1,0,1,1270.21
EXP02654,Control,1,1,0,1,564.43
EXP02655,Treatment,1,1,0,1,677.49
EXP02656,Treatment,0,0,0,0,0.0
EXP02657,Treatment,1,1,1,0,0.0
EXP02658,Control,1,1,0,1,708.39
EXP02659,Treatment,1,1,0,1,799.71
EXP02660,Treatment,1,1,0,1,1459.06
EXP02661,Control,1,1,0,1,696.64
EXP02662,Control,0,0,0,0,0.0
EXP02663,Control,1,1,0,1,1316.36
EXP02664,Treatment,1,1,1,0,0.0
EXP02665,Treatment,1,1,0,1,785.63
EXP02666,Treatment,0,0,0,0,0.0
EXP02667,Control,1,1,0,1,1160.38
EXP02668,Control,0,0,0,0,0.0
EXP02669,Treatment,1,1,0,1,1374.99
EXP02670,Control,1,1,0,1,945.95
EXP02671,Control,0,0,0,0,0.0
EXP02672,Control,1,0,0,0,0.0
EXP02673,Treatment,1,1,0,1,749.21
EXP02674,Control,1,1,0,1,976.21
EXP02675,Treatment,1,0,0,0,0.0
EXP02676,Control,0,0,0,0,0.0
EXP02677,Control,1,1,0,1,1113.3
EXP02678,Treatment,1,1,0,1,753.47
EXP02679,Treatment,1,0,0,0,0.0
EXP02680,Control,1,1,0,1,1058.8
EXP02681,Control,1,1,0,1,626.93
EXP02682,Control,1,1,0,1,517.45
EXP02683,Treatment,1,1,0,1,854.34
EXP02684,Treatment,1,1,0,1,1429.75
EXP02685,Control,1,1,1,0,0.0
EXP02686,Treatment,1,1,0,1,1040.22
EXP02687,Control,1,1,0,1,997.46
EXP02688,Control,1,1,0,1,938.49
EXP02689,Control,1,1,0,1,640.4
EXP02690,Treatment,1,1,1,0,0.0
EXP02691,Treatment,1,1,0,1,587.65
EXP02692,Treatment,0,0,0,0,0.0
EXP02693,Treatment,1,1,1,0,0.0
EXP02694,Treatment,1,1,0,1,522.0
EXP02695,Treatment,1,1,0,1,721.31
EXP02696,Treatment,1,1,0,1,762.49
EXP02697,Control,1,1,0,1,633.22
EXP02698,Treatment,1,1,0,1,630.6
EXP02699,Treatment,1,1,0,1,909.06
EXP02700,Control,1,1,1,0,0.0
EXP02701,Treatment,1,1,0,1,830.58
EXP02702,Treatment,1,1,0,1,455.03
EXP02703,Treatment,1,1,0,1,723.08
EXP02704,Control,1,1,0,1,535.41
EXP02705,Control,1,1,0,1,647.37
EXP02706,Treatment,0,0,0,0,0.0
EXP02707,Treatment,1,1,1,0,0.0
EXP02708,Treatment,1,1,1,0,0.0
EXP02709,Control,1,1,0,1,1005.23
EXP02710,Control,0,0,0,0,0.0
EXP02711,Control,0,0,0,0,0.0
EXP02712,Control,1,1,0,1,502.95
EXP02713,Control,1,1,0,1,760.12
EXP02714,Treatment,0,0,0,0,0.0
EXP02715,Control,1,1,0,1,813.48
EXP02716,Control,1,1,0,1,1381.48
EXP02717,Control,0,0,0,0,0.0
EXP02718,Treatment,0,0,0,0,0.0
EXP02719,Treatment,1,1,0,1,1201.05
EXP02720,Treatment,1,1,0,1,922.67
EXP02721,Treatment,1,1,1,0,0.0
EXP02722,Treatment,1,1,0,1,1209.75
EXP02723,Control,0,0,0,0,0.0
EXP02724,Treatment,1,1,0,1,800.42
EXP02725,Treatment,1,1,1,0,0.0
EXP02726,Control,1,1,0,1,784.34
EXP02727,Treatment,1,1,0,1,1092.11
EXP02728,Treatment,0,0,0,0,0.0
EXP02729,Control,1,1,0,1,593.6
EXP02730,Treatment,0,0,0,0,0.0
EXP02731,Control,1,1,0,1,647.74
EXP02732,Control,1,1,0,1,773.57
EXP02733,Control,1,1,0,1,758.76
EXP02734,Treatment,1,1,0,1,537.32
EXP02735,Treatment,1,1,0,1,748.4
EXP02736,Control,1,1,0,1,549.87
EXP02737,Treatment,0,0,0,0,0.0
EXP02738,Treatment,1,1,0,1,870.07
EXP02739,Treatment,1,1,1,0,0.0
EXP02740,Control,1,1,0,1,820.81
EXP02741,Treatment,1,1,0,1,1381.14
EXP02742,Control,1,1,0,1,574.48
EXP02743,Treatment,1,1,0,1,820.15
EXP02744,Treatment,1,1,0,1,640.79
EXP02745,Treatment,1,1,0,1,709.35
EXP02746,Control,1,1,0,1,1001.75
EXP02747,Treatment,1,1,0,1,801.06
EXP02748,Treatment,0,0,0,0,0.0
EXP02749,Treatment,1,1,0,1,645.89
EXP02750,Treatment,0,0,0,0,0.0
EXP02751,Control,1,1,0,1,764.26
EXP02752,Control,0,0,0,0,0.0
EXP02753,Control,1,1,0,1,518.94
EXP02754,Control,0,0,0,0,0.0
EXP02755,Treatment,1,1,0,1,486.18
EXP02756,Treatment,1,1,0,1,599.22
EXP02757,Treatment,1,1,0,1,899.01
EXP02758,Treatment,1,1,0,1,737.87
EXP02759,Treatment,1,1,0,1,403.8
EXP02760,Treatment,1,1,0,1,521.1
EXP02761,Treatment,1,1,0,1,844.61
EXP02762,Control,0,0,0,0,0.0
EXP02763,Treatment,1,1,0,1,548.76
EXP02764,Treatment,0,0,0,0,0.0
EXP02765,Treatment,1,1,0,1,608.9
EXP02766,Control,1,1,1,0,0.0
EXP02767,Treatment,0,0,0,0,0.0
EXP02768,Treatment,1,1,0,1,977.47
EXP02769,Control,0,0,0,0,0.0
EXP02770,Control,1,1,0,1,658.18
EXP02771,Treatment,1,1,0,1,880.79
EXP02772,Treatment,1,1,0,1,327.09
EXP02773,Treatment,1,1,0,1,1149.64
EXP02774,Treatment,1,1,0,1,822.12
EXP02775,Control,1,0,0,0,0.0
EXP02776,Treatment,1,1,0,1,871.16
EXP02777,Control,1,1,0,1,896.49
EXP02778,Control,0,0,0,0,0.0
EXP02779,Treatment,0,0,0,0,0.0
EXP02780,Treatment,0,0,0,0,0.0
EXP02781,Control,1,1,0,1,852.24
EXP02782,Control,1,1,1,0,0.0
EXP02783,Treatment,1,1,0,1,542.23
EXP02784,Control,1,1,1,0,0.0
EXP02785,Treatment,1,1,0,1,1071.32
EXP02786,Treatment,1,1,0,1,961.15
EXP02787,Treatment,1,1,0,1,602.77
EXP02788,Treatment,1,1,0,1,2010.81
EXP02789,Treatment,1,1,0,1,645.37
EXP02790,Control,1,0,0,0,0.0
EXP02791,Treatment,1,1,0,1,610.53
EXP02792,Treatment,0,0,0,0,0.0
EXP02793,Control,1,1,0,1,507.59
EXP02794,Control,0,0,0,0,0.0
EXP02795,Control,1,1,0,1,539.18
EXP02796,Treatment,1,1,0,1,692.04
EXP02797,Control,1,1,1,0,0.0
EXP02798,Treatment,1,1,0,1,872.91
EXP02799,Treatment,0,0,0,0,0.0
EXP02800,Treatment,1,1,0,1,637.15
EXP02801,Control,1,1,0,1,1006.25
EXP02802,Control,0,0,0,0,0.0
EXP02803,Treatment,1,1,0,1,825.76
EXP02804,Treatment,1,1,0,1,534.87
EXP02805,Control,0,0,0,0,0.0
EXP02806,Treatment,1,1,0,1,689.35
EXP02807,Control,0,0,0,0,0.0
EXP02808,Control,1,1,0,1,647.08
EXP02809,Control,1,1,0,1,585.17
EXP02810,Treatment,1,1,0,1,432.38
EXP02811,Treatment,0,0,0,0,0.0
EXP02812,Control,1,1,1,0,0.0
EXP02813,Treatment,1,1,0,1,702.36
EXP02814,Treatment,1,1,0,1,748.57
EXP02815,Treatment,1,1,0,1,718.57
EXP02816,Treatment,1,1,1,0,0.0
EXP02817,Control,1,1,0,1,457.45
EXP02818,Treatment,0,0,0,0,0.0
EXP02819,Control,1,1,0,1,483.8
EXP02820,Control,1,1,0,1,614.59
EXP02821,Control,1,1,0,1,490.94
EXP02822,Control,0,0,0,0,0.0
EXP02823,Treatment,1,1,0,1,1153.6
EXP02824,Treatment,1,1,0,1,510.81
EXP02825,Treatment,1,1,0,1,930.24
EXP02826,Control,0,0,0,0,0.0
EXP02827,Control,0,0,0,0,0.0
EXP02828,Control,0,0,0,0,0.0
EXP02829,Treatment,1,1,0,1,590.77
EXP02830,Treatment,1,1,0,1,476.95
EXP02831,Control,0,0,0,0,0.0
EXP02832,Treatment,1,1,0,1,842.47
EXP02833,Control,1,1,0,1,759.37
EXP02834,Treatment,0,0,0,0,0.0
EXP02835,Control,1,0,0,0,0.0
EXP02836,Treatment,1,1,0,1,660.32
EXP02837,Control,0,0,0,0,0.0
EXP02838,Control,1,1,1,0,0.0
EXP02839,Control,1,1,0,1,827.09
EXP02840,Treatment,1,1,0,1,842.29
EXP02841,Treatment,0,0,0,0,0.0
EXP02842,Treatment,1,1,1,0,0.0
EXP02843,Control,1,1,0,1,1132.55
EXP02844,Control,1,1,1,0,0.0
EXP02845,Treatment,1,1,0,1,613.89
EXP02846,Control,1,1,0,1,1118.17
EXP02847,Treatment,1,1,0,1,694.2
EXP02848,Control,0,0,0,0,0.0
EXP02849,Treatment,1,1,0,1,627.84
EXP02850,Treatment,1,1,0,1,423.65
EXP02851,Control,1,1,0,1,1016.02
EXP02852,Control,1,1,0,1,453.3
EXP02853,Treatment,1,1,0,1,725.05
EXP02854,Treatment,1,1,0,1,609.55
EXP02855,Control,1,1,0,1,427.78
EXP02856,Control,0,0,0,0,0.0
EXP02857,Treatment,0,0,0,0,0.0
EXP02858,Treatment,1,1,0,1,961.58
EXP02859,Control,0,0,0,0,0.0
EXP02860,Control,1,1,0,1,1462.47
EXP02861,Control,1,1,0,1,781.18
EXP02862,Control,1,1,0,1,1156.27
EXP02863,Treatment,1,1,1,0,0.0
EXP02864,Treatment,1,1,0,1,569.16
EXP02865,Control,1,1,0,1,720.35
EXP02866,Control,1,1,0,1,1065.3
EXP02867,Control,1,1,0,1,471.88
EXP02868,Treatment,1,1,0,1,620.48
EXP02869,Treatment,0,0,0,0,0.0
EXP02870,Control,0,0,0,0,0.0
EXP02871,Control,1,1,0,1,765.96
EXP02872,Control,0,0,0,0,0.0
EXP02873,Treatment,1,1,0,1,1150.56
EXP02874,Treatment,1,1,0,1,816.02
EXP02875,Treatment,1,1,0,1,1423.74
EXP02876,Control,1,1,0,1,1025.8
EXP02877,Treatment,0,0,0,0,0.0
EXP02878,Treatment,0,0,0,0,0.0
EXP02879,Treatment,1,1,0,1,680.09
EXP02880,Treatment,1,1,0,1,1124.5
EXP02881,Treatment,1,1,0,1,638.36
EXP02882,Treatment,0,0,0,0,0.0
EXP02883,Treatment,0,0,0,0,0.0
EXP02884,Control,1,1,0,1,1132.07
EXP02885,Treatment,1,1,0,1,609.6
EXP02886,Control,1,1,0,1,932.01
EXP02887,Control,1,1,0,1,1049.64
EXP02888,Control,1,1,0,1,911.56
EXP02889,Treatment,1,1,0,1,429.42
EXP02890,Control,0,0,0,0,0.0
EXP02891,Control,1,1,1,0,0.0
EXP02892,Control,0,0,0,0,0.0
EXP02893,Treatment,0,0,0,0,0.0
EXP02894,Control,0,0,0,0,0.0
EXP02895,Control,0,0,0,0,0.0
EXP02896,Treatment,0,0,0,0,0.0
EXP02897,Treatment,0,0,0,0,0.0
EXP02898,Control,1,1,0,1,1114.34
EXP02899,Control,0,0,0,0,0.0
EXP02900,Control,0,0,0,0,0.0
EXP02901,Control,1,0,0,0,0.0
EXP02902,Control,0,0,0,0,0.0
EXP02903,Control,1,1,0,1,686.69
EXP02904,Control,1,1,0,1,337.83
EXP02905,Treatment,0,0,0,0,0.0
EXP02906,Control,0,0,0,0,0.0
EXP02907,Control,0,0,0,0,0.0
EXP02908,Control,1,1,0,1,648.75
EXP02909,Control,0,0,0,0,0.0
EXP02910,Treatment,1,0,0,0,0.0
EXP02911,Treatment,1,0,0,0,0.0
EXP02912,Control,0,0,0,0,0.0
EXP02913,Control,1,1,0,1,718.53
EXP02914,Treatment,0,0,0,0,0.0
EXP02915,Treatment,0,0,0,0,0.0
EXP02916,Treatment,1,1,0,1,608.11
EXP02917,Control,1,1,0,1,447.65
EXP02918,Treatment,1,1,0,1,791.09
EXP02919,Control,1,1,0,1,555.51
EXP02920,Control,1,1,0,1,636.94
EXP02921,Treatment,1,1,0,1,495.23
EXP02922,Control,1,0,0,0,0.0
EXP02923,Treatment,1,1,1,0,0.0
EXP02924,Control,1,1,0,1,540.46
EXP02925,Control,0,0,0,0,0.0
EXP02926,Treatment,1,0,0,0,0.0
EXP02927,Treatment,1,1,0,1,576.59
EXP02928,Control,1,1,0,1,632.0
EXP02929,Treatment,1,1,0,1,915.3
EXP02930,Control,1,1,0,1,619.11
EXP02931,Treatment,1,1,0,1,1097.38
EXP02932,Control,0,0,0,0,0.0
EXP02933,Control,0,0,0,0,0.0
EXP02934,Treatment,1,1,0,1,873.9
EXP02935,Control,1,1,1,0,0.0
EXP02936,Treatment,1,1,1,0,0.0
EXP02937,Treatment,1,1,0,1,852.29
EXP02938,Treatment,1,1,0,1,777.26
EXP02939,Treatment,0,0,0,0,0.0
EXP02940,Control,1,1,0,1,1269.07
EXP02941,Control,1,1,0,1,709.75
EXP02942,Treatment,1,0,0,0,0.0
EXP02943,Treatment,1,1,0,1,636.14
EXP02944,Control,0,0,0,0,0.0
EXP02945,Control,1,1,0,1,476.62
EXP02946,Treatment,1,1,0,1,620.84
EXP02947,Control,1,1,0,1,638.68
EXP02948,Treatment,1,1,1,0,0.0
EXP02949,Control,1,1,0,1,520.97
EXP02950,Treatment,1,1,0,1,749.83
EXP02951,Control,1,1,0,1,982.13
EXP02952,Control,0,0,0,0,0.0
EXP02953,Treatment,1,1,0,1,993.86
EXP02954,Treatment,1,1,0,1,511.23
EXP02955,Treatment,1,1,0,1,892.48
EXP02956,Control,1,1,0,1,1119.68
EXP02957,Control,1,1,0,1,467.32
EXP02958,Control,1,1,0,1,1196.27
EXP02959,Treatment,1,1,0,1,329.99
EXP02960,Treatment,1,1,0,1,799.81
EXP02961,Treatment,1,1,1,0,0.0
EXP02962,Treatment,1,1,0,1,745.34
EXP02963,Control,1,1,0,1,983.18
EXP02964,Control,1,1,0,1,1265.27
EXP02965,Treatment,1,1,1,0,0.0
EXP02966,Control,1,1,0,1,768.7
EXP02967,Control,0,0,0,0,0.0
EXP02968,Treatment,1,1,0,1,1275.05
EXP02969,Treatment,0,0,0,0,0.0
EXP02970,Control,0,0,0,0,0.0
EXP02971,Treatment,1,1,1,0,0.0
EXP02972,Treatment,1,1,0,1,800.56
EXP02973,Control,1,1,0,1,1100.3
EXP02974,Treatment,1,1,0,1,829.61
EXP02975,Treatment,1,0,0,0,0.0
EXP02976,Treatment,1,1,0,1,743.14
EXP02977,Treatment,1,1,0,1,967.13
EXP02978,Treatment,1,1,1,0,0.0
EXP02979,Control,1,1,0,1,484.8
EXP02980,Treatment,1,1,0,1,632.94
EXP02981,Control,1,1,0,1,980.28
EXP02982,Control,1,1,0,1,1526.73
EXP02983,Treatment,1,1,0,1,1105.97
EXP02984,Control,1,1,0,1,949.91
EXP02985,Treatment,0,0,0,0,0.0
EXP02986,Treatment,1,1,0,1,873.01
EXP02987,Treatment,1,1,0,1,682.56
EXP02988,Treatment,1,1,0,1,1223.79
EXP02989,Control,1,1,0,1,470.01
EXP02990,Control,1,1,0,1,507.32
EXP02991,Treatment,1,1,0,1,829.59
EXP02992,Treatment,1,1,0,1,515.94
EXP02993,Control,1,1,0,1,1364.8
EXP02994,Control,1,1,0,1,611.79
EXP02995,Treatment,0,0,0,0,0.0
EXP02996,Treatment,0,0,0,0,0.0
EXP02997,Control,0,0,0,0,0.0
EXP02998,Treatment,0,0,0,0,0.0
EXP02999,Treatment,1,1,0,1,1059.61
EXP03000,Treatment,1,1,0,1,931.3
EXP03001,Treatment,1,1,0,1,1638.18
EXP03002,Treatment,0,0,0,0,0.0
EXP03003,Treatment,0,0,0,0,0.0
EXP03004,Treatment,1,1,1,0,0.0
EXP03005,Treatment,1,1,0,1,461.22
EXP03006,Control,1,1,0,1,854.23
EXP03007,Control,1,1,0,1,1232.59
EXP03008,Treatment,1,1,0,1,661.82
EXP03009,Control,0,0,0,0,0.0
EXP03010,Treatment,1,1,0,1,686.06
EXP03011,Treatment,1,1,0,1,708.98
EXP03012,Control,1,1,0,1,941.43
EXP03013,Control,1,1,0,1,914.83
EXP03014,Control,1,1,0,1,775.97
EXP03015,Control,1,1,0,1,1448.93
EXP03016,Control,1,1,0,1,695.42
EXP03017,Control,1,1,1,0,0.0
EXP03018,Treatment,1,1,0,1,839.67
EXP03019,Treatment,1,1,0,1,609.25
EXP03020,Treatment,0,0,0,0,0.0
EXP03021,Control,1,1,1,0,0.0
EXP03022,Control,0,0,0,0,0.0
EXP03023,Control,1,1,0,1,753.85
EXP03024,Treatment,1,1,0,1,864.82
EXP03025,Control,1,1,0,1,584.6
EXP03026,Treatment,1,1,1,0,0.0
EXP03027,Control,1,1,0,1,939.67
EXP03028,Control,1,1,0,1,387.28
EXP03029,Control,1,1,0,1,811.19
EXP03030,Treatment,1,1,0,1,802.65
EXP03031,Treatment,1,1,0,1,637.57
EXP03032,Treatment,0,0,0,0,0.0
EXP03033,Control,1,1,0,1,715.16
EXP03034,Control,1,1,0,1,1452.42
EXP03035,Control,1,1,0,1,925.84
EXP03036,Treatment,1,1,0,1,969.46
EXP03037,Treatment,1,1,0,1,568.78
EXP03038,Treatment,1,1,0,1,904.13
EXP03039,Treatment,1,1,0,1,435.08
EXP03040,Treatment,1,1,1,0,0.0
EXP03041,Treatment,1,1,0,1,739.84
EXP03042,Control,1,1,0,1,408.32
EXP03043,Control,0,0,0,0,0.0
EXP03044,Control,1,1,0,1,852.1
EXP03045,Treatment,0,0,0,0,0.0
EXP03046,Control,1,1,0,1,1001.96
EXP03047,Treatment,1,1,0,1,1001.56
EXP03048,Control,0,0,0,0,0.0
EXP03049,Control,1,1,0,1,589.56
EXP03050,Control,1,1,0,1,520.55
EXP03051,Treatment,1,1,0,1,935.34
EXP03052,Treatment,1,1,0,1,775.69
EXP03053,Control,1,1,0,1,654.53
EXP03054,Control,1,1,0,1,726.13
EXP03055,Treatment,1,1,0,1,469.33
EXP03056,Control,1,1,0,1,760.72
EXP03057,Control,1,1,1,0,0.0
EXP03058,Control,1,1,0,1,681.23
EXP03059,Control,1,1,0,1,709.02
EXP03060,Treatment,1,1,0,1,965.98
EXP03061,Control,1,1,0,1,1084.27
EXP03062,Treatment,0,0,0,0,0.0
EXP03063,Treatment,1,1,1,0,0.0
EXP03064,Control,1,1,0,1,993.85
EXP03065,Treatment,1,1,0,1,451.03
EXP03066,Treatment,1,1,0,1,585.26
EXP03067,Control,1,1,0,1,863.51
EXP03068,Treatment,1,1,0,1,320.08
EXP03069,Control,1,1,1,0,0.0
EXP03070,Treatment,1,1,0,1,875.68
EXP03071,Treatment,1,1,0,1,1095.61
EXP03072,Control,0,0,0,0,0.0
EXP03073,Treatment,1,1,0,1,483.05
EXP03074,Treatment,0,0,0,0,0.0
EXP03075,Treatment,1,1,0,1,1137.61
EXP03076,Control,1,1,0,1,1444.31
EXP03077,Treatment,1,1,0,1,1133.12
EXP03078,Treatment,0,0,0,0,0.0
EXP03079,Treatment,1,1,0,1,1041.09
EXP03080,Treatment,1,1,0,1,1320.35
EXP03081,Treatment,1,1,0,1,1109.93
EXP03082,Control,1,1,0,1,871.18
EXP03083,Treatment,0,0,0,0,0.0
EXP03084,Treatment,0,0,0,0,0.0
EXP03085,Treatment,1,1,0,1,501.33
EXP03086,Treatment,0,0,0,0,0.0
EXP03087,Control,1,1,0,1,634.6
EXP03088,Treatment,1,1,0,1,766.41
EXP03089,Control,0,0,0,0,0.0
EXP03090,Treatment,0,0,0,0,0.0
EXP03091,Control,1,1,0,1,735.74
EXP03092,Control,1,1,0,1,735.57
EXP03093,Control,1,1,0,1,815.96
EXP03094,Treatment,1,1,0,1,669.27
EXP03095,Control,1,1,0,1,960.53
EXP03096,Treatment,1,1,0,1,688.32
EXP03097,Control,1,1,0,1,455.35
EXP03098,Control,1,0,0,0,0.0
EXP03099,Treatment,1,1,0,1,834.44
EXP03100,Treatment,1,1,0,1,854.12
EXP03101,Control,1,1,0,1,1253.14
EXP03102,Control,1,1,0,1,729.43
EXP03103,Control,0,0,0,0,0.0
EXP03104,Treatment,1,1,0,1,953.09
EXP03105,Control,1,1,0,1,684.17
EXP03106,Control,1,1,0,1,626.29
EXP03107,Control,0,0,0,0,0.0
EXP03108,Treatment,1,0,0,0,0.0
EXP03109,Treatment,1,1,0,1,499.22
EXP03110,Control,1,1,1,0,0.0
EXP03111,Control,1,1,0,1,735.28
EXP03112,Control,1,1,0,1,1450.79
EXP03113,Treatment,1,1,0,1,629.34
EXP03114,Treatment,1,1,0,1,441.25
EXP03115,Control,1,1,0,1,859.11
EXP03116,Control,1,1,0,1,713.51
EXP03117,Treatment,0,0,0,0,0.0
EXP03118,Control,1,1,1,0,0.0
EXP03119,Treatment,0,0,0,0,0.0
EXP03120,Treatment,1,1,0,1,568.98
EXP03121,Control,1,1,0,1,1099.37
EXP03122,Treatment,1,1,0,1,670.99
EXP03123,Control,1,1,0,1,847.67
EXP03124,Control,1,1,0,1,347.67
EXP03125,Control,1,1,0,1,688.72
EXP03126,Control,1,1,0,1,901.09
EXP03127,Treatment,1,1,0,1,2034.47
EXP03128,Control,1,1,0,1,910.28
EXP03129,Treatment,1,1,0,1,851.05
EXP03130,Treatment,1,0,0,0,0.0
EXP03131,Treatment,1,1,0,1,797.53
EXP03132,Control,0,0,0,0,0.0
EXP03133,Treatment,1,1,0,1,540.15
EXP03134,Control,1,1,0,1,990.27
EXP03135,Control,1,1,0,1,775.4
EXP03136,Control,1,1,0,1,585.89
EXP03137,Treatment,1,1,0,1,1343.86
EXP03138,Control,1,1,0,1,1062.36
EXP03139,Control,1,1,0,1,834.73
EXP03140,Control,1,1,0,1,833.08
EXP03141,Control,1,1,0,1,706.16
EXP03142,Control,1,1,0,1,1366.13
EXP03143,Control,1,1,0,1,680.53
EXP03144,Control,1,1,0,1,1423.36
EXP03145,Control,0,0,0,0,0.0
EXP03146,Control,1,1,0,1,704.23
EXP03147,Treatment,1,1,0,1,1048.65
EXP03148,Treatment,0,0,0,0,0.0
EXP03149,Control,1,1,0,1,545.28
EXP03150,Control,1,1,0,1,1041.7
EXP03151,Treatment,1,1,0,1,1315.9
EXP03152,Treatment,1,1,0,1,1551.65
EXP03153,Treatment,1,1,0,1,570.8
EXP03154,Control,1,1,0,1,1342.22
EXP03155,Treatment,0,0,0,0,0.0
EXP03156,Treatment,1,1,0,1,652.71
EXP03157,Treatment,1,1,0,1,425.47
EXP03158,Control,1,1,0,1,670.17
EXP03159,Treatment,1,1,0,1,880.84
EXP03160,Control,1,1,0,1,665.88
EXP03161,Control,1,1,0,1,475.91
EXP03162,Control,0,0,0,0,0.0
EXP03163,Control,1,1,0,1,839.76
EXP03164,Treatment,1,1,0,1,673.13
EXP03165,Control,1,1,1,0,0.0
EXP03166,Control,1,1,0,1,617.31
EXP03167,Treatment,1,1,0,1,678.05
EXP03168,Control,1,1,0,1,982.16
EXP03169,Treatment,1,1,0,1,773.77
EXP03170,Control,1,1,0,1,855.34
EXP03171,Treatment,1,1,0,1,707.89
EXP03172,Control,1,1,1,0,0.0
EXP03173,Control,1,0,0,0,0.0
EXP03174,Control,1,1,0,1,695.4
EXP03175,Control,1,1,0,1,663.86
EXP03176,Treatment,1,0,0,0,0.0
EXP03177,Treatment,1,1,0,1,1246.8
EXP03178,Control,1,1,0,1,941.76
EXP03179,Treatment,1,1,0,1,942.28
EXP03180,Control,1,1,0,1,378.38
EXP03181,Treatment,1,1,0,1,988.03
EXP03182,Control,1,1,0,1,927.48
EXP03183,Treatment,1,1,0,1,594.63
EXP03184,Treatment,1,1,0,1,1078.53
EXP03185,Treatment,1,1,0,1,435.65
EXP03186,Treatment,1,1,0,1,791.52
EXP03187,Treatment,0,0,0,0,0.0
EXP03188,Control,0,0,0,0,0.0
EXP03189,Control,0,0,0,0,0.0
EXP03190,Control,1,1,0,1,760.88
EXP03191,Control,0,0,0,0,0.0
EXP03192,Control,1,1,0,1,610.08
EXP03193,Treatment,1,1,0,1,635.19
EXP03194,Treatment,1,1,0,1,562.5
EXP03195,Treatment,1,1,0,1,477.0
EXP03196,Control,1,1,0,1,783.19
EXP03197,Treatment,1,1,0,1,1083.89
EXP03198,Control,1,1,0,1,488.83
EXP03199,Control,1,1,0,1,1101.73
EXP03200,Control,1,1,1,0,0.0
EXP03201,Control,1,1,0,1,1219.36
EXP03202,Control,1,1,0,1,580.56
EXP03203,Treatment,0,0,0,0,0.0
EXP03204,Treatment,0,0,0,0,0.0
EXP03205,Treatment,1,0,0,0,0.0
EXP03206,Treatment,0,0,0,0,0.0
EXP03207,Treatment,1,1,0,1,663.26
EXP03208,Treatment,1,1,0,1,513.78
EXP03209,Control,1,1,0,1,833.69
EXP03210,Control,1,1,0,1,1069.04
EXP03211,Control,1,1,0,1,985.63
EXP03212,Treatment,1,1,0,1,530.23
EXP03213,Treatment,1,1,0,1,433.95
EXP03214,Control,1,1,0,1,340.25
EXP03215,Control,1,1,1,0,0.0
EXP03216,Treatment,1,1,0,1,507.88
EXP03217,Treatment,0,0,0,0,0.0
EXP03218,Control,1,1,1,0,0.0
EXP03219,Treatment,1,1,0,1,536.53
EXP03220,Treatment,0,0,0,0,0.0
EXP03221,Control,1,1,0,1,794.7
EXP03222,Treatment,1,1,0,1,336.41
EXP03223,Treatment,1,1,0,1,1137.06
EXP03224,Control,1,1,0,1,707.39
EXP03225,Treatment,1,1,0,1,967.84
EXP03226,Treatment,1,1,0,1,922.04
EXP03227,Control,1,1,0,1,918.47
EXP03228,Treatment,1,1,1,0,0.0
EXP03229,Treatment,0,0,0,0,0.0
EXP03230,Treatment,0,0,0,0,0.0
EXP03231,Control,1,0,0,0,0.0
EXP03232,Treatment,1,1,0,1,1094.3
EXP03233,Control,1,1,0,1,1750.85
EXP03234,Treatment,1,1,0,1,671.25
EXP03235,Treatment,1,1,0,1,643.28
EXP03236,Control,1,1,0,1,1012.2
EXP03237,Treatment,1,1,0,1,1010.37
EXP03238,Control,1,0,0,0,0.0
EXP03239,Treatment,1,0,0,0,0.0
EXP03240,Treatment,1,1,0,1,257.61
EXP03241,Control,1,1,1,0,0.0
EXP03242,Treatment,1,1,0,1,519.08
EXP03243,Treatment,1,1,0,1,605.14
EXP03244,Treatment,1,1,0,1,915.23
EXP03245,Treatment,1,1,0,1,652.99
EXP03246,Treatment,1,1,0,1,899.36
EXP03247,Control,1,1,0,1,687.89
EXP03248,Control,1,1,0,1,824.97
EXP03249,Control,1,1,0,1,765.29
EXP03250,Control,1,1,0,1,712.83
EXP03251,Treatment,1,1,0,1,1152.81
EXP03252,Control,1,1,0,1,675.76
EXP03253,Control,1,1,0,1,764.68
EXP03254,Treatment,1,1,0,1,456.62
EXP03255,Treatment,1,1,0,1,697.41
EXP03256,Control,1,1,0,1,1078.06
EXP03257,Control,1,1,0,1,787.36
EXP03258,Control,1,1,0,1,566.99
EXP03259,Control,1,1,0,1,623.73
EXP03260,Treatment,1,1,0,1,1257.78
EXP03261,Treatment,1,1,0,1,743.34
EXP03262,Control,1,1,0,1,748.94
EXP03263,Control,0,0,0,0,0.0
EXP03264,Treatment,1,1,0,1,1400.3
EXP03265,Control,1,1,0,1,935.9
EXP03266,Control,1,1,0,1,561.79
EXP03267,Treatment,1,1,0,1,751.6
EXP03268,Control,1,1,0,1,753.49
EXP03269,Treatment,1,1,0,1,997.18
EXP03270,Control,1,1,1,0,0.0
EXP03271,Treatment,1,1,0,1,1086.75
EXP03272,Treatment,1,1,0,1,543.99
EXP03273,Treatment,1,1,0,1,649.01
EXP03274,Treatment,1,1,0,1,821.1
EXP03275,Treatment,1,1,0,1,1176.65
EXP03276,Treatment,1,1,0,1,1060.02
EXP03277,Treatment,1,1,0,1,594.97
EXP03278,Treatment,1,1,0,1,769.05
EXP03279,Control,1,1,0,1,909.43
EXP03280,Control,0,0,0,0,0.0
EXP03281,Treatment,1,0,0,0,0.0
EXP03282,Control,1,1,1,0,0.0
EXP03283,Treatment,1,1,0,1,753.84
EXP03284,Control,1,0,0,0,0.0
EXP03285,Control,0,0,0,0,0.0
EXP03286,Treatment,1,1,0,1,676.95
EXP03287,Control,0,0,0,0,0.0
EXP03288,Treatment,1,1,0,1,788.09
EXP03289,Treatment,1,1,1,0,0.0
EXP03290,Control,0,0,0,0,0.0
EXP03291,Treatment,1,1,0,1,471.55
EXP03292,Treatment,1,1,0,1,691.09
EXP03293,Control,1,1,0,1,943.5
EXP03294,Treatment,1,1,0,1,1821.22
EXP03295,Treatment,0,0,0,0,0.0
EXP03296,Control,1,1,0,1,890.16
EXP03297,Treatment,0,0,0,0,0.0
EXP03298,Treatment,1,1,0,1,521.67
EXP03299,Treatment,1,1,0,1,873.02
EXP03300,Control,1,1,0,1,654.74
EXP03301,Treatment,1,1,1,0,0.0
EXP03302,Control,0,0,0,0,0.0
EXP03303,Control,1,1,0,1,1220.06
EXP03304,Treatment,1,1,0,1,1580.69
EXP03305,Control,1,1,0,1,587.7
EXP03306,Treatment,1,1,0,1,789.84
EXP03307,Control,1,1,0,1,705.56
EXP03308,Treatment,1,1,0,1,655.27
EXP03309,Treatment,1,1,0,1,932.29
EXP03310,Control,1,0,0,0,0.0
EXP03311,Control,1,1,0,1,524.16
EXP03312,Treatment,0,0,0,0,0.0
EXP03313,Treatment,1,0,0,0,0.0
EXP03314,Treatment,1,1,0,1,1029.43
EXP03315,Treatment,1,1,0,1,518.7
EXP03316,Treatment,1,1,0,1,1690.4
EXP03317,Control,0,0,0,0,0.0
EXP03318,Control,1,1,0,1,1252.34
EXP03319,Control,1,1,0,1,799.87
EXP03320,Control,1,1,0,1,1636.49
EXP03321,Treatment,1,1,0,1,899.28
EXP03322,Treatment,1,1,0,1,972.1
EXP03323,Treatment,1,1,0,1,849.16
EXP03324,Control,1,1,0,1,679.52
EXP03325,Control,1,1,0,1,711.31
EXP03326,Control,1,1,0,1,601.29
EXP03327,Control,1,1,0,1,705.95
EXP03328,Treatment,1,1,0,1,654.56
EXP03329,Control,1,1,0,1,379.27
EXP03330,Control,1,1,0,1,504.27
EXP03331,Treatment,1,1,0,1,504.33
EXP03332,Treatment,1,1,0,1,636.21
EXP03333,Treatment,1,1,0,1,991.47
EXP03334,Treatment,0,0,0,0,0.0
EXP03335,Treatment,1,1,0,1,555.12
EXP03336,Control,1,1,0,1,526.16
EXP03337,Control,1,1,1,0,0.0
EXP03338,Treatment,0,0,0,0,0.0
EXP03339,Treatment,1,1,0,1,547.0
EXP03340,Treatment,1,1,0,1,469.89
EXP03341,Control,1,1,0,1,573.67
EXP03342,Control,1,1,1,0,0.0
EXP03343,Treatment,1,1,0,1,447.72
EXP03344,Control,1,1,0,1,682.5
EXP03345,Treatment,1,1,0,1,538.83
EXP03346,Treatment,1,1,0,1,717.11
EXP03347,Treatment,1,1,1,0,0.0
EXP03348,Control,1,1,0,1,758.86
EXP03349,Control,1,1,0,1,952.99
EXP03350,Treatment,0,0,0,0,0.0
EXP03351,Control,1,1,1,0,0.0
EXP03352,Treatment,1,1,0,1,712.69
EXP03353,Control,1,1,0,1,817.64
EXP03354,Control,1,1,0,1,1339.62
EXP03355,Control,0,0,0,0,0.0
EXP03356,Treatment,1,1,0,1,480.53
EXP03357,Control,1,1,0,1,667.41
EXP03358,Control,1,1,0,1,543.2
EXP03359,Treatment,1,1,0,1,761.63
EXP03360,Control,0,0,0,0,0.0
EXP03361,Treatment,1,1,0,1,793.12
EXP03362,Control,1,1,1,0,0.0
EXP03363,Control,1,1,0,1,555.65
EXP03364,Treatment,1,1,0,1,491.46
EXP03365,Treatment,1,1,0,1,432.21
EXP03366,Control,1,1,0,1,1299.03
EXP03367,Control,1,1,0,1,1477.75
EXP03368,Control,1,1,0,1,956.63
EXP03369,Treatment,1,1,0,1,426.97
EXP03370,Control,0,0,0,0,0.0
EXP03371,Treatment,1,0,0,0,0.0
EXP03372,Treatment,1,1,0,1,421.08
EXP03373,Control,1,1,0,1,786.0
EXP03374,Treatment,1,1,0,1,1389.31
EXP03375,Control,1,1,0,1,502.94
EXP03376,Treatment,1,1,0,1,814.74
EXP03377,Treatment,1,1,0,1,453.35
EXP03378,Control,1,1,0,1,1156.47
EXP03379,Treatment,0,0,0,0,0.0
EXP03380,Control,0,0,0,0,0.0
EXP03381,Control,1,1,0,1,730.86
EXP03382,Control,1,0,0,0,0.0
EXP03383,Treatment,1,1,0,1,433.56
EXP03384,Control,1,1,0,1,634.36
EXP03385,Treatment,1,1,0,1,407.62
EXP03386,Control,1,1,0,1,863.28
EXP03387,Control,1,1,1,0,0.0
EXP03388,Control,1,1,0,1,1192.69
EXP03389,Treatment,1,1,0,1,853.89
EXP03390,Treatment,1,1,0,1,727.52
EXP03391,Control,1,1,0,1,1256.77
EXP03392,Treatment,1,1,1,0,0.0
EXP03393,Control,1,1,0,1,650.77
EXP03394,Treatment,1,0,0,0,0.0
EXP03395,Treatment,1,1,0,1,797.73
EXP03396,Control,1,1,0,1,1352.08
EXP03397,Control,1,1,0,1,911.94
EXP03398,Treatment,0,0,0,0,0.0
EXP03399,Control,1,1,0,1,715.33
EXP03400,Treatment,1,1,0,1,693.32
EXP03401,Control,1,1,0,1,428.22
EXP03402,Treatment,0,0,0,0,0.0
EXP03403,Control,1,1,0,1,1158.53
EXP03404,Control,1,1,0,1,643.78
EXP03405,Treatment,1,1,0,1,1036.55
EXP03406,Control,1,1,0,1,801.04
EXP03407,Control,1,1,0,1,834.11
EXP03408,Treatment,1,1,0,1,540.18
EXP03409,Control,1,1,0,1,441.21
EXP03410,Treatment,1,1,0,1,1197.4
EXP03411,Control,0,0,0,0,0.0
EXP03412,Control,1,1,1,0,0.0
EXP03413,Treatment,0,0,0,0,0.0
EXP03414,Treatment,0,0,0,0,0.0
EXP03415,Treatment,1,1,0,1,494.08
EXP03416,Treatment,1,1,1,0,0.0
EXP03417,Control,1,1,0,1,1610.36
EXP03418,Control,1,1,0,1,458.2
EXP03419,Control,1,1,0,1,716.9
EXP03420,Treatment,1,1,0,1,632.12
EXP03421,Treatment,0,0,0,0,0.0
EXP03422,Control,0,0,0,0,0.0
EXP03423,Control,0,0,0,0,0.0
EXP03424,Control,1,1,1,0,0.0
EXP03425,Treatment,0,0,0,0,0.0
EXP03426,Treatment,1,1,0,1,681.8
EXP03427,Treatment,1,1,0,1,1652.46
EXP03428,Control,0,0,0,0,0.0
EXP03429,Treatment,1,1,0,1,821.46
EXP03430,Treatment,1,1,0,1,882.75
EXP03431,Control,1,1,0,1,1474.69
EXP03432,Control,1,1,0,1,928.6
EXP03433,Control,1,1,0,1,1343.32
EXP03434,Treatment,0,0,0,0,0.0
EXP03435,Control,1,1,0,1,1157.67
EXP03436,Treatment,0,0,0,0,0.0
EXP03437,Treatment,1,1,0,1,511.06
EXP03438,Control,1,1,0,1,783.06
EXP03439,Control,1,1,1,0,0.0
EXP03440,Treatment,1,1,0,1,395.2
EXP03441,Control,1,1,0,1,511.03
EXP03442,Treatment,1,1,0,1,1159.81
EXP03443,Control,1,1,0,1,1038.49
EXP03444,Control,0,0,0,0,0.0
EXP03445,Treatment,1,1,0,1,1769.6
EXP03446,Control,0,0,0,0,0.0
EXP03447,Control,1,1,0,1,1264.72
EXP03448,Control,1,1,0,1,920.6
EXP03449,Control,1,1,0,1,2085.22
EXP03450,Control,0,0,0,0,0.0
EXP03451,Control,0,0,0,0,0.0
EXP03452,Treatment,1,1,0,1,604.86
EXP03453,Treatment,1,0,0,0,0.0
EXP03454,Control,1,1,0,1,625.3
EXP03455,Treatment,1,1,0,1,933.91
EXP03456,Treatment,1,1,0,1,655.35
EXP03457,Treatment,1,1,0,1,861.47
EXP03458,Control,0,0,0,0,0.0
EXP03459,Control,1,1,0,1,979.16
EXP03460,Control,1,1,1,0,0.0
EXP03461,Treatment,1,1,0,1,1118.76
EXP03462,Treatment,0,0,0,0,0.0
EXP03463,Treatment,1,1,0,1,959.44
EXP03464,Control,1,1,0,1,613.84
EXP03465,Control,1,1,0,1,983.51
EXP03466,Treatment,0,0,0,0,0.0
EXP03467,Control,1,1,1,0,0.0
EXP03468,Control,1,1,0,1,833.92
EXP03469,Treatment,1,1,0,1,1186.7
EXP03470,Treatment,1,1,0,1,936.85
EXP03471,Control,1,1,0,1,1255.07
EXP03472,Control,1,1,0,1,685.59
EXP03473,Control,1,1,0,1,709.2
EXP03474,Treatment,1,1,0,1,475.06
EXP03475,Control,1,1,1,0,0.0
EXP03476,Control,1,0,0,0,0.0
EXP03477,Control,1,1,0,1,673.65
EXP03478,Treatment,1,1,0,1,781.18
EXP03479,Treatment,1,0,0,0,0.0
EXP03480,Control,1,1,0,1,563.14
EXP03481,Control,1,1,0,1,669.62
EXP03482,Control,1,1,0,1,784.78
EXP03483,Treatment,1,1,0,1,643.87
EXP03484,Treatment,1,1,0,1,1246.3
EXP03485,Treatment,1,1,0,1,1058.81
EXP03486,Control,1,1,0,1,813.18
EXP03487,Control,1,0,0,0,0.0
EXP03488,Control,1,1,1,0,0.0
EXP03489,Treatment,0,0,0,0,0.0
EXP03490,Control,1,1,0,1,640.41
EXP03491,Treatment,1,1,0,1,718.34
EXP03492,Treatment,1,1,0,1,653.1
EXP03493,Control,1,1,0,1,858.97
EXP03494,Control,1,1,0,1,546.61
EXP03495,Treatment,1,1,0,1,1161.37
EXP03496,Treatment,1,1,0,1,811.76
EXP03497,Treatment,1,1,0,1,947.84
EXP03498,Control,1,1,0,1,1312.33
EXP03499,Treatment,1,1,0,1,984.57
EXP03500,Treatment,1,1,0,1,584.38
EXP03501,Control,1,1,0,1,551.37
EXP03502,Control,1,1,0,1,568.36
EXP03503,Control,1,1,0,1,571.39
EXP03504,Control,1,1,0,1,523.19
EXP03505,Treatment,0,0,0,0,0.0
EXP03506,Control,1,1,0,1,691.49
EXP03507,Control,1,1,0,1,664.89
EXP03508,Control,1,1,0,1,547.11
EXP03509,Treatment,1,1,0,1,620.77
EXP03510,Treatment,1,1,0,1,1087.71
EXP03511,Control,1,1,0,1,423.96
EXP03512,Treatment,1,0,0,0,0.0
EXP03513,Control,1,1,0,1,897.5
EXP03514,Treatment,1,1,0,1,655.12
EXP03515,Control,1,1,0,1,843.66
EXP03516,Control,1,1,0,1,622.7
EXP03517,Treatment,1,1,0,1,380.04
EXP03518,Control,1,1,0,1,562.83
EXP03519,Treatment,1,1,1,0,0.0
EXP03520,Treatment,1,1,0,1,832.01
EXP03521,Control,1,1,0,1,1033.99
EXP03522,Treatment,1,1,0,1,2300.0
EXP03523,Treatment,1,1,0,1,536.93
EXP03524,Treatment,1,1,0,1,1414.95
EXP03525,Control,1,1,0,1,695.73
EXP03526,Control,1,1,0,1,625.27
EXP03527,Control,0,0,0,0,0.0
EXP03528,Treatment,1,1,0,1,1024.65
EXP03529,Treatment,1,1,1,0,0.0
EXP03530,Treatment,1,1,0,1,403.48
EXP03531,Treatment,1,1,0,1,994.75
EXP03532,Control,1,1,0,1,914.42
EXP03533,Control,1,1,0,1,489.31
EXP03534,Treatment,1,1,0,1,758.2
EXP03535,Treatment,1,1,0,1,828.96
EXP03536,Treatment,1,1,0,1,479.57
EXP03537,Treatment,1,1,0,1,786.12
EXP03538,Treatment,1,1,0,1,623.83
EXP03539,Treatment,1,1,0,1,667.51
EXP03540,Control,1,1,0,1,820.26
EXP03541,Control,1,1,0,1,482.5
EXP03542,Control,0,0,0,0,0.0
EXP03543,Control,1,1,0,1,779.35
EXP03544,Control,1,1,0,1,944.15
EXP03545,Treatment,1,1,0,1,1032.36
EXP03546,Control,0,0,0,0,0.0
EXP03547,Treatment,1,1,0,1,597.64
EXP03548,Control,0,0,0,0,0.0
EXP03549,Treatment,1,1,0,1,740.89
EXP03550,Treatment,1,0,0,0,0.0
EXP03551,Treatment,1,1,0,1,1619.89
EXP03552,Control,1,1,1,0,0.0
EXP03553,Treatment,1,1,0,1,678.13
EXP03554,Treatment,0,0,0,0,0.0
EXP03555,Treatment,1,1,0,1,701.49
EXP03556,Treatment,1,1,0,1,669.56
EXP03557,Treatment,1,1,0,1,458.98
EXP03558,Control,1,0,0,0,0.0
EXP03559,Treatment,1,1,0,1,996.82
EXP03560,Control,0,0,0,0,0.0
EXP03561,Treatment,1,1,0,1,715.13
EXP03562,Treatment,1,1,0,1,696.07
EXP03563,Treatment,1,1,0,1,684.49
EXP03564,Control,1,1,0,1,1032.95
EXP03565,Treatment,1,1,0,1,446.97
EXP03566,Treatment,1,1,0,1,977.54
EXP03567,Control,0,0,0,0,0.0
EXP03568,Treatment,1,1,0,1,592.62
EXP03569,Treatment,0,0,0,0,0.0
EXP03570,Control,1,1,0,1,508.08
EXP03571,Control,1,1,0,1,583.45
EXP03572,Control,1,0,0,0,0.0
EXP03573,Control,1,1,0,1,784.67
EXP03574,Control,1,1,0,1,969.84
EXP03575,Control,1,1,0,1,875.04
EXP03576,Treatment,0,0,0,0,0.0
EXP03577,Control,1,1,1,0,0.0
EXP03578,Control,0,0,0,0,0.0
EXP03579,Control,0,0,0,0,0.0
EXP03580,Control,1,1,0,1,598.58
EXP03581,Treatment,1,1,0,1,444.18
EXP03582,Treatment,1,1,0,1,794.71
EXP03583,Control,1,1,0,1,767.52
EXP03584,Treatment,1,1,0,1,1085.03
EXP03585,Control,1,1,0,1,595.14
EXP03586,Control,1,1,0,1,1116.54
EXP03587,Control,1,1,0,1,761.1
EXP03588,Control,1,1,0,1,722.69
EXP03589,Treatment,0,0,0,0,0.0
EXP03590,Control,1,1,0,1,511.77
EXP03591,Control,1,1,0,1,798.63
EXP03592,Control,0,0,0,0,0.0
EXP03593,Treatment,1,1,0,1,1419.26
EXP03594,Treatment,1,1,0,1,1222.99
EXP03595,Control,1,1,0,1,870.16
EXP03596,Control,1,1,0,1,1397.88
EXP03597,Treatment,0,0,0,0,0.0
EXP03598,Control,0,0,0,0,0.0
EXP03599,Control,1,1,0,1,609.49
EXP03600,Control,1,1,1,0,0.0
EXP03601,Treatment,1,1,1,0,0.0
EXP03602,Control,0,0,0,0,0.0
EXP03603,Treatment,1,1,1,0,0.0
EXP03604,Control,1,1,0,1,648.61
EXP03605,Control,0,0,0,0,0.0
EXP03606,Control,1,1,0,1,351.13
EXP03607,Treatment,0,0,0,0,0.0
EXP03608,Treatment,1,1,0,1,629.26
EXP03609,Control,0,0,0,0,0.0
EXP03610,Treatment,1,1,0,1,341.04
EXP03611,Control,1,1,0,1,981.17
EXP03612,Treatment,1,0,0,0,0.0
EXP03613,Control,1,1,1,0,0.0
EXP03614,Treatment,1,1,0,1,476.87
EXP03615,Treatment,1,1,0,1,307.23
EXP03616,Control,0,0,0,0,0.0
EXP03617,Treatment,1,1,0,1,561.56
EXP03618,Control,1,1,0,1,497.43
EXP03619,Treatment,1,1,0,1,902.36
EXP03620,Treatment,1,1,0,1,469.84
EXP03621,Treatment,1,1,0,1,588.01
EXP03622,Control,1,1,0,1,472.11
EXP03623,Treatment,1,1,0,1,520.04
EXP03624,Control,1,1,0,1,476.76
EXP03625,Treatment,1,1,0,1,885.51
EXP03626,Treatment,1,1,0,1,474.72
EXP03627,Treatment,0,0,0,0,0.0
EXP03628,Treatment,0,0,0,0,0.0
EXP03629,Treatment,1,1,0,1,837.86
EXP03630,Control,0,0,0,0,0.0
EXP03631,Treatment,1,1,0,1,695.86
EXP03632,Control,1,1,0,1,853.62
EXP03633,Control,1,1,0,1,1246.16
EXP03634,Control,1,1,0,1,454.73
EXP03635,Treatment,0,0,0,0,0.0
EXP03636,Treatment,0,0,0,0,0.0
EXP03637,Treatment,1,1,0,1,627.4
EXP03638,Treatment,1,1,0,1,755.65
EXP03639,Control,1,1,0,1,1110.47
EXP03640,Treatment,1,1,0,1,616.17
EXP03641,Treatment,1,1,0,1,1153.74
EXP03642,Control,1,1,0,1,431.55
EXP03643,Treatment,1,1,0,1,610.75
EXP03644,Treatment,0,0,0,0,0.0
EXP03645,Control,1,1,0,1,960.03
EXP03646,Treatment,1,1,0,1,952.0
EXP03647,Control,1,1,0,1,661.0
EXP03648,Treatment,1,1,0,1,722.09
EXP03649,Treatment,1,1,1,0,0.0
EXP03650,Treatment,1,1,0,1,949.98
EXP03651,Treatment,1,1,0,1,433.32
EXP03652,Control,1,1,0,1,918.61
EXP03653,Control,1,1,0,1,804.91
EXP03654,Control,1,1,0,1,919.29
EXP03655,Control,1,1,0,1,900.69
EXP03656,Treatment,1,1,0,1,900.37
EXP03657,Control,1,1,1,0,0.0
EXP03658,Treatment,1,1,0,1,996.8
EXP03659,Treatment,1,1,0,1,862.05
EXP03660,Treatment,1,1,0,1,438.3
EXP03661,Treatment,1,0,0,0,0.0
EXP03662,Control,1,1,0,1,633.09
EXP03663,Control,0,0,0,0,0.0
EXP03664,Control,1,1,0,1,1072.03
EXP03665,Control,0,0,0,0,0.0
EXP03666,Treatment,1,1,0,1,563.13
EXP03667,Treatment,0,0,0,0,0.0
EXP03668,Control,0,0,0,0,0.0
EXP03669,Treatment,1,0,0,0,0.0
EXP03670,Treatment,1,0,0,0,0.0
EXP03671,Control,1,1,0,1,517.73
EXP03672,Treatment,1,1,0,1,977.41
EXP03673,Control,1,1,0,1,860.87
EXP03674,Treatment,1,1,0,1,564.15
EXP03675,Control,1,1,0,1,617.71
EXP03676,Treatment,1,1,1,0,0.0
EXP03677,Control,1,1,0,1,803.3
EXP03678,Treatment,1,1,0,1,575.73
EXP03679,Control,1,1,0,1,955.31
EXP03680,Treatment,1,1,0,1,944.98
EXP03681,Control,1,1,0,1,1135.69
EXP03682,Control,1,1,0,1,822.42
EXP03683,Treatment,1,1,0,1,1262.48
EXP03684,Treatment,1,1,1,0,0.0
EXP03685,Treatment,1,1,0,1,463.75
EXP03686,Treatment,1,1,0,1,572.81
EXP03687,Control,1,1,0,1,887.68
EXP03688,Treatment,1,1,0,1,724.61
EXP03689,Treatment,1,1,0,1,760.09
EXP03690,Treatment,1,1,0,1,832.66
EXP03691,Control,1,1,1,0,0.0
EXP03692,Control,1,1,0,1,778.13
EXP03693,Control,0,0,0,0,0.0
EXP03694,Control,0,0,0,0,0.0
EXP03695,Control,1,1,0,1,633.07
EXP03696,Treatment,1,1,1,0,0.0
EXP03697,Treatment,0,0,0,0,0.0
EXP03698,Control,1,1,0,1,849.69
EXP03699,Treatment,1,1,0,1,1151.51
EXP03700,Treatment,1,1,0,1,333.18
EXP03701,Control,0,0,0,0,0.0
EXP03702,Control,1,1,0,1,393.71
EXP03703,Control,0,0,0,0,0.0
EXP03704,Treatment,1,1,0,1,937.21
EXP03705,Treatment,1,0,0,0,0.0
EXP03706,Control,1,1,0,1,497.45
EXP03707,Treatment,1,1,0,1,430.84
EXP03708,Control,1,1,0,1,500.06
EXP03709,Control,1,1,0,1,1118.86
EXP03710,Treatment,1,1,0,1,809.46
EXP03711,Treatment,0,0,0,0,0.0
EXP03712,Treatment,1,1,0,1,685.71
EXP03713,Treatment,1,1,0,1,606.2
EXP03714,Control,1,1,0,1,1290.19
EXP03715,Treatment,1,1,0,1,931.68
EXP03716,Treatment,0,0,0,0,0.0
EXP03717,Treatment,1,1,0,1,1073.19
EXP03718,Treatment,0,0,0,0,0.0
EXP03719,Treatment,0,0,0,0,0.0
EXP03720,Treatment,1,1,0,1,463.6
EXP03721,Treatment,1,1,0,1,728.92
EXP03722,Treatment,1,1,0,1,473.87
EXP03723,Control,1,1,0,1,1087.54
EXP03724,Control,1,1,0,1,449.28
EXP03725,Control,1,1,0,1,551.47
EXP03726,Control,0,0,0,0,0.0
EXP03727,Control,1,1,0,1,675.93
EXP03728,Treatment,1,1,0,1,992.13
EXP03729,Treatment,0,0,0,0,0.0
EXP03730,Control,1,1,0,1,938.39
EXP03731,Control,1,1,0,1,731.47
EXP03732,Treatment,0,0,0,0,0.0
EXP03733,Treatment,1,1,1,0,0.0
EXP03734,Control,1,1,0,1,814.45
EXP03735,Control,1,1,0,1,771.69
EXP03736,Control,1,1,0,1,652.65
EXP03737,Control,1,1,0,1,444.65
EXP03738,Control,1,1,0,1,689.96
EXP03739,Treatment,1,1,0,1,793.85
EXP03740,Control,1,1,0,1,1074.33
EXP03741,Control,1,1,0,1,812.53
EXP03742,Control,1,1,0,1,1011.5
EXP03743,Treatment,1,1,0,1,1298.84
EXP03744,Treatment,1,1,0,1,1039.27
EXP03745,Treatment,1,1,1,0,0.0
EXP03746,Treatment,1,1,0,1,747.12
EXP03747,Treatment,1,1,0,1,886.6
EXP03748,Treatment,1,1,0,1,554.51
EXP03749,Treatment,1,1,0,1,649.34
EXP03750,Control,0,0,0,0,0.0
EXP03751,Treatment,1,1,0,1,762.91
EXP03752,Treatment,1,1,0,1,662.86
EXP03753,Treatment,0,0,0,0,0.0
EXP03754,Treatment,1,1,0,1,696.75
EXP03755,Control,1,1,0,1,632.88
EXP03756,Control,1,1,0,1,509.63
EXP03757,Control,1,1,0,1,628.53
EXP03758,Treatment,0,0,0,0,0.0
EXP03759,Control,1,1,0,1,676.2
EXP03760,Control,1,1,0,1,854.52
EXP03761,Treatment,1,1,0,1,1008.98
EXP03762,Treatment,1,1,0,1,696.2
EXP03763,Treatment,1,1,0,1,854.4
EXP03764,Treatment,0,0,0,0,0.0
EXP03765,Control,1,1,1,0,0.0
EXP03766,Treatment,1,1,0,1,391.7
EXP03767,Treatment,1,1,0,1,828.52
EXP03768,Control,1,1,0,1,642.26
EXP03769,Treatment,1,1,0,1,1352.48
EXP03770,Treatment,1,1,0,1,1094.89
EXP03771,Control,0,0,0,0,0.0
EXP03772,Control,1,1,0,1,508.06
EXP03773,Control,1,1,0,1,753.77
EXP03774,Control,1,1,0,1,618.55
EXP03775,Treatment,1,0,0,0,0.0
EXP03776,Control,1,1,0,1,1010.03
EXP03777,Control,1,1,0,1,1341.09
EXP03778,Control,0,0,0,0,0.0
EXP03779,Treatment,0,0,0,0,0.0
EXP03780,Treatment,1,1,0,1,648.1
EXP03781,Treatment,1,1,0,1,898.0
EXP03782,Control,1,1,0,1,623.61
EXP03783,Treatment,0,0,0,0,0.0
EXP03784,Treatment,1,1,0,1,835.43
EXP03785,Treatment,1,1,0,1,1103.37
EXP03786,Control,1,0,0,0,0.0
EXP03787,Treatment,1,1,1,0,0.0
EXP03788,Treatment,1,1,0,1,981.63
EXP03789,Treatment,1,1,0,1,947.43
EXP03790,Control,1,1,1,0,0.0
EXP03791,Treatment,1,1,0,1,464.0
EXP03792,Treatment,1,1,0,1,662.85
EXP03793,Treatment,1,1,0,1,515.38
EXP03794,Control,0,0,0,0,0.0
EXP03795,Control,1,1,0,1,520.9
EXP03796,Control,1,1,1,0,0.0
EXP03797,Treatment,1,1,0,1,1359.88
EXP03798,Treatment,0,0,0,0,0.0
EXP03799,Treatment,0,0,0,0,0.0
EXP03800,Control,1,1,0,1,668.84
EXP03801,Control,1,1,0,1,459.47
EXP03802,Treatment,1,1,0,1,906.24
EXP03803,Treatment,1,1,0,1,747.28
EXP03804,Treatment,1,1,0,1,887.28
EXP03805,Treatment,1,1,0,1,298.0
EXP03806,Treatment,1,1,0,1,1828.21
EXP03807,Treatment,1,1,0,1,855.46
EXP03808,Control,0,0,0,0,0.0
EXP03809,Control,0,0,0,0,0.0
EXP03810,Control,0,0,0,0,0.0
EXP03811,Control,0,0,0,0,0.0
EXP03812,Control,1,0,0,0,0.0
EXP03813,Control,1,1,0,1,696.37
EXP03814,Control,1,0,0,0,0.0
EXP03815,Treatment,0,0,0,0,0.0
EXP03816,Control,0,0,0,0,0.0
EXP03817,Treatment,1,1,0,1,1317.85
EXP03818,Treatment,1,1,0,1,524.29
EXP03819,Treatment,1,1,0,1,404.06
EXP03820,Treatment,1,1,0,1,692.13
EXP03821,Treatment,1,1,0,1,1148.23
EXP03822,Treatment,1,1,0,1,706.36
EXP03823,Treatment,0,0,0,0,0.0
EXP03824,Control,1,1,0,1,1066.84
EXP03825,Control,1,1,0,1,1361.83
EXP03826,Control,1,1,0,1,963.09
EXP03827,Control,1,1,0,1,1424.9
EXP03828,Control,1,1,0,1,1346.69
EXP03829,Treatment,1,0,0,0,0.0
EXP03830,Control,1,1,0,1,510.34
EXP03831,Treatment,1,1,0,1,1618.55
EXP03832,Treatment,1,0,0,0,0.0
EXP03833,Treatment,1,1,0,1,736.56
EXP03834,Treatment,1,1,0,1,533.81
EXP03835,Control,1,1,0,1,357.74
EXP03836,Treatment,1,1,0,1,960.96
EXP03837,Control,0,0,0,0,0.0
EXP03838,Treatment,1,1,0,1,604.83
EXP03839,Treatment,1,1,0,1,675.65
EXP03840,Treatment,1,1,0,1,1360.38
EXP03841,Treatment,0,0,0,0,0.0
EXP03842,Treatment,1,0,0,0,0.0
EXP03843,Control,1,1,0,1,1128.39
EXP03844,Control,0,0,0,0,0.0
EXP03845,Control,1,1,0,1,1889.35
EXP03846,Control,1,1,0,1,525.14
EXP03847,Treatment,1,1,0,1,1180.73
EXP03848,Control,1,1,0,1,634.28
EXP03849,Control,1,1,0,1,1173.28
EXP03850,Control,1,0,0,0,0.0
EXP03851,Control,0,0,0,0,0.0
EXP03852,Control,1,1,0,1,673.97
EXP03853,Control,1,1,0,1,637.19
EXP03854,Control,1,1,0,1,825.45
EXP03855,Treatment,1,1,1,0,0.0
EXP03856,Control,0,0,0,0,0.0
EXP03857,Control,1,1,0,1,846.61
EXP03858,Treatment,0,0,0,0,0.0
EXP03859,Control,1,1,0,1,1089.41
EXP03860,Treatment,1,1,0,1,613.19
EXP03861,Control,0,0,0,0,0.0
EXP03862,Treatment,1,1,0,1,215.42
EXP03863,Control,1,1,1,0,0.0
EXP03864,Treatment,1,1,0,1,714.69
EXP03865,Treatment,0,0,0,0,0.0
EXP03866,Control,1,1,0,1,847.06
EXP03867,Control,1,1,0,1,1122.41
EXP03868,Control,1,1,0,1,715.82
EXP03869,Control,0,0,0,0,0.0
EXP03870,Control,1,1,0,1,444.91
EXP03871,Control,1,1,0,1,1404.61
EXP03872,Treatment,0,0,0,0,0.0
EXP03873,Treatment,1,1,1,0,0.0
EXP03874,Treatment,1,1,0,1,973.29
EXP03875,Treatment,1,1,0,1,562.18
EXP03876,Control,1,1,0,1,1253.14
EXP03877,Control,1,1,1,0,0.0
EXP03878,Treatment,1,1,1,0,0.0
EXP03879,Control,1,1,1,0,0.0
EXP03880,Control,1,1,0,1,462.64
EXP03881,Treatment,0,0,0,0,0.0
EXP03882,Treatment,1,1,0,1,736.01
EXP03883,Control,0,0,0,0,0.0
EXP03884,Treatment,0,0,0,0,0.0
EXP03885,Control,1,1,0,1,894.06
EXP03886,Control,1,1,0,1,493.72
EXP03887,Control,1,1,0,1,530.72
EXP03888,Control,1,1,0,1,745.54
EXP03889,Treatment,1,1,1,0,0.0
EXP03890,Control,1,1,0,1,753.37
EXP03891,Treatment,1,1,0,1,677.76
EXP03892,Treatment,1,1,0,1,683.77
EXP03893,Treatment,1,1,0,1,1379.55
EXP03894,Treatment,0,0,0,0,0.0
EXP03895,Treatment,1,1,0,1,550.69
EXP03896,Control,1,1,0,1,739.66
EXP03897,Treatment,1,1,0,1,823.08
EXP03898,Control,1,1,0,1,700.05
EXP03899,Control,1,1,0,1,757.82
EXP03900,Treatment,0,0,0,0,0.0
EXP03901,Control,1,1,1,0,0.0
EXP03902,Control,0,0,0,0,0.0
EXP03903,Control,1,1,0,1,685.5
EXP03904,Treatment,0,0,0,0,0.0
EXP03905,Control,0,0,0,0,0.0
EXP03906,Treatment,1,1,0,1,888.33
EXP03907,Control,1,1,0,1,675.15
EXP03908,Treatment,1,1,0,1,562.43
EXP03909,Control,1,1,0,1,581.94
EXP03910,Treatment,0,0,0,0,0.0
EXP03911,Control,1,1,0,1,328.68
EXP03912,Treatment,1,1,0,1,1150.61
EXP03913,Control,0,0,0,0,0.0
EXP03914,Control,0,0,0,0,0.0
EXP03915,Treatment,1,1,0,1,1328.4
EXP03916,Control,1,1,0,1,716.83
EXP03917,Control,1,0,0,0,0.0
EXP03918,Treatment,1,1,0,1,911.52
EXP03919,Treatment,1,1,0,1,1245.34
EXP03920,Control,0,0,0,0,0.0
EXP03921,Control,1,0,0,0,0.0
EXP03922,Control,1,0,0,0,0.0
EXP03923,Treatment,1,1,0,1,864.99
EXP03924,Control,1,1,0,1,607.13
EXP03925,Treatment,1,1,0,1,1316.59
EXP03926,Control,1,1,0,1,692.82
EXP03927,Control,0,0,0,0,0.0
EXP03928,Control,1,1,0,1,769.84
EXP03929,Control,0,0,0,0,0.0
EXP03930,Control,1,1,0,1,597.66
EXP03931,Treatment,0,0,0,0,0.0
EXP03932,Control,1,1,0,1,374.19
EXP03933,Control,1,1,0,1,732.51
EXP03934,Control,1,1,0,1,565.72
EXP03935,Control,1,1,0,1,516.21
EXP03936,Treatment,0,0,0,0,0.0
EXP03937,Treatment,1,1,0,1,1072.61
EXP03938,Control,1,1,0,1,660.56
EXP03939,Control,0,0,0,0,0.0
EXP03940,Control,1,1,0,1,1049.82
EXP03941,Control,1,1,0,1,832.84
EXP03942,Control,0,0,0,0,0.0
EXP03943,Treatment,1,1,0,1,855.21
EXP03944,Treatment,0,0,0,0,0.0
EXP03945,Treatment,0,0,0,0,0.0
EXP03946,Treatment,1,1,0,1,675.61
EXP03947,Control,1,1,0,1,995.43
EXP03948,Treatment,1,1,0,1,618.58
EXP03949,Control,0,0,0,0,0.0
EXP03950,Treatment,1,1,0,1,724.85
EXP03951,Control,0,0,0,0,0.0
EXP03952,Control,1,1,0,1,803.29
EXP03953,Treatment,1,1,0,1,846.5
EXP03954,Control,0,0,0,0,0.0
EXP03955,Control,0,0,0,0,0.0
EXP03956,Treatment,1,1,0,1,544.64
EXP03957,Treatment,1,1,0,1,725.59
EXP03958,Control,1,1,1,0,0.0
EXP03959,Treatment,1,1,1,0,0.0
EXP03960,Control,1,1,0,1,901.5
EXP03961,Treatment,1,1,0,1,436.49
EXP03962,Control,1,1,0,1,470.34
EXP03963,Control,1,0,0,0,0.0
EXP03964,Treatment,1,1,0,1,809.66
EXP03965,Treatment,1,1,0,1,848.0
EXP03966,Treatment,1,1,0,1,603.18
EXP03967,Control,1,1,0,1,627.36
EXP03968,Treatment,1,1,0,1,1005.57
EXP03969,Treatment,1,1,0,1,1114.97
EXP03970,Treatment,1,1,0,1,1285.74
EXP03971,Treatment,0,0,0,0,0.0
EXP03972,Control,1,1,0,1,934.49
EXP03973,Control,1,1,0,1,1333.31
EXP03974,Treatment,1,1,0,1,364.59
EXP03975,Treatment,1,1,0,1,1462.72
EXP03976,Control,1,1,0,1,763.38
EXP03977,Control,1,1,0,1,1018.31
EXP03978,Control,0,0,0,0,0.0
EXP03979,Treatment,1,0,0,0,0.0
EXP03980,Control,1,1,0,1,320.29
EXP03981,Control,0,0,0,0,0.0
EXP03982,Control,1,1,1,0,0.0
EXP03983,Treatment,1,1,0,1,490.59
EXP03984,Treatment,0,0,0,0,0.0
EXP03985,Control,1,1,0,1,573.68
EXP03986,Control,0,0,0,0,0.0
EXP03987,Treatment,0,0,0,0,0.0
EXP03988,Treatment,1,1,0,1,721.43
EXP03989,Treatment,1,1,0,1,1046.68
EXP03990,Treatment,1,1,1,0,0.0
EXP03991,Treatment,1,1,0,1,618.33
EXP03992,Treatment,1,1,1,0,0.0
EXP03993,Control,1,1,0,1,543.9
EXP03994,Control,0,0,0,0,0.0
EXP03995,Control,1,1,0,1,1215.54
EXP03996,Control,1,1,0,1,465.07
EXP03997,Control,1,1,0,1,755.6
EXP03998,Control,1,1,0,1,682.9
EXP03999,Control,1,1,0,1,636.88
EXP04000,Treatment,1,1,0,1,441.04
EXP04001,Control,1,1,0,1,757.45
EXP04002,Treatment,0,0,0,0,0.0
EXP04003,Control,1,0,0,0,0.0
EXP04004,Treatment,1,1,0,1,662.43
EXP04005,Treatment,1,1,0,1,1053.83
EXP04006,Control,0,0,0,0,0.0
EXP04007,Control,1,0,0,0,0.0
EXP04008,Treatment,1,1,0,1,1171.07
EXP04009,Control,0,0,0,0,0.0
EXP04010,Control,0,0,0,0,0.0
EXP04011,Control,1,1,1,0,0.0
EXP04012,Control,0,0,0,0,0.0
EXP04013,Control,0,0,0,0,0.0
EXP04014,Treatment,1,1,0,1,890.15
EXP04015,Control,1,1,0,1,683.62
EXP04016,Treatment,1,0,0,0,0.0
EXP04017,Control,1,1,0,1,736.61
EXP04018,Control,1,1,0,1,1202.39
EXP04019,Control,1,1,0,1,1843.57
EXP04020,Treatment,0,0,0,0,0.0
EXP04021,Control,0,0,0,0,0.0
EXP04022,Treatment,0,0,0,0,0.0
EXP04023,Control,1,1,0,1,563.45
EXP04024,Treatment,1,1,0,1,380.52
EXP04025,Treatment,1,1,0,1,727.7
EXP04026,Treatment,0,0,0,0,0.0
EXP04027,Treatment,1,1,0,1,903.35
EXP04028,Control,1,0,0,0,0.0
EXP04029,Control,1,1,1,0,0.0
EXP04030,Control,1,1,0,1,851.25
EXP04031,Control,1,1,0,1,844.46
EXP04032,Treatment,1,1,0,1,1145.57
EXP04033,Control,0,0,0,0,0.0
EXP04034,Control,1,1,0,1,1450.78
EXP04035,Control,1,1,0,1,633.07
EXP04036,Control,0,0,0,0,0.0
EXP04037,Treatment,1,1,0,1,609.51
EXP04038,Treatment,1,1,0,1,1197.21
EXP04039,Treatment,0,0,0,0,0.0
EXP04040,Treatment,1,1,1,0,0.0
EXP04041,Control,1,1,0,1,706.65
EXP04042,Treatment,1,1,0,1,438.03
EXP04043,Treatment,1,1,0,1,481.91
EXP04044,Control,1,0,0,0,0.0
EXP04045,Control,1,1,0,1,301.29
EXP04046,Control,1,1,0,1,505.57
EXP04047,Treatment,1,1,0,1,808.63
EXP04048,Treatment,1,1,0,1,693.57
EXP04049,Treatment,1,1,1,0,0.0
EXP04050,Treatment,1,0,0,0,0.0
EXP04051,Treatment,1,1,0,1,734.47
EXP04052,Treatment,1,1,0,1,428.41
EXP04053,Control,1,1,0,1,565.67
EXP04054,Treatment,1,1,0,1,859.44
EXP04055,Control,1,1,1,0,0.0
EXP04056,Treatment,1,1,0,1,458.15
EXP04057,Treatment,1,1,0,1,380.64
EXP04058,Control,1,1,0,1,891.6
EXP04059,Control,1,1,0,1,1044.71
EXP04060,Treatment,1,1,0,1,642.14
EXP04061,Control,1,1,0,1,632.56
EXP04062,Treatment,1,1,0,1,375.12
EXP04063,Treatment,1,1,0,1,842.56
EXP04064,Control,1,1,0,1,625.65
EXP04065,Treatment,1,1,0,1,675.21
EXP04066,Treatment,1,1,1,0,0.0
EXP04067,Control,1,1,0,1,384.54
EXP04068,Control,1,1,0,1,1179.51
EXP04069,Control,1,1,0,1,792.76
EXP04070,Control,1,1,0,1,727.61
EXP04071,Treatment,1,1,0,1,716.32
EXP04072,Control,1,1,0,1,1026.62
EXP04073,Control,1,1,0,1,512.76
EXP04074,Control,1,1,0,1,1067.32
EXP04075,Control,1,1,0,1,895.82
EXP04076,Treatment,1,1,0,1,978.53
EXP04077,Control,1,1,0,1,853.47
EXP04078,Treatment,1,1,1,0,0.0
EXP04079,Control,1,1,0,1,577.75
EXP04080,Control,1,1,0,1,506.01
EXP04081,Treatment,1,1,0,1,997.82
EXP04082,Treatment,0,0,0,0,0.0
EXP04083,Treatment,1,1,1,0,0.0
EXP04084,Treatment,1,1,0,1,2300.0
EXP04085,Treatment,1,1,0,1,486.3
EXP04086,Control,1,1,0,1,934.44
EXP04087,Control,1,1,1,0,0.0
EXP04088,Treatment,1,1,0,1,1016.23
EXP04089,Treatment,1,1,0,1,1252.59
EXP04090,Control,1,1,0,1,1119.46
EXP04091,Treatment,1,1,0,1,949.65
EXP04092,Treatment,1,1,0,1,781.2
EXP04093,Control,1,1,1,0,0.0
EXP04094,Control,1,1,0,1,951.22
EXP04095,Control,1,1,0,1,928.59
EXP04096,Control,1,1,0,1,370.68
EXP04097,Control,1,1,0,1,585.48
EXP04098,Treatment,1,1,0,1,1363.58
EXP04099,Control,1,1,1,0,0.0
EXP04100,Control,1,1,0,1,954.97
EXP04101,Treatment,1,1,0,1,324.16
EXP04102,Treatment,1,1,0,1,1033.83
EXP04103,Control,1,1,0,1,959.56
EXP04104,Control,1,1,0,1,638.05
EXP04105,Control,1,1,1,0,0.0
EXP04106,Control,1,1,1,0,0.0
EXP04107,Treatment,1,1,0,1,806.01
EXP04108,Treatment,1,1,0,1,948.84
EXP04109,Control,1,1,0,1,685.77
EXP04110,Treatment,1,0,0,0,0.0
EXP04111,Treatment,1,1,0,1,472.09
EXP04112,Control,0,0,0,0,0.0
EXP04113,Control,1,1,1,0,0.0
EXP04114,Control,1,1,0,1,758.28
EXP04115,Control,0,0,0,0,0.0
EXP04116,Control,0,0,0,0,0.0
EXP04117,Control,1,1,0,1,863.0
EXP04118,Control,1,1,0,1,906.48
EXP04119,Control,0,0,0,0,0.0
EXP04120,Treatment,1,1,0,1,780.34
EXP04121,Treatment,1,1,0,1,637.37
EXP04122,Treatment,1,1,0,1,776.72
EXP04123,Control,0,0,0,0,0.0
EXP04124,Control,0,0,0,0,0.0
EXP04125,Treatment,1,1,0,1,572.57
EXP04126,Control,1,1,0,1,679.68
EXP04127,Treatment,1,1,0,1,980.32
EXP04128,Treatment,1,1,0,1,594.8
EXP04129,Treatment,0,0,0,0,0.0
EXP04130,Treatment,1,1,0,1,560.93
EXP04131,Treatment,1,1,1,0,0.0
EXP04132,Control,1,1,0,1,683.45
EXP04133,Control,1,1,0,1,1405.59
EXP04134,Treatment,0,0,0,0,0.0
EXP04135,Treatment,0,0,0,0,0.0
EXP04136,Control,1,1,0,1,527.42
EXP04137,Control,1,1,0,1,951.46
EXP04138,Treatment,1,1,0,1,686.51
EXP04139,Control,1,1,0,1,499.89
EXP04140,Treatment,1,1,0,1,1286.98
EXP04141,Control,1,1,0,1,656.92
EXP04142,Treatment,1,1,0,1,542.05
EXP04143,Control,1,1,0,1,547.34
EXP04144,Treatment,1,1,0,1,850.56
EXP04145,Treatment,1,1,0,1,685.71
EXP04146,Treatment,0,0,0,0,0.0
EXP04147,Control,1,1,0,1,434.48
EXP04148,Control,1,1,0,1,859.36
EXP04149,Control,0,0,0,0,0.0
EXP04150,Treatment,0,0,0,0,0.0
EXP04151,Treatment,0,0,0,0,0.0
EXP04152,Control,1,1,0,1,679.83
EXP04153,Control,1,1,0,1,671.91
EXP04154,Control,1,1,0,1,827.21
EXP04155,Control,0,0,0,0,0.0
EXP04156,Control,1,1,0,1,651.7
EXP04157,Control,0,0,0,0,0.0
EXP04158,Treatment,0,0,0,0,0.0
EXP04159,Control,1,1,0,1,608.62
EXP04160,Treatment,1,1,0,1,768.03
EXP04161,Control,0,0,0,0,0.0
EXP04162,Treatment,1,1,0,1,665.85
EXP04163,Treatment,1,1,0,1,596.89
EXP04164,Treatment,1,1,0,1,1303.22
EXP04165,Control,1,1,0,1,428.33
EXP04166,Control,1,1,0,1,823.17
EXP04167,Control,1,1,0,1,825.32
EXP04168,Control,1,1,0,1,568.13
EXP04169,Control,1,1,0,1,1252.54
EXP04170,Treatment,1,1,0,1,779.06
EXP04171,Treatment,0,0,0,0,0.0
EXP04172,Control,1,1,0,1,533.46
EXP04173,Control,0,0,0,0,0.0
EXP04174,Control,1,1,0,1,860.91
EXP04175,Treatment,0,0,0,0,0.0
EXP04176,Control,0,0,0,0,0.0
EXP04177,Control,1,1,0,1,744.46
EXP04178,Treatment,1,1,1,0,0.0
EXP04179,Control,0,0,0,0,0.0
EXP04180,Control,1,1,0,1,528.36
EXP04181,Control,0,0,0,0,0.0
EXP04182,Control,0,0,0,0,0.0
EXP04183,Treatment,1,0,0,0,0.0
EXP04184,Control,0,0,0,0,0.0
EXP04185,Control,1,1,0,1,1251.59
EXP04186,Treatment,1,1,0,1,1034.26
EXP04187,Control,0,0,0,0,0.0
EXP04188,Control,1,0,0,0,0.0
EXP04189,Control,1,1,0,1,937.6
EXP04190,Treatment,1,1,1,0,0.0
EXP04191,Treatment,1,1,0,1,1303.55
EXP04192,Control,0,0,0,0,0.0
EXP04193,Control,1,1,1,0,0.0
EXP04194,Treatment,1,1,0,1,635.39
EXP04195,Control,1,1,0,1,1310.62
EXP04196,Control,1,1,0,1,755.52
EXP04197,Control,1,1,0,1,675.77
EXP04198,Control,1,1,0,1,1001.28
EXP04199,Treatment,0,0,0,0,0.0
EXP04200,Control,1,1,0,1,730.25
EXP04201,Treatment,1,0,0,0,0.0
EXP04202,Treatment,0,0,0,0,0.0
EXP04203,Treatment,1,1,0,1,611.76
EXP04204,Treatment,1,1,1,0,0.0
EXP04205,Control,1,1,0,1,377.44
EXP04206,Treatment,1,1,1,0,0.0
EXP04207,Control,1,1,0,1,389.59
EXP04208,Control,1,1,0,1,729.98
EXP04209,Control,1,1,0,1,364.37
EXP04210,Control,1,0,0,0,0.0
EXP04211,Treatment,1,1,0,1,581.42
EXP04212,Control,1,1,0,1,1192.73
EXP04213,Control,1,1,0,1,1022.97
EXP04214,Control,1,1,1,0,0.0
EXP04215,Control,1,1,0,1,634.35
EXP04216,Treatment,1,1,0,1,989.32
EXP04217,Control,1,1,1,0,0.0
EXP04218,Control,1,1,0,1,727.41
EXP04219,Control,1,1,0,1,711.98
EXP04220,Treatment,1,1,0,1,1039.04
EXP04221,Control,1,1,0,1,642.59
EXP04222,Treatment,1,1,0,1,934.83
EXP04223,Treatment,0,0,0,0,0.0
EXP04224,Control,1,1,0,1,868.17
EXP04225,Treatment,1,1,0,1,672.32
EXP04226,Treatment,1,1,1,0,0.0
EXP04227,Treatment,1,1,0,1,456.84
EXP04228,Control,1,1,0,1,619.2
EXP04229,Control,0,0,0,0,0.0
EXP04230,Treatment,1,1,0,1,619.92
EXP04231,Control,1,1,0,1,658.03
EXP04232,Treatment,0,0,0,0,0.0
EXP04233,Treatment,1,1,0,1,641.91
EXP04234,Control,0,0,0,0,0.0
EXP04235,Treatment,0,0,0,0,0.0
EXP04236,Control,0,0,0,0,0.0
EXP04237,Treatment,1,1,0,1,591.43
EXP04238,Treatment,1,1,0,1,731.72
EXP04239,Treatment,1,1,0,1,849.41
EXP04240,Treatment,1,1,0,1,760.66
EXP04241,Control,1,1,0,1,1049.24
EXP04242,Treatment,0,0,0,0,0.0
EXP04243,Control,1,0,0,0,0.0
EXP04244,Control,1,1,0,1,803.91
EXP04245,Control,0,0,0,0,0.0
EXP04246,Treatment,1,1,1,0,0.0
EXP04247,Treatment,1,1,0,1,890.91
EXP04248,Control,1,1,0,1,597.31
EXP04249,Control,1,1,1,0,0.0
EXP04250,Control,1,1,0,1,757.39
EXP04251,Control,1,0,0,0,0.0
EXP04252,Control,1,1,0,1,1094.59
EXP04253,Treatment,1,1,0,1,566.93
EXP04254,Control,1,1,0,1,778.09
EXP04255,Treatment,1,1,0,1,982.3
EXP04256,Control,1,1,0,1,1393.59
EXP04257,Control,0,0,0,0,0.0
EXP04258,Control,0,0,0,0,0.0
EXP04259,Control,0,0,0,0,0.0
EXP04260,Control,1,1,0,1,595.61
EXP04261,Control,1,0,0,0,0.0
EXP04262,Control,1,1,0,1,741.39
EXP04263,Treatment,1,1,0,1,700.12
EXP04264,Treatment,1,1,0,1,578.68
EXP04265,Control,1,1,0,1,950.65
EXP04266,Treatment,1,1,0,1,593.31
EXP04267,Treatment,1,1,0,1,930.72
EXP04268,Control,1,1,0,1,1015.7
EXP04269,Control,1,1,0,1,498.16
EXP04270,Control,1,1,1,0,0.0
EXP04271,Control,1,1,0,1,663.21
EXP04272,Treatment,1,1,0,1,599.78
EXP04273,Treatment,0,0,0,0,0.0
EXP04274,Treatment,1,1,0,1,703.74
EXP04275,Control,1,1,0,1,396.09
EXP04276,Control,0,0,0,0,0.0
EXP04277,Control,0,0,0,0,0.0
EXP04278,Control,1,1,0,1,890.3
EXP04279,Treatment,1,1,0,1,760.76
EXP04280,Control,1,1,0,1,1338.14
EXP04281,Control,1,1,1,0,0.0
EXP04282,Control,0,0,0,0,0.0
EXP04283,Control,1,1,0,1,552.51
EXP04284,Treatment,1,1,0,1,712.95
EXP04285,Control,0,0,0,0,0.0
EXP04286,Treatment,1,1,0,1,1338.92
EXP04287,Treatment,1,1,0,1,793.71
EXP04288,Treatment,1,1,1,0,0.0
EXP04289,Treatment,1,1,1,0,0.0
EXP04290,Treatment,1,1,0,1,595.1
EXP04291,Treatment,1,1,0,1,971.37
EXP04292,Control,1,1,1,0,0.0
EXP04293,Treatment,1,1,0,1,848.82
EXP04294,Control,1,1,0,1,932.2
EXP04295,Treatment,1,1,0,1,622.09
EXP04296,Treatment,1,1,0,1,743.66
EXP04297,Treatment,1,1,0,1,552.18
EXP04298,Control,1,1,0,1,1459.3
EXP04299,Treatment,0,0,0,0,0.0
EXP04300,Treatment,0,0,0,0,0.0
EXP04301,Treatment,0,0,0,0,0.0
EXP04302,Control,1,1,0,1,853.9
EXP04303,Treatment,1,1,0,1,521.23
EXP04304,Treatment,1,1,0,1,647.53
EXP04305,Treatment,1,1,0,1,993.95
EXP04306,Control,1,1,0,1,1111.43
EXP04307,Treatment,0,0,0,0,0.0
EXP04308,Control,0,0,0,0,0.0
EXP04309,Control,1,1,0,1,938.21
EXP04310,Control,1,1,0,1,814.32
EXP04311,Treatment,1,1,0,1,702.48
EXP04312,Control,0,0,0,0,0.0
EXP04313,Control,1,1,0,1,493.91
EXP04314,Treatment,1,1,0,1,1161.6
EXP04315,Control,0,0,0,0,0.0
EXP04316,Treatment,1,1,0,1,805.91
EXP04317,Treatment,1,1,1,0,0.0
EXP04318,Treatment,1,1,0,1,1484.72
EXP04319,Treatment,1,1,0,1,719.16
EXP04320,Control,1,1,1,0,0.0
EXP04321,Control,1,1,0,1,718.72
EXP04322,Treatment,1,1,0,1,723.34
EXP04323,Treatment,1,1,0,1,541.09
EXP04324,Treatment,0,0,0,0,0.0
EXP04325,Control,0,0,0,0,0.0
EXP04326,Treatment,1,1,0,1,1408.82
EXP04327,Control,0,0,0,0,0.0
EXP04328,Treatment,1,1,1,0,0.0
EXP04329,Control,1,1,1,0,0.0
EXP04330,Control,1,1,0,1,578.16
EXP04331,Treatment,1,1,0,1,754.27
EXP04332,Control,1,1,0,1,987.09
EXP04333,Treatment,0,0,0,0,0.0
EXP04334,Control,1,1,0,1,548.69
EXP04335,Treatment,1,1,0,1,507.33
EXP04336,Treatment,0,0,0,0,0.0
EXP04337,Control,0,0,0,0,0.0
EXP04338,Treatment,1,1,0,1,724.4
EXP04339,Treatment,1,1,0,1,540.31
EXP04340,Treatment,0,0,0,0,0.0
EXP04341,Treatment,1,1,0,1,512.98
EXP04342,Control,0,0,0,0,0.0
EXP04343,Control,1,1,1,0,0.0
EXP04344,Control,0,0,0,0,0.0
EXP04345,Treatment,1,1,0,1,740.44
EXP04346,Treatment,1,1,0,1,943.18
EXP04347,Control,1,1,0,1,483.77
EXP04348,Treatment,1,1,0,1,629.52
EXP04349,Control,1,1,0,1,656.89
EXP04350,Control,1,1,1,0,0.0
EXP04351,Treatment,1,1,0,1,613.5
EXP04352,Treatment,0,0,0,0,0.0
EXP04353,Control,1,1,1,0,0.0
EXP04354,Control,1,1,0,1,825.5
EXP04355,Treatment,0,0,0,0,0.0
EXP04356,Control,0,0,0,0,0.0
EXP04357,Control,0,0,0,0,0.0
EXP04358,Control,1,1,0,1,693.82
EXP04359,Control,1,0,0,0,0.0
EXP04360,Control,1,1,0,1,712.75
EXP04361,Treatment,1,1,0,1,1093.2
EXP04362,Treatment,1,1,0,1,836.79
EXP04363,Treatment,1,1,1,0,0.0
EXP04364,Control,1,1,0,1,952.76
EXP04365,Treatment,1,1,0,1,908.72
EXP04366,Treatment,1,0,0,0,0.0
EXP04367,Control,1,1,0,1,1083.32
EXP04368,Treatment,1,1,0,1,1116.8
EXP04369,Control,1,1,0,1,500.8
EXP04370,Treatment,1,1,0,1,1353.9
EXP04371,Treatment,1,1,0,1,549.42
EXP04372,Treatment,1,1,0,1,801.06
EXP04373,Control,1,1,1,0,0.0
EXP04374,Treatment,1,1,0,1,761.73
EXP04375,Treatment,1,1,0,1,760.66
EXP04376,Treatment,1,1,0,1,710.75
EXP04377,Treatment,1,1,1,0,0.0
EXP04378,Treatment,1,1,0,1,717.67
EXP04379,Control,1,1,0,1,817.83
EXP04380,Control,1,1,0,1,768.05
EXP04381,Treatment,1,1,0,1,540.76
EXP04382,Control,0,0,0,0,0.0
EXP04383,Treatment,1,1,0,1,864.0
EXP04384,Treatment,1,1,0,1,640.45
EXP04385,Control,1,1,0,1,808.81
EXP04386,Treatment,1,1,0,1,597.22
EXP04387,Treatment,1,1,0,1,720.95
EXP04388,Treatment,1,1,0,1,914.35
EXP04389,Control,1,1,0,1,829.05
EXP04390,Control,1,1,0,1,397.57
EXP04391,Treatment,1,1,0,1,1164.96
EXP04392,Treatment,0,0,0,0,0.0
EXP04393,Treatment,1,1,0,1,752.0
EXP04394,Control,1,0,0,0,0.0
EXP04395,Treatment,0,0,0,0,0.0
EXP04396,Treatment,0,0,0,0,0.0
EXP04397,Control,1,1,1,0,0.0
EXP04398,Control,1,1,0,1,432.28
EXP04399,Control,1,1,0,1,918.6
EXP04400,Treatment,1,1,0,1,639.33
EXP04401,Control,1,1,0,1,1002.12
EXP04402,Control,0,0,0,0,0.0
EXP04403,Treatment,1,1,0,1,1062.46
EXP04404,Control,1,1,0,1,822.01
EXP04405,Control,0,0,0,0,0.0
EXP04406,Control,1,1,0,1,879.0
EXP04407,Control,1,1,0,1,562.88
EXP04408,Treatment,1,1,0,1,605.24
EXP04409,Control,1,1,0,1,567.34
EXP04410,Treatment,1,1,0,1,1345.41
EXP04411,Treatment,1,1,0,1,911.08
EXP04412,Treatment,1,1,0,1,526.78
EXP04413,Treatment,1,1,0,1,884.38
EXP04414,Control,1,1,0,1,576.57
EXP04415,Treatment,0,0,0,0,0.0
EXP04416,Treatment,1,1,0,1,1209.53
EXP04417,Control,1,1,0,1,816.27
EXP04418,Control,1,0,0,0,0.0
EXP04419,Control,1,1,0,1,882.44
EXP04420,Control,1,1,0,1,774.07
EXP04421,Control,1,1,0,1,1284.24
EXP04422,Control,0,0,0,0,0.0
EXP04423,Control,0,0,0,0,0.0
EXP04424,Treatment,1,1,0,1,1338.25
EXP04425,Treatment,0,0,0,0,0.0
EXP04426,Treatment,1,1,1,0,0.0
EXP04427,Control,1,1,0,1,1147.12
EXP04428,Control,1,1,0,1,453.39
EXP04429,Control,1,1,0,1,1098.07
EXP04430,Treatment,1,1,0,1,1078.54
EXP04431,Control,1,1,0,1,508.1
EXP04432,Treatment,1,1,0,1,508.73
EXP04433,Treatment,0,0,0,0,0.0
EXP04434,Treatment,1,1,0,1,837.16
EXP04435,Treatment,1,0,0,0,0.0
EXP04436,Treatment,1,1,0,1,766.64
EXP04437,Control,1,1,0,1,541.31
EXP04438,Treatment,1,1,0,1,608.54
EXP04439,Treatment,1,1,0,1,849.75
EXP04440,Treatment,0,0,0,0,0.0
EXP04441,Treatment,0,0,0,0,0.0
EXP04442,Control,1,1,0,1,609.69
EXP04443,Treatment,1,1,0,1,1329.57
EXP04444,Control,1,1,0,1,678.64
EXP04445,Treatment,1,1,0,1,1037.4
EXP04446,Treatment,1,1,0,1,602.22
EXP04447,Treatment,1,1,0,1,1771.4
EXP04448,Control,1,1,0,1,478.47
EXP04449,Control,1,1,0,1,1064.7
EXP04450,Treatment,1,1,0,1,692.52
EXP04451,Treatment,1,1,0,1,424.54
EXP04452,Treatment,0,0,0,0,0.0
EXP04453,Control,1,1,0,1,1032.52
EXP04454,Control,1,1,0,1,780.97
EXP04455,Treatment,1,0,0,0,0.0
EXP04456,Control,1,0,0,0,0.0
EXP04457,Treatment,1,1,0,1,1099.55
EXP04458,Control,1,1,0,1,807.16
EXP04459,Treatment,1,1,0,1,887.99
EXP04460,Control,1,1,0,1,1115.84
EXP04461,Treatment,0,0,0,0,0.0
EXP04462,Treatment,0,0,0,0,0.0
EXP04463,Control,1,1,0,1,613.11
EXP04464,Control,1,1,0,1,525.05
EXP04465,Treatment,0,0,0,0,0.0
EXP04466,Treatment,1,1,0,1,879.78
EXP04467,Treatment,1,1,0,1,1318.49
EXP04468,Treatment,1,1,0,1,844.32
EXP04469,Treatment,1,1,0,1,561.37
EXP04470,Control,1,1,0,1,531.53
EXP04471,Control,1,1,1,0,0.0
EXP04472,Treatment,0,0,0,0,0.0
EXP04473,Control,1,1,0,1,689.91
EXP04474,Treatment,1,1,0,1,304.77
EXP04475,Treatment,1,1,0,1,754.64
EXP04476,Treatment,1,1,1,0,0.0
EXP04477,Treatment,1,1,0,1,583.61
EXP04478,Control,1,1,0,1,833.79
EXP04479,Control,1,1,1,0,0.0
EXP04480,Control,1,1,0,1,659.81
EXP04481,Treatment,1,1,0,1,1178.91
EXP04482,Treatment,1,1,0,1,942.62
EXP04483,Control,1,1,0,1,388.97
EXP04484,Treatment,1,1,0,1,592.67
EXP04485,Control,1,1,0,1,788.79
EXP04486,Control,1,1,0,1,1217.45
EXP04487,Treatment,1,1,0,1,594.05
EXP04488,Treatment,1,1,0,1,988.21
EXP04489,Treatment,1,1,0,1,702.44
EXP04490,Control,1,1,0,1,978.17
EXP04491,Control,0,0,0,0,0.0
EXP04492,Control,1,1,0,1,1134.04
EXP04493,Treatment,1,1,0,1,1151.64
EXP04494,Control,1,1,1,0,0.0
EXP04495,Control,0,0,0,0,0.0
EXP04496,Treatment,1,1,0,1,1180.39
EXP04497,Control,1,1,1,0,0.0
EXP04498,Control,1,1,0,1,1042.23
EXP04499,Treatment,0,0,0,0,0.0
EXP04500,Control,1,1,0,1,461.13
EXP04501,Treatment,1,1,0,1,661.04
EXP04502,Control,1,1,0,1,904.07
EXP04503,Treatment,1,1,0,1,760.12
EXP04504,Treatment,1,1,1,0,0.0
EXP04505,Control,1,1,0,1,788.01
EXP04506,Treatment,1,1,0,1,658.61
EXP04507,Control,1,1,0,1,805.07
EXP04508,Treatment,1,1,0,1,502.22
EXP04509,Treatment,1,1,1,0,0.0
EXP04510,Control,0,0,0,0,0.0
EXP04511,Treatment,1,1,0,1,591.91
EXP04512,Control,1,1,0,1,603.94
EXP04513,Treatment,1,1,1,0,0.0
EXP04514,Treatment,1,1,0,1,1155.82
EXP04515,Treatment,1,1,0,1,682.06
EXP04516,Treatment,1,1,0,1,896.31
EXP04517,Control,1,1,0,1,361.57
EXP04518,Control,1,1,0,1,724.3
EXP04519,Control,1,1,0,1,458.27
EXP04520,Treatment,1,1,0,1,983.33
EXP04521,Treatment,1,1,0,1,562.87
EXP04522,Treatment,1,1,0,1,1231.86
EXP04523,Treatment,1,1,0,1,902.57
EXP04524,Treatment,1,1,0,1,1029.78
EXP04525,Treatment,1,1,0,1,434.53
EXP04526,Treatment,0,0,0,0,0.0
EXP04527,Control,1,1,0,1,1130.46
EXP04528,Treatment,1,1,1,0,0.0
EXP04529,Treatment,1,1,0,1,916.62
EXP04530,Treatment,1,1,0,1,472.88
EXP04531,Control,1,1,0,1,998.6
EXP04532,Treatment,1,1,0,1,421.17
EXP04533,Control,1,1,0,1,740.5
EXP04534,Treatment,1,1,0,1,587.23
EXP04535,Treatment,1,0,0,0,0.0
EXP04536,Control,1,1,0,1,514.59
EXP04537,Treatment,1,1,0,1,645.18
EXP04538,Control,0,0,0,0,0.0
EXP04539,Treatment,1,1,0,1,492.28
EXP04540,Treatment,1,1,0,1,1316.44
EXP04541,Control,1,1,0,1,719.84
EXP04542,Control,1,1,0,1,803.0
EXP04543,Control,0,0,0,0,0.0
EXP04544,Control,1,1,0,1,894.66
EXP04545,Control,0,0,0,0,0.0
EXP04546,Control,1,1,0,1,1060.82
EXP04547,Control,1,1,0,1,673.7
EXP04548,Treatment,1,1,1,0,0.0
EXP04549,Treatment,1,1,1,0,0.0
EXP04550,Treatment,1,1,0,1,474.34
EXP04551,Control,1,1,0,1,421.3
EXP04552,Control,1,1,0,1,665.25
EXP04553,Treatment,1,1,0,1,908.09
EXP04554,Control,1,1,0,1,1011.34
EXP04555,Control,0,0,0,0,0.0
EXP04556,Control,1,1,0,1,493.31
EXP04557,Treatment,1,1,1,0,0.0
EXP04558,Treatment,1,1,0,1,377.7
EXP04559,Control,1,1,0,1,989.62
EXP04560,Treatment,1,1,0,1,724.69
EXP04561,Control,1,1,1,0,0.0
EXP04562,Treatment,1,1,0,1,367.79
EXP04563,Control,0,0,0,0,0.0
EXP04564,Control,1,1,1,0,0.0
EXP04565,Treatment,1,1,0,1,593.61
EXP04566,Control,1,1,1,0,0.0
EXP04567,Control,1,1,0,1,1481.39
EXP04568,Treatment,1,1,0,1,1474.78
EXP04569,Control,1,1,0,1,488.62
EXP04570,Treatment,1,1,0,1,880.53
EXP04571,Treatment,1,1,0,1,804.51
EXP04572,Control,0,0,0,0,0.0
EXP04573,Control,1,1,0,1,1394.79
EXP04574,Treatment,1,1,0,1,615.34
EXP04575,Treatment,1,1,0,1,554.55
EXP04576,Treatment,1,1,0,1,1036.07
EXP04577,Control,1,1,0,1,1241.09
EXP04578,Treatment,0,0,0,0,0.0
EXP04579,Control,1,0,0,0,0.0
EXP04580,Treatment,1,1,0,1,844.01
EXP04581,Treatment,1,1,0,1,573.92
EXP04582,Treatment,1,1,0,1,489.63
EXP04583,Control,1,1,0,1,707.91
EXP04584,Control,1,1,0,1,810.91
EXP04585,Treatment,1,0,0,0,0.0
EXP04586,Control,1,0,0,0,0.0
EXP04587,Treatment,1,1,0,1,583.43
EXP04588,Control,1,1,0,1,473.81
EXP04589,Treatment,0,0,0,0,0.0
EXP04590,Control,0,0,0,0,0.0
EXP04591,Treatment,1,1,0,1,505.37
EXP04592,Treatment,1,1,0,1,517.81
EXP04593,Control,1,1,0,1,1145.67
EXP04594,Treatment,1,1,0,1,699.59
EXP04595,Control,0,0,0,0,0.0
EXP04596,Treatment,1,1,0,1,972.53
EXP04597,Treatment,1,1,0,1,1237.07
EXP04598,Treatment,1,1,0,1,1056.87
EXP04599,Control,0,0,0,0,0.0
EXP04600,Control,1,1,0,1,713.41
EXP04601,Treatment,1,1,0,1,513.45
EXP04602,Control,1,1,0,1,903.89
EXP04603,Control,1,1,0,1,957.56
EXP04604,Treatment,1,1,0,1,488.39
EXP04605,Control,1,1,0,1,667.82
EXP04606,Treatment,1,1,0,1,386.02
EXP04607,Treatment,1,1,0,1,418.0
EXP04608,Treatment,1,0,0,0,0.0
EXP04609,Control,1,1,0,1,1384.01
EXP04610,Treatment,1,1,0,1,928.48
EXP04611,Control,1,1,0,1,989.74
EXP04612,Treatment,0,0,0,0,0.0
EXP04613,Treatment,1,1,0,1,1025.19
EXP04614,Treatment,1,1,0,1,666.29
EXP04615,Treatment,1,1,0,1,739.93
EXP04616,Control,1,1,0,1,693.35
EXP04617,Control,1,1,0,1,701.22
EXP04618,Treatment,1,1,0,1,610.39
EXP04619,Treatment,1,1,0,1,520.59
EXP04620,Treatment,1,1,0,1,406.45
EXP04621,Control,0,0,0,0,0.0
EXP04622,Treatment,1,1,0,1,596.72
EXP04623,Control,1,1,0,1,623.55
EXP04624,Treatment,0,0,0,0,0.0
EXP04625,Treatment,1,1,0,1,1016.06
EXP04626,Control,0,0,0,0,0.0
EXP04627,Treatment,0,0,0,0,0.0
EXP04628,Treatment,1,1,0,1,518.56
EXP04629,Treatment,1,1,0,1,837.12
EXP04630,Control,1,1,1,0,0.0
EXP04631,Treatment,1,1,0,1,768.95
EXP04632,Control,1,1,0,1,683.69
EXP04633,Treatment,1,1,1,0,0.0
EXP04634,Control,1,1,0,1,654.82
EXP04635,Treatment,1,1,0,1,575.69
EXP04636,Treatment,1,1,0,1,685.5
EXP04637,Treatment,1,1,0,1,468.99
EXP04638,Treatment,1,1,1,0,0.0
EXP04639,Control,1,1,0,1,494.94
EXP04640,Control,1,1,0,1,588.3
EXP04641,Treatment,1,1,0,1,638.08
EXP04642,Control,1,1,1,0,0.0
EXP04643,Control,1,1,0,1,887.66
EXP04644,Treatment,1,1,0,1,1153.19
EXP04645,Control,1,1,0,1,609.71
EXP04646,Control,1,0,0,0,0.0
EXP04647,Control,1,1,0,1,527.56
EXP04648,Treatment,1,1,0,1,1340.58
EXP04649,Treatment,0,0,0,0,0.0
EXP04650,Control,1,1,0,1,679.03
EXP04651,Control,1,1,0,1,378.07
EXP04652,Control,1,1,0,1,739.49
EXP04653,Treatment,1,1,0,1,589.55
EXP04654,Treatment,1,1,0,1,763.61
EXP04655,Control,1,1,0,1,1176.42
EXP04656,Treatment,0,0,0,0,0.0
EXP04657,Treatment,0,0,0,0,0.0
EXP04658,Treatment,1,1,0,1,911.38
EXP04659,Treatment,0,0,0,0,0.0
EXP04660,Treatment,0,0,0,0,0.0
EXP04661,Treatment,1,0,0,0,0.0
EXP04662,Control,0,0,0,0,0.0
EXP04663,Control,1,1,0,1,1617.22
EXP04664,Control,1,1,0,1,862.32
EXP04665,Treatment,1,1,0,1,746.45
EXP04666,Treatment,0,0,0,0,0.0
EXP04667,Control,0,0,0,0,0.0
EXP04668,Treatment,1,1,0,1,1003.13
EXP04669,Treatment,0,0,0,0,0.0
EXP04670,Control,1,1,0,1,511.29
EXP04671,Treatment,1,1,0,1,397.29
EXP04672,Treatment,1,1,0,1,560.26
EXP04673,Control,1,1,0,1,454.82
EXP04674,Treatment,1,1,0,1,828.72
EXP04675,Control,1,1,0,1,1002.13
EXP04676,Control,1,1,0,1,858.46
EXP04677,Control,1,1,0,1,542.33
EXP04678,Treatment,0,0,0,0,0.0
EXP04679,Treatment,0,0,0,0,0.0
EXP04680,Control,1,1,1,0,0.0
EXP04681,Treatment,1,1,0,1,847.28
EXP04682,Treatment,0,0,0,0,0.0
EXP04683,Control,0,0,0,0,0.0
EXP04684,Treatment,1,1,0,1,917.44
EXP04685,Treatment,1,1,0,1,1424.05
EXP04686,Control,1,1,0,1,649.31
EXP04687,Control,1,1,0,1,928.19
EXP04688,Control,1,1,0,1,367.88
EXP04689,Treatment,1,1,0,1,1182.09
EXP04690,Control,1,1,0,1,1291.95
EXP04691,Treatment,1,1,0,1,720.56
EXP04692,Treatment,1,1,0,1,904.96
EXP04693,Control,1,1,0,1,1028.77
EXP04694,Control,1,1,0,1,814.33
EXP04695,Treatment,1,1,0,1,713.34
EXP04696,Control,1,1,0,1,1033.58
EXP04697,Treatment,1,1,0,1,921.07
EXP04698,Control,1,1,0,1,1038.95
EXP04699,Treatment,1,1,0,1,931.82
EXP04700,Control,1,0,0,0,0.0
EXP04701,Treatment,1,1,0,1,762.65
EXP04702,Treatment,1,1,0,1,429.52
EXP04703,Treatment,1,1,0,1,897.51
EXP04704,Control,0,0,0,0,0.0
EXP04705,Control,1,1,1,0,0.0
EXP04706,Treatment,1,1,0,1,990.94
EXP04707,Control,1,1,1,0,0.0
EXP04708,Treatment,1,1,0,1,579.21
EXP04709,Control,1,1,0,1,973.42
EXP04710,Control,0,0,0,0,0.0
EXP04711,Control,0,0,0,0,0.0
EXP04712,Treatment,1,1,0,1,543.13
EXP04713,Treatment,1,1,1,0,0.0
EXP04714,Control,1,1,0,1,465.49
EXP04715,Control,1,1,0,1,809.94
EXP04716,Treatment,1,1,0,1,676.01
EXP04717,Treatment,1,1,0,1,741.46
EXP04718,Control,0,0,0,0,0.0
EXP04719,Treatment,1,1,0,1,374.08
EXP04720,Treatment,0,0,0,0,0.0
EXP04721,Control,1,0,0,0,0.0
EXP04722,Treatment,1,1,1,0,0.0
EXP04723,Treatment,1,1,1,0,0.0
EXP04724,Treatment,0,0,0,0,0.0
EXP04725,Treatment,1,1,0,1,812.01
EXP04726,Treatment,1,1,0,1,865.84
EXP04727,Treatment,1,1,0,1,792.23
EXP04728,Control,0,0,0,0,0.0
EXP04729,Treatment,1,1,0,1,746.18
EXP04730,Control,1,1,1,0,0.0
EXP04731,Treatment,1,1,0,1,685.77
EXP04732,Treatment,0,0,0,0,0.0
EXP04733,Control,1,1,0,1,741.46
EXP04734,Treatment,1,1,0,1,573.21
EXP04735,Control,1,1,0,1,652.28
EXP04736,Treatment,1,1,0,1,693.84
EXP04737,Treatment,1,1,0,1,916.05
EXP04738,Treatment,1,1,0,1,637.09
EXP04739,Control,1,1,0,1,583.25
EXP04740,Treatment,1,1,0,1,872.11
EXP04741,Control,0,0,0,0,0.0
EXP04742,Treatment,1,1,0,1,1071.66
EXP04743,Control,1,1,0,1,1139.1
EXP04744,Control,1,1,0,1,671.65
EXP04745,Control,1,1,0,1,580.88
EXP04746,Treatment,0,0,0,0,0.0
EXP04747,Treatment,1,1,0,1,446.67
EXP04748,Control,1,1,1,0,0.0
EXP04749,Control,1,1,0,1,786.42
EXP04750,Control,1,1,0,1,577.22
EXP04751,Treatment,1,1,0,1,1280.26
EXP04752,Control,1,1,0,1,829.24
EXP04753,Treatment,1,1,1,0,0.0
EXP04754,Control,1,1,1,0,0.0
EXP04755,Control,1,1,0,1,745.0
EXP04756,Treatment,1,1,0,1,692.03
EXP04757,Control,1,1,0,1,856.32
EXP04758,Treatment,1,1,0,1,482.65
EXP04759,Control,1,1,0,1,1080.23
EXP04760,Treatment,1,1,1,0,0.0
EXP04761,Treatment,1,1,0,1,999.76
EXP04762,Treatment,1,1,0,1,501.99
EXP04763,Control,1,1,0,1,689.45
EXP04764,Control,1,1,0,1,911.8
EXP04765,Control,0,0,0,0,0.0
EXP04766,Treatment,1,1,0,1,873.34
EXP04767,Control,1,1,0,1,795.86
EXP04768,Treatment,0,0,0,0,0.0
EXP04769,Treatment,0,0,0,0,0.0
EXP04770,Control,1,1,0,1,791.82
EXP04771,Treatment,1,1,0,1,1288.17
EXP04772,Treatment,1,1,1,0,0.0
EXP04773,Treatment,1,1,0,1,710.89
EXP04774,Treatment,1,1,0,1,852.95
EXP04775,Treatment,1,0,0,0,0.0
EXP04776,Control,0,0,0,0,0.0
EXP04777,Control,1,1,1,0,0.0
EXP04778,Treatment,0,0,0,0,0.0
EXP04779,Treatment,0,0,0,0,0.0
EXP04780,Treatment,1,1,0,1,624.05
EXP04781,Control,0,0,0,0,0.0
EXP04782,Control,1,1,0,1,1032.19
EXP04783,Control,1,1,0,1,607.88
EXP04784,Control,1,1,0,1,575.75
EXP04785,Treatment,0,0,0,0,0.0
EXP04786,Control,1,1,0,1,1245.0
EXP04787,Control,0,0,0,0,0.0
EXP04788,Treatment,1,1,0,1,908.08
EXP04789,Treatment,1,1,0,1,558.97
EXP04790,Control,1,1,0,1,632.71
EXP04791,Treatment,0,0,0,0,0.0
EXP04792,Treatment,1,1,0,1,1016.09
EXP04793,Control,1,1,0,1,575.86
EXP04794,Control,1,1,0,1,631.79
EXP04795,Control,1,1,0,1,954.16
EXP04796,Treatment,1,1,0,1,937.22
EXP04797,Treatment,0,0,0,0,0.0
EXP04798,Control,1,1,0,1,1054.39
EXP04799,Control,1,1,0,1,616.21
EXP04800,Treatment,1,1,0,1,684.81
EXP04801,Control,0,0,0,0,0.0
EXP04802,Control,1,1,0,1,804.99
EXP04803,Control,1,1,0,1,787.72
EXP04804,Treatment,1,1,0,1,675.78
EXP04805,Treatment,0,0,0,0,0.0
EXP04806,Treatment,1,1,0,1,356.51
EXP04807,Control,1,1,0,1,975.91
EXP04808,Control,0,0,0,0,0.0
EXP04809,Treatment,1,1,0,1,1033.73
EXP04810,Treatment,1,1,0,1,746.72
EXP04811,Treatment,1,1,0,1,1131.89
EXP04812,Treatment,1,1,0,1,1251.1
EXP04813,Treatment,0,0,0,0,0.0
EXP04814,Control,1,1,0,1,845.07
EXP04815,Control,1,1,1,0,0.0
EXP04816,Control,1,1,0,1,579.31
EXP04817,Control,1,1,0,1,944.09
EXP04818,Control,1,1,0,1,736.1
EXP04819,Control,1,1,0,1,980.05
EXP04820,Control,0,0,0,0,0.0
EXP04821,Control,0,0,0,0,0.0
EXP04822,Treatment,1,1,0,1,646.5
EXP04823,Control,1,1,0,1,701.76
EXP04824,Treatment,1,1,0,1,836.1
EXP04825,Treatment,1,1,0,1,784.6
EXP04826,Treatment,1,1,0,1,1151.82
EXP04827,Treatment,1,1,0,1,622.23
EXP04828,Treatment,1,1,0,1,419.9
EXP04829,Control,1,1,0,1,702.76
EXP04830,Treatment,1,1,0,1,495.6
EXP04831,Control,1,1,0,1,1553.14
EXP04832,Control,1,1,0,1,1342.91
EXP04833,Control,1,1,0,1,886.86
EXP04834,Control,0,0,0,0,0.0
EXP04835,Control,1,1,0,1,415.14
EXP04836,Treatment,0,0,0,0,0.0
EXP04837,Control,1,1,0,1,489.89
EXP04838,Control,1,1,0,1,422.62
EXP04839,Control,1,0,0,0,0.0
EXP04840,Control,1,1,0,1,1141.43
EXP04841,Control,1,1,0,1,704.28
EXP04842,Treatment,1,1,0,1,989.71
EXP04843,Treatment,0,0,0,0,0.0
EXP04844,Control,0,0,0,0,0.0
EXP04845,Treatment,1,1,0,1,510.66
EXP04846,Control,0,0,0,0,0.0
EXP04847,Treatment,1,1,0,1,729.4
EXP04848,Treatment,0,0,0,0,0.0
EXP04849,Control,1,1,0,1,612.38
EXP04850,Control,0,0,0,0,0.0
EXP04851,Control,1,1,0,1,760.23
EXP04852,Treatment,0,0,0,0,0.0
EXP04853,Treatment,1,1,0,1,1220.08
EXP04854,Treatment,1,1,0,1,728.39
EXP04855,Control,1,1,0,1,1153.52
EXP04856,Control,1,1,0,1,1005.06
EXP04857,Treatment,0,0,0,0,0.0
EXP04858,Treatment,1,1,0,1,1130.05
EXP04859,Treatment,1,1,0,1,1159.33
EXP04860,Treatment,1,1,1,0,0.0
EXP04861,Treatment,1,1,0,1,1021.2
EXP04862,Control,1,1,0,1,684.55
EXP04863,Treatment,1,1,0,1,1231.92
EXP04864,Treatment,1,1,0,1,661.77
EXP04865,Treatment,1,1,0,1,736.41
EXP04866,Control,1,1,0,1,602.46
EXP04867,Treatment,1,1,0,1,1211.25
EXP04868,Control,0,0,0,0,0.0
EXP04869,Treatment,1,1,0,1,763.98
EXP04870,Treatment,1,1,0,1,530.76
EXP04871,Treatment,1,1,0,1,398.98
EXP04872,Control,1,1,0,1,701.8
EXP04873,Control,0,0,0,0,0.0
EXP04874,Control,1,1,0,1,797.03
EXP04875,Treatment,1,1,0,1,658.84
EXP04876,Treatment,0,0,0,0,0.0
EXP04877,Treatment,1,1,1,0,0.0
EXP04878,Control,1,1,0,1,910.66
EXP04879,Control,1,1,0,1,782.36
EXP04880,Control,0,0,0,0,0.0
EXP04881,Treatment,1,1,0,1,645.9
EXP04882,Treatment,1,1,0,1,412.66
EXP04883,Control,1,1,0,1,1072.31
EXP04884,Treatment,1,0,0,0,0.0
EXP04885,Control,1,1,0,1,719.66
EXP04886,Control,1,1,0,1,937.42
EXP04887,Control,0,0,0,0,0.0
EXP04888,Control,1,1,0,1,1140.0
EXP04889,Control,1,1,0,1,1198.37
EXP04890,Treatment,1,1,0,1,837.4
EXP04891,Control,1,1,0,1,763.1
EXP04892,Control,1,1,0,1,423.65
EXP04893,Control,1,1,0,1,809.24
EXP04894,Control,0,0,0,0,0.0
EXP04895,Control,1,1,0,1,445.0
EXP04896,Treatment,1,1,1,0,0.0
EXP04897,Control,1,1,0,1,410.68
EXP04898,Treatment,0,0,0,0,0.0
EXP04899,Control,1,1,0,1,423.91
EXP04900,Treatment,1,1,0,1,1095.32
EXP04901,Treatment,1,1,1,0,0.0
EXP04902,Control,0,0,0,0,0.0
EXP04903,Control,0,0,0,0,0.0
EXP04904,Control,1,1,0,1,481.75
EXP04905,Treatment,0,0,0,0,0.0
EXP04906,Treatment,1,1,0,1,774.41
EXP04907,Treatment,0,0,0,0,0.0
EXP04908,Treatment,1,1,0,1,488.36
EXP04909,Treatment,0,0,0,0,0.0
EXP04910,Control,1,1,0,1,501.52
EXP04911,Treatment,1,1,0,1,713.49
EXP04912,Treatment,1,1,0,1,1086.06
EXP04913,Control,1,1,0,1,431.07
EXP04914,Treatment,0,0,0,0,0.0
EXP04915,Control,1,0,0,0,0.0
EXP04916,Treatment,1,1,0,1,795.34
EXP04917,Treatment,1,1,0,1,1036.29
EXP04918,Treatment,1,1,0,1,716.41
EXP04919,Treatment,1,1,1,0,0.0
EXP04920,Control,1,1,0,1,1086.98
EXP04921,Control,1,1,0,1,1119.41
EXP04922,Treatment,1,0,0,0,0.0
EXP04923,Treatment,0,0,0,0,0.0
EXP04924,Control,1,1,0,1,767.08
EXP04925,Treatment,1,1,0,1,1024.74
EXP04926,Control,0,0,0,0,0.0
EXP04927,Treatment,0,0,0,0,0.0
EXP04928,Control,1,1,0,1,964.7
EXP04929,Control,0,0,0,0,0.0
EXP04930,Control,1,1,0,1,811.73
EXP04931,Treatment,0,0,0,0,0.0
EXP04932,Treatment,0,0,0,0,0.0
EXP04933,Treatment,1,1,0,1,892.15
EXP04934,Treatment,1,1,0,1,1051.78
EXP04935,Control,0,0,0,0,0.0
EXP04936,Control,1,1,1,0,0.0
EXP04937,Control,0,0,0,0,0.0
EXP04938,Treatment,1,1,1,0,0.0
EXP04939,Treatment,1,1,0,1,777.83
EXP04940,Treatment,1,1,0,1,675.19
EXP04941,Control,0,0,0,0,0.0
EXP04942,Control,1,1,0,1,389.17
EXP04943,Treatment,1,1,0,1,843.21
EXP04944,Control,1,1,0,1,2300.0
EXP04945,Treatment,1,1,0,1,433.04
EXP04946,Treatment,1,1,0,1,692.37
EXP04947,Control,1,1,0,1,765.53
EXP04948,Treatment,0,0,0,0,0.0
EXP04949,Control,1,1,0,1,706.06
EXP04950,Treatment,0,0,0,0,0.0
EXP04951,Control,0,0,0,0,0.0
EXP04952,Control,1,1,0,1,987.41
EXP04953,Treatment,1,1,0,1,594.27
EXP04954,Control,1,1,0,1,850.27
EXP04955,Treatment,1,1,0,1,821.86
EXP04956,Control,1,1,0,1,605.86
EXP04957,Control,1,1,0,1,445.96
EXP04958,Control,1,1,0,1,695.36
EXP04959,Treatment,1,1,0,1,1029.72
EXP04960,Treatment,1,1,0,1,736.65
EXP04961,Treatment,1,0,0,0,0.0
EXP04962,Treatment,1,1,0,1,996.81
EXP04963,Control,1,1,0,1,1236.68
EXP04964,Treatment,1,1,0,1,787.87
EXP04965,Treatment,1,1,0,1,811.42
EXP04966,Control,1,1,0,1,1294.16
EXP04967,Control,1,1,0,1,1076.92
EXP04968,Treatment,0,0,0,0,0.0
EXP04969,Treatment,1,1,0,1,712.32
EXP04970,Treatment,1,1,0,1,1026.55
EXP04971,Control,1,1,0,1,1032.88
EXP04972,Treatment,1,1,0,1,1393.52
EXP04973,Treatment,1,1,0,1,691.26
EXP04974,Treatment,1,1,1,0,0.0
EXP04975,Treatment,1,1,0,1,938.17
EXP04976,Control,0,0,0,0,0.0
EXP04977,Control,1,1,0,1,865.44
EXP04978,Treatment,0,0,0,0,0.0
EXP04979,Control,1,1,0,1,393.29
EXP04980,Control,1,1,0,1,876.16
EXP04981,Control,1,1,1,0,0.0
EXP04982,Treatment,1,1,1,0,0.0
EXP04983,Treatment,1,1,0,1,660.94
EXP04984,Control,0,0,0,0,0.0
EXP04985,Treatment,1,1,0,1,357.72
EXP04986,Control,1,1,0,1,963.05
EXP04987,Treatment,1,0,0,0,0.0
EXP04988,Control,1,1,0,1,801.62
EXP04989,Control,0,0,0,0,0.0
EXP04990,Control,0,0,0,0,0.0
EXP04991,Treatment,1,1,0,1,566.66
EXP04992,Treatment,1,1,0,1,515.82
EXP04993,Treatment,1,1,0,1,1106.87
EXP04994,Treatment,1,1,0,1,918.81
EXP04995,Treatment,1,1,0,1,515.52
EXP04996,Control,1,1,0,1,675.25
EXP04997,Control,1,0,0,0,0.0
EXP04998,Control,1,1,0,1,1409.65
EXP04999,Control,0,0,0,0,0.0
EXP05000,Treatment,1,1,0,1,419.15
EXP05001,Treatment,0,0,0,0,0.0
EXP05002,Treatment,1,1,0,1,1347.38
EXP05003,Treatment,1,1,0,1,435.59
EXP05004,Control,0,0,0,0,0.0
EXP05005,Control,1,1,0,1,1103.23
EXP05006,Control,1,1,0,1,614.3
EXP05007,Control,1,1,0,1,834.49
EXP05008,Treatment,1,1,0,1,727.66
EXP05009,Control,1,1,0,1,855.37
EXP05010,Control,1,1,0,1,889.11
EXP05011,Treatment,1,1,0,1,559.16
EXP05012,Treatment,0,0,0,0,0.0
EXP05013,Control,1,1,0,1,811.01
EXP05014,Control,1,1,0,1,1160.43
EXP05015,Treatment,1,1,0,1,743.24
EXP05016,Control,0,0,0,0,0.0
EXP05017,Treatment,1,0,0,0,0.0
EXP05018,Treatment,1,1,0,1,771.12
EXP05019,Treatment,1,1,0,1,691.56
EXP05020,Treatment,1,1,0,1,425.44
EXP05021,Control,0,0,0,0,0.0
EXP05022,Treatment,1,1,0,1,758.23
EXP05023,Treatment,0,0,0,0,0.0
EXP05024,Treatment,0,0,0,0,0.0
EXP05025,Control,1,1,0,1,862.16
EXP05026,Control,1,1,0,1,1635.01
EXP05027,Treatment,0,0,0,0,0.0
EXP05028,Control,1,1,0,1,801.92
EXP05029,Control,0,0,0,0,0.0
EXP05030,Control,1,1,0,1,399.4
EXP05031,Control,0,0,0,0,0.0
EXP05032,Treatment,0,0,0,0,0.0
EXP05033,Treatment,1,1,0,1,1123.48
EXP05034,Control,1,1,0,1,542.8
EXP05035,Control,1,1,0,1,694.85
EXP05036,Treatment,0,0,0,0,0.0
EXP05037,Control,0,0,0,0,0.0
EXP05038,Treatment,1,1,0,1,1521.9
EXP05039,Control,0,0,0,0,0.0
EXP05040,Control,1,1,0,1,991.27
EXP05041,Treatment,0,0,0,0,0.0
EXP05042,Treatment,1,1,1,0,0.0
EXP05043,Control,0,0,0,0,0.0
EXP05044,Control,1,1,0,1,578.66
EXP05045,Control,1,1,0,1,787.22
EXP05046,Treatment,1,1,0,1,442.2
EXP05047,Control,1,1,0,1,488.46
EXP05048,Control,1,1,0,1,334.96
EXP05049,Control,1,1,0,1,606.23
EXP05050,Control,1,0,0,0,0.0
EXP05051,Treatment,1,1,0,1,574.8
EXP05052,Control,0,0,0,0,0.0
EXP05053,Treatment,0,0,0,0,0.0
EXP05054,Control,1,0,0,0,0.0
EXP05055,Control,1,1,0,1,674.15
EXP05056,Treatment,1,1,0,1,746.71
EXP05057,Treatment,1,1,0,1,628.4
EXP05058,Control,0,0,0,0,0.0
EXP05059,Treatment,1,0,0,0,0.0
EXP05060,Control,0,0,0,0,0.0
EXP05061,Control,1,1,0,1,547.35
EXP05062,Treatment,1,1,0,1,860.23
EXP05063,Treatment,1,1,0,1,707.43
EXP05064,Control,1,1,1,0,0.0
EXP05065,Treatment,1,1,0,1,445.58
EXP05066,Control,1,1,0,1,569.09
EXP05067,Control,0,0,0,0,0.0
EXP05068,Treatment,1,1,0,1,579.86
EXP05069,Control,1,1,0,1,556.19
EXP05070,Control,1,1,0,1,1248.46
EXP05071,Control,1,1,0,1,890.32
EXP05072,Control,1,1,0,1,615.86
EXP05073,Treatment,1,1,1,0,0.0
EXP05074,Control,1,1,0,1,405.59
EXP05075,Control,1,1,1,0,0.0
EXP05076,Treatment,1,0,0,0,0.0
EXP05077,Control,1,1,0,1,1080.65
EXP05078,Control,1,0,0,0,0.0
EXP05079,Treatment,1,1,1,0,0.0
EXP05080,Treatment,1,1,0,1,557.83
EXP05081,Control,1,1,0,1,660.05
EXP05082,Treatment,1,1,0,1,596.08
EXP05083,Control,0,0,0,0,0.0
EXP05084,Control,1,1,0,1,915.28
EXP05085,Control,1,1,0,1,518.02
EXP05086,Treatment,1,1,0,1,861.26
EXP05087,Treatment,1,1,0,1,558.44
EXP05088,Treatment,1,1,0,1,849.49
EXP05089,Control,1,1,0,1,1102.36
EXP05090,Treatment,1,1,0,1,1101.33
EXP05091,Control,1,1,0,1,699.67
EXP05092,Treatment,0,0,0,0,0.0
EXP05093,Treatment,1,1,1,0,0.0
EXP05094,Treatment,0,0,0,0,0.0
EXP05095,Treatment,1,1,1,0,0.0
EXP05096,Treatment,1,1,0,1,569.77
EXP05097,Treatment,1,1,0,1,586.16
EXP05098,Control,1,1,0,1,410.06
EXP05099,Control,1,1,0,1,898.67
EXP05100,Treatment,1,1,0,1,513.25
EXP05101,Treatment,1,1,0,1,1627.38
EXP05102,Control,1,1,0,1,791.92
EXP05103,Treatment,1,1,0,1,367.08
EXP05104,Treatment,1,0,0,0,0.0
EXP05105,Treatment,1,1,0,1,829.81
EXP05106,Treatment,1,1,1,0,0.0
EXP05107,Treatment,1,1,0,1,752.19
EXP05108,Treatment,1,0,0,0,0.0
EXP05109,Control,1,0,0,0,0.0
EXP05110,Treatment,1,1,0,1,1210.12
EXP05111,Control,1,1,0,1,529.97
EXP05112,Treatment,1,0,0,0,0.0
EXP05113,Control,1,1,0,1,920.81
EXP05114,Treatment,1,1,0,1,1079.5
EXP05115,Treatment,0,0,0,0,0.0
EXP05116,Control,1,1,0,1,642.94
EXP05117,Control,1,1,0,1,552.72
EXP05118,Treatment,1,1,0,1,624.15
EXP05119,Treatment,1,1,0,1,1157.52
EXP05120,Treatment,1,1,0,1,667.18
EXP05121,Treatment,1,1,0,1,844.37
EXP05122,Treatment,1,1,0,1,771.09
EXP05123,Treatment,0,0,0,0,0.0
EXP05124,Treatment,1,1,0,1,1002.88
EXP05125,Treatment,1,1,0,1,644.24
EXP05126,Treatment,1,1,0,1,691.02
EXP05127,Treatment,1,1,0,1,1101.14
EXP05128,Treatment,1,1,0,1,685.14
EXP05129,Control,1,1,0,1,640.71
EXP05130,Control,0,0,0,0,0.0
EXP05131,Control,1,1,0,1,408.79
EXP05132,Control,0,0,0,0,0.0
EXP05133,Treatment,1,0,0,0,0.0
EXP05134,Treatment,1,1,0,1,993.38
EXP05135,Control,1,1,0,1,1290.78
EXP05136,Control,1,1,0,1,842.94
EXP05137,Treatment,1,1,1,0,0.0
EXP05138,Treatment,1,1,0,1,677.01
EXP05139,Treatment,0,0,0,0,0.0
EXP05140,Control,1,1,0,1,881.61
EXP05141,Treatment,1,0,0,0,0.0
EXP05142,Treatment,1,1,0,1,939.87
EXP05143,Treatment,1,1,0,1,686.04
EXP05144,Control,1,1,0,1,1030.29
EXP05145,Treatment,1,0,0,0,0.0
EXP05146,Treatment,0,0,0,0,0.0
EXP05147,Control,1,1,0,1,1252.62
EXP05148,Treatment,0,0,0,0,0.0
EXP05149,Treatment,1,1,0,1,659.32
EXP05150,Control,0,0,0,0,0.0
EXP05151,Treatment,1,1,0,1,679.48
EXP05152,Treatment,0,0,0,0,0.0
EXP05153,Treatment,1,1,1,0,0.0
EXP05154,Control,1,1,1,0,0.0
EXP05155,Treatment,1,1,0,1,1023.3
EXP05156,Treatment,1,1,0,1,789.47
EXP05157,Control,1,1,0,1,513.21
EXP05158,Treatment,1,1,0,1,1017.53
EXP05159,Control,1,1,0,1,931.27
EXP05160,Control,1,0,0,0,0.0
EXP05161,Treatment,1,1,0,1,490.29
EXP05162,Treatment,1,0,0,0,0.0
EXP05163,Control,1,1,0,1,543.45
EXP05164,Treatment,1,1,0,1,442.93
EXP05165,Treatment,1,1,0,1,490.62
EXP05166,Control,1,1,0,1,961.37
EXP05167,Control,1,1,0,1,996.83
EXP05168,Treatment,1,1,0,1,893.42
EXP05169,Control,1,1,0,1,1007.27
EXP05170,Control,0,0,0,0,0.0
EXP05171,Control,0,0,0,0,0.0
EXP05172,Treatment,1,1,1,0,0.0
EXP05173,Control,1,1,0,1,1579.69
EXP05174,Treatment,1,1,0,1,573.22
EXP05175,Treatment,1,1,0,1,942.09
EXP05176,Treatment,1,0,0,0,0.0
EXP05177,Treatment,1,1,0,1,776.07
EXP05178,Control,1,1,1,0,0.0
EXP05179,Treatment,1,1,0,1,994.21
EXP05180,Control,0,0,0,0,0.0
EXP05181,Control,1,1,0,1,681.3
EXP05182,Treatment,0,0,0,0,0.0
EXP05183,Control,1,1,0,1,1130.36
EXP05184,Treatment,1,1,0,1,228.7
EXP05185,Treatment,1,1,1,0,0.0
EXP05186,Control,1,1,0,1,1158.92
EXP05187,Control,1,1,0,1,754.29
EXP05188,Control,1,1,1,0,0.0
EXP05189,Control,1,1,0,1,862.88
EXP05190,Control,1,1,0,1,765.66
EXP05191,Control,1,1,0,1,1070.86
EXP05192,Control,1,1,0,1,651.01
EXP05193,Control,1,1,0,1,813.42
EXP05194,Treatment,1,1,0,1,493.57
EXP05195,Control,0,0,0,0,0.0
EXP05196,Treatment,0,0,0,0,0.0
EXP05197,Control,1,1,0,1,1580.74
EXP05198,Treatment,0,0,0,0,0.0
EXP05199,Control,1,1,0,1,594.86
EXP05200,Treatment,1,1,0,1,524.22
EXP05201,Control,0,0,0,0,0.0
EXP05202,Treatment,1,1,0,1,861.36
EXP05203,Control,0,0,0,0,0.0
EXP05204,Control,1,1,0,1,565.38
EXP05205,Treatment,1,1,0,1,814.35
EXP05206,Treatment,1,1,0,1,414.34
EXP05207,Treatment,1,0,0,0,0.0
EXP05208,Treatment,1,1,0,1,503.23
EXP05209,Control,1,1,0,1,971.08
EXP05210,Treatment,1,1,0,1,898.87
EXP05211,Control,1,1,1,0,0.0
EXP05212,Control,0,0,0,0,0.0
EXP05213,Control,0,0,0,0,0.0
EXP05214,Treatment,1,1,1,0,0.0
EXP05215,Treatment,1,1,0,1,773.05
EXP05216,Control,1,1,0,1,526.55
EXP05217,Treatment,1,1,0,1,782.4
EXP05218,Control,1,1,0,1,602.15
EXP05219,Control,1,1,0,1,706.03
EXP05220,Control,1,1,0,1,633.1
EXP05221,Treatment,1,1,0,1,615.15
EXP05222,Control,1,1,0,1,853.47
EXP05223,Treatment,1,1,0,1,1018.73
EXP05224,Treatment,1,1,0,1,646.26
EXP05225,Treatment,1,1,1,0,0.0
EXP05226,Treatment,1,1,0,1,770.53
EXP05227,Control,1,1,0,1,1014.51
EXP05228,Control,0,0,0,0,0.0
EXP05229,Control,1,1,0,1,791.34
EXP05230,Treatment,1,1,1,0,0.0
EXP05231,Control,0,0,0,0,0.0
EXP05232,Treatment,1,1,0,1,435.62
EXP05233,Control,0,0,0,0,0.0
EXP05234,Control,1,1,0,1,963.18
EXP05235,Control,0,0,0,0,0.0
EXP05236,Treatment,0,0,0,0,0.0
EXP05237,Treatment,0,0,0,0,0.0
EXP05238,Treatment,1,1,0,1,2003.84
EXP05239,Control,1,1,0,1,840.82
EXP05240,Treatment,1,1,0,1,1094.48
EXP05241,Treatment,1,1,0,1,884.68
EXP05242,Treatment,1,1,0,1,1303.49
EXP05243,Control,1,1,0,1,612.83
EXP05244,Treatment,1,1,1,0,0.0
EXP05245,Control,1,1,0,1,523.2
EXP05246,Control,1,1,0,1,944.76
EXP05247,Treatment,1,1,0,1,713.34
EXP05248,Control,0,0,0,0,0.0
EXP05249,Control,1,1,0,1,859.35
EXP05250,Treatment,1,1,0,1,558.77
EXP05251,Control,1,1,0,1,699.02
EXP05252,Control,1,1,0,1,666.64
EXP05253,Control,1,1,0,1,669.49
EXP05254,Control,1,1,0,1,774.77
EXP05255,Control,0,0,0,0,0.0
EXP05256,Control,0,0,0,0,0.0
EXP05257,Control,1,1,0,1,811.47
EXP05258,Control,1,1,0,1,980.55
EXP05259,Control,1,1,0,1,583.26
EXP05260,Treatment,1,1,0,1,415.74
EXP05261,Control,1,1,0,1,1979.21
EXP05262,Control,0,0,0,0,0.0
EXP05263,Treatment,0,0,0,0,0.0
EXP05264,Treatment,0,0,0,0,0.0
EXP05265,Treatment,0,0,0,0,0.0
EXP05266,Control,1,1,0,1,1356.29
EXP05267,Control,0,0,0,0,0.0
EXP05268,Control,1,1,0,1,1126.33
EXP05269,Control,1,1,0,1,1244.31
EXP05270,Control,1,1,0,1,384.72
EXP05271,Control,1,1,0,1,1157.03
EXP05272,Control,1,1,1,0,0.0
EXP05273,Control,1,1,0,1,350.1
EXP05274,Control,0,0,0,0,0.0
EXP05275,Treatment,0,0,0,0,0.0
EXP05276,Control,0,0,0,0,0.0
EXP05277,Treatment,1,1,0,1,1033.96
EXP05278,Treatment,0,0,0,0,0.0
EXP05279,Treatment,1,1,0,1,522.46
EXP05280,Treatment,1,1,0,1,671.31
EXP05281,Control,1,1,0,1,1157.64
EXP05282,Control,1,1,0,1,1567.95
EXP05283,Control,1,1,1,0,0.0
EXP05284,Control,0,0,0,0,0.0
EXP05285,Treatment,1,1,0,1,997.62
EXP05286,Treatment,1,1,0,1,1433.77
EXP05287,Treatment,1,1,0,1,619.15
EXP05288,Treatment,0,0,0,0,0.0
EXP05289,Control,0,0,0,0,0.0
EXP05290,Control,1,1,0,1,767.03
EXP05291,Treatment,0,0,0,0,0.0
EXP05292,Control,1,1,0,1,803.0
EXP05293,Treatment,0,0,0,0,0.0
EXP05294,Control,1,1,0,1,432.69
EXP05295,Treatment,1,1,0,1,574.73
EXP05296,Treatment,1,1,0,1,674.62
EXP05297,Control,1,1,0,1,758.29
EXP05298,Treatment,1,1,0,1,791.23
EXP05299,Treatment,0,0,0,0,0.0
EXP05300,Control,1,1,0,1,889.88
EXP05301,Treatment,0,0,0,0,0.0
EXP05302,Treatment,1,1,0,1,1078.08
EXP05303,Treatment,1,0,0,0,0.0
EXP05304,Control,1,1,0,1,977.14
EXP05305,Treatment,1,1,0,1,1099.83
EXP05306,Treatment,1,1,0,1,932.31
EXP05307,Treatment,0,0,0,0,0.0
EXP05308,Treatment,1,1,0,1,633.29
EXP05309,Treatment,1,1,0,1,596.08
EXP05310,Treatment,0,0,0,0,0.0
EXP05311,Treatment,1,1,0,1,1375.4
EXP05312,Control,1,1,0,1,638.06
EXP05313,Treatment,1,1,0,1,1362.44
EXP05314,Control,0,0,0,0,0.0
EXP05315,Control,1,1,1,0,0.0
EXP05316,Control,1,1,1,0,0.0
EXP05317,Treatment,1,1,0,1,582.72
EXP05318,Control,0,0,0,0,0.0
EXP05319,Treatment,1,1,0,1,933.89
EXP05320,Control,1,1,0,1,442.96
EXP05321,Treatment,1,1,0,1,815.84
EXP05322,Control,1,1,0,1,861.41
EXP05323,Control,1,1,0,1,755.68
EXP05324,Treatment,0,0,0,0,0.0
EXP05325,Control,1,1,0,1,879.92
EXP05326,Treatment,1,1,0,1,527.45
EXP05327,Treatment,1,1,0,1,880.18
EXP05328,Control,1,1,0,1,1588.3
EXP05329,Control,0,0,0,0,0.0
EXP05330,Control,1,1,0,1,661.83
EXP05331,Control,0,0,0,0,0.0
EXP05332,Control,1,1,0,1,750.46
EXP05333,Treatment,1,1,0,1,543.16
EXP05334,Treatment,0,0,0,0,0.0
EXP05335,Control,0,0,0,0,0.0
EXP05336,Treatment,1,1,0,1,647.89
EXP05337,Treatment,1,1,0,1,867.72
EXP05338,Treatment,1,1,0,1,580.42
EXP05339,Control,1,1,0,1,687.19
EXP05340,Treatment,1,1,0,1,1022.73
EXP05341,Treatment,1,1,0,1,788.92
EXP05342,Control,0,0,0,0,0.0
EXP05343,Control,0,0,0,0,0.0
EXP05344,Treatment,1,0,0,0,0.0
EXP05345,Treatment,1,1,0,1,558.74
EXP05346,Control,1,0,0,0,0.0
EXP05347,Treatment,1,1,0,1,719.64
EXP05348,Treatment,1,1,0,1,1207.5
EXP05349,Treatment,0,0,0,0,0.0
EXP05350,Treatment,1,1,0,1,722.8
EXP05351,Control,1,1,1,0,0.0
EXP05352,Control,1,0,0,0,0.0
EXP05353,Control,1,1,0,1,518.93
EXP05354,Control,0,0,0,0,0.0
EXP05355,Control,0,0,0,0,0.0
EXP05356,Control,1,1,0,1,643.76
EXP05357,Treatment,1,1,0,1,672.4
EXP05358,Control,1,1,0,1,723.52
EXP05359,Treatment,1,1,0,1,648.2
EXP05360,Treatment,0,0,0,0,0.0
EXP05361,Control,0,0,0,0,0.0
EXP05362,Treatment,0,0,0,0,0.0
EXP05363,Control,1,1,0,1,735.99
EXP05364,Treatment,1,1,0,1,372.96
EXP05365,Treatment,1,1,0,1,531.32
EXP05366,Treatment,1,1,0,1,683.61
EXP05367,Control,1,1,0,1,1058.25
EXP05368,Control,1,1,0,1,565.12
EXP05369,Treatment,0,0,0,0,0.0
EXP05370,Treatment,1,1,0,1,531.61
EXP05371,Control,0,0,0,0,0.0
EXP05372,Control,1,1,0,1,484.39
EXP05373,Control,1,1,0,1,652.13
EXP05374,Treatment,1,1,0,1,490.96
EXP05375,Control,1,1,0,1,552.02
EXP05376,Treatment,0,0,0,0,0.0
EXP05377,Treatment,0,0,0,0,0.0
EXP05378,Control,1,1,1,0,0.0
EXP05379,Treatment,1,1,0,1,1078.55
EXP05380,Treatment,1,1,0,1,983.81
EXP05381,Treatment,1,1,1,0,0.0
EXP05382,Control,0,0,0,0,0.0
EXP05383,Treatment,0,0,0,0,0.0
EXP05384,Control,1,1,0,1,550.22
EXP05385,Control,1,1,0,1,813.06
EXP05386,Control,1,1,0,1,553.2
EXP05387,Treatment,1,1,0,1,621.59
EXP05388,Control,0,0,0,0,0.0
EXP05389,Treatment,1,1,0,1,703.33
EXP05390,Control,1,1,0,1,584.36
EXP05391,Treatment,1,1,0,1,506.07
EXP05392,Control,1,1,0,1,1036.37
EXP05393,Treatment,0,0,0,0,0.0
EXP05394,Control,1,1,0,1,1279.02
EXP05395,Control,1,1,1,0,0.0
EXP05396,Treatment,0,0,0,0,0.0
EXP05397,Treatment,1,1,0,1,1064.3
EXP05398,Treatment,1,1,0,1,717.11
EXP05399,Control,1,1,0,1,756.98
EXP05400,Control,1,1,0,1,691.23
EXP05401,Control,1,1,0,1,903.95
EXP05402,Treatment,1,1,0,1,672.21
EXP05403,Control,1,1,0,1,506.62
EXP05404,Control,1,1,0,1,677.8
EXP05405,Treatment,1,1,0,1,897.62
EXP05406,Control,0,0,0,0,0.0
EXP05407,Control,1,0,0,0,0.0
EXP05408,Control,1,1,0,1,914.76
EXP05409,Control,1,1,0,1,452.64
EXP05410,Treatment,1,1,0,1,1451.82
EXP05411,Control,1,1,0,1,741.78
EXP05412,Control,1,1,0,1,696.86
EXP05413,Control,1,1,0,1,805.2
EXP05414,Control,1,1,0,1,680.2
EXP05415,Control,1,1,0,1,445.39
EXP05416,Treatment,1,1,1,0,0.0
EXP05417,Control,1,0,0,0,0.0
EXP05418,Control,1,1,0,1,777.98
EXP05419,Treatment,1,1,0,1,983.79
EXP05420,Control,1,0,0,0,0.0
EXP05421,Treatment,1,1,0,1,678.86
EXP05422,Control,0,0,0,0,0.0
EXP05423,Control,1,1,0,1,570.32
EXP05424,Treatment,1,1,1,0,0.0
EXP05425,Treatment,0,0,0,0,0.0
EXP05426,Control,0,0,0,0,0.0
EXP05427,Control,1,1,0,1,632.89
EXP05428,Control,1,1,0,1,1671.03
EXP05429,Control,1,1,1,0,0.0
EXP05430,Treatment,0,0,0,0,0.0
EXP05431,Control,0,0,0,0,0.0
EXP05432,Control,0,0,0,0,0.0
EXP05433,Treatment,0,0,0,0,0.0
EXP05434,Control,1,1,0,1,579.57
EXP05435,Control,1,1,0,1,364.83
EXP05436,Control,0,0,0,0,0.0
EXP05437,Treatment,1,1,1,0,0.0
EXP05438,Control,1,1,0,1,1184.89
EXP05439,Treatment,1,1,0,1,359.24
EXP05440,Control,1,1,0,1,837.69
EXP05441,Control,1,1,0,1,594.87
EXP05442,Treatment,0,0,0,0,0.0
EXP05443,Treatment,1,1,0,1,620.8
EXP05444,Treatment,0,0,0,0,0.0
EXP05445,Control,1,1,0,1,1051.21
EXP05446,Control,1,1,0,1,940.24
EXP05447,Treatment,1,1,0,1,925.45
EXP05448,Control,1,1,1,0,0.0
EXP05449,Control,0,0,0,0,0.0
EXP05450,Treatment,1,1,0,1,1091.35
EXP05451,Control,1,1,0,1,778.31
EXP05452,Control,0,0,0,0,0.0
EXP05453,Control,1,1,0,1,725.76
EXP05454,Treatment,1,1,1,0,0.0
EXP05455,Treatment,1,1,1,0,0.0
EXP05456,Control,1,1,0,1,685.73
EXP05457,Control,0,0,0,0,0.0
EXP05458,Treatment,1,1,0,1,799.46
EXP05459,Control,1,1,0,1,1066.76
EXP05460,Treatment,1,1,0,1,651.21
EXP05461,Treatment,1,0,0,0,0.0
EXP05462,Treatment,1,1,0,1,810.43
EXP05463,Control,1,1,0,1,920.01
EXP05464,Treatment,1,1,0,1,1009.13
EXP05465,Control,1,1,0,1,698.88
EXP05466,Treatment,1,1,0,1,833.58
EXP05467,Treatment,1,1,0,1,965.88
EXP05468,Treatment,1,1,0,1,685.25
EXP05469,Control,0,0,0,0,0.0
EXP05470,Treatment,1,1,0,1,748.67
EXP05471,Control,1,1,0,1,716.64
EXP05472,Treatment,1,1,1,0,0.0
EXP05473,Treatment,0,0,0,0,0.0
EXP05474,Control,1,1,0,1,519.13
EXP05475,Control,1,1,0,1,795.2
EXP05476,Treatment,1,1,1,0,0.0
EXP05477,Treatment,1,1,0,1,1000.64
EXP05478,Treatment,0,0,0,0,0.0
EXP05479,Control,1,1,0,1,772.73
EXP05480,Treatment,1,0,0,0,0.0
EXP05481,Control,1,1,1,0,0.0
EXP05482,Control,0,0,0,0,0.0
EXP05483,Control,0,0,0,0,0.0
EXP05484,Treatment,1,1,0,1,723.1
EXP05485,Control,1,1,0,1,645.68
EXP05486,Control,0,0,0,0,0.0
EXP05487,Treatment,0,0,0,0,0.0
EXP05488,Control,1,1,1,0,0.0
EXP05489,Treatment,0,0,0,0,0.0
EXP05490,Control,0,0,0,0,0.0
EXP05491,Control,0,0,0,0,0.0
EXP05492,Treatment,1,1,0,1,845.59
EXP05493,Control,1,1,0,1,798.64
EXP05494,Control,1,1,0,1,590.52
EXP05495,Treatment,1,1,0,1,1002.51
EXP05496,Control,0,0,0,0,0.0
EXP05497,Control,1,1,0,1,889.02
EXP05498,Treatment,1,1,0,1,706.24
EXP05499,Control,1,1,0,1,1193.12
EXP05500,Treatment,0,0,0,0,0.0
EXP05501,Control,1,0,0,0,0.0
EXP05502,Treatment,1,1,0,1,402.73
EXP05503,Treatment,1,1,0,1,1078.17
EXP05504,Control,1,1,0,1,677.56
EXP05505,Treatment,1,1,0,1,1186.79
EXP05506,Treatment,1,1,1,0,0.0
EXP05507,Treatment,1,0,0,0,0.0
EXP05508,Treatment,1,1,0,1,873.9
EXP05509,Control,1,1,0,1,825.47
EXP05510,Treatment,1,1,0,1,673.05
EXP05511,Control,1,1,1,0,0.0
EXP05512,Treatment,1,1,0,1,1096.33
EXP05513,Treatment,0,0,0,0,0.0
EXP05514,Control,1,1,1,0,0.0
EXP05515,Control,1,1,0,1,978.09
EXP05516,Treatment,1,1,0,1,625.25
EXP05517,Control,0,0,0,0,0.0
EXP05518,Treatment,1,1,0,1,633.52
EXP05519,Control,1,1,0,1,876.86
EXP05520,Treatment,1,1,0,1,709.73
EXP05521,Control,0,0,0,0,0.0
EXP05522,Control,1,1,0,1,1027.18
EXP05523,Control,1,1,0,1,755.54
EXP05524,Treatment,1,1,0,1,668.99
EXP05525,Treatment,1,1,0,1,756.19
EXP05526,Treatment,1,1,0,1,1034.86
EXP05527,Control,1,1,0,1,932.18
EXP05528,Treatment,1,1,0,1,772.7
EXP05529,Treatment,1,1,0,1,942.59
EXP05530,Treatment,0,0,0,0,0.0
EXP05531,Control,0,0,0,0,0.0
EXP05532,Treatment,1,1,0,1,563.59
EXP05533,Control,1,1,1,0,0.0
EXP05534,Treatment,1,1,0,1,571.85
EXP05535,Control,1,1,0,1,789.65
EXP05536,Treatment,1,1,0,1,580.47
EXP05537,Treatment,1,1,0,1,678.94
EXP05538,Treatment,1,1,0,1,631.74
EXP05539,Treatment,1,1,0,1,760.36
EXP05540,Control,1,1,0,1,1031.85
EXP05541,Treatment,0,0,0,0,0.0
EXP05542,Control,1,1,0,1,588.43
EXP05543,Control,1,1,0,1,678.85
EXP05544,Control,1,1,0,1,1173.23
EXP05545,Control,0,0,0,0,0.0
EXP05546,Treatment,1,1,0,1,742.37
EXP05547,Control,1,1,0,1,759.55
EXP05548,Control,0,0,0,0,0.0
EXP05549,Control,0,0,0,0,0.0
EXP05550,Control,1,1,0,1,704.85
EXP05551,Treatment,0,0,0,0,0.0
EXP05552,Control,0,0,0,0,0.0
EXP05553,Treatment,1,1,0,1,801.68
EXP05554,Treatment,1,1,0,1,637.75
EXP05555,Control,0,0,0,0,0.0
EXP05556,Treatment,1,0,0,0,0.0
EXP05557,Control,1,1,1,0,0.0
EXP05558,Control,1,1,0,1,467.3
EXP05559,Control,1,1,0,1,962.8
EXP05560,Control,1,1,0,1,542.34
EXP05561,Control,1,1,0,1,571.0
EXP05562,Control,1,1,0,1,556.46
EXP05563,Treatment,0,0,0,0,0.0
EXP05564,Control,1,1,0,1,583.89
EXP05565,Control,1,1,0,1,658.3
EXP05566,Treatment,1,0,0,0,0.0
EXP05567,Treatment,0,0,0,0,0.0
EXP05568,Treatment,1,1,0,1,848.82
EXP05569,Control,0,0,0,0,0.0
EXP05570,Control,0,0,0,0,0.0
EXP05571,Treatment,0,0,0,0,0.0
EXP05572,Control,0,0,0,0,0.0
EXP05573,Control,0,0,0,0,0.0
EXP05574,Treatment,1,1,0,1,533.17
EXP05575,Control,1,1,0,1,653.51
EXP05576,Control,1,1,0,1,670.17
EXP05577,Control,1,1,1,0,0.0
EXP05578,Treatment,1,1,0,1,543.95
EXP05579,Treatment,1,1,0,1,788.59
EXP05580,Treatment,1,1,0,1,831.6
EXP05581,Treatment,1,1,0,1,905.22
EXP05582,Control,0,0,0,0,0.0
EXP05583,Treatment,1,1,0,1,401.68
EXP05584,Control,1,1,0,1,420.08
EXP05585,Treatment,1,1,0,1,350.94
EXP05586,Treatment,1,1,0,1,567.24
EXP05587,Treatment,1,1,0,1,577.53
EXP05588,Treatment,1,1,0,1,1167.11
EXP05589,Control,0,0,0,0,0.0
EXP05590,Control,0,0,0,0,0.0
EXP05591,Control,1,1,0,1,1370.26
EXP05592,Control,1,1,0,1,524.52
EXP05593,Treatment,0,0,0,0,0.0
EXP05594,Treatment,1,1,0,1,1402.96
EXP05595,Control,0,0,0,0,0.0
EXP05596,Control,1,1,0,1,495.04
EXP05597,Control,1,1,1,0,0.0
EXP05598,Control,1,1,0,1,549.2
EXP05599,Treatment,0,0,0,0,0.0
EXP05600,Treatment,1,1,0,1,1451.02
EXP05601,Control,0,0,0,0,0.0
EXP05602,Control,1,1,0,1,624.57
EXP05603,Control,1,1,0,1,650.68
EXP05604,Control,1,1,1,0,0.0
EXP05605,Control,0,0,0,0,0.0
EXP05606,Treatment,1,1,0,1,642.71
EXP05607,Control,1,1,0,1,985.82
EXP05608,Treatment,1,1,0,1,710.2
EXP05609,Control,1,1,0,1,1176.04
EXP05610,Control,1,1,0,1,359.33
EXP05611,Control,1,1,0,1,978.66
EXP05612,Treatment,1,1,0,1,556.02
EXP05613,Treatment,1,1,0,1,750.76
EXP05614,Treatment,1,1,0,1,483.05
EXP05615,Control,1,1,0,1,487.47
EXP05616,Treatment,1,1,0,1,604.59
EXP05617,Control,1,1,0,1,451.54
EXP05618,Treatment,1,0,0,0,0.0
EXP05619,Control,1,1,0,1,661.12
EXP05620,Treatment,0,0,0,0,0.0
EXP05621,Control,0,0,0,0,0.0
EXP05622,Control,1,1,0,1,1024.44
EXP05623,Treatment,1,1,0,1,775.36
EXP05624,Treatment,1,1,1,0,0.0
EXP05625,Control,1,1,0,1,736.09
EXP05626,Treatment,1,1,0,1,470.61
EXP05627,Treatment,1,1,0,1,559.32
EXP05628,Treatment,1,1,1,0,0.0
EXP05629,Control,1,1,0,1,1006.22
EXP05630,Control,1,1,0,1,349.03
EXP05631,Control,1,1,0,1,817.6
EXP05632,Control,1,1,1,0,0.0
EXP05633,Control,0,0,0,0,0.0
EXP05634,Control,1,1,0,1,1257.09
EXP05635,Treatment,1,0,0,0,0.0
EXP05636,Control,1,1,1,0,0.0
EXP05637,Treatment,1,1,0,1,1220.0
EXP05638,Treatment,1,1,0,1,560.74
EXP05639,Treatment,1,1,0,1,605.41
EXP05640,Treatment,1,1,0,1,753.6
EXP05641,Control,0,0,0,0,0.0
EXP05642,Control,0,0,0,0,0.0
EXP05643,Treatment,0,0,0,0,0.0
EXP05644,Treatment,1,1,0,1,1070.51
EXP05645,Treatment,1,1,0,1,655.94
EXP05646,Treatment,0,0,0,0,0.0
EXP05647,Control,1,1,0,1,795.13
EXP05648,Treatment,1,1,1,0,0.0
EXP05649,Control,1,1,0,1,875.23
EXP05650,Control,1,1,0,1,998.59
EXP05651,Control,0,0,0,0,0.0
EXP05652,Control,1,1,0,1,539.09
EXP05653,Treatment,1,1,0,1,704.73
EXP05654,Control,1,1,0,1,716.46
EXP05655,Treatment,1,1,0,1,467.13
EXP05656,Control,0,0,0,0,0.0
EXP05657,Control,1,1,0,1,999.94
EXP05658,Control,1,1,0,1,553.44
EXP05659,Treatment,1,1,0,1,475.99
EXP05660,Control,1,1,0,1,653.2
EXP05661,Treatment,0,0,0,0,0.0
EXP05662,Control,1,1,0,1,622.95
EXP05663,Control,1,0,0,0,0.0
EXP05664,Control,1,1,0,1,1077.43
EXP05665,Control,0,0,0,0,0.0
EXP05666,Control,0,0,0,0,0.0
EXP05667,Treatment,1,1,0,1,734.51
EXP05668,Treatment,1,1,0,1,716.66
EXP05669,Treatment,1,1,1,0,0.0
EXP05670,Control,1,1,0,1,906.07
EXP05671,Treatment,1,1,0,1,756.71
EXP05672,Control,1,1,0,1,938.37
EXP05673,Treatment,0,0,0,0,0.0
EXP05674,Treatment,1,1,0,1,451.26
EXP05675,Treatment,0,0,0,0,0.0
EXP05676,Treatment,1,1,0,1,684.39
EXP05677,Control,1,0,0,0,0.0
EXP05678,Control,1,1,0,1,717.21
EXP05679,Control,1,1,0,1,925.68
EXP05680,Treatment,0,0,0,0,0.0
EXP05681,Control,1,1,0,1,494.66
EXP05682,Control,0,0,0,0,0.0
EXP05683,Control,0,0,0,0,0.0
EXP05684,Treatment,1,1,0,1,557.91
EXP05685,Control,0,0,0,0,0.0
EXP05686,Treatment,1,1,1,0,0.0
EXP05687,Control,1,1,0,1,609.93
EXP05688,Treatment,0,0,0,0,0.0
EXP05689,Control,1,1,0,1,806.25
EXP05690,Control,0,0,0,0,0.0
EXP05691,Control,1,1,0,1,1300.01
EXP05692,Treatment,1,1,1,0,0.0
EXP05693,Treatment,1,1,0,1,1380.74
EXP05694,Treatment,1,1,0,1,392.9
EXP05695,Treatment,0,0,0,0,0.0
EXP05696,Control,1,1,0,1,804.1
EXP05697,Treatment,1,1,0,1,448.75
EXP05698,Treatment,1,1,0,1,1154.52
EXP05699,Control,1,1,0,1,545.79
EXP05700,Control,1,1,0,1,765.93
EXP05701,Control,0,0,0,0,0.0
EXP05702,Control,1,1,0,1,699.42
EXP05703,Treatment,1,1,0,1,889.06
EXP05704,Control,1,1,1,0,0.0
EXP05705,Treatment,1,1,0,1,1028.11
EXP05706,Treatment,1,1,0,1,1101.76
EXP05707,Treatment,1,1,0,1,1307.77
EXP05708,Control,0,0,0,0,0.0
EXP05709,Control,1,1,0,1,717.82
EXP05710,Control,1,1,0,1,555.6
EXP05711,Treatment,1,1,0,1,634.34
EXP05712,Control,1,1,0,1,889.87
EXP05713,Control,1,1,0,1,768.29
EXP05714,Control,1,1,0,1,1342.0
EXP05715,Control,1,1,0,1,587.97
EXP05716,Control,0,0,0,0,0.0
EXP05717,Treatment,1,1,0,1,1177.09
EXP05718,Treatment,1,1,0,1,750.94
EXP05719,Treatment,1,0,0,0,0.0
EXP05720,Treatment,0,0,0,0,0.0
EXP05721,Treatment,1,1,1,0,0.0
EXP05722,Treatment,1,1,0,1,1158.8
EXP05723,Control,1,1,1,0,0.0
EXP05724,Treatment,1,1,0,1,612.64
EXP05725,Control,1,1,0,1,815.48
EXP05726,Treatment,1,1,0,1,1004.75
EXP05727,Control,1,0,0,0,0.0
EXP05728,Treatment,1,1,0,1,620.19
EXP05729,Control,0,0,0,0,0.0
EXP05730,Control,0,0,0,0,0.0
EXP05731,Control,1,1,0,1,452.94
EXP05732,Treatment,1,1,0,1,822.59
EXP05733,Treatment,1,1,1,0,0.0
EXP05734,Control,1,0,0,0,0.0
EXP05735,Treatment,0,0,0,0,0.0
EXP05736,Treatment,1,1,0,1,752.31
EXP05737,Control,1,1,0,1,1205.15
EXP05738,Control,0,0,0,0,0.0
EXP05739,Treatment,0,0,0,0,0.0
EXP05740,Control,1,1,0,1,945.65
EXP05741,Treatment,1,1,0,1,568.12
EXP05742,Treatment,1,1,1,0,0.0
EXP05743,Control,1,1,0,1,826.51
EXP05744,Control,1,1,0,1,807.67
EXP05745,Treatment,1,1,1,0,0.0
EXP05746,Control,1,1,0,1,871.76
EXP05747,Treatment,1,1,1,0,0.0
EXP05748,Control,1,1,0,1,1407.92
EXP05749,Control,0,0,0,0,0.0
EXP05750,Treatment,1,1,0,1,775.39
EXP05751,Treatment,1,1,0,1,598.86
EXP05752,Treatment,1,1,0,1,1013.83
EXP05753,Control,0,0,0,0,0.0
EXP05754,Treatment,1,1,0,1,573.22
EXP05755,Control,1,1,0,1,1320.85
EXP05756,Control,0,0,0,0,0.0
EXP05757,Treatment,1,1,1,0,0.0
EXP05758,Treatment,1,1,0,1,1568.46
EXP05759,Treatment,1,1,0,1,672.92
EXP05760,Control,1,1,0,1,1015.92
EXP05761,Treatment,1,1,0,1,665.31
EXP05762,Treatment,1,0,0,0,0.0
EXP05763,Control,0,0,0,0,0.0
EXP05764,Control,1,1,1,0,0.0
EXP05765,Control,1,1,0,1,500.62
EXP05766,Control,1,1,0,1,1301.34
EXP05767,Treatment,0,0,0,0,0.0
EXP05768,Control,1,1,0,1,961.98
EXP05769,Treatment,1,1,0,1,506.23
EXP05770,Treatment,1,1,0,1,577.68
EXP05771,Control,1,1,0,1,520.76
EXP05772,Treatment,1,1,0,1,617.85
EXP05773,Treatment,1,1,0,1,779.91
EXP05774,Treatment,1,1,0,1,555.41
EXP05775,Control,1,1,0,1,1715.5
EXP05776,Control,1,1,0,1,648.0
EXP05777,Treatment,1,1,0,1,1058.71
EXP05778,Control,0,0,0,0,0.0
EXP05779,Treatment,1,1,0,1,1086.25
EXP05780,Control,1,1,1,0,0.0
EXP05781,Control,1,1,0,1,623.2
EXP05782,Control,1,0,0,0,0.0
EXP05783,Control,1,1,0,1,482.05
EXP05784,Treatment,1,1,0,1,687.12
EXP05785,Treatment,0,0,0,0,0.0
EXP05786,Control,0,0,0,0,0.0
EXP05787,Control,1,1,0,1,513.43
EXP05788,Control,1,1,0,1,803.3
EXP05789,Control,1,1,0,1,560.88
EXP05790,Control,1,1,0,1,539.25
EXP05791,Control,1,1,1,0,0.0
EXP05792,Treatment,1,1,0,1,597.18
EXP05793,Treatment,1,1,0,1,1136.17
EXP05794,Treatment,1,1,0,1,558.22
EXP05795,Treatment,1,0,0,0,0.0
EXP05796,Treatment,1,1,0,1,1022.11
EXP05797,Treatment,1,1,0,1,608.85
EXP05798,Control,1,1,0,1,580.15
EXP05799,Control,1,1,0,1,790.59
EXP05800,Treatment,1,1,0,1,918.92
EXP05801,Treatment,1,1,0,1,546.71
EXP05802,Control,1,1,0,1,627.83
EXP05803,Control,1,1,0,1,890.85
EXP05804,Control,1,1,0,1,774.95
EXP05805,Control,1,1,0,1,902.99
EXP05806,Treatment,1,1,0,1,722.54
EXP05807,Treatment,1,1,0,1,499.78
EXP05808,Control,1,1,0,1,859.7
EXP05809,Control,1,1,0,1,605.26
EXP05810,Control,1,1,0,1,990.15
EXP05811,Treatment,1,0,0,0,0.0
EXP05812,Treatment,1,1,0,1,574.53
EXP05813,Control,1,1,0,1,662.97
EXP05814,Control,1,1,1,0,0.0
EXP05815,Control,1,1,0,1,584.53
EXP05816,Treatment,1,1,0,1,1464.4
EXP05817,Control,1,1,0,1,706.04
EXP05818,Treatment,1,1,0,1,927.24
EXP05819,Control,1,1,1,0,0.0
EXP05820,Control,0,0,0,0,0.0
EXP05821,Treatment,1,0,0,0,0.0
EXP05822,Control,1,1,0,1,652.36
EXP05823,Control,1,1,0,1,729.89
EXP05824,Control,1,1,0,1,469.57
EXP05825,Control,1,1,0,1,1093.01
EXP05826,Treatment,1,1,0,1,859.39
EXP05827,Treatment,0,0,0,0,0.0
EXP05828,Control,1,1,0,1,802.69
EXP05829,Control,1,1,1,0,0.0
EXP05830,Control,1,1,0,1,871.21
EXP05831,Treatment,1,1,0,1,1198.74
EXP05832,Control,1,1,0,1,622.76
EXP05833,Control,1,1,0,1,1098.53
EXP05834,Control,1,1,0,1,845.11
EXP05835,Treatment,0,0,0,0,0.0
EXP05836,Treatment,1,1,0,1,821.69
EXP05837,Treatment,1,1,0,1,514.26
EXP05838,Treatment,1,1,0,1,865.43
EXP05839,Treatment,1,1,1,0,0.0
EXP05840,Control,1,1,0,1,1224.9
EXP05841,Treatment,1,1,0,1,874.28
EXP05842,Treatment,1,1,0,1,662.85
EXP05843,Control,1,1,0,1,582.0
EXP05844,Control,1,1,0,1,487.57
EXP05845,Treatment,1,1,1,0,0.0
EXP05846,Control,1,1,0,1,2197.35
EXP05847,Control,1,1,0,1,431.28
EXP05848,Control,1,1,0,1,713.98
EXP05849,Treatment,0,0,0,0,0.0
EXP05850,Control,1,1,0,1,933.81
EXP05851,Treatment,1,1,0,1,939.05
EXP05852,Control,1,1,0,1,636.99
EXP05853,Treatment,1,1,0,1,1519.09
EXP05854,Control,1,1,0,1,1527.33
EXP05855,Treatment,0,0,0,0,0.0
EXP05856,Control,0,0,0,0,0.0
EXP05857,Treatment,1,1,0,1,652.1
EXP05858,Control,1,1,0,1,923.72
EXP05859,Control,0,0,0,0,0.0
EXP05860,Treatment,1,1,0,1,1240.49
EXP05861,Treatment,1,1,0,1,492.03
EXP05862,Treatment,1,1,1,0,0.0
EXP05863,Treatment,1,1,1,0,0.0
EXP05864,Treatment,1,1,0,1,919.52
EXP05865,Treatment,1,1,0,1,978.53
EXP05866,Control,1,1,0,1,293.6
EXP05867,Treatment,1,1,0,1,611.19
EXP05868,Treatment,1,1,0,1,798.28
EXP05869,Control,1,1,0,1,696.94
EXP05870,Control,1,1,0,1,784.09
EXP05871,Control,1,1,0,1,714.6
EXP05872,Treatment,1,1,0,1,1179.81
EXP05873,Control,1,1,0,1,593.55
EXP05874,Control,1,1,0,1,1320.31
EXP05875,Treatment,1,1,1,0,0.0
EXP05876,Control,1,1,1,0,0.0
EXP05877,Control,1,1,0,1,904.63
EXP05878,Control,1,1,0,1,902.39
EXP05879,Control,1,1,0,1,1086.46
EXP05880,Treatment,1,1,0,1,744.44
EXP05881,Control,1,1,0,1,463.6
EXP05882,Control,0,0,0,0,0.0
EXP05883,Control,1,1,0,1,944.71
EXP05884,Control,1,1,0,1,767.68
EXP05885,Control,1,1,0,1,628.4
EXP05886,Control,1,1,0,1,1122.93
EXP05887,Treatment,1,1,0,1,884.73
EXP05888,Treatment,1,1,0,1,959.94
EXP05889,Treatment,1,1,0,1,625.57
EXP05890,Treatment,1,1,0,1,1230.01
EXP05891,Treatment,1,1,0,1,1106.67
EXP05892,Control,1,1,0,1,586.31
EXP05893,Control,1,1,0,1,492.52
EXP05894,Control,1,1,0,1,885.73
EXP05895,Control,1,1,0,1,1049.55
EXP05896,Control,1,1,0,1,876.38
EXP05897,Control,1,1,0,1,680.58
EXP05898,Treatment,1,1,0,1,866.04
EXP05899,Control,1,1,0,1,765.62
EXP05900,Treatment,0,0,0,0,0.0
EXP05901,Control,1,1,0,1,1066.38
EXP05902,Control,1,1,0,1,456.51
EXP05903,Control,1,1,0,1,552.19
EXP05904,Control,1,1,0,1,1230.18
EXP05905,Treatment,1,1,0,1,626.9
EXP05906,Treatment,1,1,0,1,510.79
EXP05907,Treatment,0,0,0,0,0.0
EXP05908,Control,1,1,0,1,893.2
EXP05909,Treatment,1,1,0,1,784.28
EXP05910,Control,1,1,0,1,956.86
EXP05911,Treatment,1,0,0,0,0.0
EXP05912,Control,1,1,0,1,968.52
EXP05913,Treatment,1,1,0,1,615.26
EXP05914,Treatment,1,1,0,1,1128.57
EXP05915,Control,1,1,0,1,1096.51
EXP05916,Control,1,1,1,0,0.0
EXP05917,Control,1,1,0,1,1462.89
EXP05918,Treatment,1,1,0,1,618.8
EXP05919,Control,1,1,0,1,472.72
EXP05920,Control,1,1,0,1,821.99
EXP05921,Control,0,0,0,0,0.0
EXP05922,Treatment,1,1,0,1,827.67
EXP05923,Control,0,0,0,0,0.0
EXP05924,Control,1,1,0,1,789.7
EXP05925,Control,1,1,0,1,1130.49
EXP05926,Treatment,1,0,0,0,0.0
EXP05927,Treatment,1,1,0,1,525.28
EXP05928,Control,1,1,0,1,224.57
EXP05929,Control,0,0,0,0,0.0
EXP05930,Treatment,1,1,0,1,969.48
EXP05931,Control,1,1,0,1,604.58
EXP05932,Treatment,0,0,0,0,0.0
EXP05933,Treatment,0,0,0,0,0.0
EXP05934,Control,1,1,0,1,708.97
EXP05935,Treatment,0,0,0,0,0.0
EXP05936,Control,0,0,0,0,0.0
EXP05937,Control,1,1,0,1,763.28
EXP05938,Treatment,1,1,0,1,784.43
EXP05939,Control,1,1,0,1,807.15
EXP05940,Control,1,1,0,1,458.38
EXP05941,Control,1,1,0,1,739.86
EXP05942,Control,1,1,0,1,602.8
EXP05943,Control,1,1,0,1,759.56
EXP05944,Treatment,1,1,1,0,0.0
EXP05945,Control,1,1,0,1,1076.41
EXP05946,Treatment,1,1,0,1,706.12
EXP05947,Control,1,1,0,1,813.84
EXP05948,Treatment,1,1,0,1,888.28
EXP05949,Control,1,1,0,1,583.6
EXP05950,Control,1,1,0,1,501.08
EXP05951,Treatment,1,1,0,1,766.97
EXP05952,Treatment,0,0,0,0,0.0
EXP05953,Treatment,1,1,0,1,645.97
EXP05954,Control,0,0,0,0,0.0
EXP05955,Treatment,1,1,0,1,526.96
EXP05956,Control,1,1,0,1,681.84
EXP05957,Treatment,0,0,0,0,0.0
EXP05958,Treatment,0,0,0,0,0.0
EXP05959,Control,1,1,0,1,616.87
EXP05960,Control,1,1,0,1,1181.58
EXP05961,Treatment,0,0,0,0,0.0
EXP05962,Control,1,1,1,0,0.0
EXP05963,Treatment,1,1,0,1,754.36
EXP05964,Control,1,1,1,0,0.0
EXP05965,Control,1,1,0,1,1072.5
EXP05966,Treatment,0,0,0,0,0.0
EXP05967,Control,1,1,0,1,691.36
EXP05968,Treatment,0,0,0,0,0.0
EXP05969,Treatment,1,0,0,0,0.0
EXP05970,Treatment,1,1,0,1,487.49
EXP05971,Control,1,1,0,1,1352.06
EXP05972,Treatment,1,1,0,1,893.11
EXP05973,Treatment,1,1,0,1,1156.39
EXP05974,Control,1,1,0,1,831.44
EXP05975,Treatment,1,1,0,1,523.14
EXP05976,Treatment,1,1,0,1,564.61
EXP05977,Treatment,1,1,0,1,1232.47
EXP05978,Control,1,1,1,0,0.0
EXP05979,Treatment,1,1,0,1,438.03
EXP05980,Control,1,1,0,1,811.7
EXP05981,Control,0,0,0,0,0.0
EXP05982,Treatment,1,1,0,1,1028.31
EXP05983,Control,1,1,0,1,746.87
EXP05984,Treatment,0,0,0,0,0.0
EXP05985,Treatment,1,1,1,0,0.0
EXP05986,Treatment,1,1,0,1,798.06
EXP05987,Control,1,1,0,1,1010.72
EXP05988,Treatment,1,0,0,0,0.0
EXP05989,Control,1,1,0,1,729.67
EXP05990,Control,0,0,0,0,0.0
EXP05991,Control,1,1,0,1,555.63
EXP05992,Control,1,1,1,0,0.0
EXP05993,Treatment,1,1,0,1,721.91
EXP05994,Control,1,1,0,1,589.1
EXP05995,Treatment,1,1,0,1,772.63
EXP05996,Control,1,1,0,1,835.76
EXP05997,Control,1,1,0,1,754.94
EXP05998,Treatment,1,1,0,1,590.86
EXP05999,Treatment,1,1,0,1,778.58
EXP06000,Control,1,1,0,1,1106.98
EXP06001,Control,1,1,0,1,602.57
EXP06002,Control,1,1,0,1,685.24
EXP06003,Treatment,1,1,0,1,833.88
EXP06004,Treatment,1,1,1,0,0.0
EXP06005,Control,1,1,0,1,836.27
EXP06006,Control,1,1,0,1,532.66
EXP06007,Treatment,1,1,0,1,492.5
EXP06008,Control,1,1,0,1,1141.28
EXP06009,Control,0,0,0,0,0.0
EXP06010,Control,1,1,0,1,950.43
EXP06011,Treatment,0,0,0,0,0.0
EXP06012,Control,1,1,0,1,1235.06
EXP06013,Control,1,1,0,1,725.81
EXP06014,Control,0,0,0,0,0.0
EXP06015,Control,1,1,1,0,0.0
EXP06016,Treatment,1,1,0,1,1255.7
EXP06017,Control,1,1,0,1,626.25
EXP06018,Treatment,0,0,0,0,0.0
EXP06019,Control,1,1,0,1,429.73
EXP06020,Control,0,0,0,0,0.0
EXP06021,Treatment,0,0,0,0,0.0
EXP06022,Treatment,1,1,0,1,984.74
EXP06023,Treatment,1,1,0,1,1282.88
EXP06024,Treatment,1,1,0,1,1348.78
EXP06025,Control,1,1,0,1,411.16
EXP06026,Control,1,1,0,1,400.49
EXP06027,Treatment,1,1,0,1,626.65
EXP06028,Control,1,1,1,0,0.0
EXP06029,Control,1,1,0,1,671.87
EXP06030,Treatment,1,1,0,1,1330.77
EXP06031,Treatment,1,1,0,1,718.12
EXP06032,Control,1,1,0,1,901.28
EXP06033,Treatment,1,1,0,1,821.9
EXP06034,Control,0,0,0,0,0.0
EXP06035,Treatment,1,1,0,1,714.12
EXP06036,Treatment,1,1,0,1,506.79
EXP06037,Treatment,1,1,0,1,646.4
EXP06038,Control,1,1,0,1,1079.91
EXP06039,Treatment,1,1,0,1,453.94
EXP06040,Control,1,1,0,1,695.42
EXP06041,Control,1,1,1,0,0.0
EXP06042,Control,1,1,0,1,613.27
EXP06043,Treatment,1,1,1,0,0.0
EXP06044,Treatment,0,0,0,0,0.0
EXP06045,Control,1,1,1,0,0.0
EXP06046,Control,1,1,0,1,904.01
EXP06047,Treatment,1,1,0,1,730.87
EXP06048,Treatment,1,1,0,1,1236.59
EXP06049,Treatment,0,0,0,0,0.0
EXP06050,Treatment,1,1,0,1,510.59
EXP06051,Control,1,1,0,1,1137.86
EXP06052,Treatment,1,0,0,0,0.0
EXP06053,Control,1,1,0,1,325.85
EXP06054,Treatment,0,0,0,0,0.0
EXP06055,Treatment,1,1,0,1,569.77
EXP06056,Treatment,1,1,0,1,1069.03
EXP06057,Treatment,1,1,0,1,661.08
EXP06058,Control,1,1,1,0,0.0
EXP06059,Treatment,0,0,0,0,0.0
EXP06060,Control,1,1,1,0,0.0
EXP06061,Treatment,1,1,0,1,523.9
EXP06062,Control,1,1,0,1,529.8
EXP06063,Treatment,1,1,0,1,826.02
EXP06064,Treatment,0,0,0,0,0.0
EXP06065,Control,1,1,0,1,846.01
EXP06066,Treatment,1,1,0,1,788.82
EXP06067,Treatment,1,1,0,1,492.72
EXP06068,Treatment,1,1,0,1,695.75
EXP06069,Control,0,0,0,0,0.0
EXP06070,Treatment,0,0,0,0,0.0
EXP06071,Control,1,1,0,1,1635.79
EXP06072,Treatment,1,1,0,1,602.22
EXP06073,Control,1,1,0,1,976.2
EXP06074,Control,1,1,0,1,753.53
EXP06075,Treatment,1,1,0,1,714.2
EXP06076,Treatment,1,1,0,1,637.82
EXP06077,Control,1,1,0,1,2202.2
EXP06078,Control,1,1,0,1,1005.89
EXP06079,Control,1,1,0,1,653.66
EXP06080,Control,1,1,0,1,999.0
EXP06081,Control,1,1,0,1,782.86
EXP06082,Treatment,0,0,0,0,0.0
EXP06083,Control,1,1,0,1,967.89
EXP06084,Treatment,1,1,0,1,1135.15
EXP06085,Control,1,1,0,1,782.55
EXP06086,Treatment,1,1,0,1,1046.76
EXP06087,Treatment,1,1,0,1,1118.9
EXP06088,Control,1,1,0,1,577.09
EXP06089,Treatment,1,1,0,1,296.86
EXP06090,Treatment,1,1,0,1,645.0
EXP06091,Treatment,0,0,0,0,0.0
EXP06092,Treatment,0,0,0,0,0.0
EXP06093,Treatment,1,1,0,1,633.27
EXP06094,Treatment,1,1,0,1,1063.28
EXP06095,Control,1,1,1,0,0.0
EXP06096,Control,1,0,0,0,0.0
EXP06097,Control,1,1,1,0,0.0
EXP06098,Treatment,1,0,0,0,0.0
EXP06099,Treatment,0,0,0,0,0.0
EXP06100,Treatment,1,1,0,1,681.28
EXP06101,Control,1,1,1,0,0.0
EXP06102,Control,0,0,0,0,0.0
EXP06103,Control,1,1,0,1,493.22
EXP06104,Control,1,1,1,0,0.0
EXP06105,Treatment,1,1,0,1,1002.57
EXP06106,Control,1,1,0,1,659.52
EXP06107,Control,0,0,0,0,0.0
EXP06108,Control,0,0,0,0,0.0
EXP06109,Control,1,1,0,1,922.27
EXP06110,Treatment,1,1,0,1,1235.2
EXP06111,Control,1,1,0,1,1068.92
EXP06112,Treatment,1,1,1,0,0.0
EXP06113,Treatment,1,1,0,1,1227.65
EXP06114,Treatment,1,1,0,1,911.4
EXP06115,Treatment,1,1,0,1,431.64
EXP06116,Treatment,1,1,1,0,0.0
EXP06117,Control,1,1,0,1,423.91
EXP06118,Control,0,0,0,0,0.0
EXP06119,Control,1,1,1,0,0.0
EXP06120,Treatment,1,1,0,1,422.89
EXP06121,Treatment,1,1,0,1,1315.3
EXP06122,Treatment,1,1,0,1,629.03
EXP06123,Control,1,1,0,1,728.75
EXP06124,Treatment,1,1,0,1,420.91
EXP06125,Control,1,1,1,0,0.0
EXP06126,Treatment,1,0,0,0,0.0
EXP06127,Control,1,1,0,1,980.02
EXP06128,Treatment,1,1,0,1,931.99
EXP06129,Treatment,1,1,1,0,0.0
EXP06130,Control,1,1,0,1,479.75
EXP06131,Control,1,1,0,1,678.85
EXP06132,Control,0,0,0,0,0.0
EXP06133,Treatment,1,1,0,1,1123.96
EXP06134,Control,1,1,0,1,1006.26
EXP06135,Treatment,1,0,0,0,0.0
EXP06136,Treatment,1,1,0,1,696.74
EXP06137,Control,1,0,0,0,0.0
EXP06138,Control,1,1,0,1,427.98
EXP06139,Control,1,1,0,1,770.42
EXP06140,Treatment,1,1,0,1,694.8
EXP06141,Treatment,1,1,0,1,604.7
EXP06142,Control,1,1,0,1,591.67
EXP06143,Treatment,1,1,0,1,964.16
EXP06144,Control,0,0,0,0,0.0
EXP06145,Treatment,1,1,0,1,624.36
EXP06146,Control,1,1,0,1,887.44
EXP06147,Treatment,1,1,0,1,1017.56
EXP06148,Control,0,0,0,0,0.0
EXP06149,Treatment,0,0,0,0,0.0
EXP06150,Control,0,0,0,0,0.0
EXP06151,Treatment,0,0,0,0,0.0
EXP06152,Control,0,0,0,0,0.0
EXP06153,Control,0,0,0,0,0.0
EXP06154,Treatment,1,1,0,1,520.28
EXP06155,Control,1,1,0,1,860.89
EXP06156,Control,1,1,0,1,599.18
EXP06157,Treatment,1,1,0,1,591.87
EXP06158,Control,1,1,0,1,1443.19
EXP06159,Control,1,1,0,1,692.38
EXP06160,Control,1,1,0,1,672.2
EXP06161,Treatment,1,1,0,1,1225.37
EXP06162,Treatment,1,1,0,1,1149.98
EXP06163,Treatment,1,1,0,1,606.64
EXP06164,Control,1,1,0,1,562.37
EXP06165,Control,1,1,0,1,748.53
EXP06166,Treatment,1,1,0,1,1104.64
EXP06167,Treatment,1,1,0,1,1085.66
EXP06168,Control,0,0,0,0,0.0
EXP06169,Treatment,1,1,0,1,573.81
EXP06170,Treatment,1,1,0,1,451.59
EXP06171,Treatment,1,1,0,1,1286.76
EXP06172,Treatment,1,1,0,1,643.5
EXP06173,Treatment,1,1,1,0,0.0
EXP06174,Treatment,1,1,1,0,0.0
EXP06175,Control,1,1,0,1,1219.47
EXP06176,Treatment,1,1,1,0,0.0
EXP06177,Control,0,0,0,0,0.0
EXP06178,Treatment,0,0,0,0,0.0
EXP06179,Control,1,1,0,1,964.3
EXP06180,Treatment,1,1,0,1,370.47
EXP06181,Treatment,0,0,0,0,0.0
EXP06182,Treatment,1,1,0,1,1048.46
EXP06183,Control,1,1,0,1,912.61
EXP06184,Treatment,0,0,0,0,0.0
EXP06185,Control,1,1,0,1,1061.77
EXP06186,Treatment,1,1,0,1,437.08
EXP06187,Treatment,1,1,0,1,975.18
EXP06188,Treatment,1,1,0,1,768.46
EXP06189,Treatment,1,1,0,1,1201.73
EXP06190,Treatment,1,1,0,1,1043.64
EXP06191,Treatment,0,0,0,0,0.0
EXP06192,Control,0,0,0,0,0.0
EXP06193,Treatment,1,1,0,1,574.97
EXP06194,Control,1,1,0,1,1084.72
EXP06195,Treatment,1,1,0,1,1004.49
EXP06196,Treatment,1,1,0,1,744.64
EXP06197,Control,0,0,0,0,0.0
EXP06198,Treatment,1,1,0,1,483.19
EXP06199,Control,0,0,0,0,0.0
EXP06200,Control,1,1,0,1,1337.96
EXP06201,Control,1,1,0,1,471.76
EXP06202,Control,1,1,0,1,865.52
EXP06203,Control,1,1,0,1,894.67
EXP06204,Treatment,1,1,1,0,0.0
EXP06205,Treatment,1,1,0,1,663.49
EXP06206,Treatment,1,1,0,1,892.94
EXP06207,Control,1,1,0,1,579.45
EXP06208,Control,1,1,0,1,843.2
EXP06209,Treatment,0,0,0,0,0.0
EXP06210,Treatment,1,1,0,1,364.11
EXP06211,Control,1,1,0,1,1158.76
EXP06212,Control,1,1,0,1,643.23
EXP06213,Treatment,1,1,1,0,0.0
EXP06214,Treatment,1,1,0,1,406.82
EXP06215,Treatment,0,0,0,0,0.0
EXP06216,Treatment,1,1,0,1,455.46
EXP06217,Treatment,0,0,0,0,0.0
EXP06218,Control,1,0,0,0,0.0
EXP06219,Treatment,1,1,0,1,1077.38
EXP06220,Control,1,1,0,1,692.09
EXP06221,Treatment,1,1,0,1,1370.79
EXP06222,Control,1,1,1,0,0.0
EXP06223,Control,0,0,0,0,0.0
EXP06224,Control,1,1,0,1,532.92
EXP06225,Control,1,1,1,0,0.0
EXP06226,Treatment,1,1,1,0,0.0
EXP06227,Treatment,1,1,0,1,1176.01
EXP06228,Treatment,1,1,0,1,558.16
EXP06229,Treatment,1,1,0,1,860.18
EXP06230,Control,1,1,0,1,1121.54
EXP06231,Control,1,1,0,1,975.33
EXP06232,Control,1,1,0,1,523.27
EXP06233,Control,1,1,0,1,673.02
EXP06234,Treatment,1,1,0,1,525.59
EXP06235,Control,1,1,0,1,495.35
EXP06236,Control,1,1,0,1,862.21
EXP06237,Treatment,1,1,0,1,840.01
EXP06238,Control,1,1,0,1,531.72
EXP06239,Control,1,1,0,1,783.44
EXP06240,Treatment,1,1,0,1,869.04
EXP06241,Control,1,1,0,1,668.85
EXP06242,Control,1,1,0,1,995.78
EXP06243,Control,1,1,0,1,505.87
EXP06244,Treatment,1,1,0,1,1072.35
EXP06245,Treatment,1,1,0,1,457.51
EXP06246,Treatment,1,1,0,1,477.25
EXP06247,Control,1,1,0,1,617.42
EXP06248,Treatment,1,1,0,1,1013.3
EXP06249,Treatment,1,1,0,1,997.13
EXP06250,Treatment,1,1,1,0,0.0
EXP06251,Control,0,0,0,0,0.0
EXP06252,Treatment,0,0,0,0,0.0
EXP06253,Treatment,1,1,0,1,738.97
EXP06254,Treatment,1,1,0,1,629.03
EXP06255,Control,1,1,0,1,1272.63
EXP06256,Treatment,1,1,0,1,713.45
EXP06257,Treatment,1,1,0,1,977.78
EXP06258,Treatment,0,0,0,0,0.0
EXP06259,Treatment,1,1,0,1,1208.49
EXP06260,Control,1,1,0,1,809.1
EXP06261,Control,1,1,0,1,685.68
EXP06262,Control,0,0,0,0,0.0
EXP06263,Treatment,0,0,0,0,0.0
EXP06264,Control,1,1,0,1,598.87
EXP06265,Treatment,0,0,0,0,0.0
EXP06266,Treatment,1,1,0,1,642.79
EXP06267,Treatment,1,1,1,0,0.0
EXP06268,Treatment,1,1,1,0,0.0
EXP06269,Control,0,0,0,0,0.0
EXP06270,Treatment,1,1,0,1,672.81
EXP06271,Treatment,1,1,0,1,821.98
EXP06272,Control,1,0,0,0,0.0
EXP06273,Control,1,1,0,1,939.8
EXP06274,Control,1,1,1,0,0.0
EXP06275,Treatment,1,1,1,0,0.0
EXP06276,Control,0,0,0,0,0.0
EXP06277,Treatment,1,1,0,1,756.89
EXP06278,Treatment,1,1,0,1,983.16
EXP06279,Treatment,1,1,0,1,886.67
EXP06280,Treatment,1,1,0,1,722.85
EXP06281,Treatment,1,1,0,1,356.86
EXP06282,Treatment,1,1,0,1,561.66
EXP06283,Treatment,0,0,0,0,0.0
EXP06284,Control,1,1,1,0,0.0
EXP06285,Control,1,1,1,0,0.0
EXP06286,Control,1,1,0,1,1387.95
EXP06287,Control,1,1,0,1,601.12
EXP06288,Control,1,1,0,1,634.74
EXP06289,Treatment,1,1,0,1,1325.0
EXP06290,Control,1,1,0,1,685.86
EXP06291,Treatment,1,1,0,1,825.06
EXP06292,Treatment,1,1,0,1,791.33
EXP06293,Control,1,1,0,1,566.98
EXP06294,Treatment,1,0,0,0,0.0
EXP06295,Control,1,1,0,1,980.27
EXP06296,Treatment,1,1,0,1,914.88
EXP06297,Control,1,1,0,1,625.86
EXP06298,Control,1,1,1,0,0.0
EXP06299,Control,1,1,0,1,578.27
EXP06300,Treatment,1,1,0,1,385.78
EXP06301,Control,1,1,0,1,534.04
EXP06302,Treatment,1,1,1,0,0.0
EXP06303,Treatment,1,0,0,0,0.0
EXP06304,Treatment,1,1,0,1,1102.78
EXP06305,Treatment,0,0,0,0,0.0
EXP06306,Treatment,0,0,0,0,0.0
EXP06307,Treatment,1,1,0,1,1854.04
EXP06308,Treatment,1,1,0,1,592.06
EXP06309,Control,1,1,0,1,729.42
EXP06310,Control,0,0,0,0,0.0
EXP06311,Control,1,1,0,1,966.28
EXP06312,Treatment,1,1,0,1,1231.22
EXP06313,Control,1,1,0,1,1196.4
EXP06314,Control,1,1,0,1,1270.36
EXP06315,Control,1,0,0,0,0.0
EXP06316,Control,0,0,0,0,0.0
EXP06317,Treatment,1,0,0,0,0.0
EXP06318,Treatment,1,1,0,1,788.15
EXP06319,Treatment,1,1,0,1,928.09
EXP06320,Treatment,1,1,0,1,405.49
EXP06321,Control,1,1,0,1,873.41
EXP06322,Treatment,1,1,1,0,0.0
EXP06323,Treatment,1,0,0,0,0.0
EXP06324,Control,1,1,0,1,603.55
EXP06325,Treatment,0,0,0,0,0.0
EXP06326,Control,1,1,0,1,440.23
EXP06327,Treatment,0,0,0,0,0.0
EXP06328,Treatment,0,0,0,0,0.0
EXP06329,Control,1,1,0,1,446.37
EXP06330,Treatment,1,1,0,1,731.15
EXP06331,Control,1,1,0,1,667.55
EXP06332,Treatment,1,1,0,1,536.32
EXP06333,Control,0,0,0,0,0.0
EXP06334,Control,0,0,0,0,0.0
EXP06335,Control,1,1,0,1,553.86
EXP06336,Treatment,1,1,0,1,973.66
EXP06337,Treatment,1,1,0,1,907.43
EXP06338,Control,1,0,0,0,0.0
EXP06339,Control,0,0,0,0,0.0
EXP06340,Treatment,1,0,0,0,0.0
EXP06341,Control,1,1,0,1,955.29
EXP06342,Treatment,1,1,0,1,1031.32
EXP06343,Control,1,1,0,1,673.77
EXP06344,Treatment,1,1,0,1,840.88
EXP06345,Control,1,1,0,1,1278.02
EXP06346,Control,1,1,0,1,1043.49
EXP06347,Control,1,1,0,1,534.98
EXP06348,Treatment,1,1,0,1,684.31
EXP06349,Control,1,1,0,1,1041.79
EXP06350,Treatment,1,1,0,1,1193.85
EXP06351,Control,1,1,0,1,678.48
EXP06352,Control,1,0,0,0,0.0
EXP06353,Control,1,1,0,1,1162.29
EXP06354,Control,1,1,0,1,873.23
EXP06355,Treatment,1,1,0,1,803.71
EXP06356,Control,1,1,0,1,1367.49
EXP06357,Control,1,1,0,1,915.86
EXP06358,Control,1,1,0,1,896.04
EXP06359,Treatment,1,1,0,1,1014.91
EXP06360,Control,1,1,0,1,620.29
EXP06361,Control,1,1,0,1,906.49
EXP06362,Treatment,1,0,0,0,0.0
EXP06363,Treatment,1,1,0,1,1035.93
EXP06364,Treatment,1,1,0,1,655.04
EXP06365,Treatment,1,1,1,0,0.0
EXP06366,Treatment,0,0,0,0,0.0
EXP06367,Control,1,1,0,1,601.32
EXP06368,Treatment,1,1,0,1,674.56
EXP06369,Treatment,0,0,0,0,0.0
EXP06370,Control,1,1,0,1,758.15
EXP06371,Treatment,1,1,0,1,781.84
EXP06372,Treatment,1,1,0,1,1391.42
EXP06373,Treatment,1,0,0,0,0.0
EXP06374,Treatment,1,1,0,1,469.02
EXP06375,Control,1,1,0,1,1220.75
EXP06376,Treatment,1,1,0,1,845.21
EXP06377,Treatment,1,1,0,1,624.88
EXP06378,Treatment,1,1,0,1,806.05
EXP06379,Control,1,1,0,1,533.08
EXP06380,Control,1,1,0,1,721.96
EXP06381,Treatment,1,1,0,1,1318.95
EXP06382,Control,1,1,0,1,739.9
EXP06383,Control,1,1,0,1,823.54
EXP06384,Treatment,1,1,0,1,1109.54
EXP06385,Treatment,1,1,0,1,756.16
EXP06386,Treatment,0,0,0,0,0.0
EXP06387,Treatment,1,1,0,1,484.42
EXP06388,Treatment,1,1,0,1,500.9
EXP06389,Treatment,1,1,0,1,965.73
EXP06390,Control,1,1,0,1,671.5
EXP06391,Treatment,1,1,0,1,547.08
EXP06392,Control,1,1,1,0,0.0
EXP06393,Treatment,1,1,0,1,860.53
EXP06394,Control,1,1,0,1,529.24
EXP06395,Control,0,0,0,0,0.0
EXP06396,Control,1,1,0,1,697.97
EXP06397,Control,1,1,0,1,562.17
EXP06398,Treatment,0,0,0,0,0.0
EXP06399,Treatment,1,1,0,1,1006.56
EXP06400,Control,1,1,0,1,505.65
EXP06401,Treatment,0,0,0,0,0.0
EXP06402,Control,0,0,0,0,0.0
EXP06403,Treatment,0,0,0,0,0.0
EXP06404,Control,1,1,0,1,1114.69
EXP06405,Treatment,1,1,0,1,531.3
EXP06406,Control,1,1,0,1,570.43
EXP06407,Treatment,1,1,0,1,752.61
EXP06408,Control,0,0,0,0,0.0
EXP06409,Control,1,1,0,1,674.04
EXP06410,Treatment,1,0,0,0,0.0
EXP06411,Control,0,0,0,0,0.0
EXP06412,Treatment,1,1,0,1,421.97
EXP06413,Treatment,1,1,0,1,734.98
EXP06414,Control,1,1,0,1,1130.81
EXP06415,Treatment,1,1,0,1,599.68
EXP06416,Treatment,1,1,0,1,604.96
EXP06417,Control,1,1,0,1,831.94
EXP06418,Treatment,1,1,0,1,777.16
EXP06419,Treatment,1,1,0,1,644.13
EXP06420,Treatment,1,1,0,1,553.12
EXP06421,Treatment,0,0,0,0,0.0
EXP06422,Control,1,1,0,1,827.19
EXP06423,Treatment,1,1,0,1,607.93
EXP06424,Control,0,0,0,0,0.0
EXP06425,Treatment,1,1,0,1,681.73
EXP06426,Control,1,1,0,1,799.14
EXP06427,Treatment,1,1,0,1,1099.57
EXP06428,Control,1,0,0,0,0.0
EXP06429,Control,1,1,0,1,706.22
EXP06430,Control,1,1,0,1,912.61
EXP06431,Treatment,0,0,0,0,0.0
EXP06432,Treatment,0,0,0,0,0.0
EXP06433,Treatment,1,1,0,1,918.96
EXP06434,Control,1,1,0,1,504.63
EXP06435,Treatment,0,0,0,0,0.0
EXP06436,Treatment,1,1,0,1,798.16
EXP06437,Treatment,0,0,0,0,0.0
EXP06438,Control,1,1,0,1,257.39
EXP06439,Treatment,0,0,0,0,0.0
EXP06440,Control,0,0,0,0,0.0
EXP06441,Treatment,1,1,0,1,694.02
EXP06442,Treatment,1,1,0,1,795.98
EXP06443,Control,1,1,1,0,0.0
EXP06444,Control,1,1,0,1,1055.21
EXP06445,Control,0,0,0,0,0.0
EXP06446,Treatment,1,1,0,1,519.5
EXP06447,Treatment,1,1,0,1,1267.77
EXP06448,Treatment,1,1,1,0,0.0
EXP06449,Treatment,1,1,0,1,261.14
EXP06450,Control,0,0,0,0,0.0
EXP06451,Control,1,1,0,1,1092.41
EXP06452,Treatment,1,0,0,0,0.0
EXP06453,Control,1,1,0,1,487.11
EXP06454,Treatment,1,1,0,1,926.85
EXP06455,Treatment,0,0,0,0,0.0
EXP06456,Treatment,1,1,0,1,1021.24
EXP06457,Treatment,1,1,0,1,1544.36
EXP06458,Treatment,1,1,0,1,709.51
EXP06459,Treatment,1,1,0,1,536.41
EXP06460,Control,1,1,0,1,507.26
EXP06461,Treatment,1,1,0,1,877.38
EXP06462,Control,0,0,0,0,0.0
EXP06463,Control,1,1,1,0,0.0
EXP06464,Treatment,1,1,0,1,602.79
EXP06465,Control,1,1,0,1,645.04
EXP06466,Control,1,1,0,1,676.93
EXP06467,Treatment,0,0,0,0,0.0
EXP06468,Treatment,1,1,0,1,976.4
EXP06469,Treatment,0,0,0,0,0.0
EXP06470,Control,1,1,0,1,528.62
EXP06471,Control,1,1,0,1,607.97
EXP06472,Control,1,1,0,1,871.05
EXP06473,Control,1,1,0,1,908.89
EXP06474,Control,1,1,0,1,520.17
EXP06475,Control,0,0,0,0,0.0
EXP06476,Treatment,1,1,0,1,563.01
EXP06477,Control,0,0,0,0,0.0
EXP06478,Control,0,0,0,0,0.0
EXP06479,Treatment,1,1,0,1,1173.26
EXP06480,Control,1,1,0,1,558.47
EXP06481,Treatment,1,1,0,1,775.27
EXP06482,Treatment,1,1,0,1,620.31
EXP06483,Treatment,1,1,1,0,0.0
EXP06484,Control,1,1,0,1,569.85
EXP06485,Treatment,1,1,0,1,804.39
EXP06486,Treatment,0,0,0,0,0.0
EXP06487,Treatment,1,1,0,1,1112.29
EXP06488,Control,1,1,0,1,760.98
EXP06489,Control,1,1,0,1,510.26
EXP06490,Treatment,1,1,0,1,1431.57
EXP06491,Treatment,0,0,0,0,0.0
EXP06492,Treatment,0,0,0,0,0.0
EXP06493,Control,1,1,0,1,711.68
EXP06494,Control,1,1,0,1,533.81
EXP06495,Treatment,1,1,0,1,866.21
EXP06496,Control,1,1,0,1,948.93
EXP06497,Control,1,1,0,1,815.82
EXP06498,Control,1,1,0,1,401.1
EXP06499,Control,1,1,0,1,687.06
EXP06500,Treatment,1,1,0,1,581.3
EXP06501,Treatment,0,0,0,0,0.0
EXP06502,Control,1,0,0,0,0.0
EXP06503,Control,1,1,0,1,759.57
EXP06504,Control,0,0,0,0,0.0
EXP06505,Control,1,1,0,1,436.54
EXP06506,Control,1,1,0,1,779.35
EXP06507,Treatment,0,0,0,0,0.0
EXP06508,Control,1,1,0,1,837.06
EXP06509,Control,1,1,0,1,506.57
EXP06510,Control,1,1,0,1,920.29
EXP06511,Control,1,1,0,1,589.92
EXP06512,Control,1,1,1,0,0.0
EXP06513,Control,1,1,0,1,612.9
EXP06514,Control,1,1,1,0,0.0
EXP06515,Treatment,1,1,0,1,865.41
EXP06516,Treatment,1,1,0,1,538.95
EXP06517,Treatment,1,1,0,1,481.18
EXP06518,Control,1,1,1,0,0.0
EXP06519,Treatment,1,1,0,1,914.86
EXP06520,Treatment,0,0,0,0,0.0
EXP06521,Control,0,0,0,0,0.0
EXP06522,Treatment,1,1,0,1,888.81
EXP06523,Control,1,1,0,1,559.85
EXP06524,Treatment,1,1,0,1,1120.71
EXP06525,Treatment,0,0,0,0,0.0
EXP06526,Treatment,1,0,0,0,0.0
EXP06527,Treatment,1,1,0,1,676.2
EXP06528,Treatment,1,1,0,1,430.77
EXP06529,Treatment,1,1,0,1,674.85
EXP06530,Control,1,1,0,1,710.31
EXP06531,Control,1,1,0,1,547.19
EXP06532,Treatment,1,1,0,1,458.61
EXP06533,Control,1,1,0,1,778.9
EXP06534,Treatment,1,1,0,1,429.8
EXP06535,Treatment,1,1,0,1,1184.21
EXP06536,Control,1,0,0,0,0.0
EXP06537,Treatment,1,1,0,1,715.83
EXP06538,Control,1,1,0,1,1048.98
EXP06539,Control,1,1,0,1,857.51
EXP06540,Control,1,1,0,1,405.8
EXP06541,Treatment,1,1,0,1,782.51
EXP06542,Treatment,1,1,0,1,1051.14
EXP06543,Treatment,1,1,0,1,1319.84
EXP06544,Treatment,1,1,0,1,1026.39
EXP06545,Treatment,1,1,0,1,775.37
EXP06546,Treatment,1,1,0,1,779.72
EXP06547,Treatment,0,0,0,0,0.0
EXP06548,Treatment,0,0,0,0,0.0
EXP06549,Treatment,1,1,0,1,847.99
EXP06550,Treatment,1,1,0,1,684.9
EXP06551,Treatment,1,0,0,0,0.0
EXP06552,Control,1,1,0,1,410.62
EXP06553,Treatment,0,0,0,0,0.0
EXP06554,Control,0,0,0,0,0.0
EXP06555,Control,1,1,0,1,621.81
EXP06556,Treatment,1,1,0,1,665.31
EXP06557,Treatment,1,1,1,0,0.0
EXP06558,Control,1,1,0,1,693.37
EXP06559,Treatment,1,1,0,1,644.14
EXP06560,Control,1,1,0,1,1038.05
EXP06561,Control,1,1,0,1,643.69
EXP06562,Control,1,1,0,1,504.73
EXP06563,Control,1,1,0,1,741.21
EXP06564,Treatment,1,1,1,0,0.0
EXP06565,Control,0,0,0,0,0.0
EXP06566,Control,1,1,0,1,856.5
EXP06567,Control,1,1,0,1,772.16
EXP06568,Treatment,1,1,0,1,516.29
EXP06569,Control,1,1,0,1,505.99
EXP06570,Control,1,1,1,0,0.0
EXP06571,Control,1,1,0,1,1046.77
EXP06572,Treatment,1,1,1,0,0.0
EXP06573,Treatment,1,1,0,1,912.41
EXP06574,Treatment,0,0,0,0,0.0
EXP06575,Treatment,1,1,0,1,610.62
EXP06576,Control,1,1,0,1,366.88
EXP06577,Control,1,1,0,1,853.6
EXP06578,Treatment,1,1,0,1,1076.24
EXP06579,Control,0,0,0,0,0.0
EXP06580,Treatment,1,1,0,1,418.82
EXP06581,Treatment,0,0,0,0,0.0
EXP06582,Control,1,1,0,1,992.48
EXP06583,Control,1,1,0,1,586.01
EXP06584,Control,1,1,1,0,0.0
EXP06585,Treatment,0,0,0,0,0.0
EXP06586,Treatment,1,1,0,1,738.36
EXP06587,Control,1,1,0,1,511.23
EXP06588,Treatment,1,1,0,1,465.09
EXP06589,Treatment,1,1,0,1,795.5
EXP06590,Control,1,1,0,1,815.29
EXP06591,Control,1,1,0,1,910.88
EXP06592,Treatment,1,1,0,1,504.7
EXP06593,Control,1,1,0,1,1091.81
EXP06594,Control,0,0,0,0,0.0
EXP06595,Treatment,0,0,0,0,0.0
EXP06596,Control,0,0,0,0,0.0
EXP06597,Control,1,1,1,0,0.0
EXP06598,Control,1,1,1,0,0.0
EXP06599,Control,1,1,0,1,895.41
EXP06600,Treatment,0,0,0,0,0.0
EXP06601,Control,1,1,0,1,840.66
EXP06602,Treatment,1,1,0,1,464.37
EXP06603,Treatment,1,0,0,0,0.0
EXP06604,Treatment,1,1,0,1,805.83
EXP06605,Control,0,0,0,0,0.0
EXP06606,Control,1,1,0,1,661.72
EXP06607,Treatment,0,0,0,0,0.0
EXP06608,Control,1,1,0,1,934.49
EXP06609,Control,0,0,0,0,0.0
EXP06610,Treatment,1,1,0,1,960.38
EXP06611,Treatment,1,1,0,1,569.94
EXP06612,Control,0,0,0,0,0.0
EXP06613,Control,0,0,0,0,0.0
EXP06614,Treatment,1,1,0,1,871.61
EXP06615,Control,1,1,0,1,690.58
EXP06616,Treatment,1,1,0,1,408.03
EXP06617,Control,0,0,0,0,0.0
EXP06618,Control,0,0,0,0,0.0
EXP06619,Treatment,1,1,0,1,1158.66
EXP06620,Treatment,1,1,1,0,0.0
EXP06621,Control,1,1,0,1,745.93
EXP06622,Control,1,1,0,1,1379.31
EXP06623,Treatment,1,1,0,1,619.95
EXP06624,Treatment,1,1,0,1,749.23
EXP06625,Control,1,1,1,0,0.0
EXP06626,Control,1,1,0,1,688.9
EXP06627,Treatment,1,1,0,1,1823.85
EXP06628,Treatment,1,1,0,1,1063.03
EXP06629,Treatment,1,1,0,1,553.76
EXP06630,Control,1,1,1,0,0.0
EXP06631,Control,1,1,0,1,986.73
EXP06632,Control,1,1,0,1,633.9
EXP06633,Control,1,1,0,1,861.9
EXP06634,Control,0,0,0,0,0.0
EXP06635,Control,0,0,0,0,0.0
EXP06636,Treatment,1,1,0,1,619.94
EXP06637,Treatment,0,0,0,0,0.0
EXP06638,Treatment,1,1,1,0,0.0
EXP06639,Control,1,1,0,1,820.68
EXP06640,Treatment,1,1,0,1,717.37
EXP06641,Control,1,1,0,1,778.08
EXP06642,Control,0,0,0,0,0.0
EXP06643,Control,0,0,0,0,0.0
EXP06644,Control,0,0,0,0,0.0
EXP06645,Control,0,0,0,0,0.0
EXP06646,Control,1,1,0,1,1140.6
EXP06647,Control,1,1,0,1,665.04
EXP06648,Control,1,1,0,1,786.15
EXP06649,Treatment,1,1,0,1,542.97
EXP06650,Treatment,1,1,0,1,422.38
EXP06651,Treatment,0,0,0,0,0.0
EXP06652,Treatment,0,0,0,0,0.0
EXP06653,Treatment,1,1,1,0,0.0
EXP06654,Control,0,0,0,0,0.0
EXP06655,Treatment,1,0,0,0,0.0
EXP06656,Control,1,1,0,1,321.45
EXP06657,Treatment,1,1,0,1,1000.83
EXP06658,Treatment,1,1,0,1,526.66
EXP06659,Treatment,1,1,0,1,516.95
EXP06660,Treatment,1,1,0,1,718.96
EXP06661,Control,1,1,0,1,901.21
EXP06662,Control,1,1,0,1,522.81
EXP06663,Control,1,1,0,1,663.06
EXP06664,Control,0,0,0,0,0.0
EXP06665,Treatment,1,1,0,1,601.87
EXP06666,Control,1,1,0,1,901.65
EXP06667,Treatment,1,1,0,1,760.93
EXP06668,Control,1,1,0,1,493.67
EXP06669,Control,1,1,0,1,1043.64
EXP06670,Control,1,1,0,1,562.72
EXP06671,Treatment,1,1,0,1,774.12
EXP06672,Treatment,1,1,0,1,774.73
EXP06673,Treatment,1,1,0,1,1128.16
EXP06674,Control,1,1,0,1,637.26
EXP06675,Control,1,1,1,0,0.0
EXP06676,Control,0,0,0,0,0.0
EXP06677,Treatment,1,1,0,1,1601.25
EXP06678,Treatment,1,1,0,1,665.13
EXP06679,Treatment,0,0,0,0,0.0
EXP06680,Treatment,0,0,0,0,0.0
EXP06681,Control,1,1,0,1,1788.51
EXP06682,Treatment,0,0,0,0,0.0
EXP06683,Treatment,1,1,0,1,799.45
EXP06684,Treatment,1,1,1,0,0.0
EXP06685,Treatment,1,1,0,1,724.36
EXP06686,Control,1,1,0,1,659.59
EXP06687,Treatment,1,1,0,1,370.53
EXP06688,Control,1,1,0,1,434.3
EXP06689,Control,0,0,0,0,0.0
EXP06690,Control,1,1,0,1,845.37
EXP06691,Treatment,0,0,0,0,0.0
EXP06692,Control,1,0,0,0,0.0
EXP06693,Treatment,1,1,0,1,594.1
EXP06694,Control,1,1,1,0,0.0
EXP06695,Control,1,1,0,1,898.97
EXP06696,Treatment,1,1,0,1,283.47
EXP06697,Control,1,1,0,1,1346.8
EXP06698,Treatment,1,1,0,1,610.31
EXP06699,Control,0,0,0,0,0.0
EXP06700,Control,0,0,0,0,0.0
EXP06701,Treatment,0,0,0,0,0.0
EXP06702,Control,0,0,0,0,0.0
EXP06703,Treatment,1,1,0,1,599.19
EXP06704,Treatment,1,1,0,1,795.68
EXP06705,Control,1,1,0,1,1206.26
EXP06706,Control,1,1,0,1,1211.65
EXP06707,Control,0,0,0,0,0.0
EXP06708,Treatment,1,1,0,1,489.99
EXP06709,Control,1,1,0,1,864.39
EXP06710,Control,0,0,0,0,0.0
EXP06711,Control,1,1,1,0,0.0
EXP06712,Treatment,1,1,0,1,703.61
EXP06713,Control,0,0,0,0,0.0
EXP06714,Treatment,1,1,0,1,1300.7
EXP06715,Control,1,1,0,1,758.09
EXP06716,Treatment,1,1,1,0,0.0
EXP06717,Control,0,0,0,0,0.0
EXP06718,Control,1,0,0,0,0.0
EXP06719,Treatment,1,1,0,1,715.56
EXP06720,Treatment,1,1,0,1,721.39
EXP06721,Treatment,0,0,0,0,0.0
EXP06722,Treatment,1,1,0,1,831.66
EXP06723,Control,1,1,0,1,831.5
EXP06724,Treatment,1,1,0,1,801.72
EXP06725,Treatment,1,1,0,1,934.88
EXP06726,Treatment,1,1,1,0,0.0
EXP06727,Control,0,0,0,0,0.0
EXP06728,Control,1,1,1,0,0.0
EXP06729,Control,1,1,0,1,386.68
EXP06730,Control,1,1,0,1,974.55
EXP06731,Control,1,1,0,1,837.22
EXP06732,Treatment,0,0,0,0,0.0
EXP06733,Control,1,1,0,1,654.77
EXP06734,Control,0,0,0,0,0.0
EXP06735,Treatment,1,1,0,1,519.56
EXP06736,Control,0,0,0,0,0.0
EXP06737,Treatment,1,1,0,1,804.54
EXP06738,Treatment,1,1,0,1,552.08
EXP06739,Control,1,1,0,1,611.83
EXP06740,Treatment,0,0,0,0,0.0
EXP06741,Treatment,1,1,0,1,1272.92
EXP06742,Control,1,1,0,1,668.18
EXP06743,Treatment,1,1,0,1,643.67
EXP06744,Control,1,1,0,1,1491.49
EXP06745,Treatment,1,1,0,1,739.26
EXP06746,Control,1,1,0,1,917.12
EXP06747,Control,1,1,1,0,0.0
EXP06748,Treatment,1,0,0,0,0.0
EXP06749,Control,1,1,0,1,1301.95
EXP06750,Control,0,0,0,0,0.0
EXP06751,Treatment,1,1,0,1,624.63
EXP06752,Control,1,1,1,0,0.0
EXP06753,Treatment,0,0,0,0,0.0
EXP06754,Control,1,1,0,1,1157.38
EXP06755,Control,0,0,0,0,0.0
EXP06756,Treatment,1,0,0,0,0.0
EXP06757,Control,1,1,0,1,1461.63
EXP06758,Treatment,1,1,0,1,624.88
EXP06759,Control,0,0,0,0,0.0
EXP06760,Control,1,1,0,1,965.65
EXP06761,Control,1,1,0,1,996.54
EXP06762,Treatment,0,0,0,0,0.0
EXP06763,Treatment,1,1,0,1,722.4
EXP06764,Treatment,0,0,0,0,0.0
EXP06765,Treatment,1,1,0,1,776.81
EXP06766,Treatment,1,1,0,1,715.61
EXP06767,Treatment,0,0,0,0,0.0
EXP06768,Control,0,0,0,0,0.0
EXP06769,Treatment,1,1,1,0,0.0
EXP06770,Treatment,1,1,0,1,1101.08
EXP06771,Treatment,0,0,0,0,0.0
EXP06772,Treatment,1,1,0,1,594.88
EXP06773,Treatment,1,1,0,1,695.75
EXP06774,Treatment,1,1,0,1,536.65
EXP06775,Control,1,1,0,1,728.17
EXP06776,Control,1,1,0,1,1548.38
EXP06777,Control,1,1,0,1,447.89
EXP06778,Control,1,1,1,0,0.0
EXP06779,Control,1,1,0,1,837.89
EXP06780,Control,1,1,0,1,737.97
EXP06781,Treatment,0,0,0,0,0.0
EXP06782,Control,1,0,0,0,0.0
EXP06783,Control,1,1,0,1,499.49
EXP06784,Treatment,1,1,0,1,560.23
EXP06785,Treatment,0,0,0,0,0.0
EXP06786,Treatment,1,1,0,1,763.46
EXP06787,Control,0,0,0,0,0.0
EXP06788,Treatment,0,0,0,0,0.0
EXP06789,Control,0,0,0,0,0.0
EXP06790,Treatment,1,1,0,1,342.01
EXP06791,Control,1,1,0,1,737.05
EXP06792,Control,1,1,0,1,821.56
EXP06793,Control,1,1,0,1,1173.4
EXP06794,Treatment,1,1,0,1,871.18
EXP06795,Control,1,1,0,1,613.84
EXP06796,Treatment,1,1,0,1,572.28
EXP06797,Control,0,0,0,0,0.0
EXP06798,Control,1,1,0,1,669.14
EXP06799,Control,1,1,0,1,629.54
EXP06800,Treatment,1,1,1,0,0.0
EXP06801,Control,1,1,0,1,711.66
EXP06802,Treatment,1,1,0,1,602.01
EXP06803,Control,0,0,0,0,0.0
EXP06804,Treatment,0,0,0,0,0.0
EXP06805,Control,1,1,0,1,437.83
EXP06806,Control,1,1,0,1,696.51
EXP06807,Treatment,0,0,0,0,0.0
EXP06808,Treatment,1,1,0,1,677.61
EXP06809,Control,1,1,0,1,609.98
EXP06810,Control,0,0,0,0,0.0
EXP06811,Treatment,1,1,0,1,609.18
EXP06812,Control,0,0,0,0,0.0
EXP06813,Treatment,1,1,0,1,604.45
EXP06814,Treatment,1,1,0,1,766.45
EXP06815,Treatment,1,1,0,1,972.89
EXP06816,Treatment,1,1,0,1,1068.17
EXP06817,Control,0,0,0,0,0.0
EXP06818,Treatment,1,1,0,1,861.53
EXP06819,Treatment,1,1,0,1,852.43
EXP06820,Treatment,0,0,0,0,0.0
EXP06821,Treatment,1,1,0,1,446.86
EXP06822,Control,1,1,0,1,1186.93
EXP06823,Treatment,0,0,0,0,0.0
EXP06824,Treatment,1,1,0,1,524.16
EXP06825,Control,1,1,0,1,847.51
EXP06826,Treatment,1,1,0,1,1163.14
EXP06827,Control,0,0,0,0,0.0
EXP06828,Treatment,1,1,0,1,838.33
EXP06829,Treatment,0,0,0,0,0.0
EXP06830,Control,1,1,0,1,724.29
EXP06831,Control,1,1,0,1,688.72
EXP06832,Control,1,1,0,1,662.72
EXP06833,Treatment,1,1,0,1,743.21
EXP06834,Control,1,1,0,1,671.47
EXP06835,Treatment,1,1,0,1,1056.38
EXP06836,Control,1,1,0,1,731.15
EXP06837,Treatment,1,1,0,1,486.89
EXP06838,Control,1,1,0,1,588.97
EXP06839,Treatment,1,1,0,1,936.27
EXP06840,Control,0,0,0,0,0.0
EXP06841,Control,1,1,0,1,484.15
EXP06842,Control,0,0,0,0,0.0
EXP06843,Control,1,1,0,1,622.56
EXP06844,Control,1,1,0,1,976.05
EXP06845,Treatment,1,1,0,1,568.66
EXP06846,Treatment,1,1,0,1,898.49
EXP06847,Control,1,1,0,1,756.03
EXP06848,Treatment,1,1,0,1,881.56
EXP06849,Control,1,1,0,1,617.95
EXP06850,Treatment,1,1,0,1,1077.67
EXP06851,Treatment,1,1,0,1,783.06
EXP06852,Control,1,1,0,1,1301.06
EXP06853,Treatment,1,1,0,1,877.8
EXP06854,Treatment,1,1,0,1,735.97
EXP06855,Control,1,1,0,1,903.16
EXP06856,Control,1,1,0,1,684.47
EXP06857,Treatment,1,1,0,1,465.84
EXP06858,Control,1,1,0,1,979.95
EXP06859,Control,1,1,0,1,1032.29
EXP06860,Control,0,0,0,0,0.0
EXP06861,Control,1,1,0,1,279.2
EXP06862,Control,0,0,0,0,0.0
EXP06863,Control,0,0,0,0,0.0
EXP06864,Treatment,0,0,0,0,0.0
EXP06865,Treatment,1,1,1,0,0.0
EXP06866,Treatment,1,1,0,1,940.36
EXP06867,Control,1,1,0,1,732.02
EXP06868,Treatment,1,1,0,1,934.19
EXP06869,Control,1,1,0,1,817.11
EXP06870,Treatment,1,1,0,1,1515.6
EXP06871,Treatment,1,1,0,1,563.92
EXP06872,Treatment,1,1,0,1,928.66
EXP06873,Control,1,1,0,1,772.76
EXP06874,Treatment,1,1,0,1,757.28
EXP06875,Treatment,1,1,0,1,1211.59
EXP06876,Control,1,1,0,1,937.05
EXP06877,Treatment,1,1,0,1,964.8
EXP06878,Control,1,1,0,1,892.14
EXP06879,Control,1,1,0,1,1029.16
EXP06880,Control,1,0,0,0,0.0
EXP06881,Control,0,0,0,0,0.0
EXP06882,Control,0,0,0,0,0.0
EXP06883,Control,1,1,0,1,416.69
EXP06884,Treatment,1,1,0,1,1358.0
EXP06885,Control,1,1,1,0,0.0
EXP06886,Treatment,1,1,0,1,735.6
EXP06887,Treatment,1,0,0,0,0.0
EXP06888,Control,1,1,0,1,532.49
EXP06889,Control,0,0,0,0,0.0
EXP06890,Treatment,1,1,0,1,873.17
EXP06891,Control,1,1,0,1,692.55
EXP06892,Treatment,1,1,0,1,741.5
EXP06893,Treatment,1,1,0,1,866.03
EXP06894,Control,1,1,0,1,529.23
EXP06895,Control,0,0,0,0,0.0
EXP06896,Treatment,1,1,0,1,526.62
EXP06897,Control,1,1,0,1,1269.16
EXP06898,Treatment,0,0,0,0,0.0
EXP06899,Treatment,1,1,0,1,645.07
EXP06900,Treatment,1,1,0,1,924.98
EXP06901,Control,0,0,0,0,0.0
EXP06902,Control,0,0,0,0,0.0
EXP06903,Treatment,1,1,1,0,0.0
EXP06904,Control,0,0,0,0,0.0
EXP06905,Treatment,1,0,0,0,0.0
EXP06906,Control,1,1,0,1,989.07
EXP06907,Control,1,1,0,1,1410.04
EXP06908,Control,1,1,0,1,1226.96
EXP06909,Treatment,1,1,0,1,706.74
EXP06910,Control,0,0,0,0,0.0
EXP06911,Treatment,1,1,0,1,970.39
EXP06912,Treatment,1,1,0,1,940.02
EXP06913,Control,1,1,1,0,0.0
EXP06914,Control,1,1,0,1,827.02
EXP06915,Treatment,1,1,0,1,422.91
EXP06916,Treatment,1,1,0,1,572.38
EXP06917,Treatment,0,0,0,0,0.0
EXP06918,Control,0,0,0,0,0.0
EXP06919,Control,1,1,0,1,475.02
EXP06920,Control,1,1,0,1,357.42
EXP06921,Treatment,0,0,0,0,0.0
EXP06922,Control,1,1,0,1,833.5
EXP06923,Control,1,1,0,1,614.5
EXP06924,Control,0,0,0,0,0.0
EXP06925,Treatment,1,1,0,1,1259.72
EXP06926,Treatment,1,1,0,1,344.36
EXP06927,Control,0,0,0,0,0.0
EXP06928,Treatment,1,1,0,1,822.03
EXP06929,Control,1,1,0,1,484.56
EXP06930,Control,1,1,0,1,416.82
EXP06931,Treatment,1,1,0,1,642.38
EXP06932,Control,1,1,0,1,551.92
EXP06933,Control,1,1,0,1,742.75
EXP06934,Control,1,1,0,1,725.54
EXP06935,Control,0,0,0,0,0.0
EXP06936,Treatment,0,0,0,0,0.0
EXP06937,Control,1,1,0,1,1417.14
EXP06938,Control,1,0,0,0,0.0
EXP06939,Control,0,0,0,0,0.0
EXP06940,Treatment,1,1,0,1,631.94
EXP06941,Control,1,1,0,1,756.47
EXP06942,Treatment,1,1,0,1,1497.48
EXP06943,Control,1,1,0,1,258.9
EXP06944,Treatment,1,1,1,0,0.0
EXP06945,Treatment,1,1,0,1,506.04
EXP06946,Treatment,1,1,0,1,760.32
EXP06947,Control,1,1,0,1,966.5
EXP06948,Treatment,1,1,0,1,1127.92
EXP06949,Control,1,1,0,1,1505.51
EXP06950,Treatment,1,1,0,1,696.95
EXP06951,Control,1,1,1,0,0.0
EXP06952,Treatment,1,1,0,1,1038.63
EXP06953,Control,1,1,0,1,1066.66
EXP06954,Control,1,0,0,0,0.0
EXP06955,Treatment,1,1,0,1,724.5
EXP06956,Control,1,1,0,1,911.78
EXP06957,Control,1,1,0,1,485.25
EXP06958,Control,0,0,0,0,0.0
EXP06959,Treatment,1,1,0,1,489.1
EXP06960,Control,1,1,0,1,830.5
EXP06961,Treatment,0,0,0,0,0.0
EXP06962,Treatment,1,1,0,1,762.02
EXP06963,Control,1,1,0,1,628.43
EXP06964,Control,0,0,0,0,0.0
EXP06965,Treatment,1,1,0,1,507.83
EXP06966,Treatment,1,0,0,0,0.0
EXP06967,Treatment,1,1,0,1,781.57
EXP06968,Treatment,1,1,0,1,623.8
EXP06969,Treatment,1,1,0,1,584.37
EXP06970,Treatment,1,1,0,1,883.97
EXP06971,Control,1,1,0,1,498.14
EXP06972,Treatment,1,1,1,0,0.0
EXP06973,Control,0,0,0,0,0.0
EXP06974,Control,1,1,1,0,0.0
EXP06975,Control,0,0,0,0,0.0
EXP06976,Control,1,1,0,1,485.74
EXP06977,Control,0,0,0,0,0.0
EXP06978,Control,1,1,0,1,1129.14
EXP06979,Treatment,0,0,0,0,0.0
EXP06980,Control,1,1,0,1,737.6
EXP06981,Treatment,1,1,0,1,657.89
EXP06982,Treatment,1,1,0,1,530.25
EXP06983,Control,1,1,1,0,0.0
EXP06984,Control,1,1,0,1,861.55
EXP06985,Treatment,1,1,0,1,362.63
EXP06986,Control,1,1,0,1,721.55
EXP06987,Control,1,1,0,1,1203.24
EXP06988,Control,1,1,0,1,854.85
EXP06989,Control,1,1,0,1,917.08
EXP06990,Control,0,0,0,0,0.0
EXP06991,Treatment,1,1,1,0,0.0
EXP06992,Treatment,1,1,0,1,779.77
EXP06993,Treatment,1,1,0,1,732.24
EXP06994,Control,1,1,0,1,367.55
EXP06995,Control,1,1,0,1,875.48
EXP06996,Treatment,1,0,0,0,0.0
EXP06997,Treatment,1,1,0,1,912.51
EXP06998,Treatment,0,0,0,0,0.0
EXP06999,Control,1,1,0,1,1180.4
EXP07000,Control,1,1,0,1,866.53
EXP07001,Treatment,0,0,0,0,0.0
EXP07002,Control,1,1,0,1,1330.09
EXP07003,Treatment,1,1,0,1,1017.06
EXP07004,Treatment,1,1,0,1,765.7
EXP07005,Control,0,0,0,0,0.0
EXP07006,Treatment,1,1,0,1,741.9
EXP07007,Treatment,1,1,0,1,690.84
EXP07008,Control,1,1,0,1,793.82
EXP07009,Treatment,1,1,0,1,533.34
EXP07010,Control,1,1,0,1,739.25
EXP07011,Treatment,1,1,0,1,507.02
EXP07012,Treatment,1,1,0,1,1189.11
EXP07013,Treatment,1,1,0,1,770.51
EXP07014,Control,0,0,0,0,0.0
EXP07015,Control,0,0,0,0,0.0
EXP07016,Treatment,1,1,0,1,1495.42
EXP07017,Treatment,1,0,0,0,0.0
EXP07018,Control,1,1,0,1,851.72
EXP07019,Treatment,1,1,1,0,0.0
EXP07020,Treatment,1,1,0,1,924.91
EXP07021,Control,1,1,0,1,884.67
EXP07022,Control,0,0,0,0,0.0
EXP07023,Control,0,0,0,0,0.0
EXP07024,Treatment,0,0,0,0,0.0
EXP07025,Treatment,1,1,0,1,676.26
EXP07026,Control,1,1,0,1,1305.98
EXP07027,Treatment,1,1,0,1,782.52
EXP07028,Treatment,1,1,0,1,335.84
EXP07029,Control,1,1,1,0,0.0
EXP07030,Treatment,1,1,0,1,741.61
EXP07031,Treatment,0,0,0,0,0.0
EXP07032,Treatment,1,1,0,1,512.58
EXP07033,Treatment,1,1,0,1,714.81
EXP07034,Control,1,1,0,1,953.39
EXP07035,Control,1,1,0,1,968.06
EXP07036,Control,1,1,0,1,499.4
EXP07037,Control,1,1,0,1,801.66
EXP07038,Treatment,1,1,0,1,759.59
EXP07039,Treatment,1,1,0,1,1124.21
EXP07040,Treatment,1,1,1,0,0.0
EXP07041,Treatment,1,1,0,1,646.81
EXP07042,Treatment,1,0,0,0,0.0
EXP07043,Treatment,1,1,0,1,589.08
EXP07044,Treatment,1,1,0,1,1066.73
EXP07045,Treatment,0,0,0,0,0.0
EXP07046,Control,1,1,0,1,361.6
EXP07047,Treatment,1,1,0,1,620.32
EXP07048,Control,1,1,0,1,679.46
EXP07049,Treatment,0,0,0,0,0.0
EXP07050,Control,1,1,0,1,1069.98
EXP07051,Control,1,1,0,1,1033.82
EXP07052,Treatment,1,1,0,1,1267.15
EXP07053,Control,0,0,0,0,0.0
EXP07054,Treatment,1,1,0,1,741.05
EXP07055,Treatment,1,1,0,1,985.76
EXP07056,Treatment,1,1,0,1,984.37
EXP07057,Treatment,1,1,0,1,1022.4
EXP07058,Control,1,1,0,1,1052.95
EXP07059,Control,1,1,0,1,389.5
EXP07060,Treatment,1,1,0,1,616.5
EXP07061,Control,1,1,0,1,1032.46
EXP07062,Treatment,1,1,0,1,999.66
EXP07063,Control,1,1,0,1,564.08
EXP07064,Treatment,1,1,0,1,1056.56
EXP07065,Treatment,1,1,0,1,681.61
EXP07066,Treatment,1,1,0,1,760.36
EXP07067,Treatment,1,1,0,1,1168.08
EXP07068,Control,1,1,0,1,489.35
EXP07069,Control,1,1,0,1,947.27
EXP07070,Control,1,1,0,1,838.08
EXP07071,Treatment,0,0,0,0,0.0
EXP07072,Treatment,1,1,0,1,391.95
EXP07073,Control,1,1,0,1,561.89
EXP07074,Control,0,0,0,0,0.0
EXP07075,Treatment,1,1,1,0,0.0
EXP07076,Control,1,1,0,1,1071.52
EXP07077,Control,1,1,0,1,619.7
EXP07078,Treatment,0,0,0,0,0.0
EXP07079,Treatment,1,1,0,1,1826.92
EXP07080,Control,1,1,0,1,668.08
EXP07081,Control,1,1,0,1,1065.28
EXP07082,Treatment,1,1,0,1,439.54
EXP07083,Control,1,1,0,1,710.61
EXP07084,Control,0,0,0,0,0.0
EXP07085,Control,0,0,0,0,0.0
EXP07086,Treatment,1,0,0,0,0.0
EXP07087,Control,0,0,0,0,0.0
EXP07088,Treatment,1,1,0,1,1336.07
EXP07089,Control,1,1,0,1,1070.53
EXP07090,Control,1,1,0,1,532.32
EXP07091,Control,0,0,0,0,0.0
EXP07092,Control,0,0,0,0,0.0
EXP07093,Control,1,1,0,1,643.15
EXP07094,Control,0,0,0,0,0.0
EXP07095,Control,0,0,0,0,0.0
EXP07096,Treatment,1,1,0,1,1384.01
EXP07097,Control,0,0,0,0,0.0
EXP07098,Control,1,1,0,1,1054.89
EXP07099,Control,1,1,0,1,609.12
EXP07100,Control,1,1,0,1,430.24
EXP07101,Treatment,1,1,0,1,816.23
EXP07102,Treatment,0,0,0,0,0.0
EXP07103,Treatment,1,1,0,1,781.31
EXP07104,Control,1,1,0,1,549.75
EXP07105,Treatment,1,1,0,1,1198.9
EXP07106,Control,1,1,1,0,0.0
EXP07107,Control,1,1,0,1,844.06
EXP07108,Treatment,1,1,0,1,832.55
EXP07109,Control,1,1,0,1,908.1
EXP07110,Control,1,1,0,1,529.21
EXP07111,Control,0,0,0,0,0.0
EXP07112,Control,1,1,0,1,1014.39
EXP07113,Control,1,1,0,1,1023.45
EXP07114,Control,0,0,0,0,0.0
EXP07115,Control,1,1,1,0,0.0
EXP07116,Treatment,1,1,0,1,515.55
EXP07117,Control,1,1,1,0,0.0
EXP07118,Treatment,1,1,0,1,797.2
EXP07119,Treatment,1,1,0,1,955.96
EXP07120,Treatment,1,1,0,1,988.22
EXP07121,Control,1,1,0,1,737.1
EXP07122,Treatment,0,0,0,0,0.0
EXP07123,Treatment,1,1,0,1,936.58
EXP07124,Treatment,1,1,0,1,1849.52
EXP07125,Control,1,1,0,1,607.28
EXP07126,Control,1,1,0,1,575.03
EXP07127,Treatment,1,1,0,1,891.83
EXP07128,Control,1,1,0,1,1142.27
EXP07129,Treatment,1,1,0,1,1541.82
EXP07130,Control,1,1,0,1,1130.29
EXP07131,Treatment,1,1,0,1,1622.37
EXP07132,Treatment,1,1,0,1,654.02
EXP07133,Treatment,0,0,0,0,0.0
EXP07134,Control,1,1,0,1,579.14
EXP07135,Treatment,1,1,0,1,1101.96
EXP07136,Control,1,1,1,0,0.0
EXP07137,Control,1,0,0,0,0.0
EXP07138,Control,0,0,0,0,0.0
EXP07139,Control,1,1,0,1,1235.52
EXP07140,Control,1,1,0,1,824.13
EXP07141,Control,1,1,0,1,682.7
EXP07142,Treatment,1,1,0,1,892.66
EXP07143,Treatment,1,1,0,1,833.75
EXP07144,Treatment,1,0,0,0,0.0
EXP07145,Treatment,1,1,1,0,0.0
EXP07146,Control,1,1,0,1,923.91
EXP07147,Control,0,0,0,0,0.0
EXP07148,Control,1,1,0,1,1147.44
EXP07149,Treatment,1,1,0,1,690.65
EXP07150,Treatment,1,1,0,1,561.76
EXP07151,Control,1,1,0,1,605.38
EXP07152,Control,1,1,1,0,0.0
EXP07153,Treatment,1,1,0,1,1291.73
EXP07154,Control,1,1,1,0,0.0
EXP07155,Treatment,1,1,0,1,675.1
EXP07156,Treatment,0,0,0,0,0.0
EXP07157,Treatment,0,0,0,0,0.0
EXP07158,Control,1,1,0,1,515.52
EXP07159,Control,1,1,0,1,755.66
EXP07160,Control,1,1,1,0,0.0
EXP07161,Treatment,1,1,0,1,802.65
EXP07162,Control,1,1,0,1,806.26
EXP07163,Treatment,0,0,0,0,0.0
EXP07164,Control,1,1,1,0,0.0
EXP07165,Treatment,1,1,0,1,1367.49
EXP07166,Treatment,1,1,0,1,581.49
EXP07167,Control,0,0,0,0,0.0
EXP07168,Control,1,1,0,1,910.29
EXP07169,Treatment,1,1,0,1,756.59
EXP07170,Treatment,1,1,0,1,586.45
EXP07171,Treatment,0,0,0,0,0.0
EXP07172,Treatment,1,1,0,1,825.01
EXP07173,Treatment,1,1,0,1,1120.67
EXP07174,Treatment,1,1,0,1,586.06
EXP07175,Control,1,1,0,1,953.53
EXP07176,Control,1,1,0,1,1146.09
EXP07177,Treatment,1,1,1,0,0.0
EXP07178,Control,0,0,0,0,0.0
EXP07179,Treatment,1,1,0,1,937.54
EXP07180,Control,0,0,0,0,0.0
EXP07181,Control,1,1,0,1,764.38
EXP07182,Treatment,0,0,0,0,0.0
EXP07183,Treatment,1,1,0,1,918.81
EXP07184,Control,1,1,0,1,445.38
EXP07185,Treatment,1,1,0,1,468.88
EXP07186,Control,1,1,0,1,598.5
EXP07187,Treatment,1,1,0,1,1210.65
EXP07188,Treatment,1,1,0,1,954.32
EXP07189,Control,1,1,0,1,806.8
EXP07190,Control,1,1,1,0,0.0
EXP07191,Treatment,0,0,0,0,0.0
EXP07192,Control,1,1,0,1,725.9
EXP07193,Treatment,1,1,0,1,733.84
EXP07194,Control,0,0,0,0,0.0
EXP07195,Treatment,1,1,0,1,777.16
EXP07196,Treatment,1,1,1,0,0.0
EXP07197,Treatment,0,0,0,0,0.0
EXP07198,Treatment,0,0,0,0,0.0
EXP07199,Control,1,1,0,1,888.05
EXP07200,Treatment,1,1,0,1,603.19
EXP07201,Treatment,0,0,0,0,0.0
EXP07202,Treatment,1,1,0,1,825.15
EXP07203,Treatment,1,1,0,1,572.68
EXP07204,Control,0,0,0,0,0.0
EXP07205,Control,1,1,0,1,840.45
EXP07206,Control,1,1,1,0,0.0
EXP07207,Treatment,1,1,0,1,512.42
EXP07208,Treatment,1,1,0,1,607.17
EXP07209,Control,1,1,0,1,667.22
EXP07210,Control,1,1,1,0,0.0
EXP07211,Treatment,0,0,0,0,0.0
EXP07212,Control,0,0,0,0,0.0
EXP07213,Treatment,1,1,0,1,825.25
EXP07214,Treatment,1,1,0,1,873.03
EXP07215,Control,1,1,0,1,825.54
EXP07216,Treatment,1,1,0,1,801.6
EXP07217,Treatment,1,1,0,1,624.1
EXP07218,Treatment,1,1,0,1,802.92
EXP07219,Control,1,1,0,1,588.95
EXP07220,Control,1,1,0,1,708.19
EXP07221,Control,1,1,0,1,941.13
EXP07222,Treatment,1,1,0,1,886.87
EXP07223,Control,1,1,0,1,732.78
EXP07224,Control,1,1,0,1,680.22
EXP07225,Treatment,1,1,0,1,1071.0
EXP07226,Treatment,0,0,0,0,0.0
EXP07227,Control,1,1,0,1,763.91
EXP07228,Treatment,1,1,0,1,969.88
EXP07229,Treatment,1,1,0,1,1231.21
EXP07230,Control,1,1,0,1,462.97
EXP07231,Control,1,1,0,1,760.28
EXP07232,Control,1,1,0,1,757.78
EXP07233,Control,1,1,0,1,653.17
EXP07234,Treatment,1,1,0,1,1044.72
EXP07235,Treatment,1,1,0,1,609.37
EXP07236,Control,0,0,0,0,0.0
EXP07237,Treatment,1,1,0,1,874.62
EXP07238,Control,1,1,0,1,379.27
EXP07239,Treatment,0,0,0,0,0.0
EXP07240,Treatment,1,1,0,1,389.42
EXP07241,Control,1,1,0,1,925.94
EXP07242,Treatment,1,1,0,1,1060.33
EXP07243,Control,0,0,0,0,0.0
EXP07244,Treatment,0,0,0,0,0.0
EXP07245,Treatment,1,1,0,1,537.19
EXP07246,Treatment,1,1,0,1,1435.74
EXP07247,Control,1,1,0,1,584.35
EXP07248,Treatment,1,1,0,1,419.02
EXP07249,Control,1,1,0,1,549.0
EXP07250,Control,1,1,0,1,489.8
EXP07251,Control,1,1,0,1,1005.32
EXP07252,Treatment,1,1,0,1,491.67
EXP07253,Control,0,0,0,0,0.0
EXP07254,Treatment,0,0,0,0,0.0
EXP07255,Treatment,1,1,0,1,758.43
EXP07256,Control,0,0,0,0,0.0
EXP07257,Control,0,0,0,0,0.0
EXP07258,Treatment,1,1,0,1,599.74
EXP07259,Control,0,0,0,0,0.0
EXP07260,Control,1,1,0,1,1074.93
EXP07261,Control,1,1,0,1,530.84
EXP07262,Treatment,0,0,0,0,0.0
EXP07263,Treatment,1,1,0,1,722.37
EXP07264,Treatment,1,1,0,1,543.29
EXP07265,Control,1,1,0,1,716.04
EXP07266,Control,1,1,0,1,638.88
EXP07267,Treatment,1,1,0,1,727.7
EXP07268,Control,1,1,0,1,838.66
EXP07269,Treatment,1,1,1,0,0.0
EXP07270,Control,1,0,0,0,0.0
EXP07271,Treatment,1,1,0,1,714.11
EXP07272,Treatment,1,1,0,1,778.43
EXP07273,Treatment,1,1,0,1,766.64
EXP07274,Treatment,1,1,0,1,762.93
EXP07275,Control,0,0,0,0,0.0
EXP07276,Treatment,1,1,0,1,555.73
EXP07277,Treatment,0,0,0,0,0.0
EXP07278,Treatment,1,1,0,1,907.81
EXP07279,Treatment,1,1,0,1,1234.57
EXP07280,Treatment,1,1,0,1,563.65
EXP07281,Control,1,1,0,1,530.96
EXP07282,Treatment,0,0,0,0,0.0
EXP07283,Treatment,1,1,0,1,866.44
EXP07284,Control,1,1,0,1,497.77
EXP07285,Control,1,1,0,1,657.06
EXP07286,Control,1,1,1,0,0.0
EXP07287,Treatment,0,0,0,0,0.0
EXP07288,Treatment,1,1,0,1,692.94
EXP07289,Treatment,1,1,0,1,1028.53
EXP07290,Treatment,1,1,0,1,929.07
EXP07291,Control,1,0,0,0,0.0
EXP07292,Treatment,1,1,0,1,956.93
EXP07293,Treatment,1,1,0,1,988.06
EXP07294,Control,1,1,0,1,1223.97
EXP07295,Treatment,1,1,0,1,684.96
EXP07296,Treatment,0,0,0,0,0.0
EXP07297,Control,1,1,0,1,641.59
EXP07298,Control,1,0,0,0,0.0
EXP07299,Control,0,0,0,0,0.0
EXP07300,Control,1,1,0,1,562.16
EXP07301,Treatment,1,1,0,1,1278.15
EXP07302,Treatment,1,1,0,1,787.27
EXP07303,Treatment,1,1,0,1,654.32
EXP07304,Control,1,1,0,1,597.77
EXP07305,Treatment,1,1,0,1,753.87
EXP07306,Treatment,1,1,1,0,0.0
EXP07307,Treatment,1,1,1,0,0.0
EXP07308,Control,1,1,0,1,520.35
EXP07309,Treatment,1,1,0,1,965.27
EXP07310,Control,1,1,0,1,1304.73
EXP07311,Control,1,1,0,1,839.16
EXP07312,Control,0,0,0,0,0.0
EXP07313,Treatment,1,1,0,1,835.08
EXP07314,Treatment,1,1,0,1,660.39
EXP07315,Control,1,1,0,1,618.11
EXP07316,Treatment,0,0,0,0,0.0
EXP07317,Treatment,0,0,0,0,0.0
EXP07318,Treatment,1,1,0,1,893.71
EXP07319,Treatment,1,1,0,1,1477.75
EXP07320,Treatment,1,1,1,0,0.0
EXP07321,Treatment,1,1,0,1,1175.95
EXP07322,Control,1,1,0,1,685.99
EXP07323,Control,1,1,0,1,1124.01
EXP07324,Control,1,1,0,1,1032.66
EXP07325,Control,0,0,0,0,0.0
EXP07326,Treatment,1,1,1,0,0.0
EXP07327,Treatment,1,1,0,1,1294.67
EXP07328,Treatment,1,1,0,1,1450.39
EXP07329,Control,1,1,0,1,1121.45
EXP07330,Treatment,0,0,0,0,0.0
EXP07331,Treatment,0,0,0,0,0.0
EXP07332,Control,1,1,0,1,551.35
EXP07333,Treatment,1,1,0,1,1144.58
EXP07334,Treatment,1,1,0,1,599.75
EXP07335,Control,1,1,0,1,582.08
EXP07336,Control,1,1,0,1,1053.75
EXP07337,Treatment,1,1,0,1,733.62
EXP07338,Treatment,1,1,0,1,656.72
EXP07339,Control,1,1,0,1,905.3
EXP07340,Treatment,0,0,0,0,0.0
EXP07341,Control,1,1,0,1,814.4
EXP07342,Control,0,0,0,0,0.0
EXP07343,Treatment,1,1,0,1,455.22
EXP07344,Treatment,1,1,0,1,790.59
EXP07345,Treatment,1,1,0,1,713.12
EXP07346,Treatment,1,1,0,1,1182.91
EXP07347,Treatment,1,1,0,1,592.59
EXP07348,Treatment,1,1,0,1,1019.69
EXP07349,Treatment,1,1,0,1,621.44
EXP07350,Control,1,1,0,1,834.56
EXP07351,Control,1,1,0,1,1255.79
EXP07352,Treatment,1,1,0,1,405.43
EXP07353,Treatment,1,1,0,1,507.58
EXP07354,Control,1,1,0,1,1540.13
EXP07355,Control,0,0,0,0,0.0
EXP07356,Treatment,1,1,0,1,528.28
EXP07357,Treatment,1,1,0,1,602.5
EXP07358,Treatment,1,1,0,1,651.98
EXP07359,Treatment,1,1,0,1,785.75
EXP07360,Treatment,1,1,0,1,433.64
EXP07361,Control,1,1,0,1,955.45
EXP07362,Control,1,1,0,1,1364.4
EXP07363,Control,1,1,0,1,1430.28
EXP07364,Control,1,1,0,1,766.28
EXP07365,Treatment,1,1,0,1,826.96
EXP07366,Control,1,1,0,1,1132.78
EXP07367,Control,1,1,0,1,537.49
EXP07368,Control,1,1,1,0,0.0
EXP07369,Control,1,1,1,0,0.0
EXP07370,Treatment,0,0,0,0,0.0
EXP07371,Treatment,1,0,0,0,0.0
EXP07372,Control,0,0,0,0,0.0
EXP07373,Treatment,1,1,0,1,1106.49
EXP07374,Treatment,1,0,0,0,0.0
EXP07375,Treatment,1,1,0,1,461.41
EXP07376,Control,1,1,1,0,0.0
EXP07377,Control,1,1,1,0,0.0
EXP07378,Treatment,0,0,0,0,0.0
EXP07379,Treatment,1,1,0,1,780.12
EXP07380,Treatment,1,0,0,0,0.0
EXP07381,Control,1,1,0,1,1370.19
EXP07382,Control,1,1,0,1,643.03
EXP07383,Treatment,1,1,1,0,0.0
EXP07384,Control,1,1,0,1,754.56
EXP07385,Treatment,0,0,0,0,0.0
EXP07386,Control,0,0,0,0,0.0
EXP07387,Control,1,1,0,1,758.13
EXP07388,Treatment,0,0,0,0,0.0
EXP07389,Treatment,1,1,0,1,325.03
EXP07390,Treatment,1,1,0,1,804.03
EXP07391,Treatment,1,1,0,1,524.69
EXP07392,Treatment,1,1,0,1,419.94
EXP07393,Treatment,1,0,0,0,0.0
EXP07394,Treatment,1,1,0,1,729.1
EXP07395,Treatment,1,1,0,1,965.27
EXP07396,Control,1,1,0,1,678.36
EXP07397,Control,1,1,0,1,1274.7
EXP07398,Treatment,1,1,0,1,724.75
EXP07399,Control,1,1,0,1,597.31
EXP07400,Control,1,1,0,1,873.65
EXP07401,Treatment,1,1,0,1,895.61
EXP07402,Control,0,0,0,0,0.0
EXP07403,Treatment,1,1,0,1,987.11
EXP07404,Treatment,1,1,0,1,461.27
EXP07405,Treatment,1,0,0,0,0.0
EXP07406,Treatment,0,0,0,0,0.0
EXP07407,Treatment,1,1,0,1,693.68
EXP07408,Control,1,1,0,1,994.96
EXP07409,Control,1,1,0,1,765.0
EXP07410,Treatment,1,1,0,1,995.0
EXP07411,Control,1,1,0,1,1529.51
EXP07412,Treatment,1,1,0,1,514.13
EXP07413,Treatment,1,1,0,1,898.34
EXP07414,Control,1,1,0,1,359.12
EXP07415,Treatment,0,0,0,0,0.0
EXP07416,Treatment,1,1,0,1,1788.93
EXP07417,Control,0,0,0,0,0.0
EXP07418,Control,1,1,1,0,0.0
EXP07419,Treatment,0,0,0,0,0.0
EXP07420,Control,0,0,0,0,0.0
EXP07421,Treatment,1,1,1,0,0.0
EXP07422,Treatment,1,1,0,1,519.81
EXP07423,Control,1,1,0,1,561.51
EXP07424,Control,0,0,0,0,0.0
EXP07425,Control,1,1,0,1,880.4
EXP07426,Control,1,1,0,1,664.36
EXP07427,Treatment,1,1,1,0,0.0
EXP07428,Control,1,1,0,1,1106.77
EXP07429,Treatment,1,1,0,1,1096.49
EXP07430,Treatment,1,1,0,1,823.09
EXP07431,Treatment,1,1,0,1,642.55
EXP07432,Treatment,1,1,0,1,1157.48
EXP07433,Control,1,1,0,1,843.03
EXP07434,Control,1,1,0,1,892.4
EXP07435,Control,1,1,0,1,740.79
EXP07436,Treatment,0,0,0,0,0.0
EXP07437,Control,1,1,0,1,807.0
EXP07438,Control,1,1,0,1,843.25
EXP07439,Treatment,0,0,0,0,0.0
EXP07440,Treatment,0,0,0,0,0.0
EXP07441,Control,1,1,0,1,595.81
EXP07442,Control,1,0,0,0,0.0
EXP07443,Control,1,1,0,1,545.61
EXP07444,Control,1,1,0,1,542.08
EXP07445,Treatment,1,1,0,1,464.91
EXP07446,Control,1,1,1,0,0.0
EXP07447,Control,1,1,0,1,1112.08
EXP07448,Treatment,1,0,0,0,0.0
EXP07449,Treatment,0,0,0,0,0.0
EXP07450,Treatment,0,0,0,0,0.0
EXP07451,Control,0,0,0,0,0.0
EXP07452,Treatment,1,1,0,1,712.21
EXP07453,Control,1,1,0,1,489.02
EXP07454,Treatment,1,1,0,1,1190.61
EXP07455,Control,1,1,0,1,644.11
EXP07456,Treatment,1,1,0,1,743.63
EXP07457,Control,1,1,0,1,505.57
EXP07458,Treatment,0,0,0,0,0.0
EXP07459,Control,1,1,0,1,736.34
EXP07460,Treatment,0,0,0,0,0.0
EXP07461,Control,1,0,0,0,0.0
EXP07462,Control,0,0,0,0,0.0
EXP07463,Treatment,1,1,0,1,915.11
EXP07464,Control,1,1,0,1,1831.27
EXP07465,Treatment,1,1,0,1,748.26
EXP07466,Control,1,1,0,1,1113.37
EXP07467,Treatment,1,1,0,1,513.35
EXP07468,Control,1,1,0,1,378.84
EXP07469,Control,1,1,0,1,740.46
EXP07470,Treatment,1,1,0,1,876.78
EXP07471,Treatment,1,1,0,1,1113.08
EXP07472,Treatment,1,1,0,1,558.55
EXP07473,Control,1,1,0,1,677.74
EXP07474,Treatment,0,0,0,0,0.0
EXP07475,Treatment,1,1,0,1,631.65
EXP07476,Treatment,1,1,0,1,693.52
EXP07477,Control,0,0,0,0,0.0
EXP07478,Control,1,1,0,1,1400.71
EXP07479,Treatment,1,1,0,1,711.93
EXP07480,Treatment,1,1,0,1,1455.86
EXP07481,Treatment,1,1,0,1,633.16
EXP07482,Treatment,1,1,0,1,472.06
EXP07483,Control,1,1,0,1,584.85
EXP07484,Control,1,1,0,1,462.45
EXP07485,Control,1,1,0,1,592.61
EXP07486,Treatment,1,1,0,1,760.57
EXP07487,Control,1,1,0,1,510.14
EXP07488,Control,1,1,1,0,0.0
EXP07489,Control,1,1,0,1,605.47
EXP07490,Control,1,1,0,1,1024.89
EXP07491,Treatment,1,1,0,1,708.03
EXP07492,Control,1,1,0,1,407.71
EXP07493,Control,0,0,0,0,0.0
EXP07494,Control,1,1,0,1,1628.27
EXP07495,Control,0,0,0,0,0.0
EXP07496,Treatment,1,1,0,1,731.34
EXP07497,Control,0,0,0,0,0.0
EXP07498,Control,1,1,0,1,863.26
EXP07499,Control,1,1,0,1,664.55
EXP07500,Treatment,0,0,0,0,0.0
EXP07501,Treatment,0,0,0,0,0.0
EXP07502,Treatment,1,1,0,1,679.12
EXP07503,Control,0,0,0,0,0.0
EXP07504,Treatment,1,1,0,1,548.28
EXP07505,Treatment,0,0,0,0,0.0
EXP07506,Treatment,1,1,0,1,608.53
EXP07507,Control,0,0,0,0,0.0
EXP07508,Control,1,1,0,1,607.18
EXP07509,Control,1,1,0,1,900.47
EXP07510,Treatment,1,1,0,1,722.95
EXP07511,Control,1,1,0,1,581.56
EXP07512,Control,1,0,0,0,0.0
EXP07513,Control,0,0,0,0,0.0
EXP07514,Treatment,1,1,0,1,508.19
EXP07515,Treatment,0,0,0,0,0.0
EXP07516,Treatment,1,1,0,1,913.94
EXP07517,Treatment,0,0,0,0,0.0
EXP07518,Control,1,1,0,1,745.58
EXP07519,Control,1,1,0,1,629.59
EXP07520,Control,1,1,0,1,1433.56
EXP07521,Treatment,1,1,0,1,970.86
EXP07522,Control,1,1,0,1,1438.63
EXP07523,Control,1,1,0,1,840.93
EXP07524,Control,1,1,0,1,474.03
EXP07525,Treatment,0,0,0,0,0.0
EXP07526,Control,1,1,0,1,692.43
EXP07527,Treatment,1,1,0,1,849.07
EXP07528,Control,1,1,0,1,734.48
EXP07529,Control,1,1,0,1,595.5
EXP07530,Control,1,1,1,0,0.0
EXP07531,Control,1,1,0,1,685.74
EXP07532,Treatment,1,1,0,1,451.68
EXP07533,Control,1,1,1,0,0.0
EXP07534,Control,1,0,0,0,0.0
EXP07535,Control,1,1,1,0,0.0
EXP07536,Control,1,1,0,1,602.86
EXP07537,Treatment,0,0,0,0,0.0
EXP07538,Treatment,1,1,0,1,1172.0
EXP07539,Control,1,1,0,1,547.92
EXP07540,Control,1,1,0,1,790.34
EXP07541,Treatment,0,0,0,0,0.0
EXP07542,Treatment,1,1,0,1,1271.16
EXP07543,Treatment,1,1,0,1,582.94
EXP07544,Control,0,0,0,0,0.0
EXP07545,Treatment,1,1,0,1,655.44
EXP07546,Treatment,1,1,0,1,532.6
EXP07547,Treatment,1,1,0,1,605.59
EXP07548,Control,1,1,0,1,1008.04
EXP07549,Treatment,1,1,0,1,855.93
EXP07550,Treatment,0,0,0,0,0.0
EXP07551,Control,1,1,0,1,756.72
EXP07552,Treatment,1,1,1,0,0.0
EXP07553,Control,1,1,0,1,1067.9
EXP07554,Treatment,1,1,0,1,883.23
EXP07555,Treatment,1,1,0,1,519.3
EXP07556,Treatment,1,1,0,1,1273.23
EXP07557,Control,1,1,0,1,549.09
EXP07558,Control,1,1,0,1,785.01
EXP07559,Treatment,1,1,0,1,653.0
EXP07560,Control,1,1,0,1,596.59
EXP07561,Treatment,1,1,0,1,785.77
EXP07562,Treatment,1,1,0,1,395.85
EXP07563,Treatment,1,1,0,1,1882.2
EXP07564,Treatment,1,1,0,1,986.03
EXP07565,Treatment,1,1,0,1,676.97
EXP07566,Control,1,1,0,1,857.73
EXP07567,Treatment,1,1,0,1,1034.97
EXP07568,Treatment,1,1,0,1,918.44
EXP07569,Treatment,1,1,0,1,543.91
EXP07570,Control,1,1,1,0,0.0
EXP07571,Control,1,1,0,1,519.73
EXP07572,Control,1,0,0,0,0.0
EXP07573,Treatment,1,1,0,1,582.98
EXP07574,Control,1,1,0,1,920.53
EXP07575,Control,1,1,0,1,590.54
EXP07576,Treatment,1,1,0,1,872.34
EXP07577,Treatment,1,1,0,1,1106.15
EXP07578,Control,1,1,0,1,756.1
EXP07579,Treatment,1,1,0,1,824.7
EXP07580,Control,0,0,0,0,0.0
EXP07581,Treatment,1,1,1,0,0.0
EXP07582,Control,1,1,0,1,920.92
EXP07583,Treatment,1,1,0,1,884.26
EXP07584,Control,1,1,0,1,646.52
EXP07585,Control,1,1,0,1,701.27
EXP07586,Treatment,1,1,0,1,1012.18
EXP07587,Treatment,1,1,0,1,578.31
EXP07588,Treatment,1,1,1,0,0.0
EXP07589,Treatment,1,1,0,1,539.66
EXP07590,Treatment,1,1,0,1,526.88
EXP07591,Control,1,1,0,1,790.09
EXP07592,Control,0,0,0,0,0.0
EXP07593,Control,1,1,0,1,633.88
EXP07594,Control,1,1,0,1,558.12
EXP07595,Control,1,1,0,1,383.41
EXP07596,Control,1,1,0,1,891.83
EXP07597,Treatment,1,0,0,0,0.0
EXP07598,Control,0,0,0,0,0.0
EXP07599,Control,1,1,0,1,714.95
EXP07600,Treatment,1,1,0,1,650.18
EXP07601,Control,1,1,0,1,1003.77
EXP07602,Treatment,1,1,0,1,588.75
EXP07603,Control,1,1,0,1,491.24
EXP07604,Treatment,1,1,0,1,801.99
EXP07605,Control,1,1,0,1,911.16
EXP07606,Treatment,1,1,0,1,909.12
EXP07607,Control,1,1,0,1,547.56
EXP07608,Treatment,1,1,0,1,846.22
EXP07609,Control,0,0,0,0,0.0
EXP07610,Control,0,0,0,0,0.0
EXP07611,Control,1,1,0,1,807.3
EXP07612,Control,1,1,1,0,0.0
EXP07613,Control,1,1,1,0,0.0
EXP07614,Control,1,1,0,1,633.45
EXP07615,Treatment,0,0,0,0,0.0
EXP07616,Control,1,1,0,1,1333.67
EXP07617,Control,1,1,0,1,749.05
EXP07618,Control,1,1,0,1,344.12
EXP07619,Treatment,1,1,0,1,915.9
EXP07620,Control,1,1,0,1,1569.35
EXP07621,Treatment,1,1,0,1,369.94
EXP07622,Control,0,0,0,0,0.0
EXP07623,Treatment,1,1,0,1,853.7
EXP07624,Treatment,1,1,0,1,715.46
EXP07625,Treatment,1,1,0,1,1137.02
EXP07626,Control,1,1,0,1,1353.45
EXP07627,Treatment,1,1,0,1,748.02
EXP07628,Control,1,1,0,1,580.23
EXP07629,Treatment,1,0,0,0,0.0
EXP07630,Treatment,1,1,0,1,591.93
EXP07631,Control,1,1,1,0,0.0
EXP07632,Control,0,0,0,0,0.0
EXP07633,Treatment,1,1,0,1,643.04
EXP07634,Control,1,1,0,1,755.33
EXP07635,Treatment,0,0,0,0,0.0
EXP07636,Control,1,1,0,1,827.77
EXP07637,Control,1,1,0,1,538.5
EXP07638,Control,1,1,1,0,0.0
EXP07639,Control,1,1,0,1,699.86
EXP07640,Treatment,1,0,0,0,0.0
EXP07641,Treatment,1,1,0,1,948.52
EXP07642,Treatment,1,1,0,1,1064.97
EXP07643,Treatment,0,0,0,0,0.0
EXP07644,Treatment,1,1,0,1,486.73
EXP07645,Control,1,1,0,1,582.98
EXP07646,Control,1,1,0,1,1256.77
EXP07647,Treatment,0,0,0,0,0.0
EXP07648,Treatment,1,1,0,1,1011.48
EXP07649,Control,1,0,0,0,0.0
EXP07650,Treatment,1,1,0,1,603.17
EXP07651,Control,1,1,0,1,812.87
EXP07652,Control,1,1,0,1,431.52
EXP07653,Control,1,1,0,1,406.06
EXP07654,Control,1,1,0,1,636.84
EXP07655,Treatment,1,1,0,1,485.56
EXP07656,Treatment,0,0,0,0,0.0
EXP07657,Control,1,1,1,0,0.0
EXP07658,Treatment,1,1,0,1,708.34
EXP07659,Treatment,0,0,0,0,0.0
EXP07660,Treatment,1,1,1,0,0.0
EXP07661,Treatment,1,1,0,1,1142.02
EXP07662,Control,0,0,0,0,0.0
EXP07663,Control,0,0,0,0,0.0
EXP07664,Treatment,1,1,0,1,839.5
EXP07665,Control,1,1,0,1,722.44
EXP07666,Treatment,1,1,0,1,1153.47
EXP07667,Treatment,1,1,1,0,0.0
EXP07668,Control,0,0,0,0,0.0
EXP07669,Treatment,0,0,0,0,0.0
EXP07670,Treatment,1,1,0,1,849.73
EXP07671,Control,1,1,0,1,612.62
EXP07672,Control,1,1,0,1,1642.07
EXP07673,Treatment,1,1,0,1,839.6
EXP07674,Treatment,1,1,0,1,955.83
EXP07675,Control,1,0,0,0,0.0
EXP07676,Control,0,0,0,0,0.0
EXP07677,Control,1,1,0,1,670.69
EXP07678,Control,1,1,0,1,767.59
EXP07679,Control,1,1,0,1,742.17
EXP07680,Treatment,1,1,0,1,1281.55
EXP07681,Control,1,1,0,1,792.51
EXP07682,Treatment,1,1,0,1,456.27
EXP07683,Control,1,1,1,0,0.0
EXP07684,Treatment,1,1,0,1,413.11
EXP07685,Control,0,0,0,0,0.0
EXP07686,Control,1,1,0,1,677.49
EXP07687,Control,1,1,0,1,793.63
EXP07688,Control,0,0,0,0,0.0
EXP07689,Treatment,1,1,0,1,813.05
EXP07690,Treatment,1,1,0,1,714.86
EXP07691,Control,1,0,0,0,0.0
EXP07692,Treatment,1,1,0,1,536.09
EXP07693,Treatment,1,1,0,1,711.47
EXP07694,Control,1,1,0,1,757.42
EXP07695,Treatment,1,1,0,1,682.73
EXP07696,Treatment,1,1,0,1,658.56
EXP07697,Control,1,1,0,1,763.0
EXP07698,Control,1,1,0,1,1217.3
EXP07699,Control,1,1,0,1,232.64
EXP07700,Control,1,1,0,1,832.8
EXP07701,Control,0,0,0,0,0.0
EXP07702,Treatment,1,0,0,0,0.0
EXP07703,Treatment,0,0,0,0,0.0
EXP07704,Control,0,0,0,0,0.0
EXP07705,Control,1,1,0,1,787.71
EXP07706,Control,1,1,0,1,684.26
EXP07707,Control,1,1,1,0,0.0
EXP07708,Control,1,1,0,1,850.31
EXP07709,Control,1,1,0,1,580.09
EXP07710,Treatment,1,1,0,1,811.96
EXP07711,Control,1,1,0,1,599.27
EXP07712,Treatment,1,1,0,1,775.32
EXP07713,Treatment,0,0,0,0,0.0
EXP07714,Control,1,1,1,0,0.0
EXP07715,Control,1,0,0,0,0.0
EXP07716,Control,1,1,1,0,0.0
EXP07717,Treatment,1,1,1,0,0.0
EXP07718,Control,1,1,1,0,0.0
EXP07719,Treatment,0,0,0,0,0.0
EXP07720,Control,1,1,0,1,787.2
EXP07721,Treatment,0,0,0,0,0.0
EXP07722,Control,1,1,1,0,0.0
EXP07723,Control,1,1,0,1,849.07
EXP07724,Treatment,1,1,0,1,407.63
EXP07725,Control,1,1,0,1,912.33
EXP07726,Control,1,1,0,1,713.19
EXP07727,Control,1,0,0,0,0.0
EXP07728,Control,1,1,0,1,870.61
EXP07729,Treatment,1,0,0,0,0.0
EXP07730,Control,1,1,0,1,1235.44
EXP07731,Control,1,1,0,1,1014.86
EXP07732,Control,1,1,0,1,925.54
EXP07733,Treatment,0,0,0,0,0.0
EXP07734,Control,1,1,0,1,643.93
EXP07735,Treatment,0,0,0,0,0.0
EXP07736,Treatment,1,1,0,1,1100.8
EXP07737,Control,1,1,0,1,675.25
EXP07738,Control,1,1,0,1,1036.04
EXP07739,Control,1,1,1,0,0.0
EXP07740,Control,1,1,0,1,650.85
EXP07741,Control,0,0,0,0,0.0
EXP07742,Control,1,1,0,1,681.72
EXP07743,Control,1,1,0,1,1019.72
EXP07744,Control,1,1,0,1,1407.82
EXP07745,Control,1,1,0,1,393.39
EXP07746,Treatment,1,1,0,1,1153.18
EXP07747,Treatment,1,1,0,1,715.5
EXP07748,Control,0,0,0,0,0.0
EXP07749,Treatment,1,1,0,1,928.01
EXP07750,Treatment,1,1,0,1,1019.38
EXP07751,Treatment,1,1,0,1,1171.93
EXP07752,Control,1,1,0,1,749.08
EXP07753,Treatment,1,1,0,1,1047.54
EXP07754,Treatment,1,1,0,1,841.1
EXP07755,Treatment,1,1,0,1,544.62
EXP07756,Treatment,1,1,0,1,865.11
EXP07757,Treatment,1,1,0,1,905.78
EXP07758,Treatment,0,0,0,0,0.0
EXP07759,Control,0,0,0,0,0.0
EXP07760,Treatment,1,1,0,1,521.39
EXP07761,Control,1,1,0,1,1100.76
EXP07762,Treatment,0,0,0,0,0.0
EXP07763,Control,1,1,0,1,318.21
EXP07764,Control,1,1,0,1,657.06
EXP07765,Control,0,0,0,0,0.0
EXP07766,Control,1,1,1,0,0.0
EXP07767,Control,1,1,0,1,822.31
EXP07768,Treatment,1,1,0,1,436.09
EXP07769,Control,1,1,0,1,465.79
EXP07770,Treatment,1,1,0,1,1428.69
EXP07771,Control,1,1,0,1,835.14
EXP07772,Control,1,1,0,1,556.14
EXP07773,Treatment,1,1,0,1,631.14
EXP07774,Treatment,1,1,0,1,824.79
EXP07775,Control,1,1,0,1,557.03
EXP07776,Treatment,1,1,0,1,994.56
EXP07777,Control,1,1,0,1,598.45
EXP07778,Control,1,1,0,1,758.93
EXP07779,Control,0,0,0,0,0.0
EXP07780,Control,1,1,1,0,0.0
EXP07781,Control,1,1,0,1,957.3
EXP07782,Treatment,1,1,1,0,0.0
EXP07783,Treatment,0,0,0,0,0.0
EXP07784,Treatment,0,0,0,0,0.0
EXP07785,Treatment,1,1,0,1,1006.77
EXP07786,Control,1,1,1,0,0.0
EXP07787,Treatment,1,1,0,1,937.3
EXP07788,Treatment,0,0,0,0,0.0
EXP07789,Treatment,1,1,0,1,553.27
EXP07790,Treatment,1,1,0,1,800.4
EXP07791,Control,1,0,0,0,0.0
EXP07792,Control,1,1,0,1,612.53
EXP07793,Control,0,0,0,0,0.0
EXP07794,Control,1,1,0,1,1407.87
EXP07795,Treatment,1,1,0,1,1054.35
EXP07796,Treatment,1,1,0,1,839.73
EXP07797,Treatment,1,1,1,0,0.0
EXP07798,Control,1,1,0,1,1013.52
EXP07799,Treatment,1,1,0,1,861.98
EXP07800,Control,1,1,0,1,907.23
EXP07801,Treatment,1,1,0,1,807.23
EXP07802,Control,1,1,1,0,0.0
EXP07803,Control,1,1,0,1,1017.69
EXP07804,Control,1,1,0,1,799.09
EXP07805,Control,1,1,0,1,910.01
EXP07806,Treatment,1,1,0,1,651.57
EXP07807,Control,0,0,0,0,0.0
EXP07808,Treatment,1,1,0,1,1573.1
EXP07809,Control,0,0,0,0,0.0
EXP07810,Treatment,1,1,0,1,662.67
EXP07811,Treatment,1,1,0,1,652.96
EXP07812,Control,0,0,0,0,0.0
EXP07813,Treatment,1,1,0,1,1054.33
EXP07814,Control,1,1,0,1,875.27
EXP07815,Control,1,1,0,1,681.32
EXP07816,Control,1,1,0,1,851.68
EXP07817,Control,1,1,0,1,1314.02
EXP07818,Treatment,1,0,0,0,0.0
EXP07819,Treatment,1,1,0,1,715.1
EXP07820,Treatment,1,1,0,1,975.14
EXP07821,Treatment,0,0,0,0,0.0
EXP07822,Treatment,1,1,0,1,440.87
EXP07823,Control,1,1,0,1,1163.82
EXP07824,Treatment,1,1,0,1,652.51
EXP07825,Control,1,1,0,1,907.17
EXP07826,Control,1,1,0,1,738.56
EXP07827,Treatment,1,1,0,1,811.07
EXP07828,Treatment,1,1,1,0,0.0
EXP07829,Control,1,0,0,0,0.0
EXP07830,Treatment,1,1,0,1,855.16
EXP07831,Treatment,0,0,0,0,0.0
EXP07832,Control,1,1,0,1,759.38
EXP07833,Treatment,1,1,0,1,486.08
EXP07834,Control,1,1,0,1,942.43
EXP07835,Treatment,1,1,0,1,665.34
EXP07836,Treatment,1,1,0,1,508.99
EXP07837,Treatment,1,1,0,1,531.97
EXP07838,Control,1,1,0,1,815.03
EXP07839,Control,1,1,0,1,962.52
EXP07840,Treatment,1,1,0,1,765.86
EXP07841,Control,1,1,0,1,980.7
EXP07842,Treatment,1,1,0,1,641.48
EXP07843,Control,1,1,0,1,944.19
EXP07844,Treatment,1,1,0,1,501.26
EXP07845,Control,1,1,1,0,0.0
EXP07846,Control,1,1,0,1,642.27
EXP07847,Treatment,0,0,0,0,0.0
EXP07848,Control,1,1,0,1,1133.91
EXP07849,Treatment,1,1,1,0,0.0
EXP07850,Control,1,1,0,1,917.23
EXP07851,Treatment,1,1,0,1,611.38
EXP07852,Control,1,1,0,1,689.38
EXP07853,Treatment,1,1,1,0,0.0
EXP07854,Treatment,1,1,0,1,787.69
EXP07855,Treatment,1,1,0,1,631.58
EXP07856,Treatment,0,0,0,0,0.0
EXP07857,Control,0,0,0,0,0.0
EXP07858,Control,1,1,0,1,1123.77
EXP07859,Treatment,1,0,0,0,0.0
EXP07860,Treatment,1,1,0,1,890.55
EXP07861,Control,1,1,1,0,0.0
EXP07862,Control,1,1,0,1,501.67
EXP07863,Treatment,1,1,0,1,995.96
EXP07864,Control,1,1,0,1,737.79
EXP07865,Control,0,0,0,0,0.0
EXP07866,Control,1,1,0,1,748.07
EXP07867,Control,1,1,0,1,703.51
EXP07868,Control,1,1,0,1,810.91
EXP07869,Treatment,1,1,1,0,0.0
EXP07870,Treatment,1,1,0,1,801.36
EXP07871,Treatment,0,0,0,0,0.0
EXP07872,Treatment,1,1,1,0,0.0
EXP07873,Control,1,1,0,1,389.49
EXP07874,Control,1,1,0,1,721.7
EXP07875,Treatment,1,1,0,1,1014.56
EXP07876,Control,0,0,0,0,0.0
EXP07877,Treatment,1,1,1,0,0.0
EXP07878,Control,1,0,0,0,0.0
EXP07879,Control,1,1,0,1,674.42
EXP07880,Control,1,1,0,1,605.72
EXP07881,Treatment,1,1,0,1,687.93
EXP07882,Control,1,1,0,1,680.9
EXP07883,Treatment,1,1,0,1,728.44
EXP07884,Treatment,1,1,0,1,728.61
EXP07885,Treatment,1,1,0,1,945.88
EXP07886,Control,1,1,0,1,779.37
EXP07887,Control,1,1,0,1,788.17
EXP07888,Treatment,0,0,0,0,0.0
EXP07889,Control,0,0,0,0,0.0
EXP07890,Treatment,0,0,0,0,0.0
EXP07891,Treatment,1,1,0,1,568.34
EXP07892,Control,0,0,0,0,0.0
EXP07893,Control,0,0,0,0,0.0
EXP07894,Treatment,1,1,0,1,645.62
EXP07895,Treatment,1,0,0,0,0.0
EXP07896,Control,1,1,0,1,1085.65
EXP07897,Control,0,0,0,0,0.0
EXP07898,Control,1,1,0,1,677.95
EXP07899,Treatment,1,1,1,0,0.0
EXP07900,Treatment,1,0,0,0,0.0
EXP07901,Control,0,0,0,0,0.0
EXP07902,Control,1,1,0,1,414.65
EXP07903,Treatment,1,1,0,1,677.22
EXP07904,Treatment,0,0,0,0,0.0
EXP07905,Control,1,1,0,1,588.78
EXP07906,Treatment,1,0,0,0,0.0
EXP07907,Control,1,1,0,1,688.06
EXP07908,Treatment,1,1,0,1,1023.03
EXP07909,Treatment,1,1,0,1,677.9
EXP07910,Control,0,0,0,0,0.0
EXP07911,Treatment,1,1,0,1,597.33
EXP07912,Control,1,1,0,1,653.87
EXP07913,Treatment,1,1,0,1,868.2
EXP07914,Control,1,1,0,1,674.29
EXP07915,Treatment,0,0,0,0,0.0
EXP07916,Treatment,0,0,0,0,0.0
EXP07917,Control,1,1,0,1,1887.66
EXP07918,Control,1,1,0,1,997.27
EXP07919,Treatment,0,0,0,0,0.0
EXP07920,Control,1,1,0,1,837.71
EXP07921,Treatment,1,1,0,1,924.25
EXP07922,Control,1,1,0,1,717.79
EXP07923,Control,0,0,0,0,0.0
EXP07924,Control,1,1,0,1,343.74
EXP07925,Treatment,0,0,0,0,0.0
EXP07926,Control,0,0,0,0,0.0
EXP07927,Treatment,0,0,0,0,0.0
EXP07928,Control,1,1,0,1,267.2
EXP07929,Treatment,1,1,0,1,1571.71
EXP07930,Treatment,0,0,0,0,0.0
EXP07931,Treatment,1,1,0,1,1074.56
EXP07932,Control,1,1,0,1,327.77
EXP07933,Control,1,1,0,1,1090.84
EXP07934,Control,1,1,0,1,1192.08
EXP07935,Control,1,1,0,1,613.59
EXP07936,Treatment,1,1,0,1,492.94
EXP07937,Treatment,1,1,0,1,828.59
EXP07938,Treatment,1,1,0,1,564.57
EXP07939,Control,1,1,0,1,747.75
EXP07940,Treatment,1,1,0,1,1178.46
EXP07941,Control,0,0,0,0,0.0
EXP07942,Treatment,1,1,0,1,1026.67
EXP07943,Control,1,1,0,1,1140.83
EXP07944,Treatment,1,1,0,1,997.82
EXP07945,Control,1,1,0,1,553.45
EXP07946,Treatment,1,1,1,0,0.0
EXP07947,Control,0,0,0,0,0.0
EXP07948,Control,1,1,0,1,1221.36
EXP07949,Control,0,0,0,0,0.0
EXP07950,Control,0,0,0,0,0.0
EXP07951,Control,1,1,0,1,803.06
EXP07952,Treatment,1,1,0,1,653.16
EXP07953,Control,1,1,0,1,1434.37
EXP07954,Treatment,1,1,0,1,868.09
EXP07955,Treatment,1,1,0,1,658.01
EXP07956,Treatment,1,1,0,1,747.83
EXP07957,Control,1,1,0,1,1310.74
EXP07958,Treatment,1,1,0,1,707.58
EXP07959,Control,1,1,0,1,761.39
EXP07960,Control,1,1,0,1,893.79
EXP07961,Treatment,0,0,0,0,0.0
EXP07962,Control,1,1,0,1,889.46
EXP07963,Treatment,1,1,0,1,736.71
EXP07964,Treatment,1,1,0,1,906.56
EXP07965,Treatment,1,1,0,1,425.47
EXP07966,Control,1,1,0,1,1218.5
EXP07967,Treatment,1,1,0,1,930.79
EXP07968,Control,0,0,0,0,0.0
EXP07969,Control,1,1,0,1,583.45
EXP07970,Control,1,1,0,1,873.68
EXP07971,Treatment,1,1,0,1,710.32
EXP07972,Treatment,0,0,0,0,0.0
EXP07973,Control,1,1,0,1,675.05
EXP07974,Control,1,1,0,1,1401.2
EXP07975,Treatment,1,1,0,1,851.59
EXP07976,Control,1,1,0,1,999.51
EXP07977,Treatment,1,1,0,1,807.8
EXP07978,Treatment,1,1,1,0,0.0
EXP07979,Treatment,1,1,0,1,838.9
EXP07980,Treatment,0,0,0,0,0.0
EXP07981,Treatment,1,1,0,1,1482.69
EXP07982,Control,1,1,0,1,822.25
EXP07983,Control,1,1,0,1,691.49
EXP07984,Treatment,1,1,0,1,723.86
EXP07985,Control,0,0,0,0,0.0
EXP07986,Control,1,1,0,1,708.57
EXP07987,Control,0,0,0,0,0.0
EXP07988,Treatment,0,0,0,0,0.0
EXP07989,Treatment,1,1,0,1,832.84
EXP07990,Treatment,1,1,0,1,682.18
EXP07991,Treatment,1,1,0,1,552.26
EXP07992,Treatment,1,1,1,0,0.0
EXP07993,Control,1,1,0,1,496.23
EXP07994,Treatment,1,1,0,1,925.7
EXP07995,Treatment,1,1,0,1,1024.81
EXP07996,Control,1,1,0,1,424.89
EXP07997,Control,1,1,0,1,1305.56
EXP07998,Control,1,1,0,1,894.68
EXP07999,Control,1,1,0,1,658.36
EXP08000,Control,1,1,0,1,651.81
EXP08001,Control,0,0,0,0,0.0
EXP08002,Treatment,1,1,0,1,699.15
EXP08003,Treatment,1,1,0,1,886.7
EXP08004,Treatment,1,1,0,1,778.69
EXP08005,Treatment,1,1,0,1,978.06
EXP08006,Control,1,1,1,0,0.0
EXP08007,Treatment,1,1,0,1,899.56
EXP08008,Control,1,1,0,1,342.15
EXP08009,Treatment,1,1,0,1,823.24
EXP08010,Control,1,1,0,1,958.03
EXP08011,Treatment,1,1,1,0,0.0
EXP08012,Control,0,0,0,0,0.0
EXP08013,Treatment,1,1,0,1,1090.73
EXP08014,Treatment,0,0,0,0,0.0
EXP08015,Control,1,1,0,1,862.14
EXP08016,Treatment,1,1,0,1,1633.36
EXP08017,Treatment,1,1,0,1,289.35
EXP08018,Control,1,1,0,1,854.44
EXP08019,Control,1,1,0,1,816.72
EXP08020,Control,0,0,0,0,0.0
EXP08021,Control,1,1,0,1,1016.59
EXP08022,Control,1,1,0,1,718.74
EXP08023,Control,0,0,0,0,0.0
EXP08024,Treatment,1,1,0,1,635.52
EXP08025,Treatment,1,1,0,1,513.17
EXP08026,Treatment,1,1,0,1,700.85
EXP08027,Control,1,1,0,1,766.46
EXP08028,Control,1,1,0,1,850.01
EXP08029,Control,1,1,0,1,1049.72
EXP08030,Control,1,1,0,1,1049.57
EXP08031,Control,1,1,0,1,956.88
EXP08032,Treatment,1,1,0,1,522.35
EXP08033,Control,0,0,0,0,0.0
EXP08034,Control,1,1,1,0,0.0
EXP08035,Control,1,1,0,1,362.25
EXP08036,Treatment,1,1,0,1,698.95
EXP08037,Control,1,1,0,1,808.61
EXP08038,Control,1,1,0,1,517.42
EXP08039,Treatment,0,0,0,0,0.0
EXP08040,Treatment,0,0,0,0,0.0
EXP08041,Control,1,1,1,0,0.0
EXP08042,Treatment,1,1,0,1,495.14
EXP08043,Control,1,1,0,1,845.59
EXP08044,Control,1,1,0,1,1016.36
EXP08045,Treatment,1,1,0,1,745.64
EXP08046,Treatment,1,1,0,1,614.2
EXP08047,Control,1,1,0,1,553.51
EXP08048,Treatment,1,1,0,1,1111.17
EXP08049,Treatment,1,1,0,1,614.11
EXP08050,Control,1,1,0,1,566.92
EXP08051,Control,1,1,0,1,1168.15
EXP08052,Control,1,1,1,0,0.0
EXP08053,Control,1,1,0,1,386.34
EXP08054,Control,1,1,0,1,800.27
EXP08055,Treatment,1,1,0,1,907.65
EXP08056,Control,1,1,0,1,919.11
EXP08057,Control,1,1,0,1,1022.6
EXP08058,Control,1,1,0,1,695.73
EXP08059,Treatment,1,1,0,1,368.29
EXP08060,Treatment,1,0,0,0,0.0
EXP08061,Treatment,1,1,0,1,1139.74
EXP08062,Treatment,0,0,0,0,0.0
EXP08063,Treatment,1,1,0,1,1028.15
EXP08064,Treatment,0,0,0,0,0.0
EXP08065,Control,1,1,0,1,691.56
EXP08066,Treatment,0,0,0,0,0.0
EXP08067,Treatment,0,0,0,0,0.0
EXP08068,Treatment,1,1,1,0,0.0
EXP08069,Treatment,1,1,0,1,689.69
EXP08070,Control,1,1,0,1,446.81
EXP08071,Treatment,1,1,0,1,660.96
EXP08072,Control,1,1,0,1,1397.94
EXP08073,Treatment,1,1,0,1,800.48
EXP08074,Control,1,1,0,1,794.76
EXP08075,Treatment,1,1,0,1,1034.25
EXP08076,Treatment,1,1,0,1,1120.81
EXP08077,Treatment,1,1,0,1,1026.86
EXP08078,Treatment,1,1,0,1,721.96
EXP08079,Control,1,1,0,1,457.13
EXP08080,Control,0,0,0,0,0.0
EXP08081,Control,1,1,0,1,530.39
EXP08082,Treatment,1,1,0,1,601.89
EXP08083,Control,1,1,0,1,425.58
EXP08084,Treatment,1,1,0,1,840.22
EXP08085,Control,1,1,0,1,936.84
EXP08086,Control,0,0,0,0,0.0
EXP08087,Treatment,1,1,0,1,937.72
EXP08088,Control,1,1,0,1,1138.8
EXP08089,Treatment,1,1,0,1,524.43
EXP08090,Treatment,1,1,0,1,953.18
EXP08091,Treatment,1,1,0,1,545.3
EXP08092,Control,1,1,0,1,1004.19
EXP08093,Treatment,0,0,0,0,0.0
EXP08094,Treatment,1,1,0,1,779.19
EXP08095,Treatment,1,1,0,1,381.87
EXP08096,Control,1,1,0,1,702.44
EXP08097,Control,1,0,0,0,0.0
EXP08098,Control,0,0,0,0,0.0
EXP08099,Control,1,1,0,1,820.64
EXP08100,Treatment,0,0,0,0,0.0
EXP08101,Control,1,1,0,1,431.65
EXP08102,Control,0,0,0,0,0.0
EXP08103,Treatment,1,1,0,1,534.45
EXP08104,Treatment,1,1,0,1,732.91
EXP08105,Control,1,1,0,1,926.24
EXP08106,Control,1,0,0,0,0.0
EXP08107,Control,1,1,0,1,646.97
EXP08108,Treatment,1,1,0,1,898.21
EXP08109,Treatment,1,1,0,1,686.07
EXP08110,Treatment,1,1,0,1,675.45
EXP08111,Treatment,1,1,0,1,622.85
EXP08112,Treatment,1,1,0,1,770.35
EXP08113,Control,0,0,0,0,0.0
EXP08114,Treatment,1,1,0,1,1191.38
EXP08115,Control,0,0,0,0,0.0
EXP08116,Treatment,1,1,0,1,379.63
EXP08117,Treatment,1,1,0,1,609.54
EXP08118,Control,1,1,0,1,1108.12
EXP08119,Control,1,1,0,1,679.53
EXP08120,Control,1,1,0,1,923.53
EXP08121,Treatment,1,1,0,1,758.41
EXP08122,Treatment,0,0,0,0,0.0
EXP08123,Control,0,0,0,0,0.0
EXP08124,Treatment,1,1,0,1,1089.12
EXP08125,Treatment,1,1,0,1,826.07
EXP08126,Control,1,1,0,1,574.98
EXP08127,Control,0,0,0,0,0.0
EXP08128,Control,1,1,1,0,0.0
EXP08129,Treatment,1,1,0,1,1157.4
EXP08130,Control,1,1,0,1,744.04
EXP08131,Control,1,1,0,1,802.61
EXP08132,Control,1,0,0,0,0.0
EXP08133,Control,1,1,0,1,677.79
EXP08134,Control,1,1,1,0,0.0
EXP08135,Control,1,1,0,1,1017.54
EXP08136,Treatment,0,0,0,0,0.0
EXP08137,Treatment,1,1,0,1,873.3
EXP08138,Control,1,1,0,1,1032.72
EXP08139,Control,1,1,0,1,900.73
EXP08140,Control,1,1,0,1,507.75
EXP08141,Control,0,0,0,0,0.0
EXP08142,Treatment,1,1,0,1,891.59
EXP08143,Control,1,1,0,1,1050.06
EXP08144,Control,1,1,0,1,693.83
EXP08145,Treatment,0,0,0,0,0.0
EXP08146,Control,0,0,0,0,0.0
EXP08147,Treatment,0,0,0,0,0.0
EXP08148,Treatment,1,1,0,1,892.92
EXP08149,Treatment,0,0,0,0,0.0
EXP08150,Treatment,1,0,0,0,0.0
EXP08151,Treatment,1,1,0,1,1061.3
EXP08152,Control,1,1,0,1,776.14
EXP08153,Control,1,0,0,0,0.0
EXP08154,Control,1,1,0,1,886.75
EXP08155,Control,1,0,0,0,0.0
EXP08156,Control,1,1,0,1,892.55
EXP08157,Treatment,1,1,1,0,0.0
EXP08158,Control,1,1,0,1,558.95
EXP08159,Control,1,1,1,0,0.0
EXP08160,Treatment,1,1,0,1,504.79
EXP08161,Control,1,1,0,1,685.44
EXP08162,Control,1,1,0,1,781.4
EXP08163,Treatment,1,1,0,1,666.01
EXP08164,Control,1,1,0,1,547.99
EXP08165,Treatment,1,1,0,1,945.84
EXP08166,Treatment,1,1,0,1,733.11
EXP08167,Treatment,1,1,0,1,427.58
EXP08168,Treatment,1,1,0,1,459.3
EXP08169,Treatment,0,0,0,0,0.0
EXP08170,Control,1,1,0,1,711.84
EXP08171,Control,1,1,0,1,1034.26
EXP08172,Treatment,1,1,0,1,377.06
EXP08173,Control,1,1,0,1,679.14
EXP08174,Control,1,1,0,1,1115.2
EXP08175,Control,0,0,0,0,0.0
EXP08176,Treatment,1,0,0,0,0.0
EXP08177,Treatment,0,0,0,0,0.0
EXP08178,Control,1,1,0,1,946.47
EXP08179,Control,1,1,0,1,854.59
EXP08180,Control,1,1,0,1,601.15
EXP08181,Control,1,1,0,1,607.71
EXP08182,Control,1,1,0,1,352.07
EXP08183,Control,1,1,0,1,898.28
EXP08184,Treatment,1,1,1,0,0.0
EXP08185,Control,1,1,0,1,1122.46
EXP08186,Control,1,1,0,1,1229.15
EXP08187,Treatment,1,1,0,1,873.24
EXP08188,Control,1,1,0,1,1176.79
EXP08189,Control,1,1,1,0,0.0
EXP08190,Control,1,1,0,1,463.18
EXP08191,Treatment,1,1,0,1,578.74
EXP08192,Control,1,1,0,1,1057.15
EXP08193,Treatment,1,1,0,1,933.11
EXP08194,Control,1,1,0,1,518.65
EXP08195,Control,1,1,0,1,824.82
EXP08196,Treatment,1,1,1,0,0.0
EXP08197,Treatment,1,1,0,1,695.02
EXP08198,Treatment,0,0,0,0,0.0
EXP08199,Control,0,0,0,0,0.0
EXP08200,Treatment,1,1,1,0,0.0
EXP08201,Control,0,0,0,0,0.0
EXP08202,Control,1,1,0,1,817.11
EXP08203,Control,1,1,0,1,627.18
EXP08204,Treatment,1,1,0,1,566.13
EXP08205,Treatment,1,1,0,1,518.56
EXP08206,Treatment,1,1,0,1,455.17
EXP08207,Treatment,1,1,0,1,539.65
EXP08208,Treatment,1,1,0,1,505.19
EXP08209,Treatment,1,1,1,0,0.0
EXP08210,Control,1,1,0,1,669.28
EXP08211,Control,1,1,0,1,886.04
EXP08212,Control,1,1,0,1,916.54
EXP08213,Treatment,1,1,0,1,525.53
EXP08214,Control,1,1,0,1,1029.67
EXP08215,Control,1,1,0,1,947.81
EXP08216,Control,1,1,0,1,855.46
EXP08217,Treatment,1,1,0,1,1349.47
EXP08218,Treatment,0,0,0,0,0.0
EXP08219,Control,0,0,0,0,0.0
EXP08220,Treatment,1,1,0,1,1294.99
EXP08221,Control,1,1,0,1,820.95
EXP08222,Control,1,1,0,1,1319.46
EXP08223,Control,1,1,0,1,601.08
EXP08224,Control,1,1,1,0,0.0
EXP08225,Treatment,1,1,0,1,1780.37
EXP08226,Treatment,1,1,1,0,0.0
EXP08227,Control,0,0,0,0,0.0
EXP08228,Treatment,1,1,0,1,538.84
EXP08229,Treatment,1,1,0,1,794.28
EXP08230,Treatment,1,1,0,1,896.44
EXP08231,Control,0,0,0,0,0.0
EXP08232,Treatment,1,1,0,1,894.83
EXP08233,Treatment,0,0,0,0,0.0
EXP08234,Treatment,1,1,0,1,831.94
EXP08235,Treatment,1,1,0,1,963.6
EXP08236,Control,0,0,0,0,0.0
EXP08237,Control,1,1,0,1,484.01
EXP08238,Treatment,0,0,0,0,0.0
EXP08239,Control,0,0,0,0,0.0
EXP08240,Treatment,1,1,0,1,710.26
EXP08241,Control,0,0,0,0,0.0
EXP08242,Treatment,1,1,0,1,880.97
EXP08243,Treatment,1,1,0,1,443.5
EXP08244,Control,1,1,0,1,680.28
EXP08245,Treatment,1,1,0,1,879.99
EXP08246,Treatment,1,1,0,1,842.91
EXP08247,Treatment,1,1,0,1,912.58
EXP08248,Treatment,1,1,1,0,0.0
EXP08249,Treatment,0,0,0,0,0.0
EXP08250,Treatment,1,1,0,1,454.18
EXP08251,Treatment,1,1,0,1,1242.96
EXP08252,Control,1,1,0,1,602.02
EXP08253,Control,1,1,0,1,785.85
EXP08254,Treatment,1,1,0,1,1124.96
EXP08255,Control,1,1,0,1,714.49
EXP08256,Control,1,1,0,1,1102.07
EXP08257,Control,0,0,0,0,0.0
EXP08258,Control,0,0,0,0,0.0
EXP08259,Control,1,1,0,1,959.58
EXP08260,Control,1,1,0,1,952.81
EXP08261,Treatment,1,1,0,1,485.88
EXP08262,Control,1,1,1,0,0.0
EXP08263,Control,1,1,0,1,1784.96
EXP08264,Control,1,0,0,0,0.0
EXP08265,Treatment,1,1,0,1,1044.64
EXP08266,Control,1,1,0,1,892.93
EXP08267,Control,1,1,0,1,940.98
EXP08268,Treatment,1,1,0,1,774.68
EXP08269,Treatment,1,1,0,1,792.9
EXP08270,Treatment,1,1,1,0,0.0
EXP08271,Treatment,1,1,0,1,574.12
EXP08272,Treatment,1,1,0,1,595.55
EXP08273,Control,1,1,0,1,717.21
EXP08274,Control,0,0,0,0,0.0
EXP08275,Control,0,0,0,0,0.0
EXP08276,Control,0,0,0,0,0.0
EXP08277,Treatment,1,1,0,1,690.39
EXP08278,Control,1,1,0,1,976.32
EXP08279,Control,1,1,0,1,319.05
EXP08280,Control,0,0,0,0,0.0
EXP08281,Control,1,1,0,1,574.96
EXP08282,Control,1,1,0,1,667.66
EXP08283,Treatment,1,1,0,1,817.31
EXP08284,Control,1,1,0,1,666.23
EXP08285,Treatment,0,0,0,0,0.0
EXP08286,Treatment,1,1,0,1,777.8
EXP08287,Treatment,0,0,0,0,0.0
EXP08288,Control,1,1,0,1,737.98
EXP08289,Treatment,1,0,0,0,0.0
EXP08290,Treatment,1,1,0,1,652.25
EXP08291,Control,1,1,0,1,762.48
EXP08292,Control,1,1,0,1,1151.08
EXP08293,Treatment,1,1,0,1,697.42
EXP08294,Control,1,1,0,1,647.4
EXP08295,Control,1,1,0,1,578.12
EXP08296,Control,0,0,0,0,0.0
EXP08297,Control,0,0,0,0,0.0
EXP08298,Treatment,1,0,0,0,0.0
EXP08299,Control,1,1,1,0,0.0
EXP08300,Control,1,1,0,1,661.97
EXP08301,Treatment,1,1,0,1,701.95
EXP08302,Treatment,0,0,0,0,0.0
EXP08303,Control,0,0,0,0,0.0
EXP08304,Treatment,1,1,0,1,726.04
EXP08305,Treatment,1,1,0,1,725.73
EXP08306,Treatment,1,1,0,1,902.99
EXP08307,Treatment,1,0,0,0,0.0
EXP08308,Treatment,1,1,0,1,647.88
EXP08309,Control,1,1,0,1,696.15
EXP08310,Treatment,1,1,0,1,1244.07
EXP08311,Control,1,1,0,1,493.34
EXP08312,Treatment,1,1,0,1,998.72
EXP08313,Control,1,1,0,1,962.57
EXP08314,Treatment,1,1,0,1,820.58
EXP08315,Control,1,1,0,1,472.59
EXP08316,Treatment,1,1,0,1,1005.58
EXP08317,Treatment,1,0,0,0,0.0
EXP08318,Control,1,1,1,0,0.0
EXP08319,Control,1,1,0,1,709.93
EXP08320,Treatment,1,1,0,1,581.67
EXP08321,Control,1,1,0,1,566.25
EXP08322,Control,1,1,0,1,1201.28
EXP08323,Treatment,0,0,0,0,0.0
EXP08324,Treatment,1,1,1,0,0.0
EXP08325,Control,1,1,0,1,707.16
EXP08326,Control,1,1,0,1,997.31
EXP08327,Treatment,1,1,0,1,464.51
EXP08328,Treatment,1,1,0,1,591.79
EXP08329,Treatment,1,1,0,1,910.46
EXP08330,Control,0,0,0,0,0.0
EXP08331,Control,1,1,0,1,730.42
EXP08332,Control,1,1,0,1,786.39
EXP08333,Treatment,1,1,0,1,715.18
EXP08334,Control,1,1,0,1,731.06
EXP08335,Control,0,0,0,0,0.0
EXP08336,Treatment,0,0,0,0,0.0
EXP08337,Treatment,0,0,0,0,0.0
EXP08338,Treatment,0,0,0,0,0.0
EXP08339,Control,1,1,0,1,598.21
EXP08340,Treatment,1,1,0,1,758.23
EXP08341,Treatment,1,1,0,1,707.81
EXP08342,Treatment,1,1,0,1,662.16
EXP08343,Treatment,1,1,0,1,553.51
EXP08344,Treatment,1,1,0,1,390.52
EXP08345,Control,1,1,1,0,0.0
EXP08346,Treatment,0,0,0,0,0.0
EXP08347,Control,1,1,0,1,1142.8
EXP08348,Treatment,1,1,0,1,965.16
EXP08349,Treatment,1,1,0,1,589.95
EXP08350,Treatment,1,1,0,1,979.2
EXP08351,Treatment,1,1,0,1,872.16
EXP08352,Treatment,0,0,0,0,0.0
EXP08353,Control,1,1,0,1,648.03
EXP08354,Control,1,1,0,1,1406.84
EXP08355,Treatment,1,1,0,1,565.44
EXP08356,Control,1,1,0,1,587.06
EXP08357,Treatment,0,0,0,0,0.0
EXP08358,Control,1,1,0,1,982.75
EXP08359,Treatment,1,1,0,1,653.5
EXP08360,Treatment,1,1,0,1,1267.16
EXP08361,Treatment,1,1,0,1,1167.54
EXP08362,Control,1,1,0,1,531.93
EXP08363,Treatment,1,1,0,1,888.5
EXP08364,Control,1,1,0,1,748.91
EXP08365,Treatment,1,1,0,1,1020.84
EXP08366,Control,1,1,0,1,613.73
EXP08367,Treatment,1,1,0,1,1705.44
EXP08368,Control,1,1,1,0,0.0
EXP08369,Treatment,1,1,0,1,689.18
EXP08370,Treatment,1,1,0,1,563.95
EXP08371,Treatment,0,0,0,0,0.0
EXP08372,Control,1,1,0,1,752.06
EXP08373,Control,1,1,0,1,1388.72
EXP08374,Control,1,1,0,1,605.92
EXP08375,Control,1,1,0,1,470.49
EXP08376,Treatment,1,1,0,1,722.79
EXP08377,Treatment,0,0,0,0,0.0
EXP08378,Treatment,0,0,0,0,0.0
EXP08379,Treatment,1,0,0,0,0.0
EXP08380,Treatment,0,0,0,0,0.0
EXP08381,Treatment,1,1,0,1,1104.42
EXP08382,Treatment,1,1,0,1,811.57
EXP08383,Treatment,1,1,0,1,569.2
EXP08384,Control,0,0,0,0,0.0
EXP08385,Control,1,1,1,0,0.0
EXP08386,Control,1,1,0,1,392.57
EXP08387,Control,1,1,0,1,860.82
EXP08388,Treatment,1,1,1,0,0.0
EXP08389,Control,1,1,0,1,515.92
EXP08390,Treatment,1,1,0,1,1141.22
EXP08391,Control,0,0,0,0,0.0
EXP08392,Treatment,1,1,0,1,1022.29
EXP08393,Treatment,1,1,0,1,302.46
EXP08394,Control,1,1,0,1,879.41
EXP08395,Control,1,1,0,1,810.52
EXP08396,Treatment,1,1,0,1,982.58
EXP08397,Treatment,1,1,0,1,1491.73
EXP08398,Control,1,1,0,1,1022.55
EXP08399,Treatment,1,1,1,0,0.0
EXP08400,Control,1,1,0,1,535.43
EXP08401,Treatment,0,0,0,0,0.0
EXP08402,Treatment,1,1,0,1,1268.0
EXP08403,Treatment,1,0,0,0,0.0
EXP08404,Control,1,1,0,1,1097.27
EXP08405,Treatment,1,1,0,1,1007.6
EXP08406,Treatment,1,1,0,1,645.38
EXP08407,Control,1,1,0,1,1102.58
EXP08408,Treatment,1,1,0,1,1025.43
EXP08409,Treatment,0,0,0,0,0.0
EXP08410,Treatment,1,1,0,1,1152.52
EXP08411,Control,1,1,0,1,741.1
EXP08412,Treatment,1,0,0,0,0.0
EXP08413,Treatment,1,1,0,1,529.44
EXP08414,Treatment,1,1,0,1,705.34
EXP08415,Treatment,1,1,0,1,938.06
EXP08416,Treatment,1,1,0,1,1053.8
EXP08417,Control,1,1,0,1,569.32
EXP08418,Control,1,1,0,1,719.68
EXP08419,Control,1,1,0,1,701.5
EXP08420,Treatment,0,0,0,0,0.0
EXP08421,Control,1,1,0,1,879.16
EXP08422,Control,1,1,1,0,0.0
EXP08423,Treatment,0,0,0,0,0.0
EXP08424,Control,0,0,0,0,0.0
EXP08425,Control,0,0,0,0,0.0
EXP08426,Control,1,1,0,1,1021.25
EXP08427,Treatment,1,1,0,1,1035.42
EXP08428,Treatment,1,1,0,1,647.67
EXP08429,Control,1,1,0,1,988.59
EXP08430,Control,1,1,0,1,1501.37
EXP08431,Treatment,1,1,0,1,477.52
EXP08432,Control,1,1,0,1,453.26
EXP08433,Control,1,1,0,1,883.14
EXP08434,Treatment,1,1,0,1,773.1
EXP08435,Control,1,1,0,1,533.67
EXP08436,Control,1,1,0,1,917.08
EXP08437,Treatment,1,1,1,0,0.0
EXP08438,Control,1,1,1,0,0.0
EXP08439,Treatment,1,1,0,1,885.7
EXP08440,Control,1,0,0,0,0.0
EXP08441,Control,1,1,0,1,1252.85
EXP08442,Treatment,0,0,0,0,0.0
EXP08443,Treatment,1,1,0,1,483.13
EXP08444,Control,1,1,1,0,0.0
EXP08445,Treatment,1,1,0,1,854.49
EXP08446,Treatment,0,0,0,0,0.0
EXP08447,Control,1,1,1,0,0.0
EXP08448,Treatment,1,1,0,1,1027.13
EXP08449,Treatment,1,1,0,1,946.66
EXP08450,Control,0,0,0,0,0.0
EXP08451,Control,1,1,1,0,0.0
EXP08452,Control,1,1,0,1,734.62
EXP08453,Control,1,1,0,1,454.8
EXP08454,Treatment,1,1,0,1,789.61
EXP08455,Treatment,1,1,0,1,902.0
EXP08456,Treatment,1,1,0,1,414.29
EXP08457,Control,0,0,0,0,0.0
EXP08458,Control,1,1,0,1,951.67
EXP08459,Treatment,1,1,0,1,1037.74
EXP08460,Control,1,1,0,1,573.27
EXP08461,Control,1,1,0,1,770.41
EXP08462,Treatment,1,1,0,1,1052.68
EXP08463,Control,1,1,0,1,663.44
EXP08464,Treatment,1,1,0,1,1080.79
EXP08465,Control,1,1,0,1,775.15
EXP08466,Control,1,1,0,1,1115.92
EXP08467,Control,1,1,0,1,962.65
EXP08468,Control,0,0,0,0,0.0
EXP08469,Treatment,1,1,0,1,798.08
EXP08470,Control,1,1,0,1,499.45
EXP08471,Treatment,0,0,0,0,0.0
EXP08472,Treatment,0,0,0,0,0.0
EXP08473,Control,1,1,0,1,1331.3
EXP08474,Treatment,1,1,0,1,1863.01
EXP08475,Treatment,1,1,1,0,0.0
EXP08476,Control,1,1,0,1,841.38
EXP08477,Treatment,1,1,0,1,921.47
EXP08478,Treatment,1,1,0,1,1032.14
EXP08479,Treatment,0,0,0,0,0.0
EXP08480,Control,1,1,0,1,1118.12
EXP08481,Control,1,1,0,1,756.17
EXP08482,Control,1,1,0,1,667.82
EXP08483,Control,0,0,0,0,0.0
EXP08484,Treatment,1,1,1,0,0.0
EXP08485,Treatment,1,1,0,1,765.64
EXP08486,Treatment,1,1,1,0,0.0
EXP08487,Treatment,1,1,0,1,932.43
EXP08488,Control,1,1,1,0,0.0
EXP08489,Control,1,1,0,1,1082.37
EXP08490,Treatment,1,1,0,1,486.76
EXP08491,Treatment,1,1,0,1,1189.52
EXP08492,Control,1,1,0,1,545.25
EXP08493,Control,1,1,1,0,0.0
EXP08494,Control,0,0,0,0,0.0
EXP08495,Control,1,1,0,1,739.8
EXP08496,Control,0,0,0,0,0.0
EXP08497,Control,1,1,0,1,650.84
EXP08498,Control,0,0,0,0,0.0
EXP08499,Treatment,1,1,0,1,724.03
EXP08500,Control,1,1,0,1,490.88
EXP08501,Control,1,1,0,1,2147.9
EXP08502,Control,0,0,0,0,0.0
EXP08503,Control,1,0,0,0,0.0
EXP08504,Treatment,1,1,0,1,805.59
EXP08505,Treatment,1,1,0,1,651.03
EXP08506,Treatment,1,1,0,1,445.51
EXP08507,Control,1,1,0,1,1230.99
EXP08508,Control,1,1,0,1,849.02
EXP08509,Treatment,1,1,0,1,1100.22
EXP08510,Control,1,1,0,1,618.96
EXP08511,Control,1,1,0,1,876.46
EXP08512,Treatment,1,1,0,1,1339.87
EXP08513,Treatment,1,1,0,1,497.19
EXP08514,Control,0,0,0,0,0.0
EXP08515,Treatment,1,1,0,1,521.53
EXP08516,Treatment,1,1,0,1,625.51
EXP08517,Control,0,0,0,0,0.0
EXP08518,Treatment,1,0,0,0,0.0
EXP08519,Treatment,1,1,0,1,1047.43
EXP08520,Control,1,1,0,1,612.83
EXP08521,Control,1,1,0,1,1148.02
EXP08522,Control,1,1,1,0,0.0
EXP08523,Control,1,1,0,1,724.07
EXP08524,Control,1,1,0,1,646.29
EXP08525,Control,1,1,0,1,566.03
EXP08526,Treatment,1,1,0,1,704.7
EXP08527,Treatment,1,1,0,1,680.54
EXP08528,Control,1,1,0,1,877.94
EXP08529,Control,1,1,0,1,1463.47
EXP08530,Control,0,0,0,0,0.0
EXP08531,Control,1,1,0,1,847.87
EXP08532,Treatment,1,1,0,1,1137.91
EXP08533,Treatment,1,1,0,1,1231.5
EXP08534,Treatment,1,1,0,1,623.92
EXP08535,Treatment,1,1,0,1,1299.03
EXP08536,Treatment,1,1,0,1,1312.45
EXP08537,Treatment,1,1,0,1,590.4
EXP08538,Treatment,1,0,0,0,0.0
EXP08539,Treatment,1,0,0,0,0.0
EXP08540,Control,0,0,0,0,0.0
EXP08541,Control,1,1,0,1,550.05
EXP08542,Treatment,1,1,1,0,0.0
EXP08543,Control,1,1,0,1,676.63
EXP08544,Treatment,1,0,0,0,0.0
EXP08545,Control,1,1,0,1,1033.12
EXP08546,Treatment,1,1,0,1,1004.82
EXP08547,Control,1,1,1,0,0.0
EXP08548,Control,1,1,0,1,547.41
EXP08549,Treatment,1,1,0,1,796.26
EXP08550,Treatment,1,1,0,1,1173.79
EXP08551,Control,1,1,0,1,523.98
EXP08552,Control,1,1,0,1,1456.72
EXP08553,Control,1,1,0,1,754.76
EXP08554,Treatment,1,1,0,1,1180.1
EXP08555,Control,0,0,0,0,0.0
EXP08556,Control,0,0,0,0,0.0
EXP08557,Treatment,1,1,0,1,931.9
EXP08558,Control,1,1,0,1,541.12
EXP08559,Control,0,0,0,0,0.0
EXP08560,Control,1,1,0,1,724.51
EXP08561,Treatment,1,1,0,1,1033.72
EXP08562,Control,1,1,0,1,574.59
EXP08563,Control,1,1,0,1,670.29
EXP08564,Control,0,0,0,0,0.0
EXP08565,Control,1,1,1,0,0.0
EXP08566,Treatment,1,1,0,1,698.66
EXP08567,Control,1,1,1,0,0.0
EXP08568,Treatment,1,1,1,0,0.0
EXP08569,Control,1,1,0,1,521.22
EXP08570,Treatment,1,1,0,1,628.39
EXP08571,Control,1,1,0,1,472.27
EXP08572,Treatment,1,1,0,1,490.77
EXP08573,Control,1,1,0,1,709.72
EXP08574,Treatment,1,1,0,1,1162.84
EXP08575,Treatment,0,0,0,0,0.0
EXP08576,Treatment,1,1,0,1,381.68
EXP08577,Treatment,1,1,0,1,625.3
EXP08578,Control,1,1,1,0,0.0
EXP08579,Treatment,1,1,0,1,540.4
EXP08580,Treatment,1,1,0,1,1085.32
EXP08581,Treatment,1,1,0,1,747.8
EXP08582,Treatment,0,0,0,0,0.0
EXP08583,Treatment,1,1,0,1,778.64
EXP08584,Treatment,0,0,0,0,0.0
EXP08585,Treatment,1,1,0,1,916.21
EXP08586,Control,1,1,0,1,626.98
EXP08587,Control,1,1,0,1,913.61
EXP08588,Control,1,1,1,0,0.0
EXP08589,Control,1,1,0,1,1155.57
EXP08590,Treatment,1,1,1,0,0.0
EXP08591,Treatment,1,1,0,1,837.17
EXP08592,Control,0,0,0,0,0.0
EXP08593,Control,1,1,1,0,0.0
EXP08594,Treatment,1,1,0,1,715.68
EXP08595,Treatment,1,1,1,0,0.0
EXP08596,Treatment,1,1,0,1,870.66
EXP08597,Treatment,0,0,0,0,0.0
EXP08598,Treatment,1,1,0,1,667.86
EXP08599,Treatment,0,0,0,0,0.0
EXP08600,Control,1,1,0,1,1307.83
EXP08601,Treatment,1,1,0,1,750.65
EXP08602,Control,1,1,0,1,1488.15
EXP08603,Treatment,1,1,0,1,751.31
EXP08604,Treatment,1,1,0,1,537.98
EXP08605,Treatment,1,1,0,1,1112.32
EXP08606,Control,1,1,0,1,636.83
EXP08607,Control,1,1,0,1,864.85
EXP08608,Treatment,1,1,0,1,498.13
EXP08609,Treatment,1,1,0,1,586.82
EXP08610,Treatment,1,1,1,0,0.0
EXP08611,Treatment,1,1,0,1,541.57
EXP08612,Control,1,1,0,1,920.91
EXP08613,Control,0,0,0,0,0.0
EXP08614,Treatment,0,0,0,0,0.0
EXP08615,Treatment,1,1,0,1,577.32
EXP08616,Control,1,1,0,1,806.42
EXP08617,Control,0,0,0,0,0.0
EXP08618,Control,1,1,0,1,499.52
EXP08619,Control,1,1,0,1,814.58
EXP08620,Control,1,1,0,1,522.45
EXP08621,Control,0,0,0,0,0.0
EXP08622,Treatment,0,0,0,0,0.0
EXP08623,Treatment,1,1,0,1,509.74
EXP08624,Control,1,1,0,1,333.18
EXP08625,Treatment,1,1,0,1,818.1
EXP08626,Control,1,1,0,1,795.33
EXP08627,Treatment,1,1,0,1,915.04
EXP08628,Treatment,0,0,0,0,0.0
EXP08629,Treatment,1,1,0,1,968.27
EXP08630,Control,1,1,0,1,423.99
EXP08631,Treatment,1,0,0,0,0.0
EXP08632,Treatment,1,1,0,1,960.14
EXP08633,Control,0,0,0,0,0.0
EXP08634,Control,1,1,0,1,565.51
EXP08635,Treatment,1,1,0,1,775.14
EXP08636,Treatment,1,1,0,1,1470.65
EXP08637,Treatment,1,1,0,1,468.55
EXP08638,Treatment,1,1,0,1,397.1
EXP08639,Control,1,1,0,1,537.57
EXP08640,Control,1,1,0,1,971.15
EXP08641,Control,0,0,0,0,0.0
EXP08642,Treatment,1,1,0,1,723.35
EXP08643,Control,1,1,0,1,1030.25
EXP08644,Control,1,1,0,1,773.84
EXP08645,Control,1,1,0,1,736.49
EXP08646,Control,1,1,0,1,1056.63
EXP08647,Treatment,1,1,0,1,976.79
EXP08648,Control,1,1,0,1,789.65
EXP08649,Control,1,1,0,1,1072.75
EXP08650,Treatment,1,1,0,1,995.7
EXP08651,Control,0,0,0,0,0.0
EXP08652,Treatment,0,0,0,0,0.0
EXP08653,Treatment,1,1,0,1,601.07
EXP08654,Control,1,1,0,1,629.65
EXP08655,Treatment,1,1,0,1,903.77
EXP08656,Control,1,1,0,1,661.4
EXP08657,Treatment,0,0,0,0,0.0
EXP08658,Control,1,0,0,0,0.0
EXP08659,Treatment,1,1,0,1,960.24
EXP08660,Control,1,1,0,1,1024.19
EXP08661,Treatment,0,0,0,0,0.0
EXP08662,Treatment,1,1,0,1,1603.73
EXP08663,Control,1,1,0,1,618.8
EXP08664,Control,1,0,0,0,0.0
EXP08665,Treatment,1,1,0,1,407.71
EXP08666,Treatment,1,1,0,1,318.04
EXP08667,Control,1,1,0,1,938.62
EXP08668,Treatment,1,1,0,1,570.92
EXP08669,Treatment,1,1,0,1,939.39
EXP08670,Treatment,1,1,0,1,556.22
EXP08671,Control,1,1,1,0,0.0
EXP08672,Control,1,1,0,1,709.71
EXP08673,Control,1,1,1,0,0.0
EXP08674,Control,1,1,0,1,678.8
EXP08675,Treatment,1,0,0,0,0.0
EXP08676,Control,1,0,0,0,0.0
EXP08677,Treatment,1,1,0,1,1358.68
EXP08678,Control,0,0,0,0,0.0
EXP08679,Treatment,1,1,0,1,1096.34
EXP08680,Treatment,0,0,0,0,0.0
EXP08681,Control,0,0,0,0,0.0
EXP08682,Control,1,1,0,1,1349.6
EXP08683,Control,1,1,0,1,1481.61
EXP08684,Control,0,0,0,0,0.0
EXP08685,Treatment,0,0,0,0,0.0
EXP08686,Control,0,0,0,0,0.0
EXP08687,Treatment,1,1,0,1,726.25
EXP08688,Control,1,1,0,1,791.56
EXP08689,Treatment,1,1,1,0,0.0
EXP08690,Treatment,0,0,0,0,0.0
EXP08691,Control,1,1,0,1,735.84
EXP08692,Treatment,1,1,0,1,916.94
EXP08693,Control,1,1,0,1,1061.45
EXP08694,Control,1,1,0,1,1650.46
EXP08695,Control,1,1,0,1,915.4
EXP08696,Treatment,1,1,0,1,676.59
EXP08697,Control,1,1,0,1,1009.87
EXP08698,Control,1,1,1,0,0.0
EXP08699,Control,0,0,0,0,0.0
EXP08700,Treatment,1,1,0,1,1129.31
EXP08701,Control,0,0,0,0,0.0
EXP08702,Treatment,1,1,1,0,0.0
EXP08703,Treatment,1,1,0,1,917.6
EXP08704,Control,1,1,0,1,804.51
EXP08705,Treatment,1,1,0,1,512.87
EXP08706,Treatment,1,1,0,1,845.38
EXP08707,Treatment,1,1,0,1,1766.89
EXP08708,Control,1,1,0,1,559.78
EXP08709,Control,1,1,0,1,821.69
EXP08710,Control,0,0,0,0,0.0
EXP08711,Treatment,0,0,0,0,0.0
EXP08712,Control,0,0,0,0,0.0
EXP08713,Control,1,1,0,1,872.27
EXP08714,Treatment,1,1,0,1,617.81
EXP08715,Treatment,0,0,0,0,0.0
EXP08716,Treatment,1,1,0,1,523.47
EXP08717,Control,1,1,0,1,537.29
EXP08718,Treatment,1,1,0,1,595.1
EXP08719,Treatment,1,1,0,1,821.37
EXP08720,Control,1,1,0,1,961.6
EXP08721,Control,1,1,0,1,499.0
EXP08722,Control,1,1,0,1,1430.39
EXP08723,Control,1,1,0,1,1086.99
EXP08724,Treatment,1,1,0,1,741.25
EXP08725,Treatment,1,1,0,1,1034.91
EXP08726,Treatment,1,1,0,1,726.78
EXP08727,Control,1,1,0,1,1159.84
EXP08728,Control,1,1,0,1,982.72
EXP08729,Treatment,0,0,0,0,0.0
EXP08730,Control,1,0,0,0,0.0
EXP08731,Treatment,1,1,0,1,870.6
EXP08732,Treatment,1,1,0,1,543.39
EXP08733,Treatment,1,1,0,1,798.48
EXP08734,Control,1,1,1,0,0.0
EXP08735,Control,1,1,0,1,1470.75
EXP08736,Control,1,1,0,1,845.67
EXP08737,Treatment,1,1,0,1,633.53
EXP08738,Treatment,0,0,0,0,0.0
EXP08739,Control,1,1,0,1,494.52
EXP08740,Control,1,1,0,1,697.5
EXP08741,Control,0,0,0,0,0.0
EXP08742,Control,1,1,0,1,698.72
EXP08743,Control,1,1,0,1,415.65
EXP08744,Treatment,1,1,0,1,1319.81
EXP08745,Treatment,1,1,0,1,673.78
EXP08746,Control,1,1,0,1,926.03
EXP08747,Treatment,1,1,0,1,460.73
EXP08748,Treatment,1,1,1,0,0.0
EXP08749,Treatment,1,1,0,1,468.68
EXP08750,Treatment,0,0,0,0,0.0
EXP08751,Treatment,1,1,0,1,951.65
EXP08752,Control,1,1,0,1,506.44
EXP08753,Control,1,1,0,1,618.01
EXP08754,Control,0,0,0,0,0.0
EXP08755,Control,1,1,0,1,547.85
EXP08756,Control,0,0,0,0,0.0
EXP08757,Treatment,1,1,1,0,0.0
EXP08758,Control,0,0,0,0,0.0
EXP08759,Control,1,1,0,1,703.92
EXP08760,Control,1,1,0,1,986.91
EXP08761,Treatment,0,0,0,0,0.0
EXP08762,Treatment,1,1,0,1,885.58
EXP08763,Treatment,1,1,0,1,425.88
EXP08764,Control,1,1,0,1,717.51
EXP08765,Control,1,1,0,1,798.92
EXP08766,Treatment,1,1,0,1,828.17
EXP08767,Control,1,1,0,1,597.31
EXP08768,Control,1,1,0,1,963.66
EXP08769,Control,1,0,0,0,0.0
EXP08770,Treatment,1,1,0,1,700.42
EXP08771,Treatment,1,1,0,1,396.66
EXP08772,Control,1,1,0,1,711.71
EXP08773,Treatment,0,0,0,0,0.0
EXP08774,Treatment,0,0,0,0,0.0
EXP08775,Control,0,0,0,0,0.0
EXP08776,Treatment,1,1,0,1,628.25
EXP08777,Control,1,1,0,1,614.49
EXP08778,Control,0,0,0,0,0.0
EXP08779,Treatment,1,1,0,1,977.97
EXP08780,Control,0,0,0,0,0.0
EXP08781,Control,1,1,0,1,783.97
EXP08782,Treatment,1,1,0,1,947.16
EXP08783,Treatment,0,0,0,0,0.0
EXP08784,Treatment,1,1,0,1,535.77
EXP08785,Treatment,0,0,0,0,0.0
EXP08786,Control,0,0,0,0,0.0
EXP08787,Control,0,0,0,0,0.0
EXP08788,Treatment,0,0,0,0,0.0
EXP08789,Treatment,1,1,1,0,0.0
EXP08790,Control,1,1,0,1,939.38
EXP08791,Control,1,1,0,1,465.41
EXP08792,Control,1,1,1,0,0.0
EXP08793,Control,1,1,0,1,681.51
EXP08794,Treatment,0,0,0,0,0.0
EXP08795,Treatment,1,1,0,1,761.31
EXP08796,Treatment,1,1,0,1,813.85
EXP08797,Control,0,0,0,0,0.0
EXP08798,Treatment,1,1,0,1,801.71
EXP08799,Control,1,1,0,1,619.7
EXP08800,Control,1,1,0,1,1242.44
EXP08801,Treatment,1,1,0,1,432.04
EXP08802,Treatment,1,1,0,1,747.55
EXP08803,Treatment,1,1,1,0,0.0
EXP08804,Control,1,1,0,1,575.09
EXP08805,Treatment,1,1,1,0,0.0
EXP08806,Treatment,1,1,0,1,1074.33
EXP08807,Treatment,1,1,0,1,773.55
EXP08808,Control,1,1,0,1,431.81
EXP08809,Control,1,1,0,1,1620.98
EXP08810,Treatment,1,1,0,1,515.89
EXP08811,Treatment,1,1,0,1,824.2
EXP08812,Treatment,1,1,0,1,1109.98
EXP08813,Treatment,1,1,0,1,870.93
EXP08814,Treatment,0,0,0,0,0.0
EXP08815,Treatment,0,0,0,0,0.0
EXP08816,Control,1,1,1,0,0.0
EXP08817,Treatment,1,1,0,1,485.26
EXP08818,Treatment,0,0,0,0,0.0
EXP08819,Treatment,0,0,0,0,0.0
EXP08820,Treatment,1,1,0,1,676.6
EXP08821,Control,1,1,0,1,675.22
EXP08822,Treatment,1,1,1,0,0.0
EXP08823,Control,0,0,0,0,0.0
EXP08824,Control,1,1,0,1,795.45
EXP08825,Treatment,0,0,0,0,0.0
EXP08826,Control,1,1,0,1,759.62
EXP08827,Control,1,1,0,1,903.25
EXP08828,Treatment,1,1,0,1,373.25
EXP08829,Treatment,1,1,0,1,854.12
EXP08830,Treatment,1,1,0,1,467.82
EXP08831,Treatment,1,1,0,1,432.83
EXP08832,Treatment,1,1,0,1,677.91
EXP08833,Control,1,1,0,1,959.37
EXP08834,Treatment,1,1,0,1,869.11
EXP08835,Control,1,0,0,0,0.0
EXP08836,Control,1,1,0,1,661.49
EXP08837,Treatment,1,1,0,1,841.05
EXP08838,Control,1,1,0,1,471.86
EXP08839,Control,1,1,0,1,962.52
EXP08840,Control,0,0,0,0,0.0
EXP08841,Treatment,1,1,0,1,604.71
EXP08842,Control,1,1,0,1,1052.37
EXP08843,Treatment,1,1,1,0,0.0
EXP08844,Control,1,1,0,1,1503.79
EXP08845,Treatment,1,1,0,1,1010.15
EXP08846,Treatment,1,1,1,0,0.0
EXP08847,Control,0,0,0,0,0.0
EXP08848,Control,1,1,0,1,550.9
EXP08849,Treatment,1,1,1,0,0.0
EXP08850,Treatment,1,1,0,1,850.76
EXP08851,Control,1,1,0,1,863.75
EXP08852,Control,1,1,1,0,0.0
EXP08853,Treatment,1,1,0,1,478.31
EXP08854,Treatment,1,1,0,1,681.3
EXP08855,Treatment,0,0,0,0,0.0
EXP08856,Control,1,1,0,1,488.37
EXP08857,Treatment,1,1,0,1,632.79
EXP08858,Control,0,0,0,0,0.0
EXP08859,Control,1,1,0,1,1109.66
EXP08860,Treatment,0,0,0,0,0.0
EXP08861,Control,1,1,0,1,1285.26
EXP08862,Treatment,0,0,0,0,0.0
EXP08863,Control,1,1,0,1,915.89
EXP08864,Treatment,1,1,0,1,1138.75
EXP08865,Control,1,1,0,1,615.44
EXP08866,Control,1,1,0,1,721.32
EXP08867,Control,1,1,0,1,1057.87
EXP08868,Control,1,1,1,0,0.0
EXP08869,Treatment,1,1,0,1,906.61
EXP08870,Control,1,1,0,1,562.33
EXP08871,Treatment,1,1,0,1,646.13
EXP08872,Control,1,0,0,0,0.0
EXP08873,Treatment,1,1,0,1,941.83
EXP08874,Control,1,1,0,1,1519.83
EXP08875,Control,1,1,0,1,1246.32
EXP08876,Treatment,1,1,1,0,0.0
EXP08877,Control,1,1,0,1,1150.66
EXP08878,Control,1,1,0,1,729.78
EXP08879,Control,1,1,0,1,739.9
EXP08880,Treatment,0,0,0,0,0.0
EXP08881,Control,1,1,0,1,401.83
EXP08882,Control,1,1,0,1,1029.71
EXP08883,Treatment,1,1,1,0,0.0
EXP08884,Control,1,1,0,1,816.7
EXP08885,Control,0,0,0,0,0.0
EXP08886,Treatment,1,1,0,1,544.25
EXP08887,Treatment,1,1,1,0,0.0
EXP08888,Treatment,0,0,0,0,0.0
EXP08889,Treatment,1,1,0,1,711.54
EXP08890,Treatment,1,1,0,1,851.5
EXP08891,Control,0,0,0,0,0.0
EXP08892,Control,1,1,0,1,2023.02
EXP08893,Control,1,1,0,1,572.35
EXP08894,Treatment,1,1,0,1,471.88
EXP08895,Treatment,1,1,0,1,541.59
EXP08896,Control,0,0,0,0,0.0
EXP08897,Treatment,1,1,0,1,708.22
EXP08898,Control,1,1,0,1,830.25
EXP08899,Control,0,0,0,0,0.0
EXP08900,Treatment,1,1,0,1,974.47
EXP08901,Control,1,1,0,1,790.83
EXP08902,Control,1,1,0,1,959.51
EXP08903,Control,1,1,0,1,1049.78
EXP08904,Control,1,1,0,1,726.58
EXP08905,Treatment,1,1,0,1,405.63
EXP08906,Control,1,1,1,0,0.0
EXP08907,Treatment,1,1,1,0,0.0
EXP08908,Treatment,0,0,0,0,0.0
EXP08909,Control,1,1,1,0,0.0
EXP08910,Treatment,1,1,0,1,1407.21
EXP08911,Control,1,1,0,1,1098.92
EXP08912,Control,1,1,0,1,782.65
EXP08913,Treatment,1,1,0,1,613.73
EXP08914,Treatment,1,1,0,1,1242.17
EXP08915,Treatment,0,0,0,0,0.0
EXP08916,Treatment,1,1,0,1,849.25
EXP08917,Control,1,1,0,1,948.71
EXP08918,Control,1,1,0,1,493.63
EXP08919,Control,0,0,0,0,0.0
EXP08920,Control,1,1,1,0,0.0
EXP08921,Control,1,1,1,0,0.0
EXP08922,Control,0,0,0,0,0.0
EXP08923,Treatment,1,1,0,1,947.82
EXP08924,Control,1,1,0,1,1068.93
EXP08925,Control,1,1,0,1,854.43
EXP08926,Treatment,0,0,0,0,0.0
EXP08927,Control,1,0,0,0,0.0
EXP08928,Control,0,0,0,0,0.0
EXP08929,Control,1,1,0,1,551.8
EXP08930,Treatment,1,1,0,1,1127.54
EXP08931,Treatment,1,1,0,1,869.52
EXP08932,Treatment,1,1,0,1,1305.26
EXP08933,Control,1,1,0,1,668.09
EXP08934,Control,0,0,0,0,0.0
EXP08935,Control,0,0,0,0,0.0
EXP08936,Treatment,1,1,0,1,857.9
EXP08937,Treatment,0,0,0,0,0.0
EXP08938,Control,0,0,0,0,0.0
EXP08939,Control,0,0,0,0,0.0
EXP08940,Treatment,1,1,1,0,0.0
EXP08941,Control,1,1,0,1,719.63
EXP08942,Treatment,1,1,0,1,1066.02
EXP08943,Control,1,1,0,1,613.63
EXP08944,Treatment,0,0,0,0,0.0
EXP08945,Treatment,1,1,1,0,0.0
EXP08946,Control,1,1,1,0,0.0
EXP08947,Control,1,1,0,1,776.93
EXP08948,Control,1,1,0,1,633.9
EXP08949,Control,1,1,1,0,0.0
EXP08950,Control,1,1,0,1,509.58
EXP08951,Control,1,1,0,1,661.63
EXP08952,Treatment,1,1,0,1,672.98
EXP08953,Control,1,1,0,1,568.68
EXP08954,Treatment,1,1,0,1,596.82
EXP08955,Treatment,1,0,0,0,0.0
EXP08956,Control,1,1,0,1,605.68
EXP08957,Treatment,1,1,0,1,1004.65
EXP08958,Control,1,1,0,1,791.53
EXP08959,Control,0,0,0,0,0.0
EXP08960,Treatment,1,1,0,1,976.48
EXP08961,Control,1,1,0,1,905.07
EXP08962,Control,1,1,0,1,875.94
EXP08963,Treatment,0,0,0,0,0.0
EXP08964,Control,1,1,0,1,824.64
EXP08965,Control,0,0,0,0,0.0
EXP08966,Control,1,0,0,0,0.0
EXP08967,Treatment,1,1,0,1,464.39
EXP08968,Treatment,0,0,0,0,0.0
EXP08969,Treatment,1,1,0,1,885.2
EXP08970,Control,1,0,0,0,0.0
EXP08971,Control,1,1,0,1,674.13
EXP08972,Control,1,1,0,1,600.71
EXP08973,Treatment,1,1,0,1,1150.37
EXP08974,Control,0,0,0,0,0.0
EXP08975,Treatment,0,0,0,0,0.0
EXP08976,Treatment,1,1,0,1,841.43
EXP08977,Control,1,1,0,1,712.2
EXP08978,Control,1,1,0,1,568.57
EXP08979,Treatment,1,1,0,1,573.23
EXP08980,Treatment,1,1,0,1,1253.82
EXP08981,Control,1,1,0,1,525.13
EXP08982,Treatment,0,0,0,0,0.0
EXP08983,Control,1,1,0,1,389.63
EXP08984,Control,1,1,0,1,903.69
EXP08985,Treatment,1,1,0,1,1294.74
EXP08986,Treatment,1,1,0,1,1392.11
EXP08987,Treatment,1,1,0,1,1012.99
EXP08988,Treatment,0,0,0,0,0.0
EXP08989,Control,1,1,0,1,575.42
EXP08990,Control,0,0,0,0,0.0
EXP08991,Treatment,1,1,0,1,829.17
EXP08992,Control,0,0,0,0,0.0
EXP08993,Treatment,1,1,0,1,665.92
EXP08994,Treatment,0,0,0,0,0.0
EXP08995,Control,0,0,0,0,0.0
EXP08996,Treatment,1,1,0,1,922.15
EXP08997,Treatment,1,1,0,1,537.35
EXP08998,Treatment,0,0,0,0,0.0
EXP08999,Control,1,1,0,1,763.04
EXP09000,Treatment,1,1,0,1,542.04
