session_id,user_id,session_start,device,city,cart_value,delivery_fee
S000001,U00001,2025-02-25T09:19:00,Android,Hyderabad,544.74,49.0
S000002,U00002,2025-05-09T09:12:00,Android,Kolkata,598.31,19.0
S000003,U00003,2025-06-24T15:23:00,Android,Mumbai,1728.39,0.0
S000004,U00003,2025-06-28T10:58:00,Android,Mumbai,1726.86,0.0
S000005,U00004,2025-02-10T07:51:00,Android,Mumbai,734.88,39.0
S000006,U00004,2025-01-19T13:44:00,Android,Mumbai,1230.21,0.0
S000007,U00005,2025-02-13T20:49:00,Android,Kolkata,536.17,29.0
S000008,U00006,2025-06-16T18:10:00,iOS,Delhi,1033.65,0.0
S000009,U00006,2025-04-20T18:09:00,iOS,Delhi,1557.91,0.0
S000010,U00007,2025-01-10T16:50:00,iOS,Hyderabad,1027.25,39.0
S000011,U00008,2025-02-21T16:12:00,iOS,Bengaluru,988.61,0.0
S000012,U00008,2025-01-14T21:20:00,iOS,Bengaluru,1636.31,0.0
S000013,U00008,2025-02-04T11:33:00,iOS,Bengaluru,745.52,29.0
S000014,U00009,2025-02-12T16:16:00,iOS,Bengaluru,749.65,39.0
S000015,U00010,2025-05-08T15:35:00,Android,Mumbai,582.91,69.0
S000016,U00011,2025-04-01T07:02:00,iOS,Bengaluru,657.06,29.0
S000017,U00012,2025-05-25T18:55:00,Android,Kolkata,451.39,0.0
S000018,U00012,2025-01-23T10:41:00,Android,Kolkata,603.66,49.0
S000019,U00012,2025-02-27T22:55:00,Android,Kolkata,1356.87,59.0
S000020,U00013,2025-05-15T21:33:00,iOS,Bengaluru,1225.51,0.0
S000021,U00014,2025-03-16T12:17:00,iOS,Hyderabad,725.73,39.0
S000022,U00014,2025-01-04T07:20:00,iOS,Hyderabad,444.45,0.0
S000023,U00015,2025-06-17T12:11:00,iOS,Bengaluru,765.35,39.0
S000024,U00016,2025-06-11T15:26:00,Android,Kolkata,788.62,29.0
S000025,U00016,2025-01-26T08:17:00,Android,Kolkata,988.77,0.0
S000026,U00017,2025-01-12T15:27:00,Android,Delhi,475.18,29.0
S000027,U00018,2025-06-09T18:00:00,Android,Bengaluru,522.42,59.0
S000028,U00019,2025-01-26T21:59:00,Android,Bengaluru,1299.99,39.0
S000029,U00019,2025-03-06T15:11:00,Android,Bengaluru,1242.88,39.0
S000030,U00020,2025-02-14T10:50:00,iOS,Mumbai,1166.43,0.0
S000031,U00020,2025-01-28T19:43:00,iOS,Mumbai,343.48,49.0
S000032,U00020,2025-03-24T17:34:00,iOS,Mumbai,889.84,49.0
S000033,U00021,2025-04-12T10:05:00,Android,Kolkata,585.87,39.0
S000034,U00021,2025-05-30T07:37:00,Android,Kolkata,714.64,69.0
S000035,U00022,2025-06-20T09:58:00,Android,Kolkata,609.86,59.0
S000036,U00023,2025-04-17T08:09:00,Android,Delhi,587.94,39.0
S000037,U00023,2025-03-27T17:30:00,Android,Delhi,760.09,39.0
S000038,U00024,2025-05-04T11:18:00,Android,Mumbai,1131.05,39.0
S000039,U00024,2025-06-11T13:07:00,Android,Mumbai,968.24,0.0
S000040,U00025,2025-01-29T09:23:00,Android,Bengaluru,775.2,59.0
S000041,U00025,2025-05-25T13:59:00,Android,Bengaluru,729.85,19.0
S000042,U00025,2025-03-07T18:55:00,Android,Bengaluru,848.96,29.0
S000043,U00026,2025-01-11T17:53:00,Android,Mumbai,632.89,19.0
S000044,U00027,2025-03-14T16:35:00,Android,Mumbai,454.0,39.0
S000045,U00028,2025-05-24T16:08:00,iOS,Bengaluru,1034.84,0.0
S000046,U00028,2025-05-08T16:49:00,iOS,Bengaluru,759.85,0.0
S000047,U00029,2025-02-13T19:22:00,iOS,Mumbai,353.52,49.0
S000048,U00029,2025-04-01T10:38:00,iOS,Mumbai,876.59,39.0
S000049,U00030,2025-05-21T17:25:00,iOS,Kolkata,1429.6,29.0
S000050,U00030,2025-03-05T15:04:00,iOS,Kolkata,1086.41,0.0
S000051,U00030,2025-01-17T11:24:00,iOS,Kolkata,421.15,0.0
S000052,U00031,2025-02-06T12:08:00,Android,Bengaluru,613.96,0.0
S000053,U00031,2025-05-21T20:14:00,Android,Bengaluru,570.45,39.0
S000054,U00032,2025-04-03T07:58:00,Android,Bengaluru,1048.06,0.0
S000055,U00033,2025-05-24T13:00:00,Android,Bengaluru,1131.95,0.0
S000056,U00034,2025-06-14T18:25:00,Android,Bengaluru,1273.6,0.0
S000057,U00034,2025-01-20T10:20:00,Android,Bengaluru,373.93,49.0
S000058,U00034,2025-03-15T11:03:00,Android,Bengaluru,535.58,39.0
S000059,U00035,2025-03-05T13:35:00,Android,Bengaluru,983.98,0.0
S000060,U00035,2025-04-05T16:46:00,Android,Bengaluru,779.88,0.0
S000061,U00036,2025-05-01T14:02:00,Android,Mumbai,921.58,0.0
S000062,U00036,2025-03-19T18:36:00,Android,Mumbai,387.54,39.0
S000063,U00037,2025-05-28T20:49:00,iOS,Bengaluru,821.11,29.0
S000064,U00038,2025-02-09T11:57:00,Android,Hyderabad,283.16,49.0
S000065,U00039,2025-02-09T18:10:00,iOS,Kolkata,414.51,0.0
S000066,U00040,2025-05-15T17:48:00,Android,Kolkata,1173.13,59.0
S000067,U00040,2025-01-22T13:01:00,Android,Kolkata,570.81,39.0
S000068,U00040,2025-02-08T17:34:00,Android,Kolkata,791.75,59.0
S000069,U00041,2025-05-24T12:40:00,Android,Mumbai,742.93,49.0
S000070,U00042,2025-01-21T19:03:00,iOS,Bengaluru,865.79,19.0
S000071,U00042,2025-05-05T20:15:00,iOS,Bengaluru,743.83,29.0
S000072,U00043,2025-03-04T12:25:00,iOS,Bengaluru,979.93,0.0
S000073,U00043,2025-04-29T11:56:00,iOS,Bengaluru,476.99,59.0
S000074,U00043,2025-01-26T12:58:00,iOS,Bengaluru,717.83,29.0
S000075,U00044,2025-06-03T22:53:00,iOS,Bengaluru,332.12,59.0
S000076,U00045,2025-04-08T17:45:00,iOS,Kolkata,661.07,0.0
S000077,U00045,2025-04-01T07:57:00,iOS,Kolkata,1207.48,0.0
S000078,U00046,2025-02-05T22:43:00,Android,Kolkata,720.96,29.0
S000079,U00047,2025-04-04T20:44:00,iOS,Delhi,550.83,0.0
S000080,U00048,2025-02-03T22:55:00,iOS,Delhi,588.16,19.0
S000081,U00048,2025-01-27T07:36:00,iOS,Delhi,580.58,39.0
S000082,U00049,2025-05-06T08:32:00,Android,Mumbai,1335.3,0.0
S000083,U00049,2025-04-26T19:20:00,Android,Mumbai,765.03,39.0
S000084,U00049,2025-01-22T19:20:00,Android,Mumbai,586.4,19.0
S000085,U00050,2025-06-21T11:26:00,Android,Delhi,936.67,0.0
S000086,U00050,2025-02-07T12:52:00,Android,Delhi,543.39,0.0
S000087,U00051,2025-04-01T13:35:00,Android,Kolkata,559.25,59.0
S000088,U00052,2025-03-27T09:22:00,iOS,Bengaluru,748.46,39.0
S000089,U00053,2025-04-07T20:17:00,iOS,Delhi,737.17,0.0
S000090,U00053,2025-01-02T15:53:00,iOS,Delhi,817.16,19.0
S000091,U00054,2025-03-01T12:49:00,iOS,Delhi,1162.21,0.0
S000092,U00054,2025-05-06T14:48:00,iOS,Delhi,621.1,69.0
S000093,U00055,2025-06-08T16:30:00,Android,Bengaluru,935.48,0.0
S000094,U00055,2025-06-30T10:42:00,Android,Bengaluru,883.28,29.0
S000095,U00056,2025-04-22T15:45:00,Android,Delhi,787.32,39.0
S000096,U00056,2025-05-10T13:14:00,Android,Delhi,902.45,0.0
S000097,U00057,2025-04-02T12:41:00,Android,Hyderabad,1896.55,0.0
S000098,U00058,2025-02-13T21:07:00,Android,Bengaluru,715.94,29.0
S000099,U00058,2025-06-30T11:50:00,Android,Bengaluru,436.48,69.0
S000100,U00059,2025-01-10T21:08:00,Android,Mumbai,728.48,59.0
S000101,U00059,2025-05-29T16:52:00,Android,Mumbai,409.2,39.0
S000102,U00060,2025-05-19T21:04:00,Android,Delhi,669.52,49.0
S000103,U00060,2025-06-06T10:28:00,Android,Delhi,657.71,49.0
S000104,U00061,2025-02-20T21:17:00,Android,Bengaluru,952.99,39.0
S000105,U00061,2025-02-07T22:02:00,Android,Bengaluru,944.92,49.0
S000106,U00061,2025-03-13T20:27:00,Android,Bengaluru,819.41,49.0
S000107,U00062,2025-04-17T19:03:00,Android,Bengaluru,736.51,39.0
S000108,U00063,2025-01-05T19:59:00,iOS,Delhi,849.66,19.0
S000109,U00063,2025-02-09T13:50:00,iOS,Delhi,539.76,69.0
S000110,U00063,2025-05-14T09:10:00,iOS,Delhi,763.01,49.0
S000111,U00064,2025-03-31T22:28:00,Android,Bengaluru,1160.28,0.0
S000112,U00065,2025-06-03T07:00:00,Android,Delhi,744.35,29.0
S000113,U00066,2025-03-03T16:20:00,Android,Hyderabad,510.68,0.0
S000114,U00066,2025-04-03T17:40:00,Android,Hyderabad,1058.85,0.0
S000115,U00067,2025-04-18T07:40:00,iOS,Hyderabad,1058.78,0.0
S000116,U00068,2025-02-07T08:47:00,iOS,Kolkata,799.06,0.0
S000117,U00069,2025-01-11T21:54:00,Android,Delhi,567.71,29.0
S000118,U00069,2025-04-21T22:18:00,Android,Delhi,617.59,29.0
S000119,U00070,2025-03-21T18:54:00,iOS,Hyderabad,325.31,0.0
S000120,U00070,2025-05-17T20:41:00,iOS,Hyderabad,366.64,39.0
S000121,U00071,2025-01-12T16:08:00,Android,Mumbai,901.22,0.0
S000122,U00072,2025-01-03T08:12:00,Android,Bengaluru,566.37,39.0
S000123,U00073,2025-02-12T18:18:00,Android,Delhi,429.44,49.0
S000124,U00073,2025-03-27T14:39:00,Android,Delhi,853.41,39.0
S000125,U00073,2025-03-31T15:17:00,Android,Delhi,610.65,29.0
S000126,U00073,2025-04-10T12:34:00,Android,Delhi,1021.69,19.0
S000127,U00074,2025-03-08T08:19:00,Android,Mumbai,247.02,39.0
S000128,U00075,2025-05-08T18:01:00,Android,Hyderabad,500.13,19.0
S000129,U00075,2025-05-25T14:19:00,Android,Hyderabad,585.87,59.0
S000130,U00076,2025-04-18T16:54:00,Android,Delhi,662.36,0.0
S000131,U00077,2025-02-21T14:30:00,Android,Bengaluru,509.41,0.0
S000132,U00077,2025-04-07T21:33:00,Android,Bengaluru,546.57,69.0
S000133,U00078,2025-02-20T22:25:00,Android,Kolkata,964.53,0.0
S000134,U00079,2025-06-20T21:45:00,Android,Bengaluru,634.36,0.0
S000135,U00080,2025-01-01T19:15:00,Android,Kolkata,772.44,39.0
S000136,U00080,2025-03-15T13:21:00,Android,Kolkata,1315.03,0.0
S000137,U00080,2025-02-06T19:27:00,Android,Kolkata,860.91,49.0
S000138,U00080,2025-06-08T10:29:00,Android,Kolkata,1467.93,29.0
S000139,U00081,2025-04-04T19:42:00,Android,Hyderabad,1370.77,0.0
S000140,U00081,2025-01-24T17:42:00,Android,Hyderabad,256.02,59.0
S000141,U00082,2025-01-06T22:12:00,Android,Hyderabad,762.31,19.0
S000142,U00083,2025-03-18T17:58:00,Android,Hyderabad,1382.56,0.0
S000143,U00083,2025-03-09T17:18:00,Android,Hyderabad,1038.23,0.0
S000144,U00083,2025-03-28T07:09:00,Android,Hyderabad,921.81,0.0
S000145,U00084,2025-01-14T13:33:00,Android,Bengaluru,803.6,19.0
S000146,U00085,2025-03-01T08:37:00,Android,Mumbai,1019.92,49.0
S000147,U00086,2025-02-19T11:09:00,Android,Hyderabad,760.19,59.0
S000148,U00086,2025-06-02T18:02:00,Android,Hyderabad,956.55,0.0
S000149,U00087,2025-06-14T19:55:00,Android,Hyderabad,767.03,59.0
S000150,U00088,2025-02-27T11:36:00,Android,Delhi,522.66,69.0
S000151,U00088,2025-03-19T13:34:00,Android,Delhi,725.0,69.0
S000152,U00089,2025-05-13T09:53:00,Android,Bengaluru,355.37,0.0
S000153,U00090,2025-05-02T19:25:00,Android,Delhi,525.42,49.0
S000154,U00090,2025-06-04T15:23:00,Android,Delhi,887.98,19.0
S000155,U00091,2025-04-26T12:02:00,Android,Delhi,645.79,59.0
S000156,U00092,2025-06-26T10:22:00,Android,Mumbai,708.74,69.0
S000157,U00093,2025-06-01T17:28:00,iOS,Hyderabad,544.74,39.0
S000158,U00094,2025-01-29T21:16:00,Android,Hyderabad,458.18,49.0
S000159,U00094,2025-06-27T20:33:00,Android,Hyderabad,571.37,39.0
S000160,U00095,2025-06-04T17:15:00,Android,Mumbai,754.5,39.0
S000161,U00096,2025-06-14T10:23:00,Android,Delhi,1208.03,0.0
S000162,U00096,2025-03-26T21:16:00,Android,Delhi,1020.12,0.0
S000163,U00096,2025-04-13T18:08:00,Android,Delhi,344.05,39.0
S000164,U00097,2025-02-08T15:08:00,iOS,Delhi,541.93,19.0
S000165,U00098,2025-05-05T19:54:00,Android,Delhi,628.03,49.0
S000166,U00098,2025-01-13T12:37:00,Android,Delhi,1082.85,59.0
S000167,U00098,2025-05-28T16:32:00,Android,Delhi,1185.02,0.0
S000168,U00099,2025-02-04T22:48:00,iOS,Bengaluru,844.15,39.0
S000169,U00099,2025-02-17T15:18:00,iOS,Bengaluru,481.21,29.0
S000170,U00100,2025-01-01T19:32:00,Android,Bengaluru,1588.37,0.0
S000171,U00100,2025-04-25T20:50:00,Android,Bengaluru,687.93,39.0
S000172,U00100,2025-06-02T08:50:00,Android,Bengaluru,925.73,69.0
S000173,U00100,2025-06-14T09:33:00,Android,Bengaluru,922.28,0.0
S000174,U00101,2025-01-13T13:07:00,Android,Delhi,908.93,39.0
S000175,U00101,2025-05-12T18:26:00,Android,Delhi,966.19,0.0
S000176,U00101,2025-06-07T07:32:00,Android,Delhi,800.72,0.0
S000177,U00102,2025-01-07T17:34:00,Android,Bengaluru,1172.93,0.0
S000178,U00102,2025-01-28T12:38:00,Android,Bengaluru,962.47,0.0
S000179,U00102,2025-04-27T11:47:00,Android,Bengaluru,889.42,19.0
S000180,U00102,2025-01-30T16:25:00,Android,Bengaluru,861.05,29.0
S000181,U00103,2025-06-22T18:26:00,iOS,Mumbai,518.73,49.0
S000182,U00104,2025-06-04T21:23:00,iOS,Bengaluru,717.88,29.0
S000183,U00104,2025-05-24T16:36:00,iOS,Bengaluru,789.54,69.0
S000184,U00105,2025-05-01T10:30:00,iOS,Delhi,921.75,59.0
S000185,U00105,2025-01-07T07:21:00,iOS,Delhi,973.32,0.0
S000186,U00105,2025-01-21T21:36:00,iOS,Delhi,542.89,49.0
S000187,U00106,2025-01-22T18:56:00,Android,Bengaluru,633.87,19.0
S000188,U00107,2025-03-18T19:55:00,iOS,Mumbai,414.97,49.0
S000189,U00108,2025-06-21T14:01:00,Android,Mumbai,843.48,59.0
S000190,U00109,2025-04-29T17:22:00,Android,Delhi,1031.87,39.0
S000191,U00110,2025-06-10T17:14:00,Android,Bengaluru,931.59,0.0
S000192,U00110,2025-04-03T09:49:00,Android,Bengaluru,1239.21,0.0
S000193,U00111,2025-05-08T10:13:00,iOS,Kolkata,259.25,29.0
S000194,U00112,2025-03-08T16:58:00,Android,Mumbai,721.91,39.0
S000195,U00113,2025-01-31T14:42:00,Android,Mumbai,530.23,39.0
S000196,U00113,2025-05-12T11:54:00,Android,Mumbai,492.02,39.0
S000197,U00114,2025-03-15T10:27:00,Android,Mumbai,839.81,49.0
S000198,U00115,2025-03-05T17:15:00,Android,Hyderabad,616.81,49.0
S000199,U00115,2025-02-28T09:27:00,Android,Hyderabad,955.16,0.0
S000200,U00116,2025-05-19T16:55:00,Android,Kolkata,814.41,49.0
S000201,U00116,2025-05-06T10:12:00,Android,Kolkata,642.01,49.0
S000202,U00116,2025-03-20T15:23:00,Android,Kolkata,669.07,0.0
S000203,U00116,2025-06-03T07:31:00,Android,Kolkata,704.02,49.0
S000204,U00117,2025-04-15T20:11:00,iOS,Delhi,373.94,29.0
S000205,U00117,2025-06-14T18:37:00,iOS,Delhi,510.78,0.0
S000206,U00118,2025-01-25T21:18:00,Android,Hyderabad,895.8,19.0
S000207,U00119,2025-01-21T22:22:00,Android,Bengaluru,604.67,49.0
S000208,U00119,2025-05-07T08:15:00,Android,Bengaluru,482.9,29.0
S000209,U00120,2025-04-29T13:25:00,Android,Mumbai,1063.06,0.0
S000210,U00120,2025-03-16T07:34:00,Android,Mumbai,854.39,19.0
S000211,U00120,2025-01-04T22:02:00,Android,Mumbai,1114.75,59.0
S000212,U00120,2025-05-22T07:38:00,Android,Mumbai,472.28,39.0
S000213,U00121,2025-06-12T19:51:00,Android,Delhi,1353.89,0.0
S000214,U00122,2025-01-03T07:30:00,Android,Bengaluru,588.35,29.0
S000215,U00123,2025-02-13T15:43:00,Android,Kolkata,966.36,19.0
S000216,U00124,2025-05-17T19:02:00,Android,Kolkata,1045.58,0.0
S000217,U00125,2025-02-12T20:46:00,Android,Delhi,1189.66,0.0
S000218,U00126,2025-05-17T16:41:00,iOS,Kolkata,685.34,29.0
S000219,U00127,2025-02-16T18:30:00,Android,Delhi,640.16,49.0
S000220,U00128,2025-06-16T20:08:00,Android,Delhi,897.24,59.0
S000221,U00129,2025-01-02T21:26:00,iOS,Hyderabad,511.69,69.0
S000222,U00129,2025-06-13T07:48:00,iOS,Hyderabad,419.9,19.0
S000223,U00130,2025-03-30T18:35:00,Android,Delhi,1085.29,0.0
S000224,U00131,2025-05-24T07:13:00,iOS,Delhi,1443.2,0.0
S000225,U00132,2025-05-30T20:34:00,iOS,Mumbai,578.05,49.0
S000226,U00132,2025-05-23T21:48:00,iOS,Mumbai,1120.8,59.0
S000227,U00132,2025-01-18T16:08:00,iOS,Mumbai,417.15,19.0
S000228,U00132,2025-04-12T11:27:00,iOS,Mumbai,974.86,29.0
S000229,U00133,2025-04-28T12:33:00,iOS,Bengaluru,1068.41,0.0
S000230,U00133,2025-03-28T13:08:00,iOS,Bengaluru,824.36,39.0
S000231,U00134,2025-04-06T09:07:00,Android,Delhi,261.28,39.0
S000232,U00135,2025-03-29T18:47:00,iOS,Delhi,1075.02,0.0
S000233,U00135,2025-06-02T14:35:00,iOS,Delhi,487.31,39.0
S000234,U00136,2025-02-18T17:54:00,Android,Mumbai,431.6,29.0
S000235,U00137,2025-06-23T13:17:00,Android,Bengaluru,1464.37,0.0
S000236,U00137,2025-06-26T20:49:00,Android,Bengaluru,647.05,29.0
S000237,U00137,2025-05-07T09:04:00,Android,Bengaluru,810.96,59.0
S000238,U00138,2025-05-20T13:41:00,iOS,Bengaluru,1195.07,0.0
S000239,U00139,2025-01-28T11:45:00,Android,Hyderabad,753.49,49.0
S000240,U00140,2025-03-08T17:09:00,iOS,Bengaluru,370.66,59.0
S000241,U00141,2025-05-05T21:47:00,Android,Delhi,1075.42,0.0
S000242,U00142,2025-03-09T19:24:00,Android,Hyderabad,763.3,39.0
S000243,U00142,2025-06-28T08:58:00,Android,Hyderabad,481.41,19.0
S000244,U00143,2025-04-10T11:51:00,Android,Hyderabad,720.11,39.0
S000245,U00143,2025-05-09T21:46:00,Android,Hyderabad,587.36,0.0
S000246,U00144,2025-06-03T22:19:00,iOS,Bengaluru,403.36,49.0
S000247,U00144,2025-03-03T13:34:00,iOS,Bengaluru,759.27,19.0
S000248,U00145,2025-02-16T11:43:00,Android,Hyderabad,722.97,19.0
S000249,U00146,2025-06-11T20:21:00,iOS,Hyderabad,1058.12,39.0
S000250,U00146,2025-02-19T07:15:00,iOS,Hyderabad,293.64,69.0
S000251,U00146,2025-04-02T14:42:00,iOS,Hyderabad,568.14,49.0
S000252,U00147,2025-03-31T22:02:00,Android,Delhi,537.02,19.0
S000253,U00147,2025-03-31T21:02:00,Android,Delhi,384.38,59.0
S000254,U00148,2025-05-12T13:19:00,iOS,Hyderabad,1068.37,19.0
S000255,U00149,2025-05-31T12:12:00,Android,Hyderabad,608.82,39.0
S000256,U00150,2025-05-17T15:31:00,iOS,Mumbai,975.96,0.0
S000257,U00150,2025-03-30T19:16:00,iOS,Mumbai,540.47,39.0
S000258,U00151,2025-02-24T07:07:00,Android,Mumbai,399.45,49.0
S000259,U00151,2025-03-08T19:56:00,Android,Mumbai,531.18,29.0
S000260,U00152,2025-05-02T12:20:00,Android,Hyderabad,551.24,49.0
S000261,U00153,2025-04-07T10:26:00,iOS,Kolkata,508.58,59.0
S000262,U00154,2025-01-14T15:16:00,Android,Mumbai,609.44,39.0
S000263,U00155,2025-04-29T20:30:00,Android,Hyderabad,630.66,39.0
S000264,U00156,2025-06-20T13:03:00,iOS,Hyderabad,736.93,69.0
S000265,U00156,2025-05-01T19:28:00,iOS,Hyderabad,755.11,49.0
S000266,U00157,2025-01-19T12:52:00,iOS,Hyderabad,821.49,29.0
S000267,U00158,2025-06-24T21:31:00,iOS,Kolkata,750.54,0.0
S000268,U00159,2025-02-15T15:15:00,iOS,Bengaluru,801.98,69.0
S000269,U00159,2025-02-27T19:57:00,iOS,Bengaluru,526.86,29.0
S000270,U00159,2025-04-24T21:04:00,iOS,Bengaluru,665.13,19.0
S000271,U00160,2025-04-10T09:13:00,iOS,Bengaluru,541.92,69.0
S000272,U00161,2025-04-05T08:59:00,Android,Mumbai,409.54,29.0
S000273,U00162,2025-06-23T13:24:00,Android,Delhi,878.64,39.0
S000274,U00163,2025-01-15T13:56:00,iOS,Mumbai,395.22,39.0
S000275,U00164,2025-01-10T15:07:00,Android,Hyderabad,807.45,49.0
S000276,U00165,2025-06-07T15:02:00,Android,Kolkata,514.49,0.0
S000277,U00166,2025-01-22T11:50:00,Android,Delhi,930.7,49.0
S000278,U00166,2025-04-08T22:45:00,Android,Delhi,598.51,29.0
S000279,U00167,2025-03-09T10:32:00,Android,Hyderabad,852.32,49.0
S000280,U00167,2025-02-04T07:07:00,Android,Hyderabad,635.64,29.0
S000281,U00167,2025-05-05T12:42:00,Android,Hyderabad,522.17,69.0
S000282,U00168,2025-03-24T08:35:00,iOS,Bengaluru,895.0,39.0
S000283,U00168,2025-04-15T21:08:00,iOS,Bengaluru,656.51,19.0
S000284,U00169,2025-06-22T12:26:00,Android,Mumbai,761.62,29.0
S000285,U00170,2025-06-29T08:03:00,iOS,Bengaluru,1533.35,49.0
S000286,U00171,2025-05-17T16:03:00,iOS,Mumbai,1180.32,0.0
S000287,U00171,2025-04-03T09:44:00,iOS,Mumbai,474.87,59.0
S000288,U00172,2025-02-15T16:42:00,Android,Mumbai,680.5,49.0
S000289,U00172,2025-05-17T13:21:00,Android,Mumbai,694.37,39.0
S000290,U00173,2025-06-08T12:05:00,Android,Hyderabad,557.21,69.0
S000291,U00174,2025-05-27T22:25:00,Android,Mumbai,610.4,29.0
S000292,U00174,2025-03-02T10:32:00,Android,Mumbai,447.78,39.0
S000293,U00174,2025-06-25T19:14:00,Android,Mumbai,583.43,29.0
S000294,U00174,2025-05-12T07:29:00,Android,Mumbai,694.98,59.0
S000295,U00175,2025-04-01T20:18:00,Android,Delhi,635.61,39.0
S000296,U00176,2025-06-19T11:30:00,Android,Bengaluru,665.07,39.0
S000297,U00177,2025-03-20T19:56:00,Android,Bengaluru,302.81,69.0
S000298,U00177,2025-05-21T08:33:00,Android,Bengaluru,1125.06,0.0
S000299,U00178,2025-04-15T10:36:00,iOS,Kolkata,1839.09,0.0
S000300,U00179,2025-05-19T14:56:00,Android,Kolkata,563.98,39.0
S000301,U00180,2025-05-23T11:57:00,Android,Delhi,1043.1,49.0
S000302,U00181,2025-06-30T15:38:00,Android,Bengaluru,813.25,0.0
S000303,U00181,2025-02-17T09:21:00,Android,Bengaluru,1053.88,0.0
S000304,U00181,2025-01-19T13:05:00,Android,Bengaluru,418.21,39.0
S000305,U00181,2025-05-31T15:08:00,Android,Bengaluru,1034.36,39.0
S000306,U00182,2025-05-31T10:52:00,iOS,Delhi,703.32,0.0
S000307,U00182,2025-03-18T08:13:00,iOS,Delhi,1075.34,49.0
S000308,U00182,2025-05-22T09:02:00,iOS,Delhi,587.82,59.0
S000309,U00183,2025-04-23T10:29:00,Android,Hyderabad,1034.53,0.0
S000310,U00184,2025-04-19T10:03:00,Android,Delhi,1502.6,0.0
S000311,U00185,2025-06-23T17:10:00,iOS,Bengaluru,470.85,29.0
S000312,U00185,2025-02-28T12:25:00,iOS,Bengaluru,792.83,49.0
S000313,U00185,2025-02-11T17:56:00,iOS,Bengaluru,504.74,49.0
S000314,U00185,2025-06-25T11:09:00,iOS,Bengaluru,1093.74,0.0
S000315,U00185,2025-05-24T22:44:00,iOS,Bengaluru,302.55,49.0
S000316,U00185,2025-03-15T14:13:00,iOS,Bengaluru,664.47,29.0
S000317,U00186,2025-01-25T07:38:00,Android,Delhi,645.47,19.0
S000318,U00186,2025-03-19T14:56:00,Android,Delhi,1587.86,0.0
S000319,U00186,2025-01-11T22:03:00,Android,Delhi,1076.53,0.0
S000320,U00187,2025-06-04T22:06:00,Android,Delhi,399.99,39.0
S000321,U00188,2025-04-29T16:48:00,Android,Delhi,830.28,19.0
S000322,U00188,2025-01-18T20:07:00,Android,Delhi,381.63,19.0
S000323,U00189,2025-01-04T13:57:00,iOS,Bengaluru,829.86,19.0
S000324,U00190,2025-01-20T07:29:00,iOS,Mumbai,476.25,39.0
S000325,U00190,2025-06-21T18:32:00,iOS,Mumbai,488.67,39.0
S000326,U00191,2025-03-03T19:48:00,Android,Mumbai,931.9,0.0
S000327,U00192,2025-04-30T07:32:00,iOS,Delhi,995.62,0.0
S000328,U00193,2025-04-14T08:14:00,iOS,Mumbai,1075.27,0.0
S000329,U00194,2025-01-25T10:07:00,iOS,Mumbai,895.57,39.0
S000330,U00194,2025-02-26T07:17:00,iOS,Mumbai,504.46,69.0
S000331,U00195,2025-06-08T07:16:00,iOS,Hyderabad,424.15,0.0
S000332,U00196,2025-05-29T13:20:00,iOS,Kolkata,516.82,39.0
S000333,U00197,2025-02-28T13:26:00,Android,Bengaluru,564.59,49.0
S000334,U00198,2025-04-27T10:38:00,Android,Kolkata,839.66,49.0
S000335,U00198,2025-05-24T12:57:00,Android,Kolkata,590.01,59.0
S000336,U00198,2025-03-21T09:55:00,Android,Kolkata,1002.4,0.0
S000337,U00198,2025-02-13T13:52:00,Android,Kolkata,489.68,49.0
S000338,U00198,2025-05-13T12:42:00,Android,Kolkata,1302.14,0.0
S000339,U00198,2025-01-30T13:16:00,Android,Kolkata,1061.38,0.0
S000340,U00199,2025-05-10T18:17:00,iOS,Hyderabad,837.55,49.0
S000341,U00199,2025-01-04T20:45:00,iOS,Hyderabad,241.21,49.0
S000342,U00199,2025-03-04T20:13:00,iOS,Hyderabad,765.03,59.0
S000343,U00200,2025-06-03T12:24:00,Android,Hyderabad,426.45,49.0
S000344,U00200,2025-04-05T08:41:00,Android,Hyderabad,336.98,29.0
S000345,U00201,2025-04-19T08:48:00,Android,Delhi,1272.96,59.0
S000346,U00201,2025-02-22T11:47:00,Android,Delhi,720.05,39.0
S000347,U00201,2025-02-03T15:18:00,Android,Delhi,1295.8,0.0
S000348,U00202,2025-05-25T20:21:00,iOS,Delhi,602.84,39.0
S000349,U00202,2025-04-01T16:21:00,iOS,Delhi,623.91,49.0
S000350,U00202,2025-01-14T21:59:00,iOS,Delhi,943.45,49.0
S000351,U00202,2025-06-09T22:19:00,iOS,Delhi,1197.8,59.0
S000352,U00202,2025-02-13T13:20:00,iOS,Delhi,762.81,39.0
S000353,U00203,2025-04-13T10:24:00,iOS,Bengaluru,595.16,59.0
S000354,U00203,2025-06-04T09:44:00,iOS,Bengaluru,654.0,0.0
S000355,U00204,2025-03-06T07:34:00,iOS,Kolkata,593.53,59.0
S000356,U00205,2025-04-05T09:41:00,iOS,Mumbai,1028.67,0.0
S000357,U00205,2025-05-21T07:31:00,iOS,Mumbai,1143.38,0.0
S000358,U00206,2025-04-05T08:15:00,Android,Delhi,1413.79,0.0
S000359,U00207,2025-01-04T20:05:00,iOS,Mumbai,338.86,0.0
S000360,U00207,2025-05-30T18:21:00,iOS,Mumbai,650.32,39.0
S000361,U00207,2025-03-16T16:17:00,iOS,Mumbai,1082.24,0.0
S000362,U00208,2025-01-31T16:57:00,iOS,Bengaluru,1024.63,0.0
S000363,U00208,2025-04-30T15:15:00,iOS,Bengaluru,780.14,39.0
S000364,U00208,2025-01-27T19:47:00,iOS,Bengaluru,310.33,19.0
S000365,U00209,2025-06-26T10:52:00,Android,Bengaluru,806.53,29.0
S000366,U00209,2025-02-17T19:24:00,Android,Bengaluru,748.46,29.0
S000367,U00209,2025-05-02T15:17:00,Android,Bengaluru,486.86,39.0
S000368,U00210,2025-05-18T17:32:00,Android,Mumbai,1022.36,29.0
S000369,U00211,2025-05-17T22:07:00,iOS,Mumbai,663.38,49.0
S000370,U00212,2025-03-23T21:00:00,Android,Hyderabad,538.09,29.0
S000371,U00213,2025-01-31T12:51:00,Android,Mumbai,583.19,39.0
S000372,U00214,2025-02-12T14:21:00,Android,Mumbai,1218.24,0.0
S000373,U00215,2025-06-08T18:46:00,Android,Hyderabad,404.39,49.0
S000374,U00215,2025-06-24T17:46:00,Android,Hyderabad,794.14,39.0
S000375,U00216,2025-02-27T21:21:00,Android,Bengaluru,746.09,69.0
S000376,U00217,2025-05-06T14:33:00,iOS,Hyderabad,1897.56,69.0
S000377,U00218,2025-06-30T22:22:00,Android,Hyderabad,782.91,49.0
S000378,U00218,2025-05-18T15:42:00,Android,Hyderabad,447.9,49.0
S000379,U00219,2025-04-25T09:27:00,iOS,Delhi,492.12,39.0
S000380,U00219,2025-01-22T10:57:00,iOS,Delhi,825.52,19.0
S000381,U00219,2025-05-10T14:33:00,iOS,Delhi,1445.04,0.0
S000382,U00219,2025-02-23T19:34:00,iOS,Delhi,879.21,69.0
S000383,U00219,2025-01-15T18:17:00,iOS,Delhi,440.69,0.0
S000384,U00220,2025-06-28T11:47:00,Android,Bengaluru,1256.39,0.0
S000385,U00221,2025-04-24T10:47:00,Android,Bengaluru,790.87,19.0
S000386,U00221,2025-03-07T21:11:00,Android,Bengaluru,460.57,19.0
S000387,U00222,2025-05-04T13:18:00,Android,Bengaluru,583.26,0.0
S000388,U00223,2025-06-30T08:19:00,iOS,Mumbai,1006.71,0.0
S000389,U00224,2025-06-23T15:25:00,iOS,Bengaluru,578.07,19.0
S000390,U00225,2025-03-25T22:57:00,Android,Mumbai,618.08,59.0
S000391,U00225,2025-01-11T22:48:00,Android,Mumbai,810.19,39.0
S000392,U00226,2025-04-08T15:24:00,iOS,Bengaluru,973.01,0.0
S000393,U00227,2025-01-06T21:30:00,Android,Bengaluru,737.65,0.0
S000394,U00227,2025-05-07T08:58:00,Android,Bengaluru,470.92,59.0
S000395,U00228,2025-06-13T11:35:00,Android,Delhi,432.09,19.0
S000396,U00229,2025-02-11T15:15:00,iOS,Bengaluru,373.46,59.0
S000397,U00229,2025-02-01T13:17:00,iOS,Bengaluru,351.59,19.0
S000398,U00230,2025-05-28T14:41:00,Android,Kolkata,289.1,29.0
S000399,U00230,2025-03-28T16:18:00,Android,Kolkata,524.09,29.0
S000400,U00231,2025-05-05T15:19:00,iOS,Delhi,569.68,29.0
S000401,U00232,2025-05-09T21:05:00,Android,Bengaluru,437.44,59.0
S000402,U00232,2025-01-21T18:36:00,Android,Bengaluru,387.99,29.0
S000403,U00233,2025-04-10T19:23:00,iOS,Bengaluru,901.29,19.0
S000404,U00233,2025-02-14T19:16:00,iOS,Bengaluru,695.68,19.0
S000405,U00233,2025-03-10T21:56:00,iOS,Bengaluru,345.92,19.0
S000406,U00233,2025-06-09T17:12:00,iOS,Bengaluru,594.19,39.0
S000407,U00233,2025-06-16T10:48:00,iOS,Bengaluru,897.25,19.0
S000408,U00234,2025-01-03T17:27:00,Android,Delhi,957.93,0.0
S000409,U00234,2025-02-28T14:06:00,Android,Delhi,363.82,19.0
S000410,U00234,2025-05-21T20:44:00,Android,Delhi,981.4,0.0
S000411,U00235,2025-02-24T19:03:00,Android,Mumbai,1457.72,0.0
S000412,U00236,2025-01-23T12:36:00,Android,Hyderabad,838.18,69.0
S000413,U00237,2025-04-20T19:53:00,iOS,Delhi,398.66,39.0
S000414,U00238,2025-04-23T07:24:00,Android,Mumbai,544.97,39.0
S000415,U00239,2025-04-01T09:16:00,Android,Mumbai,438.64,49.0
S000416,U00240,2025-06-02T16:20:00,Android,Hyderabad,729.8,59.0
S000417,U00240,2025-03-22T19:08:00,Android,Hyderabad,900.04,19.0
S000418,U00241,2025-01-25T17:52:00,Android,Mumbai,785.16,49.0
S000419,U00242,2025-01-01T07:38:00,Android,Delhi,1552.56,0.0
S000420,U00243,2025-06-18T21:55:00,iOS,Hyderabad,491.43,39.0
S000421,U00243,2025-04-22T11:59:00,iOS,Hyderabad,491.38,39.0
S000422,U00244,2025-05-04T21:15:00,Android,Hyderabad,734.46,39.0
S000423,U00245,2025-03-10T14:02:00,Android,Delhi,1059.79,0.0
S000424,U00245,2025-06-05T19:12:00,Android,Delhi,636.31,39.0
S000425,U00246,2025-04-06T19:57:00,Android,Kolkata,784.7,49.0
S000426,U00246,2025-03-22T19:06:00,Android,Kolkata,987.16,29.0
S000427,U00246,2025-06-04T20:28:00,Android,Kolkata,950.69,0.0
S000428,U00247,2025-04-06T09:14:00,Android,Kolkata,660.47,59.0
S000429,U00247,2025-01-17T17:33:00,Android,Kolkata,973.98,0.0
S000430,U00248,2025-03-10T17:09:00,Android,Bengaluru,798.76,49.0
S000431,U00249,2025-01-30T21:29:00,Android,Hyderabad,520.65,19.0
S000432,U00250,2025-05-16T18:02:00,Android,Mumbai,762.78,49.0
S000433,U00251,2025-01-19T18:45:00,iOS,Mumbai,727.84,39.0
S000434,U00251,2025-06-18T08:17:00,iOS,Mumbai,479.48,29.0
S000435,U00251,2025-06-04T16:56:00,iOS,Mumbai,807.74,39.0
S000436,U00252,2025-02-03T15:39:00,Android,Mumbai,577.42,19.0
S000437,U00252,2025-06-14T10:10:00,Android,Mumbai,745.43,29.0
S000438,U00253,2025-05-04T13:15:00,Android,Hyderabad,587.44,19.0
S000439,U00254,2025-04-03T09:09:00,Android,Mumbai,498.11,59.0
S000440,U00255,2025-03-18T11:36:00,iOS,Mumbai,1277.61,19.0
S000441,U00256,2025-03-10T11:40:00,iOS,Bengaluru,528.61,69.0
S000442,U00257,2025-02-18T22:39:00,Android,Delhi,389.56,39.0
S000443,U00258,2025-02-11T15:37:00,Android,Kolkata,653.19,59.0
S000444,U00259,2025-01-31T07:50:00,Android,Hyderabad,539.55,39.0
S000445,U00260,2025-03-02T20:52:00,iOS,Bengaluru,674.88,39.0
S000446,U00260,2025-02-14T15:52:00,iOS,Bengaluru,2118.66,0.0
S000447,U00260,2025-04-08T10:18:00,iOS,Bengaluru,546.87,59.0
S000448,U00261,2025-04-19T18:35:00,Android,Kolkata,567.34,49.0
S000449,U00262,2025-04-19T18:31:00,Android,Hyderabad,1297.69,0.0
S000450,U00262,2025-01-21T18:59:00,Android,Hyderabad,721.18,29.0
S000451,U00263,2025-02-11T20:33:00,Android,Mumbai,934.09,39.0
S000452,U00264,2025-04-24T08:23:00,Android,Bengaluru,951.57,0.0
S000453,U00265,2025-02-22T10:09:00,Android,Mumbai,534.57,59.0
S000454,U00265,2025-06-06T16:16:00,Android,Mumbai,1111.4,0.0
S000455,U00265,2025-05-12T07:17:00,Android,Mumbai,719.66,0.0
S000456,U00266,2025-05-27T20:42:00,Android,Bengaluru,267.98,49.0
S000457,U00266,2025-02-27T20:37:00,Android,Bengaluru,628.9,59.0
S000458,U00267,2025-05-24T13:48:00,iOS,Delhi,398.3,59.0
S000459,U00268,2025-02-19T09:40:00,iOS,Mumbai,1136.53,0.0
S000460,U00268,2025-05-05T19:13:00,iOS,Mumbai,367.18,29.0
S000461,U00268,2025-05-03T12:48:00,iOS,Mumbai,653.75,39.0
S000462,U00269,2025-02-27T12:04:00,Android,Kolkata,284.61,69.0
S000463,U00270,2025-01-07T11:04:00,Android,Delhi,826.61,59.0
S000464,U00271,2025-06-25T10:47:00,iOS,Kolkata,493.63,29.0
S000465,U00272,2025-02-01T10:21:00,iOS,Kolkata,707.6,29.0
S000466,U00272,2025-06-02T18:21:00,iOS,Kolkata,304.15,39.0
S000467,U00273,2025-06-03T18:40:00,iOS,Bengaluru,776.13,49.0
S000468,U00274,2025-01-01T21:42:00,iOS,Bengaluru,666.15,29.0
S000469,U00274,2025-05-30T21:48:00,iOS,Bengaluru,617.11,39.0
S000470,U00275,2025-03-31T15:53:00,Android,Hyderabad,1246.36,39.0
S000471,U00275,2025-03-23T15:22:00,Android,Hyderabad,828.11,39.0
S000472,U00276,2025-01-25T13:21:00,Android,Hyderabad,471.14,29.0
S000473,U00276,2025-05-14T22:07:00,Android,Hyderabad,708.56,29.0
S000474,U00277,2025-06-26T20:13:00,Android,Delhi,695.82,49.0
S000475,U00277,2025-03-12T19:24:00,Android,Delhi,503.0,39.0
S000476,U00278,2025-03-20T17:12:00,Android,Mumbai,543.22,39.0
S000477,U00279,2025-01-03T12:17:00,Android,Mumbai,527.75,69.0
S000478,U00279,2025-02-06T17:29:00,Android,Mumbai,326.36,0.0
S000479,U00279,2025-02-05T08:49:00,Android,Mumbai,634.26,0.0
S000480,U00280,2025-05-17T14:51:00,Android,Hyderabad,684.58,49.0
S000481,U00281,2025-06-02T07:54:00,Android,Hyderabad,408.43,0.0
S000482,U00281,2025-04-11T12:00:00,Android,Hyderabad,356.08,19.0
S000483,U00282,2025-02-02T15:58:00,Android,Bengaluru,300.56,69.0
S000484,U00283,2025-03-07T20:57:00,iOS,Bengaluru,356.92,19.0
S000485,U00283,2025-02-22T22:06:00,iOS,Bengaluru,1427.68,0.0
S000486,U00284,2025-06-23T10:03:00,Android,Bengaluru,1034.99,0.0
S000487,U00284,2025-06-08T17:07:00,Android,Bengaluru,824.23,29.0
S000488,U00285,2025-03-10T11:08:00,Android,Kolkata,635.55,39.0
S000489,U00286,2025-05-30T10:44:00,Android,Kolkata,489.17,49.0
S000490,U00287,2025-05-09T17:45:00,Android,Hyderabad,519.65,59.0
S000491,U00288,2025-04-22T09:16:00,Android,Bengaluru,324.3,29.0
S000492,U00288,2025-04-11T21:24:00,Android,Bengaluru,1166.38,0.0
S000493,U00289,2025-02-26T21:45:00,Android,Mumbai,722.87,49.0
S000494,U00290,2025-04-16T08:20:00,Android,Bengaluru,810.28,39.0
S000495,U00291,2025-06-03T12:17:00,iOS,Delhi,1006.77,0.0
S000496,U00291,2025-04-19T12:34:00,iOS,Delhi,542.27,69.0
S000497,U00291,2025-06-18T22:57:00,iOS,Delhi,1099.64,0.0
S000498,U00292,2025-03-28T19:14:00,Android,Delhi,549.7,19.0
S000499,U00293,2025-01-28T08:18:00,Android,Hyderabad,1230.14,39.0
S000500,U00293,2025-03-13T19:34:00,Android,Hyderabad,748.75,0.0
S000501,U00294,2025-06-18T20:05:00,iOS,Bengaluru,460.85,29.0
S000502,U00295,2025-02-14T08:57:00,Android,Mumbai,1473.35,0.0
S000503,U00296,2025-02-25T18:49:00,iOS,Kolkata,735.97,39.0
S000504,U00297,2025-04-17T21:10:00,Android,Hyderabad,771.97,29.0
S000505,U00298,2025-06-05T11:44:00,Android,Bengaluru,887.12,49.0
S000506,U00299,2025-03-26T11:02:00,Android,Kolkata,405.92,0.0
S000507,U00300,2025-06-25T11:18:00,Android,Mumbai,1268.39,39.0
S000508,U00300,2025-01-06T22:19:00,Android,Mumbai,1179.05,59.0
S000509,U00300,2025-06-16T18:38:00,Android,Mumbai,1009.45,0.0
S000510,U00301,2025-05-28T18:11:00,iOS,Delhi,653.61,49.0
S000511,U00302,2025-03-14T12:49:00,Android,Mumbai,784.77,29.0
S000512,U00303,2025-04-30T12:56:00,Android,Kolkata,543.42,49.0
S000513,U00304,2025-04-14T07:12:00,Android,Delhi,502.4,0.0
S000514,U00305,2025-03-12T13:28:00,iOS,Mumbai,642.55,0.0
S000515,U00306,2025-05-19T22:27:00,Android,Delhi,1013.22,39.0
S000516,U00306,2025-06-15T21:41:00,Android,Delhi,723.69,39.0
S000517,U00307,2025-05-27T19:30:00,Android,Bengaluru,536.78,39.0
S000518,U00307,2025-06-10T09:40:00,Android,Bengaluru,844.59,29.0
S000519,U00308,2025-04-25T16:51:00,iOS,Hyderabad,602.25,59.0
S000520,U00309,2025-01-24T14:54:00,Android,Bengaluru,1037.19,0.0
S000521,U00310,2025-05-26T10:54:00,Android,Delhi,945.31,0.0
S000522,U00311,2025-06-07T14:55:00,Android,Delhi,637.65,49.0
S000523,U00312,2025-02-02T21:22:00,Android,Delhi,646.63,59.0
S000524,U00313,2025-02-17T14:10:00,iOS,Delhi,427.8,69.0
S000525,U00314,2025-04-04T20:05:00,Android,Mumbai,452.71,39.0
S000526,U00314,2025-02-18T19:06:00,Android,Mumbai,1178.84,0.0
S000527,U00315,2025-05-05T12:19:00,iOS,Delhi,720.51,69.0
S000528,U00315,2025-05-02T18:45:00,iOS,Delhi,501.35,39.0
S000529,U00315,2025-02-24T11:06:00,iOS,Delhi,881.1,19.0
S000530,U00316,2025-03-30T21:32:00,Android,Bengaluru,585.05,59.0
S000531,U00317,2025-01-15T07:56:00,Android,Kolkata,586.67,69.0
S000532,U00317,2025-01-20T14:52:00,Android,Kolkata,569.07,59.0
S000533,U00318,2025-05-29T11:49:00,Android,Kolkata,1209.99,49.0
S000534,U00318,2025-05-04T07:17:00,Android,Kolkata,1695.89,49.0
S000535,U00319,2025-04-30T19:17:00,Android,Delhi,657.22,59.0
S000536,U00319,2025-05-09T18:15:00,Android,Delhi,427.94,49.0
S000537,U00320,2025-02-27T11:47:00,Android,Delhi,882.68,69.0
S000538,U00321,2025-06-20T07:59:00,Android,Bengaluru,1098.26,0.0
S000539,U00321,2025-06-14T15:31:00,Android,Bengaluru,1604.0,29.0
S000540,U00322,2025-01-04T18:43:00,Android,Bengaluru,394.09,59.0
S000541,U00323,2025-01-16T20:59:00,iOS,Delhi,967.85,0.0
S000542,U00324,2025-05-21T11:48:00,Android,Kolkata,777.99,39.0
S000543,U00325,2025-04-25T12:53:00,Android,Hyderabad,443.96,29.0
S000544,U00326,2025-05-05T11:18:00,Android,Delhi,730.88,29.0
S000545,U00326,2025-02-05T13:11:00,Android,Delhi,592.77,39.0
S000546,U00326,2025-06-07T21:01:00,Android,Delhi,724.22,49.0
S000547,U00327,2025-03-16T10:24:00,Android,Kolkata,462.21,49.0
S000548,U00328,2025-06-07T16:09:00,Android,Delhi,611.46,49.0
S000549,U00328,2025-01-11T18:35:00,Android,Delhi,822.84,49.0
S000550,U00328,2025-03-14T17:43:00,Android,Delhi,1027.42,39.0
S000551,U00329,2025-06-18T09:01:00,iOS,Delhi,1222.22,0.0
S000552,U00329,2025-02-05T13:21:00,iOS,Delhi,685.58,39.0
S000553,U00330,2025-04-22T10:00:00,Android,Delhi,783.16,0.0
S000554,U00331,2025-03-15T17:33:00,Android,Bengaluru,432.25,19.0
S000555,U00331,2025-06-25T18:55:00,Android,Bengaluru,880.0,49.0
S000556,U00332,2025-04-13T14:16:00,Android,Kolkata,972.13,0.0
S000557,U00332,2025-04-29T22:21:00,Android,Kolkata,479.44,49.0
S000558,U00333,2025-01-31T18:48:00,Android,Delhi,1270.41,0.0
S000559,U00333,2025-06-28T07:20:00,Android,Delhi,1081.24,0.0
S000560,U00333,2025-03-17T16:36:00,Android,Delhi,722.46,69.0
S000561,U00334,2025-06-15T18:29:00,Android,Mumbai,1360.67,0.0
S000562,U00334,2025-04-27T22:19:00,Android,Mumbai,913.04,59.0
S000563,U00335,2025-02-19T21:56:00,Android,Delhi,727.99,59.0
S000564,U00336,2025-05-28T11:34:00,Android,Kolkata,438.21,39.0
S000565,U00337,2025-05-23T15:03:00,Android,Mumbai,546.9,49.0
S000566,U00338,2025-04-23T21:35:00,iOS,Mumbai,694.39,0.0
S000567,U00338,2025-06-21T16:55:00,iOS,Mumbai,545.36,19.0
S000568,U00338,2025-01-29T12:08:00,iOS,Mumbai,527.89,69.0
S000569,U00338,2025-03-27T14:26:00,iOS,Mumbai,1056.88,19.0
S000570,U00339,2025-01-02T18:39:00,Android,Bengaluru,803.79,69.0
S000571,U00339,2025-04-16T20:55:00,Android,Bengaluru,261.72,29.0
S000572,U00339,2025-01-13T07:08:00,Android,Bengaluru,534.91,49.0
S000573,U00340,2025-03-02T21:31:00,Android,Kolkata,765.77,0.0
S000574,U00340,2025-02-01T15:42:00,Android,Kolkata,276.25,39.0
S000575,U00341,2025-06-22T16:28:00,Android,Mumbai,1109.28,0.0
S000576,U00341,2025-04-30T19:15:00,Android,Mumbai,648.81,29.0
S000577,U00342,2025-05-08T19:12:00,Android,Delhi,649.59,39.0
S000578,U00342,2025-06-05T07:40:00,Android,Delhi,562.8,59.0
S000579,U00343,2025-03-13T17:20:00,Android,Kolkata,818.82,49.0
S000580,U00344,2025-04-19T19:09:00,Android,Bengaluru,792.87,19.0
S000581,U00345,2025-01-05T14:32:00,Android,Delhi,199.72,59.0
S000582,U00345,2025-01-31T22:17:00,Android,Delhi,563.51,19.0
S000583,U00345,2025-06-11T17:24:00,Android,Delhi,405.14,59.0
S000584,U00346,2025-05-06T13:02:00,Android,Mumbai,455.5,69.0
S000585,U00346,2025-05-18T21:20:00,Android,Mumbai,445.09,49.0
S000586,U00347,2025-06-15T17:24:00,Android,Delhi,2142.42,0.0
S000587,U00347,2025-05-21T11:34:00,Android,Delhi,793.69,69.0
S000588,U00347,2025-03-18T11:41:00,Android,Delhi,1211.84,0.0
S000589,U00348,2025-05-19T15:18:00,iOS,Delhi,734.24,49.0
S000590,U00348,2025-05-08T18:55:00,iOS,Delhi,485.55,39.0
S000591,U00349,2025-05-18T13:29:00,iOS,Delhi,797.74,49.0
S000592,U00350,2025-02-02T07:23:00,iOS,Bengaluru,425.54,19.0
S000593,U00351,2025-04-21T20:32:00,Android,Bengaluru,715.31,19.0
S000594,U00351,2025-04-29T07:36:00,Android,Bengaluru,667.28,59.0
S000595,U00351,2025-04-20T10:25:00,Android,Bengaluru,892.2,49.0
S000596,U00351,2025-03-02T10:53:00,Android,Bengaluru,470.95,19.0
S000597,U00352,2025-05-24T11:06:00,iOS,Bengaluru,351.02,19.0
S000598,U00353,2025-06-30T07:26:00,Android,Kolkata,944.01,0.0
S000599,U00354,2025-01-15T21:11:00,Android,Mumbai,680.35,29.0
S000600,U00355,2025-05-26T16:06:00,iOS,Mumbai,621.22,59.0
S000601,U00356,2025-01-17T13:29:00,iOS,Delhi,487.18,19.0
S000602,U00357,2025-02-22T10:04:00,Android,Hyderabad,837.52,29.0
S000603,U00357,2025-04-28T22:18:00,Android,Hyderabad,619.98,59.0
S000604,U00358,2025-06-17T08:30:00,iOS,Bengaluru,492.57,29.0
S000605,U00358,2025-03-14T20:50:00,iOS,Bengaluru,747.9,39.0
S000606,U00359,2025-06-30T09:28:00,Android,Delhi,504.46,0.0
S000607,U00360,2025-06-03T12:25:00,Android,Mumbai,247.32,59.0
S000608,U00361,2025-05-24T15:28:00,Android,Delhi,843.62,29.0
S000609,U00361,2025-04-16T10:33:00,Android,Delhi,1021.48,0.0
S000610,U00362,2025-04-08T09:53:00,Android,Hyderabad,833.49,39.0
S000611,U00363,2025-03-13T11:17:00,iOS,Kolkata,549.09,0.0
S000612,U00364,2025-02-08T21:41:00,Android,Hyderabad,687.85,59.0
S000613,U00364,2025-02-19T10:10:00,Android,Hyderabad,955.14,0.0
S000614,U00364,2025-05-29T07:30:00,Android,Hyderabad,639.34,59.0
S000615,U00365,2025-04-09T22:02:00,Android,Bengaluru,668.66,59.0
S000616,U00365,2025-04-30T08:53:00,Android,Bengaluru,1120.03,39.0
S000617,U00365,2025-01-24T18:38:00,Android,Bengaluru,427.7,39.0
S000618,U00366,2025-06-06T08:24:00,iOS,Bengaluru,585.42,39.0
S000619,U00367,2025-05-09T17:43:00,iOS,Bengaluru,553.35,59.0
S000620,U00368,2025-01-06T08:53:00,iOS,Hyderabad,366.72,19.0
S000621,U00368,2025-06-05T08:16:00,iOS,Hyderabad,1059.39,0.0
S000622,U00368,2025-06-02T08:22:00,iOS,Hyderabad,762.4,39.0
S000623,U00369,2025-05-11T21:47:00,iOS,Kolkata,626.8,49.0
S000624,U00370,2025-04-02T08:42:00,iOS,Kolkata,825.54,49.0
S000625,U00370,2025-01-16T20:18:00,iOS,Kolkata,527.82,19.0
S000626,U00371,2025-04-22T12:20:00,Android,Delhi,1933.64,0.0
S000627,U00371,2025-06-26T07:22:00,Android,Delhi,995.16,49.0
S000628,U00372,2025-03-31T22:26:00,Android,Hyderabad,648.12,39.0
S000629,U00373,2025-01-23T22:40:00,iOS,Mumbai,479.23,29.0
S000630,U00374,2025-06-16T18:18:00,Android,Hyderabad,827.07,39.0
S000631,U00374,2025-06-28T21:28:00,Android,Hyderabad,735.28,59.0
S000632,U00375,2025-03-25T18:31:00,Android,Mumbai,806.27,49.0
S000633,U00376,2025-01-16T09:06:00,Android,Bengaluru,764.38,69.0
S000634,U00376,2025-06-10T12:35:00,Android,Bengaluru,603.84,59.0
S000635,U00377,2025-02-13T16:01:00,Android,Bengaluru,629.73,19.0
S000636,U00378,2025-04-30T14:26:00,Android,Kolkata,344.03,49.0
S000637,U00378,2025-02-02T11:47:00,Android,Kolkata,763.88,49.0
S000638,U00378,2025-03-24T11:25:00,Android,Kolkata,453.77,49.0
S000639,U00379,2025-04-27T07:54:00,iOS,Delhi,501.07,29.0
S000640,U00380,2025-01-29T22:48:00,Android,Delhi,615.17,0.0
S000641,U00380,2025-02-08T15:07:00,Android,Delhi,950.73,0.0
S000642,U00380,2025-01-27T08:56:00,Android,Delhi,760.4,69.0
S000643,U00381,2025-01-06T10:48:00,Android,Delhi,477.91,29.0
S000644,U00381,2025-05-05T09:47:00,Android,Delhi,1378.1,0.0
S000645,U00382,2025-02-03T07:24:00,Android,Delhi,684.82,69.0
S000646,U00383,2025-06-19T14:20:00,Android,Kolkata,1171.74,0.0
S000647,U00384,2025-04-06T08:05:00,Android,Bengaluru,899.65,49.0
S000648,U00384,2025-05-01T12:22:00,Android,Bengaluru,504.63,49.0
S000649,U00385,2025-04-04T22:34:00,Android,Bengaluru,438.16,39.0
S000650,U00385,2025-03-04T20:23:00,Android,Bengaluru,899.33,49.0
S000651,U00386,2025-01-13T08:13:00,Android,Hyderabad,486.96,59.0
S000652,U00387,2025-04-09T12:04:00,Android,Mumbai,763.17,29.0
S000653,U00387,2025-02-19T18:38:00,Android,Mumbai,534.32,49.0
S000654,U00388,2025-01-18T18:17:00,Android,Bengaluru,560.99,29.0
S000655,U00388,2025-03-11T09:25:00,Android,Bengaluru,656.53,29.0
S000656,U00389,2025-03-02T11:26:00,Android,Bengaluru,846.61,0.0
S000657,U00390,2025-03-04T22:56:00,Android,Bengaluru,817.48,0.0
S000658,U00391,2025-06-02T08:37:00,Android,Delhi,730.17,39.0
S000659,U00391,2025-04-05T22:00:00,Android,Delhi,356.15,29.0
S000660,U00391,2025-02-17T18:27:00,Android,Delhi,823.73,49.0
S000661,U00392,2025-04-03T12:46:00,Android,Bengaluru,1008.31,59.0
S000662,U00393,2025-02-14T21:43:00,Android,Bengaluru,1064.32,49.0
S000663,U00393,2025-02-24T14:45:00,Android,Bengaluru,646.81,29.0
S000664,U00394,2025-02-18T12:36:00,iOS,Hyderabad,590.7,29.0
S000665,U00394,2025-02-14T19:48:00,iOS,Hyderabad,511.78,49.0
S000666,U00395,2025-04-01T18:27:00,iOS,Hyderabad,702.73,59.0
S000667,U00396,2025-02-15T16:00:00,Android,Kolkata,916.08,0.0
S000668,U00397,2025-03-21T22:45:00,Android,Delhi,1204.27,0.0
S000669,U00398,2025-04-06T13:52:00,Android,Delhi,550.96,29.0
S000670,U00398,2025-03-11T17:21:00,Android,Delhi,463.6,29.0
S000671,U00399,2025-03-17T08:56:00,Android,Kolkata,830.55,29.0
S000672,U00399,2025-05-20T11:53:00,Android,Kolkata,1007.56,0.0
S000673,U00400,2025-04-05T09:05:00,Android,Hyderabad,508.61,19.0
S000674,U00401,2025-02-11T20:26:00,Android,Mumbai,825.36,0.0
S000675,U00402,2025-01-22T14:16:00,Android,Bengaluru,547.35,39.0
S000676,U00403,2025-02-16T18:43:00,iOS,Delhi,1086.31,59.0
S000677,U00403,2025-06-22T14:32:00,iOS,Delhi,586.63,49.0
S000678,U00403,2025-01-16T12:26:00,iOS,Delhi,526.61,39.0
S000679,U00404,2025-02-05T09:22:00,iOS,Mumbai,1029.97,0.0
S000680,U00405,2025-02-23T17:43:00,iOS,Mumbai,878.58,59.0
S000681,U00405,2025-01-23T10:30:00,iOS,Mumbai,1114.65,0.0
S000682,U00406,2025-03-13T07:43:00,iOS,Bengaluru,727.81,39.0
S000683,U00407,2025-06-24T20:02:00,Android,Kolkata,1382.27,49.0
S000684,U00408,2025-02-12T22:22:00,Android,Mumbai,717.9,59.0
S000685,U00408,2025-06-14T08:35:00,Android,Mumbai,1593.8,59.0
S000686,U00408,2025-02-01T18:35:00,Android,Mumbai,605.76,29.0
S000687,U00409,2025-06-29T21:21:00,Android,Mumbai,1039.47,0.0
S000688,U00410,2025-03-09T17:07:00,Android,Bengaluru,1094.62,0.0
S000689,U00410,2025-06-25T14:24:00,Android,Bengaluru,1084.39,29.0
S000690,U00410,2025-01-19T13:07:00,Android,Bengaluru,853.54,39.0
S000691,U00411,2025-03-17T18:14:00,Android,Hyderabad,829.92,19.0
S000692,U00411,2025-02-27T22:19:00,Android,Hyderabad,717.81,29.0
S000693,U00411,2025-03-17T18:12:00,Android,Hyderabad,613.06,0.0
S000694,U00411,2025-04-27T11:29:00,Android,Hyderabad,1368.44,0.0
S000695,U00412,2025-06-16T11:21:00,Android,Hyderabad,961.88,39.0
S000696,U00412,2025-02-14T07:42:00,Android,Hyderabad,700.96,19.0
S000697,U00413,2025-04-05T11:31:00,Android,Bengaluru,297.24,49.0
S000698,U00413,2025-05-13T17:53:00,Android,Bengaluru,723.24,0.0
S000699,U00414,2025-03-19T18:38:00,iOS,Mumbai,1072.07,0.0
S000700,U00414,2025-05-19T10:46:00,iOS,Mumbai,751.82,39.0
S000701,U00414,2025-02-21T16:31:00,iOS,Mumbai,419.22,39.0
S000702,U00414,2025-01-06T11:14:00,iOS,Mumbai,470.16,39.0
S000703,U00414,2025-05-29T17:56:00,iOS,Mumbai,419.12,39.0
S000704,U00415,2025-03-01T20:08:00,Android,Mumbai,351.15,0.0
S000705,U00416,2025-04-17T11:11:00,Android,Hyderabad,537.17,69.0
S000706,U00417,2025-05-09T22:42:00,iOS,Bengaluru,702.97,0.0
S000707,U00418,2025-03-06T09:22:00,iOS,Kolkata,784.58,49.0
S000708,U00418,2025-03-07T20:05:00,iOS,Kolkata,823.45,39.0
S000709,U00418,2025-02-21T18:53:00,iOS,Kolkata,706.34,39.0
S000710,U00418,2025-01-08T09:04:00,iOS,Kolkata,1287.79,29.0
S000711,U00419,2025-04-30T07:45:00,Android,Delhi,405.58,29.0
S000712,U00420,2025-02-03T09:36:00,Android,Bengaluru,778.68,59.0
S000713,U00421,2025-01-03T16:55:00,iOS,Bengaluru,865.44,59.0
S000714,U00421,2025-05-15T20:16:00,iOS,Bengaluru,783.24,0.0
S000715,U00422,2025-03-20T13:17:00,Android,Bengaluru,432.48,29.0
S000716,U00423,2025-04-28T11:14:00,Android,Delhi,955.29,59.0
S000717,U00424,2025-06-04T09:18:00,iOS,Mumbai,658.58,19.0
S000718,U00425,2025-01-31T10:40:00,Android,Hyderabad,575.86,39.0
S000719,U00426,2025-06-12T14:40:00,Android,Bengaluru,724.78,49.0
S000720,U00427,2025-03-29T18:10:00,Android,Kolkata,518.29,29.0
S000721,U00428,2025-06-12T15:49:00,Android,Bengaluru,442.38,49.0
S000722,U00428,2025-06-04T11:21:00,Android,Bengaluru,502.26,39.0
S000723,U00428,2025-04-06T21:41:00,Android,Bengaluru,615.75,49.0
S000724,U00429,2025-06-11T10:47:00,Android,Mumbai,589.44,49.0
S000725,U00430,2025-04-20T08:56:00,Android,Kolkata,1241.66,0.0
S000726,U00431,2025-02-01T14:31:00,Android,Hyderabad,637.63,49.0
S000727,U00432,2025-06-23T22:01:00,Android,Mumbai,458.53,39.0
S000728,U00433,2025-01-28T07:47:00,iOS,Hyderabad,1643.39,0.0
S000729,U00433,2025-05-31T09:23:00,iOS,Hyderabad,402.89,49.0
S000730,U00434,2025-05-22T09:09:00,iOS,Bengaluru,905.0,0.0
S000731,U00434,2025-03-05T07:09:00,iOS,Bengaluru,774.39,49.0
S000732,U00435,2025-06-23T14:22:00,Android,Bengaluru,262.75,49.0
S000733,U00436,2025-05-11T16:23:00,iOS,Delhi,628.72,29.0
S000734,U00437,2025-05-09T16:06:00,Android,Bengaluru,631.17,19.0
S000735,U00438,2025-02-20T16:49:00,Android,Delhi,1138.06,59.0
S000736,U00438,2025-04-08T08:03:00,Android,Delhi,846.57,49.0
S000737,U00439,2025-02-25T14:53:00,Android,Bengaluru,541.03,39.0
S000738,U00439,2025-04-02T15:27:00,Android,Bengaluru,903.53,0.0
S000739,U00440,2025-01-11T08:19:00,Android,Kolkata,1207.85,19.0
S000740,U00440,2025-03-16T15:28:00,Android,Kolkata,1065.58,0.0
S000741,U00440,2025-06-23T09:16:00,Android,Kolkata,590.28,29.0
S000742,U00441,2025-03-24T19:08:00,Android,Kolkata,495.42,69.0
S000743,U00441,2025-02-21T15:08:00,Android,Kolkata,740.64,39.0
S000744,U00441,2025-04-02T18:26:00,Android,Kolkata,401.89,49.0
S000745,U00441,2025-03-28T13:51:00,Android,Kolkata,499.4,0.0
S000746,U00442,2025-01-31T11:04:00,Android,Hyderabad,1036.4,49.0
S000747,U00442,2025-04-27T19:37:00,Android,Hyderabad,389.31,39.0
S000748,U00443,2025-04-27T14:51:00,Android,Hyderabad,880.85,59.0
S000749,U00443,2025-01-29T14:26:00,Android,Hyderabad,651.48,29.0
S000750,U00443,2025-02-01T09:57:00,Android,Hyderabad,450.74,49.0
S000751,U00443,2025-01-17T17:10:00,Android,Hyderabad,1806.18,0.0
S000752,U00444,2025-05-28T19:35:00,Android,Bengaluru,575.3,0.0
S000753,U00444,2025-03-16T20:07:00,Android,Bengaluru,297.64,0.0
S000754,U00445,2025-05-09T12:39:00,Android,Bengaluru,726.78,59.0
S000755,U00446,2025-06-30T14:47:00,Android,Mumbai,825.24,49.0
S000756,U00447,2025-05-29T21:11:00,Android,Mumbai,789.16,59.0
S000757,U00447,2025-06-18T16:25:00,Android,Mumbai,1075.68,19.0
S000758,U00448,2025-06-29T16:24:00,Android,Delhi,634.2,0.0
S000759,U00448,2025-06-19T20:03:00,Android,Delhi,932.26,59.0
S000760,U00449,2025-06-20T11:35:00,Android,Delhi,1142.87,0.0
S000761,U00450,2025-06-29T22:00:00,iOS,Mumbai,1163.27,29.0
S000762,U00451,2025-03-14T07:22:00,iOS,Bengaluru,314.74,29.0
S000763,U00452,2025-02-27T08:39:00,iOS,Delhi,333.88,49.0
S000764,U00452,2025-02-17T21:36:00,iOS,Delhi,406.29,19.0
S000765,U00453,2025-04-23T13:41:00,Android,Delhi,1349.2,0.0
S000766,U00454,2025-01-15T12:47:00,Android,Mumbai,573.08,19.0
S000767,U00455,2025-03-26T20:12:00,iOS,Kolkata,484.2,39.0
S000768,U00456,2025-06-12T10:02:00,Android,Mumbai,1144.76,0.0
S000769,U00457,2025-02-21T16:06:00,Android,Hyderabad,965.49,0.0
S000770,U00457,2025-01-08T16:10:00,Android,Hyderabad,524.96,0.0
S000771,U00458,2025-01-27T14:40:00,Android,Hyderabad,290.65,29.0
S000772,U00459,2025-06-04T14:35:00,Android,Bengaluru,751.25,69.0
S000773,U00459,2025-02-04T08:39:00,Android,Bengaluru,424.57,39.0
S000774,U00460,2025-01-05T22:38:00,Android,Mumbai,577.32,49.0
S000775,U00461,2025-01-05T10:14:00,Android,Mumbai,595.77,19.0
S000776,U00461,2025-06-09T22:26:00,Android,Mumbai,829.71,49.0
S000777,U00461,2025-01-31T20:20:00,Android,Mumbai,756.03,39.0
S000778,U00462,2025-02-26T10:25:00,Android,Mumbai,876.04,39.0
S000779,U00463,2025-04-22T22:50:00,Android,Bengaluru,344.57,39.0
S000780,U00463,2025-02-15T17:00:00,Android,Bengaluru,572.89,39.0
S000781,U00463,2025-03-19T07:44:00,Android,Bengaluru,1026.47,0.0
S000782,U00464,2025-06-11T11:02:00,Android,Kolkata,1359.0,0.0
S000783,U00464,2025-04-11T17:11:00,Android,Kolkata,560.07,59.0
S000784,U00465,2025-03-15T09:13:00,iOS,Kolkata,1263.67,0.0
S000785,U00465,2025-05-01T19:08:00,iOS,Kolkata,546.76,39.0
S000786,U00466,2025-03-01T14:10:00,Android,Bengaluru,398.36,49.0
S000787,U00466,2025-02-21T20:27:00,Android,Bengaluru,780.65,29.0
S000788,U00467,2025-02-10T14:52:00,Android,Bengaluru,1024.21,0.0
S000789,U00467,2025-06-21T22:58:00,Android,Bengaluru,955.34,69.0
S000790,U00467,2025-05-01T13:45:00,Android,Bengaluru,785.34,69.0
S000791,U00468,2025-03-05T22:53:00,Android,Bengaluru,667.07,59.0
S000792,U00469,2025-02-10T09:33:00,Android,Hyderabad,483.31,29.0
S000793,U00469,2025-03-11T12:56:00,Android,Hyderabad,436.12,39.0
S000794,U00469,2025-05-26T08:32:00,Android,Hyderabad,842.62,39.0
S000795,U00470,2025-06-10T09:54:00,iOS,Mumbai,678.18,29.0
S000796,U00470,2025-02-17T15:27:00,iOS,Mumbai,492.95,49.0
S000797,U00471,2025-02-17T14:03:00,Android,Bengaluru,349.19,39.0
S000798,U00471,2025-05-24T18:47:00,Android,Bengaluru,464.84,69.0
S000799,U00472,2025-05-12T08:33:00,Android,Hyderabad,472.04,49.0
S000800,U00473,2025-04-16T10:47:00,Android,Delhi,992.57,0.0
S000801,U00474,2025-01-11T11:37:00,Android,Delhi,571.7,49.0
S000802,U00474,2025-05-04T10:54:00,Android,Delhi,461.88,69.0
S000803,U00474,2025-05-11T18:43:00,Android,Delhi,707.6,39.0
S000804,U00475,2025-03-02T08:11:00,Android,Delhi,362.87,69.0
S000805,U00476,2025-04-25T22:30:00,iOS,Mumbai,1016.21,0.0
S000806,U00477,2025-01-20T20:30:00,Android,Mumbai,884.59,49.0
S000807,U00478,2025-01-14T21:18:00,iOS,Delhi,780.95,29.0
S000808,U00479,2025-04-01T17:03:00,Android,Delhi,1769.52,19.0
S000809,U00479,2025-06-30T17:00:00,Android,Delhi,1167.51,0.0
S000810,U00480,2025-04-09T14:17:00,Android,Kolkata,658.29,29.0
S000811,U00481,2025-01-09T15:33:00,iOS,Mumbai,1342.75,0.0
S000812,U00482,2025-05-24T11:21:00,Android,Kolkata,240.7,39.0
S000813,U00483,2025-05-19T16:50:00,iOS,Mumbai,974.01,19.0
S000814,U00484,2025-04-11T18:21:00,Android,Hyderabad,1079.05,0.0
S000815,U00485,2025-06-09T19:53:00,Android,Delhi,512.15,39.0
S000816,U00486,2025-01-31T16:23:00,Android,Hyderabad,856.33,19.0
S000817,U00487,2025-04-07T19:57:00,Android,Delhi,490.65,19.0
S000818,U00487,2025-06-06T20:12:00,Android,Delhi,981.06,69.0
S000819,U00488,2025-02-16T10:07:00,iOS,Bengaluru,745.6,39.0
S000820,U00489,2025-05-30T12:22:00,Android,Bengaluru,1029.22,0.0
S000821,U00489,2025-05-28T07:46:00,Android,Bengaluru,1273.97,0.0
S000822,U00490,2025-04-16T13:01:00,Android,Bengaluru,382.62,69.0
S000823,U00491,2025-03-16T08:37:00,iOS,Kolkata,901.06,0.0
S000824,U00491,2025-03-12T17:20:00,iOS,Kolkata,390.96,19.0
S000825,U00492,2025-03-29T14:41:00,Android,Kolkata,712.12,0.0
S000826,U00492,2025-03-16T18:37:00,Android,Kolkata,874.86,29.0
S000827,U00493,2025-03-18T08:29:00,iOS,Hyderabad,878.87,49.0
S000828,U00493,2025-03-08T16:18:00,iOS,Hyderabad,653.27,39.0
S000829,U00493,2025-02-26T16:38:00,iOS,Hyderabad,1131.56,49.0
S000830,U00494,2025-02-04T17:19:00,iOS,Bengaluru,741.07,0.0
S000831,U00494,2025-05-24T07:41:00,iOS,Bengaluru,980.43,59.0
S000832,U00495,2025-05-26T09:53:00,Android,Kolkata,726.57,29.0
S000833,U00495,2025-06-03T07:29:00,Android,Kolkata,920.85,0.0
S000834,U00496,2025-04-17T13:06:00,Android,Hyderabad,478.13,39.0
S000835,U00497,2025-01-05T12:09:00,iOS,Delhi,655.34,29.0
S000836,U00498,2025-06-05T10:31:00,Android,Mumbai,470.22,19.0
S000837,U00498,2025-01-28T10:23:00,Android,Mumbai,899.97,39.0
S000838,U00499,2025-05-12T08:23:00,Android,Mumbai,954.18,19.0
S000839,U00500,2025-05-13T15:36:00,iOS,Bengaluru,1168.85,0.0
S000840,U00500,2025-06-03T10:53:00,iOS,Bengaluru,375.73,29.0
S000841,U00501,2025-01-16T17:05:00,Android,Mumbai,917.93,59.0
S000842,U00501,2025-02-26T17:15:00,Android,Mumbai,413.95,0.0
S000843,U00501,2025-02-18T14:25:00,Android,Mumbai,676.04,69.0
S000844,U00501,2025-03-18T07:16:00,Android,Mumbai,1087.23,0.0
S000845,U00502,2025-06-30T12:36:00,iOS,Hyderabad,512.21,39.0
S000846,U00502,2025-01-15T15:33:00,iOS,Hyderabad,1254.45,0.0
S000847,U00502,2025-02-06T18:40:00,iOS,Hyderabad,1253.94,0.0
S000848,U00503,2025-03-08T08:32:00,Android,Bengaluru,970.46,0.0
S000849,U00504,2025-05-11T14:21:00,iOS,Delhi,588.83,0.0
S000850,U00505,2025-06-10T15:40:00,Android,Mumbai,738.86,29.0
S000851,U00506,2025-06-04T21:43:00,Android,Hyderabad,856.09,19.0
S000852,U00506,2025-03-17T09:43:00,Android,Hyderabad,1366.02,0.0
S000853,U00506,2025-01-22T19:12:00,Android,Hyderabad,917.85,49.0
S000854,U00507,2025-03-01T13:33:00,iOS,Kolkata,884.89,29.0
S000855,U00507,2025-01-22T11:50:00,iOS,Kolkata,766.86,0.0
S000856,U00508,2025-01-11T11:21:00,Android,Hyderabad,634.42,0.0
S000857,U00508,2025-05-27T22:37:00,Android,Hyderabad,881.21,39.0
S000858,U00509,2025-04-21T16:54:00,Android,Mumbai,680.67,59.0
S000859,U00510,2025-03-27T09:02:00,iOS,Mumbai,798.0,19.0
S000860,U00510,2025-02-25T07:33:00,iOS,Mumbai,1057.44,0.0
S000861,U00511,2025-01-11T19:46:00,iOS,Mumbai,637.35,29.0
S000862,U00511,2025-04-15T12:58:00,iOS,Mumbai,402.21,49.0
S000863,U00512,2025-02-11T13:19:00,iOS,Mumbai,574.98,69.0
S000864,U00512,2025-05-11T09:55:00,iOS,Mumbai,1389.04,0.0
S000865,U00512,2025-06-03T14:02:00,iOS,Mumbai,948.43,0.0
S000866,U00513,2025-02-19T20:20:00,Android,Bengaluru,593.33,29.0
S000867,U00514,2025-03-02T10:13:00,Android,Hyderabad,815.26,39.0
S000868,U00515,2025-03-11T18:21:00,Android,Hyderabad,969.0,0.0
S000869,U00516,2025-05-21T15:24:00,Android,Mumbai,444.78,59.0
S000870,U00517,2025-06-05T10:08:00,Android,Kolkata,675.96,49.0
S000871,U00517,2025-05-11T22:16:00,Android,Kolkata,552.05,29.0
S000872,U00518,2025-05-24T20:30:00,Android,Mumbai,979.05,0.0
S000873,U00518,2025-04-10T15:48:00,Android,Mumbai,881.91,49.0
S000874,U00519,2025-03-09T13:22:00,Android,Delhi,565.1,19.0
S000875,U00520,2025-05-03T21:38:00,Android,Bengaluru,616.78,19.0
S000876,U00521,2025-02-05T20:35:00,Android,Bengaluru,1234.32,0.0
S000877,U00522,2025-04-14T08:11:00,Android,Delhi,358.02,39.0
S000878,U00522,2025-06-20T11:16:00,Android,Delhi,486.97,49.0
S000879,U00522,2025-06-28T15:17:00,Android,Delhi,494.76,69.0
S000880,U00523,2025-06-21T17:33:00,Android,Delhi,539.61,0.0
S000881,U00523,2025-01-09T21:04:00,Android,Delhi,918.25,59.0
S000882,U00524,2025-02-24T14:17:00,iOS,Bengaluru,878.77,29.0
S000883,U00525,2025-06-24T12:04:00,iOS,Bengaluru,1139.06,0.0
S000884,U00526,2025-03-01T14:11:00,Android,Bengaluru,890.36,49.0
S000885,U00527,2025-05-26T18:29:00,iOS,Hyderabad,679.38,49.0
S000886,U00528,2025-06-09T15:15:00,iOS,Hyderabad,1211.14,39.0
S000887,U00529,2025-02-01T22:32:00,Android,Delhi,703.5,49.0
S000888,U00529,2025-02-15T17:25:00,Android,Delhi,832.88,49.0
S000889,U00530,2025-05-17T19:29:00,Android,Bengaluru,234.44,39.0
S000890,U00531,2025-01-08T12:20:00,Android,Bengaluru,494.11,19.0
S000891,U00531,2025-01-20T20:26:00,Android,Bengaluru,1287.37,0.0
S000892,U00532,2025-04-13T22:36:00,Android,Bengaluru,1044.8,0.0
S000893,U00532,2025-06-16T22:26:00,Android,Bengaluru,734.39,39.0
S000894,U00532,2025-05-10T07:24:00,Android,Bengaluru,557.01,29.0
S000895,U00533,2025-04-21T18:39:00,Android,Delhi,688.59,29.0
S000896,U00533,2025-06-13T08:50:00,Android,Delhi,853.54,39.0
S000897,U00534,2025-02-15T18:30:00,Android,Bengaluru,510.62,59.0
S000898,U00534,2025-05-09T15:11:00,Android,Bengaluru,722.97,39.0
S000899,U00535,2025-06-20T18:30:00,iOS,Delhi,528.71,29.0
S000900,U00536,2025-01-04T19:02:00,Android,Kolkata,716.57,39.0
S000901,U00537,2025-04-24T07:21:00,Android,Mumbai,735.44,29.0
S000902,U00537,2025-06-25T21:46:00,Android,Mumbai,1000.22,0.0
S000903,U00538,2025-05-25T19:04:00,iOS,Hyderabad,617.79,49.0
S000904,U00538,2025-03-12T20:28:00,iOS,Hyderabad,582.02,29.0
S000905,U00539,2025-04-16T19:35:00,iOS,Bengaluru,693.71,59.0
S000906,U00539,2025-05-24T10:20:00,iOS,Bengaluru,404.19,39.0
S000907,U00540,2025-05-29T13:03:00,iOS,Delhi,1022.55,0.0
S000908,U00541,2025-06-10T20:14:00,iOS,Kolkata,636.11,49.0
S000909,U00541,2025-06-25T20:50:00,iOS,Kolkata,868.14,39.0
S000910,U00541,2025-01-11T11:06:00,iOS,Kolkata,657.57,39.0
S000911,U00542,2025-03-08T18:44:00,iOS,Delhi,331.8,59.0
S000912,U00543,2025-04-20T14:49:00,Android,Mumbai,779.06,29.0
S000913,U00544,2025-03-25T22:07:00,iOS,Kolkata,781.95,19.0
S000914,U00544,2025-02-22T21:35:00,iOS,Kolkata,1764.44,0.0
S000915,U00544,2025-03-27T15:08:00,iOS,Kolkata,865.27,19.0
S000916,U00544,2025-03-27T17:35:00,iOS,Kolkata,565.94,49.0
S000917,U00545,2025-01-12T08:02:00,Android,Mumbai,788.98,29.0
S000918,U00546,2025-06-05T18:25:00,Android,Delhi,888.26,39.0
S000919,U00546,2025-03-23T07:57:00,Android,Delhi,952.92,0.0
S000920,U00547,2025-03-16T21:37:00,Android,Mumbai,789.31,29.0
S000921,U00547,2025-04-23T22:58:00,Android,Mumbai,410.29,39.0
S000922,U00548,2025-02-06T09:14:00,Android,Bengaluru,767.92,49.0
S000923,U00549,2025-03-28T13:33:00,Android,Bengaluru,684.66,39.0
S000924,U00549,2025-02-25T20:32:00,Android,Bengaluru,891.91,29.0
S000925,U00550,2025-03-27T09:55:00,Android,Bengaluru,685.53,39.0
S000926,U00550,2025-05-02T09:49:00,Android,Bengaluru,658.24,69.0
S000927,U00551,2025-02-12T15:28:00,Android,Kolkata,698.97,29.0
S000928,U00552,2025-02-05T17:33:00,Android,Mumbai,486.19,49.0
S000929,U00553,2025-01-12T18:13:00,Android,Delhi,843.67,29.0
S000930,U00554,2025-02-24T13:16:00,iOS,Bengaluru,664.63,29.0
S000931,U00554,2025-05-03T07:53:00,iOS,Bengaluru,702.57,39.0
S000932,U00555,2025-01-13T15:31:00,Android,Hyderabad,233.34,39.0
S000933,U00555,2025-02-14T21:01:00,Android,Hyderabad,1389.66,39.0
S000934,U00556,2025-05-21T12:30:00,Android,Kolkata,864.07,49.0
S000935,U00556,2025-02-23T11:07:00,Android,Kolkata,599.0,19.0
S000936,U00557,2025-01-07T22:20:00,Android,Delhi,1209.76,0.0
S000937,U00558,2025-02-01T07:06:00,iOS,Delhi,695.12,39.0
S000938,U00559,2025-06-03T15:11:00,Android,Hyderabad,503.27,19.0
S000939,U00559,2025-06-14T12:06:00,Android,Hyderabad,1076.25,0.0
S000940,U00559,2025-05-13T21:04:00,Android,Hyderabad,733.84,49.0
S000941,U00560,2025-01-05T11:21:00,Android,Kolkata,853.01,39.0
S000942,U00561,2025-04-20T18:27:00,Android,Kolkata,514.43,19.0
S000943,U00562,2025-01-02T18:26:00,iOS,Delhi,647.7,29.0
S000944,U00563,2025-06-15T11:30:00,iOS,Bengaluru,899.28,39.0
S000945,U00563,2025-01-05T16:04:00,iOS,Bengaluru,1237.9,0.0
S000946,U00563,2025-03-01T21:29:00,iOS,Bengaluru,1013.06,59.0
S000947,U00563,2025-05-14T14:38:00,iOS,Bengaluru,531.96,19.0
S000948,U00564,2025-04-02T10:35:00,iOS,Delhi,407.66,0.0
S000949,U00564,2025-05-10T14:17:00,iOS,Delhi,1577.95,0.0
S000950,U00565,2025-03-30T16:06:00,iOS,Delhi,666.87,0.0
S000951,U00565,2025-03-06T13:38:00,iOS,Delhi,676.78,0.0
S000952,U00565,2025-02-25T12:40:00,iOS,Delhi,634.39,19.0
S000953,U00566,2025-04-29T09:01:00,Android,Kolkata,480.8,49.0
S000954,U00566,2025-01-04T16:53:00,Android,Kolkata,549.25,29.0
S000955,U00566,2025-05-23T08:46:00,Android,Kolkata,646.6,49.0
S000956,U00566,2025-03-07T20:41:00,Android,Kolkata,524.74,39.0
S000957,U00567,2025-03-01T07:01:00,Android,Bengaluru,1034.47,39.0
S000958,U00568,2025-05-20T10:35:00,Android,Mumbai,434.46,59.0
S000959,U00568,2025-06-21T12:09:00,Android,Mumbai,466.3,39.0
S000960,U00568,2025-02-12T13:17:00,Android,Mumbai,511.11,49.0
S000961,U00569,2025-06-18T09:44:00,Android,Kolkata,773.99,59.0
S000962,U00570,2025-05-15T07:07:00,iOS,Kolkata,169.27,29.0
S000963,U00571,2025-06-09T11:43:00,iOS,Mumbai,430.9,59.0
S000964,U00571,2025-02-27T07:20:00,iOS,Mumbai,851.16,59.0
S000965,U00571,2025-06-09T10:31:00,iOS,Mumbai,843.74,29.0
S000966,U00572,2025-01-14T15:43:00,Android,Kolkata,534.73,29.0
S000967,U00572,2025-03-05T14:15:00,Android,Kolkata,605.73,19.0
S000968,U00572,2025-01-01T10:12:00,Android,Kolkata,830.36,29.0
S000969,U00573,2025-03-15T08:58:00,Android,Bengaluru,484.07,59.0
S000970,U00573,2025-04-20T20:54:00,Android,Bengaluru,640.36,19.0
S000971,U00574,2025-06-19T13:15:00,Android,Delhi,524.94,29.0
S000972,U00574,2025-03-21T22:42:00,Android,Delhi,1105.07,0.0
S000973,U00574,2025-03-19T15:14:00,Android,Delhi,526.78,49.0
S000974,U00574,2025-05-11T15:28:00,Android,Delhi,399.46,39.0
S000975,U00575,2025-05-26T15:29:00,Android,Bengaluru,599.9,0.0
S000976,U00575,2025-05-20T20:57:00,Android,Bengaluru,512.28,49.0
S000977,U00575,2025-04-03T19:47:00,Android,Bengaluru,1230.8,0.0
S000978,U00576,2025-05-05T12:17:00,Android,Kolkata,722.2,39.0
S000979,U00576,2025-02-15T08:05:00,Android,Kolkata,1439.04,0.0
S000980,U00577,2025-01-02T19:22:00,Android,Kolkata,941.84,39.0
S000981,U00578,2025-04-09T17:58:00,Android,Bengaluru,1064.98,0.0
S000982,U00579,2025-03-23T14:37:00,Android,Bengaluru,590.01,49.0
S000983,U00580,2025-04-05T18:53:00,Android,Delhi,702.06,0.0
S000984,U00581,2025-06-18T20:28:00,iOS,Bengaluru,735.27,59.0
S000985,U00582,2025-03-22T14:06:00,Android,Hyderabad,738.81,19.0
S000986,U00583,2025-05-04T16:11:00,Android,Bengaluru,1150.2,0.0
S000987,U00584,2025-02-21T18:43:00,Android,Hyderabad,498.79,39.0
S000988,U00585,2025-06-29T21:18:00,iOS,Mumbai,539.51,39.0
S000989,U00585,2025-05-03T16:34:00,iOS,Mumbai,942.47,0.0
S000990,U00586,2025-04-18T13:42:00,Android,Delhi,635.4,69.0
S000991,U00587,2025-01-11T11:04:00,iOS,Bengaluru,611.89,49.0
S000992,U00588,2025-04-05T18:57:00,Android,Kolkata,529.69,59.0
S000993,U00588,2025-06-04T13:08:00,Android,Kolkata,960.65,0.0
S000994,U00589,2025-05-24T18:06:00,Android,Mumbai,508.24,69.0
S000995,U00590,2025-06-08T15:26:00,Android,Delhi,693.02,49.0
S000996,U00591,2025-04-20T14:39:00,iOS,Delhi,545.45,0.0
S000997,U00592,2025-02-13T07:12:00,iOS,Kolkata,529.81,39.0
S000998,U00593,2025-05-08T10:20:00,iOS,Hyderabad,584.23,29.0
S000999,U00594,2025-02-05T12:56:00,iOS,Hyderabad,545.23,39.0
S001000,U00594,2025-04-06T10:51:00,iOS,Hyderabad,766.91,59.0
S001001,U00594,2025-03-01T16:17:00,iOS,Hyderabad,959.28,39.0
S001002,U00595,2025-01-05T07:18:00,Android,Mumbai,375.4,29.0
S001003,U00596,2025-04-01T12:58:00,Android,Kolkata,503.37,0.0
S001004,U00596,2025-01-30T13:19:00,Android,Kolkata,546.32,49.0
S001005,U00597,2025-01-09T12:01:00,Android,Delhi,568.66,39.0
S001006,U00597,2025-01-05T18:39:00,Android,Delhi,846.16,49.0
S001007,U00597,2025-02-24T09:34:00,Android,Delhi,1105.24,0.0
S001008,U00597,2025-03-10T09:27:00,Android,Delhi,802.87,29.0
S001009,U00597,2025-03-04T08:08:00,Android,Delhi,512.12,29.0
S001010,U00598,2025-05-14T21:17:00,Android,Hyderabad,1067.29,0.0
S001011,U00598,2025-01-27T07:00:00,Android,Hyderabad,623.01,29.0
S001012,U00598,2025-01-08T08:34:00,Android,Hyderabad,745.1,49.0
S001013,U00598,2025-03-13T14:37:00,Android,Hyderabad,1322.09,0.0
S001014,U00599,2025-06-30T14:15:00,Android,Delhi,695.89,69.0
S001015,U00600,2025-05-03T19:15:00,iOS,Mumbai,565.91,0.0
S001016,U00600,2025-06-28T15:16:00,iOS,Mumbai,498.05,0.0
S001017,U00600,2025-05-27T22:15:00,iOS,Mumbai,999.83,59.0
S001018,U00601,2025-04-20T13:35:00,iOS,Kolkata,519.02,59.0
S001019,U00602,2025-01-18T18:18:00,iOS,Kolkata,594.07,69.0
S001020,U00602,2025-03-14T16:04:00,iOS,Kolkata,684.71,19.0
S001021,U00603,2025-02-09T11:06:00,Android,Mumbai,770.26,49.0
S001022,U00604,2025-02-16T17:46:00,iOS,Mumbai,1276.5,0.0
S001023,U00604,2025-01-12T15:14:00,iOS,Mumbai,1521.32,0.0
S001024,U00605,2025-04-13T15:23:00,iOS,Kolkata,461.77,59.0
S001025,U00605,2025-03-05T10:15:00,iOS,Kolkata,607.75,19.0
S001026,U00606,2025-05-14T09:58:00,iOS,Kolkata,721.4,39.0
S001027,U00607,2025-03-01T17:12:00,Android,Hyderabad,515.71,19.0
S001028,U00607,2025-06-04T13:41:00,Android,Hyderabad,415.2,39.0
S001029,U00607,2025-02-16T22:35:00,Android,Hyderabad,667.77,39.0
S001030,U00608,2025-01-28T19:06:00,Android,Bengaluru,534.71,29.0
S001031,U00609,2025-06-28T20:18:00,iOS,Delhi,675.62,69.0
S001032,U00609,2025-06-18T07:27:00,iOS,Delhi,921.93,0.0
S001033,U00609,2025-01-26T16:00:00,iOS,Delhi,1158.04,0.0
S001034,U00610,2025-02-16T07:32:00,iOS,Kolkata,483.91,39.0
S001035,U00611,2025-03-20T14:26:00,Android,Hyderabad,764.91,29.0
S001036,U00611,2025-05-19T15:27:00,Android,Hyderabad,481.11,19.0
S001037,U00612,2025-04-17T07:33:00,Android,Hyderabad,1079.56,0.0
S001038,U00612,2025-03-06T20:18:00,Android,Hyderabad,397.77,49.0
S001039,U00612,2025-02-07T08:52:00,Android,Hyderabad,433.72,49.0
S001040,U00613,2025-03-06T20:54:00,Android,Mumbai,612.68,29.0
S001041,U00614,2025-06-02T14:11:00,Android,Delhi,567.85,49.0
S001042,U00614,2025-04-13T20:31:00,Android,Delhi,541.11,39.0
S001043,U00615,2025-02-23T17:01:00,iOS,Delhi,891.61,29.0
S001044,U00616,2025-03-02T18:16:00,Android,Hyderabad,817.4,69.0
S001045,U00617,2025-06-09T16:41:00,Android,Delhi,523.55,29.0
S001046,U00617,2025-04-18T12:35:00,Android,Delhi,2036.28,0.0
S001047,U00618,2025-04-05T10:28:00,Android,Hyderabad,1017.9,0.0
S001048,U00619,2025-02-13T15:30:00,Android,Hyderabad,762.71,19.0
S001049,U00620,2025-03-11T11:24:00,Android,Hyderabad,636.54,29.0
S001050,U00621,2025-02-14T08:16:00,Android,Delhi,486.3,19.0
S001051,U00621,2025-02-16T21:15:00,Android,Delhi,1076.76,0.0
S001052,U00622,2025-06-26T18:30:00,Android,Hyderabad,665.07,39.0
S001053,U00623,2025-05-26T09:39:00,iOS,Bengaluru,843.39,39.0
S001054,U00623,2025-06-17T15:54:00,iOS,Bengaluru,878.96,19.0
S001055,U00623,2025-01-13T14:29:00,iOS,Bengaluru,1116.43,0.0
S001056,U00624,2025-03-31T13:39:00,iOS,Bengaluru,397.95,49.0
S001057,U00625,2025-02-23T07:19:00,iOS,Delhi,881.93,29.0
S001058,U00626,2025-03-22T14:47:00,Android,Bengaluru,653.17,49.0
S001059,U00626,2025-05-05T07:29:00,Android,Bengaluru,735.63,29.0
S001060,U00627,2025-06-06T19:37:00,iOS,Kolkata,645.06,69.0
S001061,U00627,2025-01-20T07:34:00,iOS,Kolkata,778.38,39.0
S001062,U00628,2025-02-06T08:54:00,Android,Kolkata,484.42,39.0
S001063,U00629,2025-02-06T20:16:00,Android,Bengaluru,548.18,69.0
S001064,U00630,2025-02-11T12:58:00,Android,Hyderabad,609.41,49.0
S001065,U00630,2025-06-30T07:54:00,Android,Hyderabad,312.0,39.0
S001066,U00631,2025-06-02T10:30:00,Android,Mumbai,322.48,49.0
S001067,U00631,2025-02-05T15:54:00,Android,Mumbai,1148.32,39.0
S001068,U00632,2025-01-16T22:22:00,Android,Hyderabad,444.19,49.0
S001069,U00632,2025-04-19T17:54:00,Android,Hyderabad,1237.72,59.0
S001070,U00632,2025-05-19T20:14:00,Android,Hyderabad,973.37,0.0
S001071,U00633,2025-01-16T10:00:00,iOS,Kolkata,450.53,49.0
S001072,U00634,2025-03-02T14:29:00,iOS,Mumbai,420.94,29.0
S001073,U00635,2025-03-15T12:42:00,Android,Bengaluru,348.69,39.0
S001074,U00636,2025-04-02T08:17:00,Android,Bengaluru,831.27,29.0
S001075,U00637,2025-05-29T16:34:00,iOS,Mumbai,996.35,29.0
S001076,U00637,2025-04-11T15:01:00,iOS,Mumbai,608.72,39.0
S001077,U00637,2025-04-23T19:36:00,iOS,Mumbai,705.17,49.0
S001078,U00638,2025-03-07T20:03:00,Android,Kolkata,907.96,29.0
S001079,U00639,2025-06-25T09:15:00,Android,Mumbai,870.22,0.0
S001080,U00639,2025-03-01T15:22:00,Android,Mumbai,589.76,69.0
S001081,U00639,2025-03-27T16:58:00,Android,Mumbai,973.73,0.0
S001082,U00640,2025-06-22T21:41:00,iOS,Delhi,462.84,69.0
S001083,U00641,2025-05-17T08:16:00,Android,Bengaluru,464.85,39.0
S001084,U00642,2025-03-23T11:11:00,iOS,Kolkata,862.14,29.0
S001085,U00642,2025-03-27T07:36:00,iOS,Kolkata,710.57,69.0
S001086,U00642,2025-04-25T14:54:00,iOS,Kolkata,937.98,59.0
S001087,U00642,2025-05-15T22:59:00,iOS,Kolkata,742.58,29.0
S001088,U00643,2025-01-29T18:31:00,Android,Delhi,908.54,49.0
S001089,U00643,2025-02-16T13:20:00,Android,Delhi,877.86,49.0
S001090,U00644,2025-03-17T08:33:00,iOS,Hyderabad,704.82,29.0
S001091,U00645,2025-03-02T20:29:00,Android,Hyderabad,457.08,69.0
S001092,U00645,2025-04-23T10:24:00,Android,Hyderabad,830.9,19.0
S001093,U00645,2025-01-24T20:50:00,Android,Hyderabad,567.31,19.0
S001094,U00645,2025-02-11T16:49:00,Android,Hyderabad,607.25,59.0
S001095,U00645,2025-06-13T15:04:00,Android,Hyderabad,429.44,39.0
S001096,U00645,2025-05-20T19:34:00,Android,Hyderabad,1120.53,0.0
S001097,U00645,2025-03-01T18:07:00,Android,Hyderabad,541.75,29.0
S001098,U00646,2025-06-30T18:56:00,iOS,Bengaluru,1163.53,0.0
S001099,U00646,2025-05-10T17:45:00,iOS,Bengaluru,808.15,39.0
S001100,U00646,2025-05-26T16:10:00,iOS,Bengaluru,451.02,29.0
S001101,U00646,2025-06-08T20:59:00,iOS,Bengaluru,1606.16,0.0
S001102,U00647,2025-01-31T20:01:00,Android,Bengaluru,1106.91,0.0
S001103,U00648,2025-06-17T07:32:00,iOS,Delhi,1004.61,0.0
S001104,U00648,2025-06-20T10:41:00,iOS,Delhi,833.53,59.0
S001105,U00649,2025-04-23T20:07:00,iOS,Delhi,597.62,29.0
S001106,U00649,2025-06-21T11:54:00,iOS,Delhi,830.37,19.0
S001107,U00650,2025-03-23T11:33:00,Android,Hyderabad,742.0,19.0
S001108,U00650,2025-01-18T22:31:00,Android,Hyderabad,775.66,39.0
S001109,U00651,2025-02-27T15:17:00,Android,Hyderabad,375.87,29.0
S001110,U00651,2025-02-15T17:27:00,Android,Hyderabad,1687.73,19.0
S001111,U00652,2025-05-09T17:23:00,Android,Bengaluru,759.28,59.0
S001112,U00653,2025-04-08T10:16:00,Android,Mumbai,477.93,29.0
S001113,U00653,2025-01-02T21:52:00,Android,Mumbai,832.74,39.0
S001114,U00654,2025-06-28T19:18:00,Android,Bengaluru,524.7,59.0
S001115,U00655,2025-06-20T21:49:00,Android,Bengaluru,696.74,49.0
S001116,U00656,2025-05-25T22:42:00,Android,Hyderabad,667.47,59.0
S001117,U00656,2025-03-12T08:14:00,Android,Hyderabad,747.77,69.0
S001118,U00657,2025-03-31T09:59:00,iOS,Hyderabad,854.83,49.0
S001119,U00657,2025-04-21T19:26:00,iOS,Hyderabad,846.65,49.0
S001120,U00657,2025-02-23T18:45:00,iOS,Hyderabad,792.54,19.0
S001121,U00658,2025-01-12T21:51:00,Android,Hyderabad,821.87,39.0
S001122,U00658,2025-02-01T13:57:00,Android,Hyderabad,797.34,49.0
S001123,U00659,2025-02-22T11:57:00,Android,Bengaluru,351.11,59.0
S001124,U00660,2025-01-11T08:23:00,Android,Mumbai,545.92,39.0
S001125,U00661,2025-02-26T07:36:00,Android,Delhi,788.58,39.0
S001126,U00662,2025-02-23T14:49:00,Android,Kolkata,1518.5,0.0
S001127,U00663,2025-03-14T07:37:00,iOS,Mumbai,531.53,39.0
S001128,U00664,2025-03-09T21:56:00,Android,Kolkata,530.85,19.0
S001129,U00665,2025-05-30T17:13:00,Android,Bengaluru,620.71,39.0
S001130,U00665,2025-03-09T19:42:00,Android,Bengaluru,649.13,19.0
S001131,U00666,2025-03-02T08:10:00,Android,Delhi,1581.37,0.0
S001132,U00666,2025-04-13T19:51:00,Android,Delhi,487.48,29.0
S001133,U00666,2025-01-31T21:37:00,Android,Delhi,865.97,39.0
S001134,U00667,2025-04-20T17:46:00,Android,Hyderabad,843.61,39.0
S001135,U00667,2025-04-25T16:10:00,Android,Hyderabad,1115.39,0.0
S001136,U00667,2025-06-20T20:01:00,Android,Hyderabad,831.08,39.0
S001137,U00668,2025-02-11T19:31:00,iOS,Delhi,831.63,19.0
S001138,U00669,2025-01-23T14:24:00,Android,Mumbai,1140.95,39.0
S001139,U00670,2025-01-24T15:51:00,Android,Mumbai,845.88,49.0
S001140,U00671,2025-06-29T12:37:00,Android,Kolkata,548.26,59.0
S001141,U00672,2025-05-03T16:09:00,Android,Bengaluru,544.73,29.0
S001142,U00672,2025-04-24T10:56:00,Android,Bengaluru,1051.14,19.0
S001143,U00672,2025-03-10T08:59:00,Android,Bengaluru,901.0,0.0
S001144,U00673,2025-01-29T07:33:00,Android,Kolkata,478.28,29.0
S001145,U00673,2025-02-26T21:30:00,Android,Kolkata,585.36,29.0
S001146,U00673,2025-03-18T16:03:00,Android,Kolkata,559.94,49.0
S001147,U00673,2025-04-16T18:49:00,Android,Kolkata,722.22,0.0
S001148,U00674,2025-05-05T14:46:00,Android,Delhi,683.6,29.0
S001149,U00674,2025-03-02T20:33:00,Android,Delhi,552.05,49.0
S001150,U00674,2025-01-26T17:10:00,Android,Delhi,1216.62,0.0
S001151,U00674,2025-06-10T17:56:00,Android,Delhi,1070.15,0.0
S001152,U00674,2025-02-16T18:36:00,Android,Delhi,414.85,69.0
S001153,U00675,2025-06-11T13:34:00,iOS,Delhi,752.75,19.0
S001154,U00675,2025-02-28T18:04:00,iOS,Delhi,670.01,19.0
S001155,U00676,2025-02-05T09:52:00,Android,Mumbai,475.7,39.0
S001156,U00676,2025-06-20T14:53:00,Android,Mumbai,493.98,19.0
S001157,U00677,2025-03-22T09:29:00,Android,Delhi,698.74,39.0
S001158,U00677,2025-01-06T14:08:00,Android,Delhi,741.42,39.0
S001159,U00677,2025-04-25T13:27:00,Android,Delhi,1071.38,0.0
S001160,U00678,2025-01-23T22:10:00,iOS,Kolkata,485.11,59.0
S001161,U00678,2025-05-23T17:48:00,iOS,Kolkata,1507.2,0.0
S001162,U00679,2025-06-14T10:33:00,Android,Kolkata,531.15,39.0
S001163,U00679,2025-05-05T13:40:00,Android,Kolkata,411.14,49.0
S001164,U00680,2025-05-06T16:02:00,Android,Kolkata,1044.53,0.0
S001165,U00680,2025-06-25T14:27:00,Android,Kolkata,869.12,0.0
S001166,U00681,2025-05-20T13:22:00,iOS,Kolkata,912.6,19.0
S001167,U00681,2025-06-10T12:24:00,iOS,Kolkata,465.57,0.0
S001168,U00682,2025-04-24T16:23:00,iOS,Mumbai,824.84,49.0
S001169,U00683,2025-06-13T21:25:00,iOS,Delhi,679.89,29.0
S001170,U00684,2025-05-05T20:56:00,iOS,Hyderabad,1124.43,49.0
S001171,U00685,2025-05-31T10:57:00,Android,Bengaluru,1015.87,0.0
S001172,U00686,2025-03-23T13:34:00,iOS,Hyderabad,1200.71,0.0
S001173,U00687,2025-03-29T19:23:00,Android,Mumbai,328.41,19.0
S001174,U00688,2025-04-10T21:40:00,Android,Mumbai,1121.79,0.0
S001175,U00688,2025-06-27T17:19:00,Android,Mumbai,818.25,49.0
S001176,U00689,2025-01-05T10:25:00,iOS,Delhi,573.43,39.0
S001177,U00689,2025-02-23T22:47:00,iOS,Delhi,452.05,39.0
S001178,U00689,2025-05-22T22:57:00,iOS,Delhi,383.33,29.0
S001179,U00690,2025-03-21T18:05:00,iOS,Delhi,492.04,59.0
S001180,U00691,2025-03-12T16:53:00,iOS,Bengaluru,504.81,59.0
S001181,U00691,2025-04-27T17:40:00,iOS,Bengaluru,514.95,39.0
S001182,U00692,2025-01-22T15:01:00,Android,Delhi,1169.27,0.0
S001183,U00692,2025-05-13T15:59:00,Android,Delhi,819.47,29.0
S001184,U00692,2025-05-27T09:27:00,Android,Delhi,1724.9,0.0
S001185,U00693,2025-04-20T10:16:00,iOS,Delhi,533.58,39.0
S001186,U00693,2025-05-08T14:09:00,iOS,Delhi,338.11,19.0
S001187,U00694,2025-06-07T22:50:00,Android,Bengaluru,894.59,0.0
S001188,U00695,2025-03-07T17:02:00,iOS,Bengaluru,773.27,0.0
S001189,U00695,2025-01-19T20:24:00,iOS,Bengaluru,320.85,39.0
S001190,U00696,2025-06-16T22:50:00,Android,Mumbai,765.92,49.0
S001191,U00697,2025-01-17T20:58:00,Android,Delhi,772.22,39.0
S001192,U00697,2025-03-06T10:12:00,Android,Delhi,599.78,49.0
S001193,U00698,2025-05-26T19:59:00,iOS,Hyderabad,943.1,0.0
S001194,U00698,2025-05-01T15:10:00,iOS,Hyderabad,649.53,49.0
S001195,U00699,2025-06-09T13:40:00,Android,Bengaluru,846.48,39.0
S001196,U00700,2025-05-31T16:37:00,Android,Mumbai,610.71,39.0
S001197,U00701,2025-03-14T22:31:00,iOS,Bengaluru,718.93,49.0
S001198,U00701,2025-06-17T18:44:00,iOS,Bengaluru,983.29,0.0
S001199,U00702,2025-04-14T16:46:00,Android,Mumbai,1064.29,0.0
S001200,U00703,2025-03-20T20:57:00,Android,Mumbai,436.74,29.0
S001201,U00703,2025-02-06T10:41:00,Android,Mumbai,765.03,39.0
S001202,U00704,2025-05-10T08:23:00,Android,Mumbai,1313.8,39.0
S001203,U00704,2025-03-06T18:52:00,Android,Mumbai,1094.15,0.0
S001204,U00704,2025-03-30T11:06:00,Android,Mumbai,685.06,19.0
S001205,U00705,2025-04-21T21:01:00,Android,Delhi,477.67,59.0
S001206,U00706,2025-06-09T22:53:00,Android,Mumbai,622.29,49.0
S001207,U00707,2025-06-26T12:06:00,Android,Bengaluru,974.76,0.0
S001208,U00707,2025-01-23T07:50:00,Android,Bengaluru,548.85,39.0
S001209,U00708,2025-03-15T16:38:00,Android,Delhi,700.5,49.0
S001210,U00709,2025-01-12T10:47:00,Android,Delhi,604.32,69.0
S001211,U00709,2025-03-31T13:02:00,Android,Delhi,780.58,59.0
S001212,U00710,2025-06-29T08:13:00,Android,Mumbai,419.17,0.0
S001213,U00711,2025-03-08T15:35:00,Android,Delhi,869.82,39.0
S001214,U00711,2025-01-04T16:11:00,Android,Delhi,1142.55,39.0
S001215,U00712,2025-03-20T10:05:00,Android,Hyderabad,1997.12,0.0
S001216,U00712,2025-01-20T15:05:00,Android,Hyderabad,437.47,29.0
S001217,U00712,2025-04-16T19:41:00,Android,Hyderabad,993.07,0.0
S001218,U00712,2025-04-06T13:22:00,Android,Hyderabad,1484.87,0.0
S001219,U00713,2025-05-24T15:32:00,iOS,Delhi,377.65,29.0
S001220,U00714,2025-05-28T07:57:00,Android,Bengaluru,1184.98,0.0
S001221,U00714,2025-02-07T11:02:00,Android,Bengaluru,475.87,69.0
S001222,U00715,2025-01-19T20:36:00,Android,Delhi,718.83,29.0
S001223,U00715,2025-06-10T21:36:00,Android,Delhi,453.23,29.0
S001224,U00715,2025-03-10T18:55:00,Android,Delhi,1134.22,59.0
S001225,U00716,2025-06-20T14:13:00,Android,Bengaluru,490.75,49.0
S001226,U00717,2025-06-12T12:32:00,Android,Mumbai,570.7,39.0
S001227,U00717,2025-06-15T11:44:00,Android,Mumbai,659.06,0.0
S001228,U00718,2025-03-25T22:10:00,iOS,Hyderabad,734.74,0.0
S001229,U00719,2025-04-05T08:52:00,Android,Hyderabad,618.48,0.0
S001230,U00719,2025-01-18T08:57:00,Android,Hyderabad,484.3,29.0
S001231,U00720,2025-01-04T22:56:00,Android,Delhi,972.12,0.0
S001232,U00721,2025-04-21T08:56:00,iOS,Bengaluru,523.75,29.0
S001233,U00721,2025-02-22T13:26:00,iOS,Bengaluru,478.99,29.0
S001234,U00722,2025-05-10T17:50:00,Android,Kolkata,333.02,19.0
S001235,U00723,2025-03-22T17:17:00,iOS,Bengaluru,432.77,19.0
S001236,U00724,2025-06-25T12:06:00,Android,Delhi,879.04,69.0
S001237,U00725,2025-01-23T14:03:00,Android,Hyderabad,874.84,0.0
S001238,U00726,2025-04-13T07:58:00,iOS,Delhi,616.27,59.0
S001239,U00727,2025-06-07T21:20:00,Android,Bengaluru,777.33,39.0
S001240,U00727,2025-04-22T12:42:00,Android,Bengaluru,553.26,49.0
S001241,U00728,2025-06-28T20:47:00,Android,Delhi,490.11,59.0
S001242,U00729,2025-01-13T20:19:00,iOS,Mumbai,725.77,39.0
S001243,U00729,2025-04-28T18:02:00,iOS,Mumbai,1398.19,0.0
S001244,U00730,2025-02-18T21:20:00,Android,Bengaluru,674.85,49.0
S001245,U00730,2025-05-09T20:44:00,Android,Bengaluru,1354.79,0.0
S001246,U00731,2025-03-12T07:19:00,iOS,Mumbai,403.92,19.0
S001247,U00732,2025-06-09T21:10:00,Android,Delhi,775.57,59.0
S001248,U00733,2025-05-02T16:45:00,Android,Delhi,293.99,59.0
S001249,U00734,2025-06-22T19:53:00,iOS,Bengaluru,527.67,29.0
S001250,U00734,2025-06-14T10:48:00,iOS,Bengaluru,752.88,19.0
S001251,U00734,2025-02-03T13:36:00,iOS,Bengaluru,615.77,19.0
S001252,U00735,2025-03-30T18:05:00,Android,Hyderabad,1121.64,49.0
S001253,U00736,2025-01-16T11:18:00,Android,Delhi,484.81,29.0
S001254,U00736,2025-04-17T08:42:00,Android,Delhi,1042.62,59.0
S001255,U00737,2025-03-24T13:16:00,iOS,Hyderabad,537.79,29.0
S001256,U00737,2025-01-14T16:09:00,iOS,Hyderabad,747.69,59.0
S001257,U00738,2025-03-29T07:44:00,Android,Delhi,583.72,29.0
S001258,U00739,2025-03-16T18:01:00,Android,Bengaluru,654.16,39.0
S001259,U00740,2025-05-03T07:00:00,iOS,Delhi,622.09,0.0
S001260,U00740,2025-04-04T11:13:00,iOS,Delhi,566.89,19.0
S001261,U00741,2025-05-23T19:10:00,Android,Mumbai,820.36,49.0
S001262,U00742,2025-05-30T15:56:00,Android,Delhi,858.48,19.0
S001263,U00743,2025-03-03T15:16:00,iOS,Hyderabad,1326.51,49.0
S001264,U00744,2025-04-13T08:36:00,Android,Kolkata,564.45,19.0
S001265,U00745,2025-02-08T07:01:00,iOS,Hyderabad,925.57,0.0
S001266,U00745,2025-06-21T11:14:00,iOS,Hyderabad,984.52,0.0
S001267,U00745,2025-02-02T16:49:00,iOS,Hyderabad,751.38,59.0
S001268,U00746,2025-03-21T07:41:00,iOS,Mumbai,410.48,19.0
S001269,U00746,2025-04-07T14:50:00,iOS,Mumbai,594.75,19.0
S001270,U00747,2025-06-08T10:49:00,Android,Mumbai,594.78,19.0
S001271,U00747,2025-01-14T11:00:00,Android,Mumbai,547.06,49.0
S001272,U00748,2025-01-15T12:46:00,Android,Mumbai,462.47,39.0
S001273,U00749,2025-04-10T18:33:00,iOS,Delhi,507.49,39.0
S001274,U00749,2025-05-31T11:40:00,iOS,Delhi,948.01,69.0
S001275,U00749,2025-03-11T18:40:00,iOS,Delhi,579.59,29.0
S001276,U00750,2025-04-06T15:25:00,iOS,Hyderabad,974.42,29.0
S001277,U00750,2025-05-29T10:29:00,iOS,Hyderabad,517.19,69.0
S001278,U00750,2025-05-05T13:01:00,iOS,Hyderabad,1115.99,0.0
S001279,U00751,2025-03-31T19:42:00,Android,Hyderabad,1415.33,0.0
S001280,U00752,2025-02-10T12:08:00,Android,Delhi,444.59,49.0
S001281,U00753,2025-04-11T19:10:00,Android,Kolkata,1354.74,0.0
S001282,U00754,2025-04-02T21:29:00,iOS,Hyderabad,613.87,29.0
S001283,U00755,2025-05-26T16:12:00,iOS,Delhi,545.51,49.0
S001284,U00755,2025-05-18T08:18:00,iOS,Delhi,1437.57,0.0
S001285,U00756,2025-03-01T14:01:00,iOS,Kolkata,676.87,49.0
S001286,U00757,2025-03-17T14:42:00,Android,Bengaluru,835.38,69.0
S001287,U00758,2025-01-07T11:00:00,iOS,Bengaluru,558.09,49.0
S001288,U00759,2025-06-24T14:14:00,Android,Delhi,276.21,59.0
S001289,U00760,2025-03-30T16:35:00,Android,Mumbai,381.04,39.0
S001290,U00761,2025-04-02T11:40:00,Android,Delhi,473.55,39.0
S001291,U00761,2025-04-04T11:16:00,Android,Delhi,777.11,19.0
S001292,U00761,2025-04-15T12:50:00,Android,Delhi,574.8,0.0
S001293,U00762,2025-06-01T08:13:00,Android,Kolkata,468.89,29.0
S001294,U00763,2025-03-16T17:26:00,Android,Bengaluru,532.58,49.0
S001295,U00764,2025-01-06T09:20:00,Android,Delhi,618.04,29.0
S001296,U00765,2025-03-09T15:51:00,Android,Mumbai,747.37,19.0
S001297,U00765,2025-01-14T14:07:00,Android,Mumbai,575.34,49.0
S001298,U00765,2025-02-17T18:26:00,Android,Mumbai,692.3,49.0
S001299,U00766,2025-01-28T21:13:00,iOS,Bengaluru,1459.33,0.0
S001300,U00767,2025-05-07T15:00:00,Android,Hyderabad,768.4,39.0
S001301,U00768,2025-03-04T08:24:00,Android,Delhi,548.54,59.0
S001302,U00769,2025-06-03T09:19:00,Android,Kolkata,248.16,39.0
S001303,U00770,2025-03-04T12:16:00,Android,Hyderabad,812.31,29.0
S001304,U00770,2025-02-16T13:47:00,Android,Hyderabad,709.64,59.0
S001305,U00771,2025-04-05T18:59:00,Android,Bengaluru,602.55,59.0
S001306,U00772,2025-06-04T11:03:00,Android,Bengaluru,631.98,39.0
S001307,U00772,2025-04-04T17:24:00,Android,Bengaluru,892.92,19.0
S001308,U00772,2025-06-26T15:53:00,Android,Bengaluru,1023.9,39.0
S001309,U00773,2025-06-03T22:28:00,Android,Bengaluru,844.58,69.0
S001310,U00773,2025-06-04T17:52:00,Android,Bengaluru,567.47,49.0
S001311,U00774,2025-05-27T07:55:00,Android,Kolkata,776.11,69.0
S001312,U00775,2025-04-12T17:19:00,iOS,Hyderabad,537.61,19.0
S001313,U00776,2025-03-07T17:15:00,Android,Delhi,788.6,59.0
S001314,U00776,2025-02-16T22:51:00,Android,Delhi,820.77,19.0
S001315,U00777,2025-04-27T08:51:00,iOS,Bengaluru,840.45,0.0
S001316,U00777,2025-03-30T21:36:00,iOS,Bengaluru,923.3,0.0
S001317,U00777,2025-01-24T16:32:00,iOS,Bengaluru,811.52,69.0
S001318,U00777,2025-01-15T12:34:00,iOS,Bengaluru,752.01,39.0
S001319,U00777,2025-03-17T21:37:00,iOS,Bengaluru,955.03,0.0
S001320,U00778,2025-02-27T18:41:00,Android,Kolkata,2181.1,39.0
S001321,U00779,2025-01-21T13:52:00,iOS,Bengaluru,555.65,69.0
S001322,U00779,2025-01-06T20:48:00,iOS,Bengaluru,270.76,49.0
S001323,U00780,2025-05-24T08:24:00,Android,Hyderabad,744.27,59.0
S001324,U00780,2025-05-18T20:52:00,Android,Hyderabad,807.5,69.0
S001325,U00781,2025-06-14T21:15:00,Android,Hyderabad,510.52,29.0
S001326,U00782,2025-06-27T13:04:00,Android,Delhi,668.92,39.0
S001327,U00782,2025-06-30T20:00:00,Android,Delhi,843.58,39.0
S001328,U00782,2025-06-24T13:14:00,Android,Delhi,970.2,29.0
S001329,U00783,2025-02-13T17:19:00,Android,Mumbai,967.24,0.0
S001330,U00784,2025-02-16T19:26:00,iOS,Bengaluru,550.89,59.0
S001331,U00785,2025-05-14T17:55:00,Android,Delhi,1252.68,29.0
S001332,U00785,2025-06-19T17:27:00,Android,Delhi,864.2,39.0
S001333,U00786,2025-06-18T11:43:00,Android,Kolkata,999.0,0.0
S001334,U00787,2025-06-15T21:02:00,iOS,Hyderabad,864.57,69.0
S001335,U00787,2025-01-05T10:26:00,iOS,Hyderabad,529.27,49.0
S001336,U00787,2025-02-12T10:07:00,iOS,Hyderabad,772.49,19.0
S001337,U00788,2025-06-14T19:14:00,iOS,Hyderabad,981.43,0.0
S001338,U00789,2025-05-08T07:21:00,Android,Mumbai,482.22,49.0
S001339,U00789,2025-02-17T21:30:00,Android,Mumbai,621.08,39.0
S001340,U00790,2025-03-19T08:01:00,Android,Bengaluru,932.15,59.0
S001341,U00791,2025-06-27T14:26:00,iOS,Hyderabad,414.36,39.0
S001342,U00792,2025-04-26T20:40:00,iOS,Mumbai,448.3,19.0
S001343,U00793,2025-01-30T16:11:00,iOS,Bengaluru,987.11,0.0
S001344,U00794,2025-02-22T09:44:00,iOS,Delhi,900.54,0.0
S001345,U00795,2025-04-22T21:22:00,Android,Mumbai,717.94,59.0
S001346,U00796,2025-01-23T10:30:00,Android,Hyderabad,290.7,39.0
S001347,U00797,2025-04-03T16:45:00,Android,Bengaluru,444.58,39.0
S001348,U00798,2025-05-20T08:35:00,Android,Kolkata,320.4,39.0
S001349,U00799,2025-05-16T17:38:00,iOS,Delhi,894.08,0.0
S001350,U00800,2025-04-19T18:57:00,Android,Delhi,509.35,29.0
S001351,U00800,2025-05-02T20:34:00,Android,Delhi,773.19,49.0
S001352,U00800,2025-01-12T16:33:00,Android,Delhi,1288.09,0.0
S001353,U00800,2025-02-24T19:46:00,Android,Delhi,1227.14,0.0
S001354,U00800,2025-02-05T10:58:00,Android,Delhi,1105.93,0.0
S001355,U00801,2025-05-09T10:50:00,Android,Bengaluru,585.42,39.0
S001356,U00801,2025-02-23T12:45:00,Android,Bengaluru,530.68,39.0
S001357,U00801,2025-03-04T17:06:00,Android,Bengaluru,583.43,59.0
S001358,U00802,2025-04-01T07:08:00,Android,Hyderabad,360.42,19.0
S001359,U00802,2025-03-06T19:03:00,Android,Hyderabad,516.24,59.0
S001360,U00803,2025-04-27T18:57:00,Android,Delhi,692.73,39.0
S001361,U00803,2025-03-16T16:09:00,Android,Delhi,446.2,19.0
S001362,U00804,2025-05-29T16:41:00,Android,Mumbai,1660.13,59.0
S001363,U00804,2025-02-17T10:52:00,Android,Mumbai,1806.51,0.0
S001364,U00804,2025-05-27T13:13:00,Android,Mumbai,629.01,39.0
S001365,U00805,2025-03-10T14:22:00,Android,Bengaluru,503.11,59.0
S001366,U00806,2025-05-03T18:30:00,iOS,Hyderabad,804.04,59.0
S001367,U00806,2025-01-31T22:37:00,iOS,Hyderabad,1066.65,0.0
S001368,U00806,2025-05-21T16:26:00,iOS,Hyderabad,1019.95,0.0
S001369,U00807,2025-06-16T14:50:00,Android,Hyderabad,726.73,29.0
S001370,U00808,2025-05-09T20:11:00,Android,Delhi,710.28,19.0
S001371,U00809,2025-01-12T15:11:00,Android,Kolkata,927.21,0.0
S001372,U00809,2025-02-21T11:40:00,Android,Kolkata,673.29,49.0
S001373,U00809,2025-04-17T10:55:00,Android,Kolkata,593.66,49.0
S001374,U00809,2025-05-01T14:57:00,Android,Kolkata,867.92,39.0
S001375,U00810,2025-06-20T21:06:00,Android,Bengaluru,583.98,69.0
S001376,U00811,2025-05-14T15:09:00,iOS,Bengaluru,675.44,29.0
S001377,U00811,2025-03-02T08:54:00,iOS,Bengaluru,879.73,29.0
S001378,U00812,2025-01-30T08:05:00,Android,Mumbai,613.02,49.0
S001379,U00812,2025-06-29T11:15:00,Android,Mumbai,507.62,59.0
S001380,U00813,2025-04-22T16:33:00,iOS,Hyderabad,476.89,39.0
S001381,U00814,2025-06-08T13:21:00,Android,Bengaluru,581.32,39.0
S001382,U00814,2025-04-16T22:47:00,Android,Bengaluru,948.44,0.0
S001383,U00815,2025-05-24T16:26:00,Android,Mumbai,727.68,29.0
S001384,U00815,2025-03-23T18:03:00,Android,Mumbai,790.38,59.0
S001385,U00816,2025-06-05T10:41:00,Android,Delhi,575.44,49.0
S001386,U00816,2025-04-12T15:26:00,Android,Delhi,866.56,19.0
S001387,U00816,2025-03-03T07:01:00,Android,Delhi,708.84,0.0
S001388,U00817,2025-05-19T18:23:00,iOS,Mumbai,690.95,19.0
S001389,U00817,2025-03-06T10:20:00,iOS,Mumbai,1220.42,29.0
S001390,U00818,2025-05-02T21:16:00,iOS,Mumbai,509.45,29.0
S001391,U00819,2025-05-24T19:20:00,Android,Kolkata,364.49,29.0
S001392,U00819,2025-04-05T09:18:00,Android,Kolkata,751.89,49.0
S001393,U00820,2025-03-07T21:54:00,Android,Delhi,513.09,19.0
S001394,U00821,2025-05-03T16:56:00,Android,Mumbai,659.42,39.0
S001395,U00822,2025-05-25T11:13:00,Android,Mumbai,482.75,39.0
S001396,U00822,2025-03-10T11:02:00,Android,Mumbai,605.73,29.0
S001397,U00823,2025-02-25T14:59:00,Android,Delhi,594.26,49.0
S001398,U00824,2025-06-20T12:46:00,iOS,Bengaluru,1067.79,29.0
S001399,U00825,2025-06-18T12:55:00,Android,Kolkata,837.66,49.0
S001400,U00825,2025-05-26T07:32:00,Android,Kolkata,660.5,0.0
S001401,U00825,2025-04-28T15:44:00,Android,Kolkata,1094.23,0.0
S001402,U00826,2025-02-06T12:42:00,iOS,Bengaluru,430.24,49.0
S001403,U00827,2025-03-16T13:13:00,iOS,Hyderabad,653.47,49.0
S001404,U00827,2025-04-29T15:44:00,iOS,Hyderabad,847.97,59.0
S001405,U00827,2025-03-13T19:08:00,iOS,Hyderabad,1574.43,29.0
S001406,U00828,2025-01-29T15:22:00,Android,Bengaluru,673.29,19.0
S001407,U00829,2025-05-20T21:08:00,Android,Hyderabad,950.7,49.0
S001408,U00829,2025-04-18T15:48:00,Android,Hyderabad,1128.65,59.0
S001409,U00830,2025-03-14T07:13:00,iOS,Bengaluru,289.51,59.0
S001410,U00831,2025-02-05T14:20:00,Android,Kolkata,765.88,39.0
S001411,U00832,2025-06-05T18:58:00,Android,Hyderabad,905.11,0.0
S001412,U00833,2025-02-20T11:27:00,iOS,Bengaluru,716.6,59.0
S001413,U00833,2025-03-26T12:30:00,iOS,Bengaluru,675.28,59.0
S001414,U00833,2025-01-29T17:45:00,iOS,Bengaluru,763.31,49.0
S001415,U00834,2025-02-11T07:27:00,Android,Hyderabad,1241.39,0.0
S001416,U00835,2025-02-09T21:59:00,iOS,Mumbai,482.8,59.0
S001417,U00836,2025-03-30T16:05:00,Android,Delhi,1053.97,0.0
S001418,U00836,2025-06-06T16:30:00,Android,Delhi,622.56,49.0
S001419,U00836,2025-04-14T07:31:00,Android,Delhi,440.34,59.0
S001420,U00837,2025-05-19T09:02:00,Android,Delhi,1111.12,0.0
S001421,U00837,2025-02-14T20:10:00,Android,Delhi,806.85,59.0
S001422,U00838,2025-03-13T12:49:00,Android,Hyderabad,656.96,49.0
S001423,U00839,2025-02-08T13:10:00,Android,Hyderabad,811.2,19.0
S001424,U00839,2025-02-26T15:18:00,Android,Hyderabad,578.38,39.0
S001425,U00839,2025-04-10T12:41:00,Android,Hyderabad,697.69,19.0
S001426,U00840,2025-06-10T12:52:00,Android,Delhi,418.04,49.0
S001427,U00841,2025-06-14T09:41:00,Android,Kolkata,618.74,59.0
S001428,U00841,2025-02-10T12:00:00,Android,Kolkata,716.78,59.0
S001429,U00842,2025-02-13T15:53:00,Android,Delhi,510.05,59.0
S001430,U00842,2025-02-03T12:04:00,Android,Delhi,795.06,19.0
S001431,U00843,2025-03-13T16:06:00,Android,Bengaluru,472.36,39.0
S001432,U00843,2025-01-26T18:54:00,Android,Bengaluru,705.66,29.0
S001433,U00844,2025-06-13T18:41:00,Android,Mumbai,532.29,0.0
S001434,U00844,2025-02-23T14:12:00,Android,Mumbai,844.26,39.0
S001435,U00845,2025-03-18T18:58:00,Android,Bengaluru,565.9,39.0
S001436,U00846,2025-01-18T20:59:00,Android,Delhi,789.16,49.0
S001437,U00846,2025-01-23T13:58:00,Android,Delhi,765.85,69.0
S001438,U00847,2025-01-12T16:06:00,Android,Mumbai,682.5,59.0
S001439,U00848,2025-03-23T20:24:00,Android,Delhi,703.42,39.0
S001440,U00849,2025-04-01T18:40:00,Android,Bengaluru,551.65,39.0
S001441,U00850,2025-06-30T11:59:00,Android,Hyderabad,870.79,39.0
S001442,U00850,2025-06-14T16:53:00,Android,Hyderabad,616.28,29.0
S001443,U00851,2025-04-29T17:26:00,Android,Mumbai,456.5,59.0
S001444,U00852,2025-04-20T07:41:00,iOS,Hyderabad,1289.64,39.0
S001445,U00853,2025-01-31T08:19:00,Android,Mumbai,737.38,29.0
S001446,U00853,2025-06-13T17:16:00,Android,Mumbai,790.88,29.0
S001447,U00854,2025-05-15T20:32:00,Android,Mumbai,661.24,49.0
S001448,U00855,2025-05-03T07:22:00,iOS,Delhi,655.45,19.0
S001449,U00856,2025-01-23T19:46:00,Android,Hyderabad,631.9,29.0
S001450,U00857,2025-01-03T18:46:00,Android,Bengaluru,532.25,59.0
S001451,U00858,2025-02-07T20:53:00,Android,Bengaluru,893.2,39.0
S001452,U00859,2025-01-13T10:44:00,Android,Hyderabad,829.53,69.0
S001453,U00859,2025-01-30T22:28:00,Android,Hyderabad,1404.36,0.0
S001454,U00860,2025-01-01T13:41:00,Android,Hyderabad,870.83,39.0
S001455,U00860,2025-05-04T08:01:00,Android,Hyderabad,250.7,39.0
S001456,U00861,2025-04-27T12:28:00,Android,Mumbai,764.06,39.0
S001457,U00862,2025-02-07T17:17:00,Android,Bengaluru,745.36,39.0
S001458,U00862,2025-01-30T18:13:00,Android,Bengaluru,596.9,59.0
S001459,U00862,2025-01-26T22:24:00,Android,Bengaluru,612.79,29.0
S001460,U00863,2025-04-29T07:06:00,Android,Bengaluru,773.25,19.0
S001461,U00863,2025-03-20T10:48:00,Android,Bengaluru,686.09,0.0
S001462,U00864,2025-05-23T11:38:00,Android,Mumbai,1053.38,0.0
S001463,U00865,2025-04-10T20:10:00,Android,Hyderabad,861.49,19.0
S001464,U00866,2025-06-02T17:06:00,Android,Delhi,722.19,69.0
S001465,U00866,2025-06-08T13:15:00,Android,Delhi,767.06,29.0
S001466,U00867,2025-04-18T18:05:00,Android,Bengaluru,809.25,39.0
S001467,U00867,2025-02-03T11:29:00,Android,Bengaluru,842.86,39.0
S001468,U00868,2025-06-26T15:58:00,Android,Bengaluru,618.18,29.0
S001469,U00868,2025-04-10T13:22:00,Android,Bengaluru,692.13,39.0
S001470,U00869,2025-05-07T19:45:00,Android,Mumbai,510.17,49.0
S001471,U00869,2025-05-23T11:14:00,Android,Mumbai,1197.72,0.0
S001472,U00870,2025-06-13T08:31:00,Android,Hyderabad,552.96,49.0
S001473,U00871,2025-02-08T20:10:00,Android,Bengaluru,684.13,49.0
S001474,U00871,2025-04-23T17:03:00,Android,Bengaluru,765.72,59.0
S001475,U00872,2025-03-24T16:17:00,iOS,Bengaluru,1120.19,49.0
S001476,U00873,2025-03-14T09:40:00,iOS,Delhi,901.72,0.0
S001477,U00874,2025-04-15T13:54:00,Android,Bengaluru,784.18,49.0
S001478,U00875,2025-04-19T15:36:00,Android,Mumbai,879.7,29.0
S001479,U00875,2025-05-30T11:19:00,Android,Mumbai,335.39,59.0
S001480,U00875,2025-01-26T08:03:00,Android,Mumbai,640.07,29.0
S001481,U00875,2025-01-18T14:12:00,Android,Mumbai,786.23,19.0
S001482,U00876,2025-05-30T07:01:00,Android,Bengaluru,551.23,49.0
S001483,U00877,2025-01-28T12:10:00,iOS,Mumbai,1311.96,0.0
S001484,U00878,2025-06-21T09:40:00,Android,Hyderabad,517.17,49.0
S001485,U00879,2025-05-30T14:54:00,Android,Kolkata,1111.6,0.0
S001486,U00879,2025-05-20T14:54:00,Android,Kolkata,1330.6,0.0
S001487,U00880,2025-02-27T10:00:00,iOS,Kolkata,756.83,19.0
S001488,U00880,2025-03-29T16:00:00,iOS,Kolkata,585.46,0.0
S001489,U00881,2025-01-02T07:05:00,Android,Delhi,550.94,59.0
S001490,U00882,2025-05-26T19:36:00,iOS,Bengaluru,778.85,19.0
S001491,U00882,2025-02-10T18:43:00,iOS,Bengaluru,718.11,19.0
S001492,U00883,2025-04-08T14:01:00,Android,Delhi,415.81,19.0
S001493,U00883,2025-03-24T08:00:00,Android,Delhi,1170.33,0.0
S001494,U00884,2025-01-15T11:38:00,Android,Hyderabad,556.06,19.0
S001495,U00885,2025-04-26T11:54:00,iOS,Bengaluru,634.74,59.0
S001496,U00885,2025-02-26T10:05:00,iOS,Bengaluru,741.05,0.0
S001497,U00885,2025-05-12T10:00:00,iOS,Bengaluru,1034.39,0.0
S001498,U00886,2025-03-09T15:53:00,Android,Delhi,1239.98,49.0
S001499,U00887,2025-05-08T19:34:00,Android,Delhi,899.42,39.0
S001500,U00888,2025-05-04T17:42:00,iOS,Bengaluru,368.07,29.0
S001501,U00889,2025-04-09T21:56:00,iOS,Hyderabad,1214.82,0.0
S001502,U00889,2025-04-09T17:42:00,iOS,Hyderabad,696.73,19.0
S001503,U00890,2025-02-04T12:31:00,Android,Mumbai,648.73,29.0
S001504,U00890,2025-06-29T14:53:00,Android,Mumbai,885.26,69.0
S001505,U00890,2025-05-24T12:10:00,Android,Mumbai,1043.78,59.0
S001506,U00890,2025-04-23T10:10:00,Android,Mumbai,666.97,19.0
S001507,U00890,2025-01-02T18:52:00,Android,Mumbai,1475.97,0.0
S001508,U00891,2025-01-09T22:46:00,iOS,Mumbai,610.84,69.0
S001509,U00892,2025-02-06T15:47:00,Android,Kolkata,426.43,39.0
S001510,U00892,2025-01-09T12:32:00,Android,Kolkata,649.13,19.0
S001511,U00893,2025-03-31T08:27:00,Android,Bengaluru,707.75,49.0
S001512,U00894,2025-06-22T12:39:00,iOS,Bengaluru,568.49,29.0
S001513,U00895,2025-05-14T17:00:00,Android,Delhi,585.46,69.0
S001514,U00896,2025-02-05T15:00:00,iOS,Mumbai,886.44,29.0
S001515,U00897,2025-03-19T15:31:00,Android,Mumbai,957.69,0.0
S001516,U00897,2025-06-10T08:55:00,Android,Mumbai,906.66,0.0
S001517,U00898,2025-02-15T10:18:00,Android,Bengaluru,649.63,69.0
S001518,U00899,2025-03-06T09:44:00,Android,Kolkata,815.04,19.0
S001519,U00900,2025-01-22T19:49:00,Android,Delhi,665.87,39.0
S001520,U00900,2025-04-05T22:34:00,Android,Delhi,858.46,19.0
S001521,U00901,2025-05-14T21:07:00,iOS,Delhi,770.91,49.0
S001522,U00901,2025-02-18T22:56:00,iOS,Delhi,530.82,49.0
S001523,U00902,2025-01-06T20:54:00,Android,Mumbai,337.44,69.0
S001524,U00902,2025-01-07T21:09:00,Android,Mumbai,481.48,29.0
S001525,U00902,2025-06-23T20:44:00,Android,Mumbai,681.36,69.0
S001526,U00903,2025-01-29T10:17:00,Android,Kolkata,540.08,0.0
S001527,U00904,2025-06-07T09:04:00,Android,Mumbai,625.53,69.0
S001528,U00904,2025-05-02T19:27:00,Android,Mumbai,1155.16,19.0
S001529,U00905,2025-05-26T18:18:00,Android,Kolkata,1006.87,59.0
S001530,U00906,2025-06-07T16:50:00,Android,Bengaluru,1316.84,0.0
S001531,U00907,2025-01-31T11:39:00,Android,Mumbai,938.33,0.0
S001532,U00908,2025-04-30T20:47:00,Android,Hyderabad,734.51,39.0
S001533,U00909,2025-05-29T22:49:00,Android,Mumbai,520.07,29.0
S001534,U00909,2025-02-19T11:02:00,Android,Mumbai,299.97,59.0
S001535,U00909,2025-03-30T17:42:00,Android,Mumbai,658.44,49.0
S001536,U00910,2025-01-13T10:23:00,Android,Delhi,523.67,29.0
S001537,U00911,2025-05-04T08:44:00,Android,Kolkata,1009.03,0.0
S001538,U00911,2025-04-22T13:28:00,Android,Kolkata,807.27,39.0
S001539,U00912,2025-04-27T09:34:00,Android,Bengaluru,543.23,39.0
S001540,U00912,2025-01-18T22:53:00,Android,Bengaluru,917.19,0.0
S001541,U00913,2025-01-30T07:10:00,Android,Delhi,1100.88,0.0
S001542,U00913,2025-01-01T11:26:00,Android,Delhi,1154.43,39.0
S001543,U00914,2025-06-13T13:21:00,Android,Kolkata,595.3,29.0
S001544,U00914,2025-03-27T22:38:00,Android,Kolkata,576.75,19.0
S001545,U00915,2025-01-14T21:49:00,Android,Kolkata,543.38,39.0
S001546,U00916,2025-05-27T19:09:00,Android,Kolkata,532.01,19.0
S001547,U00916,2025-02-19T15:51:00,Android,Kolkata,908.89,0.0
S001548,U00917,2025-04-14T16:46:00,iOS,Kolkata,915.4,0.0
S001549,U00917,2025-01-20T14:30:00,iOS,Kolkata,649.17,0.0
S001550,U00918,2025-02-22T22:05:00,Android,Bengaluru,603.73,19.0
S001551,U00919,2025-03-13T08:19:00,iOS,Kolkata,637.49,0.0
S001552,U00920,2025-05-18T13:55:00,Android,Delhi,406.87,49.0
S001553,U00921,2025-04-12T12:36:00,Android,Mumbai,345.51,0.0
S001554,U00922,2025-01-20T12:36:00,iOS,Delhi,2093.34,0.0
S001555,U00922,2025-02-14T09:20:00,iOS,Delhi,932.16,0.0
S001556,U00923,2025-03-17T10:53:00,Android,Hyderabad,746.26,59.0
S001557,U00923,2025-02-15T21:49:00,Android,Hyderabad,1145.92,0.0
S001558,U00923,2025-01-20T19:57:00,Android,Hyderabad,712.24,29.0
S001559,U00923,2025-06-01T16:20:00,Android,Hyderabad,1281.96,29.0
S001560,U00924,2025-01-08T08:57:00,Android,Mumbai,776.98,59.0
S001561,U00924,2025-04-01T15:22:00,Android,Mumbai,507.71,29.0
S001562,U00924,2025-04-11T12:18:00,Android,Mumbai,708.58,29.0
S001563,U00925,2025-02-16T16:24:00,Android,Hyderabad,576.66,0.0
S001564,U00926,2025-05-23T07:39:00,Android,Bengaluru,1563.21,59.0
S001565,U00927,2025-04-06T16:44:00,Android,Bengaluru,385.64,69.0
S001566,U00928,2025-04-06T14:00:00,iOS,Delhi,550.85,49.0
S001567,U00928,2025-06-18T15:03:00,iOS,Delhi,766.74,49.0
S001568,U00929,2025-06-03T16:44:00,Android,Bengaluru,1071.85,0.0
S001569,U00929,2025-02-26T22:22:00,Android,Bengaluru,786.03,59.0
S001570,U00929,2025-06-26T12:23:00,Android,Bengaluru,746.83,49.0
S001571,U00929,2025-06-06T14:22:00,Android,Bengaluru,506.51,59.0
S001572,U00930,2025-05-02T15:06:00,Android,Hyderabad,478.74,39.0
S001573,U00930,2025-06-19T21:59:00,Android,Hyderabad,541.95,0.0
S001574,U00931,2025-05-28T11:00:00,Android,Delhi,913.36,0.0
S001575,U00931,2025-06-27T19:07:00,Android,Delhi,569.35,69.0
S001576,U00932,2025-04-19T17:37:00,Android,Mumbai,530.75,59.0
S001577,U00933,2025-05-16T19:32:00,iOS,Bengaluru,507.78,59.0
S001578,U00934,2025-06-08T14:49:00,Android,Bengaluru,1092.88,0.0
S001579,U00934,2025-06-14T13:32:00,Android,Bengaluru,444.74,19.0
S001580,U00935,2025-02-01T15:55:00,iOS,Mumbai,1116.98,29.0
S001581,U00935,2025-04-15T19:39:00,iOS,Mumbai,865.86,29.0
S001582,U00936,2025-05-26T21:18:00,Android,Delhi,443.34,39.0
S001583,U00936,2025-05-27T09:48:00,Android,Delhi,496.35,39.0
S001584,U00937,2025-06-21T22:13:00,Android,Bengaluru,932.69,29.0
S001585,U00937,2025-04-18T22:40:00,Android,Bengaluru,1270.72,0.0
S001586,U00937,2025-03-16T15:19:00,Android,Bengaluru,552.09,39.0
S001587,U00938,2025-01-07T14:51:00,Android,Bengaluru,640.73,0.0
S001588,U00939,2025-04-30T22:49:00,iOS,Bengaluru,1208.39,49.0
S001589,U00939,2025-06-12T12:38:00,iOS,Bengaluru,724.49,19.0
S001590,U00940,2025-06-26T15:56:00,Android,Mumbai,712.88,19.0
S001591,U00941,2025-05-31T21:55:00,Android,Bengaluru,1031.06,0.0
S001592,U00941,2025-06-12T22:19:00,Android,Bengaluru,1398.17,29.0
S001593,U00942,2025-02-10T10:09:00,iOS,Delhi,690.47,29.0
S001594,U00943,2025-06-27T14:52:00,Android,Hyderabad,653.5,29.0
S001595,U00943,2025-04-28T22:06:00,Android,Hyderabad,1112.12,0.0
S001596,U00944,2025-05-16T09:36:00,Android,Mumbai,460.25,29.0
S001597,U00944,2025-02-01T14:04:00,Android,Mumbai,733.37,59.0
S001598,U00945,2025-01-13T22:42:00,iOS,Mumbai,291.52,39.0
S001599,U00946,2025-01-22T09:57:00,Android,Bengaluru,572.94,19.0
S001600,U00947,2025-04-06T16:02:00,Android,Kolkata,630.36,39.0
S001601,U00947,2025-06-16T11:33:00,Android,Kolkata,463.67,19.0
S001602,U00948,2025-02-08T18:48:00,Android,Delhi,746.65,49.0
S001603,U00948,2025-05-23T22:45:00,Android,Delhi,1338.29,0.0
S001604,U00949,2025-04-15T12:00:00,iOS,Delhi,560.1,39.0
S001605,U00950,2025-04-24T08:53:00,Android,Kolkata,1125.1,29.0
S001606,U00951,2025-01-25T15:53:00,iOS,Mumbai,751.67,0.0
S001607,U00952,2025-02-13T19:59:00,Android,Mumbai,750.91,49.0
S001608,U00953,2025-01-09T11:05:00,Android,Kolkata,788.18,39.0
S001609,U00954,2025-05-29T19:51:00,Android,Bengaluru,1295.28,0.0
S001610,U00955,2025-01-10T15:01:00,iOS,Hyderabad,457.64,49.0
S001611,U00955,2025-05-10T21:52:00,iOS,Hyderabad,1200.66,0.0
S001612,U00955,2025-02-27T18:17:00,iOS,Hyderabad,592.71,49.0
S001613,U00955,2025-04-01T21:11:00,iOS,Hyderabad,458.7,0.0
S001614,U00956,2025-01-25T16:36:00,Android,Mumbai,597.78,29.0
S001615,U00956,2025-02-11T07:06:00,Android,Mumbai,709.32,49.0
S001616,U00956,2025-02-18T22:23:00,Android,Mumbai,804.81,69.0
S001617,U00957,2025-05-23T16:44:00,Android,Delhi,459.68,19.0
S001618,U00958,2025-05-24T20:36:00,Android,Bengaluru,532.6,39.0
S001619,U00959,2025-06-06T07:40:00,iOS,Bengaluru,539.82,69.0
S001620,U00960,2025-02-03T08:27:00,Android,Kolkata,671.77,0.0
S001621,U00961,2025-01-23T19:21:00,Android,Bengaluru,617.53,49.0
S001622,U00962,2025-06-21T20:51:00,Android,Bengaluru,449.46,29.0
S001623,U00963,2025-03-30T20:40:00,Android,Hyderabad,1052.99,0.0
S001624,U00964,2025-04-17T09:41:00,iOS,Hyderabad,617.7,0.0
S001625,U00965,2025-05-20T08:25:00,Android,Bengaluru,531.3,39.0
S001626,U00966,2025-04-26T07:08:00,iOS,Hyderabad,483.19,39.0
S001627,U00966,2025-01-19T12:43:00,iOS,Hyderabad,712.68,59.0
S001628,U00967,2025-01-04T07:18:00,iOS,Mumbai,1090.33,19.0
S001629,U00967,2025-05-26T18:52:00,iOS,Mumbai,329.68,49.0
S001630,U00968,2025-02-10T12:37:00,Android,Hyderabad,704.42,39.0
S001631,U00968,2025-05-26T09:13:00,Android,Hyderabad,555.97,0.0
S001632,U00969,2025-01-15T11:57:00,iOS,Bengaluru,751.5,29.0
S001633,U00969,2025-05-14T20:57:00,iOS,Bengaluru,838.56,29.0
S001634,U00970,2025-01-17T08:18:00,iOS,Bengaluru,424.07,39.0
S001635,U00970,2025-04-28T09:38:00,iOS,Bengaluru,900.14,0.0
S001636,U00971,2025-01-01T07:26:00,iOS,Mumbai,813.14,39.0
S001637,U00972,2025-05-13T12:59:00,Android,Bengaluru,409.12,49.0
S001638,U00972,2025-06-12T19:49:00,Android,Bengaluru,721.04,49.0
S001639,U00973,2025-04-28T18:58:00,Android,Mumbai,1117.72,0.0
S001640,U00974,2025-02-20T12:35:00,iOS,Bengaluru,424.84,49.0
S001641,U00974,2025-03-10T13:38:00,iOS,Bengaluru,718.99,59.0
S001642,U00975,2025-03-17T09:34:00,Android,Hyderabad,665.96,39.0
S001643,U00976,2025-02-09T11:57:00,iOS,Kolkata,521.52,49.0
S001644,U00976,2025-02-26T13:48:00,iOS,Kolkata,1196.21,0.0
S001645,U00976,2025-06-07T19:50:00,iOS,Kolkata,504.78,0.0
S001646,U00977,2025-01-10T21:48:00,Android,Hyderabad,472.01,59.0
S001647,U00978,2025-03-06T09:51:00,Android,Kolkata,582.34,49.0
S001648,U00978,2025-03-04T22:18:00,Android,Kolkata,432.33,19.0
S001649,U00979,2025-04-30T17:06:00,iOS,Kolkata,708.07,59.0
S001650,U00980,2025-03-31T19:32:00,Android,Delhi,757.0,59.0
S001651,U00981,2025-05-29T07:41:00,Android,Delhi,504.8,69.0
S001652,U00982,2025-06-08T18:00:00,iOS,Kolkata,1795.27,39.0
S001653,U00983,2025-06-11T12:04:00,iOS,Kolkata,624.16,29.0
S001654,U00984,2025-06-07T10:48:00,Android,Kolkata,541.28,49.0
S001655,U00984,2025-06-28T08:47:00,Android,Kolkata,1171.46,0.0
S001656,U00985,2025-01-28T21:51:00,iOS,Hyderabad,626.68,29.0
S001657,U00985,2025-04-25T07:50:00,iOS,Hyderabad,593.21,39.0
S001658,U00986,2025-06-06T20:16:00,iOS,Bengaluru,576.6,49.0
S001659,U00987,2025-01-06T12:04:00,iOS,Kolkata,771.05,49.0
S001660,U00987,2025-02-27T17:10:00,iOS,Kolkata,297.79,29.0
S001661,U00987,2025-06-05T11:34:00,iOS,Kolkata,732.68,49.0
S001662,U00988,2025-06-29T20:38:00,Android,Kolkata,386.82,69.0
S001663,U00989,2025-06-08T08:11:00,Android,Mumbai,599.57,69.0
S001664,U00990,2025-04-19T12:13:00,iOS,Hyderabad,994.43,0.0
S001665,U00991,2025-01-23T21:14:00,iOS,Mumbai,849.65,39.0
S001666,U00992,2025-05-07T18:45:00,Android,Kolkata,557.27,19.0
S001667,U00993,2025-03-03T12:38:00,Android,Bengaluru,524.8,49.0
S001668,U00993,2025-04-04T14:34:00,Android,Bengaluru,916.07,0.0
S001669,U00993,2025-03-14T08:59:00,Android,Bengaluru,800.49,29.0
S001670,U00994,2025-01-11T12:23:00,Android,Kolkata,665.49,39.0
S001671,U00995,2025-06-11T07:52:00,iOS,Bengaluru,512.32,29.0
S001672,U00995,2025-05-23T18:10:00,iOS,Bengaluru,611.94,39.0
S001673,U00995,2025-02-05T18:43:00,iOS,Bengaluru,563.93,59.0
S001674,U00996,2025-02-28T17:28:00,iOS,Delhi,831.51,29.0
S001675,U00997,2025-04-03T18:52:00,Android,Bengaluru,877.74,39.0
S001676,U00997,2025-03-14T14:42:00,Android,Bengaluru,1152.8,19.0
S001677,U00997,2025-03-01T19:27:00,Android,Bengaluru,748.34,69.0
S001678,U00998,2025-04-01T20:38:00,Android,Delhi,716.72,49.0
S001679,U00999,2025-02-17T07:40:00,Android,Bengaluru,841.32,0.0
S001680,U00999,2025-04-21T16:03:00,Android,Bengaluru,571.45,29.0
S001681,U01000,2025-06-09T09:25:00,iOS,Kolkata,196.99,39.0
S001682,U01001,2025-03-05T15:52:00,Android,Mumbai,665.67,19.0
S001683,U01001,2025-01-08T07:36:00,Android,Mumbai,594.55,69.0
S001684,U01002,2025-06-16T08:00:00,Android,Kolkata,390.08,0.0
S001685,U01002,2025-04-09T20:48:00,Android,Kolkata,812.94,39.0
S001686,U01003,2025-01-22T09:44:00,Android,Delhi,420.86,59.0
S001687,U01004,2025-04-09T13:54:00,iOS,Bengaluru,335.75,39.0
S001688,U01004,2025-02-02T22:45:00,iOS,Bengaluru,836.69,29.0
S001689,U01004,2025-02-09T20:49:00,iOS,Bengaluru,1107.26,49.0
S001690,U01005,2025-02-02T10:08:00,Android,Hyderabad,549.23,29.0
S001691,U01005,2025-03-27T13:42:00,Android,Hyderabad,542.97,29.0
S001692,U01006,2025-05-13T10:32:00,Android,Hyderabad,1009.35,49.0
S001693,U01007,2025-01-31T18:53:00,Android,Mumbai,583.89,39.0
S001694,U01007,2025-05-09T18:48:00,Android,Mumbai,893.82,49.0
S001695,U01007,2025-04-29T20:53:00,Android,Mumbai,846.13,29.0
S001696,U01008,2025-01-08T13:07:00,iOS,Hyderabad,572.39,39.0
S001697,U01009,2025-02-15T12:37:00,Android,Hyderabad,607.76,39.0
S001698,U01010,2025-05-27T22:49:00,Android,Mumbai,632.52,39.0
S001699,U01011,2025-02-20T08:48:00,Android,Kolkata,688.07,49.0
S001700,U01012,2025-05-28T18:26:00,Android,Hyderabad,1738.43,39.0
S001701,U01013,2025-04-28T12:13:00,iOS,Mumbai,438.54,39.0
S001702,U01014,2025-03-11T21:23:00,iOS,Delhi,1119.85,0.0
S001703,U01015,2025-03-13T20:51:00,Android,Bengaluru,446.93,59.0
S001704,U01016,2025-05-15T16:28:00,iOS,Bengaluru,249.34,39.0
S001705,U01017,2025-01-25T09:01:00,Android,Hyderabad,879.88,49.0
S001706,U01017,2025-04-05T22:24:00,Android,Hyderabad,1260.2,29.0
S001707,U01018,2025-05-16T09:22:00,iOS,Hyderabad,1118.7,39.0
S001708,U01019,2025-01-24T07:43:00,Android,Delhi,782.05,39.0
S001709,U01019,2025-04-02T13:00:00,Android,Delhi,875.34,39.0
S001710,U01020,2025-02-01T18:16:00,Android,Mumbai,359.28,19.0
S001711,U01021,2025-03-30T20:02:00,iOS,Bengaluru,599.15,0.0
S001712,U01021,2025-03-18T08:14:00,iOS,Bengaluru,827.17,39.0
S001713,U01022,2025-02-03T08:06:00,iOS,Delhi,528.49,39.0
S001714,U01023,2025-05-09T15:00:00,iOS,Kolkata,557.41,49.0
S001715,U01023,2025-02-20T15:18:00,iOS,Kolkata,1001.95,19.0
S001716,U01023,2025-05-27T22:30:00,iOS,Kolkata,882.99,19.0
S001717,U01024,2025-04-21T11:36:00,Android,Delhi,629.34,29.0
S001718,U01024,2025-04-04T08:48:00,Android,Delhi,398.14,39.0
S001719,U01024,2025-06-10T17:06:00,Android,Delhi,289.43,49.0
S001720,U01025,2025-01-19T12:23:00,iOS,Bengaluru,703.55,39.0
S001721,U01025,2025-04-29T19:47:00,iOS,Bengaluru,670.02,49.0
S001722,U01026,2025-05-21T10:43:00,Android,Mumbai,467.43,39.0
S001723,U01027,2025-05-06T18:02:00,Android,Delhi,415.35,59.0
S001724,U01027,2025-04-15T08:40:00,Android,Delhi,871.87,49.0
S001725,U01028,2025-05-15T17:50:00,Android,Hyderabad,833.8,49.0
S001726,U01028,2025-05-31T21:36:00,Android,Hyderabad,307.57,0.0
S001727,U01029,2025-03-13T12:51:00,Android,Kolkata,1045.28,0.0
S001728,U01030,2025-01-25T18:39:00,Android,Mumbai,457.7,29.0
S001729,U01031,2025-01-25T21:43:00,iOS,Mumbai,777.02,29.0
S001730,U01031,2025-02-19T22:31:00,iOS,Mumbai,994.4,0.0
S001731,U01031,2025-05-07T22:05:00,iOS,Mumbai,499.24,49.0
S001732,U01032,2025-04-25T22:50:00,Android,Delhi,1021.25,0.0
S001733,U01033,2025-03-26T13:08:00,Android,Mumbai,1708.12,59.0
S001734,U01034,2025-04-24T11:07:00,Android,Delhi,1153.04,0.0
S001735,U01035,2025-02-18T07:00:00,iOS,Bengaluru,686.62,19.0
S001736,U01036,2025-02-24T18:23:00,Android,Kolkata,732.93,59.0
S001737,U01037,2025-01-16T15:17:00,iOS,Delhi,620.93,0.0
S001738,U01037,2025-03-07T10:26:00,iOS,Delhi,1296.74,49.0
S001739,U01038,2025-02-09T08:06:00,Android,Mumbai,713.93,19.0
S001740,U01039,2025-02-24T12:47:00,Android,Bengaluru,800.03,19.0
S001741,U01040,2025-02-02T14:17:00,iOS,Hyderabad,504.53,59.0
S001742,U01041,2025-05-23T10:00:00,Android,Bengaluru,712.68,39.0
S001743,U01042,2025-03-10T07:52:00,iOS,Delhi,2340.67,0.0
S001744,U01042,2025-02-15T22:43:00,iOS,Delhi,1020.6,0.0
S001745,U01042,2025-04-23T22:13:00,iOS,Delhi,948.03,0.0
S001746,U01043,2025-05-09T19:51:00,Android,Hyderabad,640.47,29.0
S001747,U01044,2025-02-18T13:48:00,Android,Delhi,836.91,19.0
S001748,U01044,2025-05-28T07:56:00,Android,Delhi,526.95,0.0
S001749,U01045,2025-02-01T19:27:00,Android,Kolkata,625.16,39.0
S001750,U01046,2025-05-01T21:50:00,iOS,Bengaluru,943.73,0.0
S001751,U01047,2025-01-05T10:14:00,Android,Hyderabad,784.44,69.0
S001752,U01048,2025-02-27T07:25:00,Android,Kolkata,1136.04,0.0
S001753,U01048,2025-04-24T19:06:00,Android,Kolkata,548.93,49.0
S001754,U01049,2025-03-17T20:37:00,Android,Mumbai,817.59,19.0
S001755,U01049,2025-04-12T13:37:00,Android,Mumbai,893.06,59.0
S001756,U01050,2025-01-06T15:23:00,iOS,Hyderabad,522.7,49.0
S001757,U01051,2025-01-18T17:59:00,iOS,Delhi,563.07,19.0
S001758,U01051,2025-06-24T09:20:00,iOS,Delhi,861.76,59.0
S001759,U01052,2025-06-26T21:36:00,iOS,Hyderabad,657.42,69.0
S001760,U01052,2025-04-01T20:49:00,iOS,Hyderabad,857.64,59.0
S001761,U01053,2025-02-17T14:17:00,Android,Kolkata,1060.11,29.0
S001762,U01053,2025-03-17T12:39:00,Android,Kolkata,827.66,39.0
S001763,U01054,2025-06-03T16:31:00,Android,Hyderabad,817.57,29.0
S001764,U01055,2025-05-14T09:37:00,iOS,Kolkata,511.13,59.0
S001765,U01056,2025-05-23T17:30:00,iOS,Mumbai,899.99,39.0
S001766,U01056,2025-05-18T19:04:00,iOS,Mumbai,1612.49,0.0
S001767,U01057,2025-06-14T16:42:00,iOS,Mumbai,488.08,59.0
S001768,U01057,2025-05-11T13:03:00,iOS,Mumbai,362.91,0.0
S001769,U01058,2025-04-13T08:36:00,iOS,Delhi,725.17,29.0
S001770,U01059,2025-02-18T11:49:00,iOS,Hyderabad,1204.12,0.0
S001771,U01060,2025-02-20T16:43:00,Android,Kolkata,770.91,39.0
S001772,U01060,2025-06-14T09:55:00,Android,Kolkata,575.88,39.0
S001773,U01061,2025-02-21T21:04:00,Android,Mumbai,996.72,0.0
S001774,U01061,2025-05-16T16:54:00,Android,Mumbai,759.04,49.0
S001775,U01062,2025-01-21T12:09:00,iOS,Bengaluru,966.94,59.0
S001776,U01062,2025-04-26T14:30:00,iOS,Bengaluru,547.18,29.0
S001777,U01062,2025-02-21T15:19:00,iOS,Bengaluru,397.62,49.0
S001778,U01063,2025-05-05T08:45:00,Android,Mumbai,542.14,19.0
S001779,U01063,2025-02-25T22:48:00,Android,Mumbai,1332.3,29.0
S001780,U01064,2025-05-03T10:28:00,Android,Hyderabad,1096.2,0.0
S001781,U01064,2025-01-27T09:55:00,Android,Hyderabad,1048.41,0.0
S001782,U01064,2025-05-25T19:29:00,Android,Hyderabad,435.49,49.0
S001783,U01065,2025-06-20T21:35:00,Android,Kolkata,507.46,59.0
S001784,U01066,2025-06-13T16:03:00,Android,Bengaluru,487.89,39.0
S001785,U01067,2025-02-16T22:47:00,iOS,Bengaluru,349.47,0.0
S001786,U01068,2025-06-18T10:17:00,iOS,Delhi,1686.27,0.0
S001787,U01068,2025-05-03T13:07:00,iOS,Delhi,378.92,29.0
S001788,U01069,2025-03-12T09:55:00,Android,Bengaluru,596.9,49.0
S001789,U01070,2025-01-17T12:48:00,Android,Kolkata,857.78,49.0
S001790,U01071,2025-02-15T14:43:00,Android,Delhi,622.69,29.0
S001791,U01072,2025-01-05T17:11:00,iOS,Mumbai,841.54,29.0
S001792,U01073,2025-02-03T11:16:00,Android,Bengaluru,1477.31,29.0
S001793,U01073,2025-05-11T19:04:00,Android,Bengaluru,461.1,29.0
S001794,U01073,2025-05-05T21:44:00,Android,Bengaluru,502.01,39.0
S001795,U01074,2025-02-21T09:13:00,Android,Delhi,296.71,0.0
S001796,U01074,2025-05-03T17:03:00,Android,Delhi,1043.84,0.0
S001797,U01075,2025-05-25T10:52:00,Android,Kolkata,1077.91,0.0
S001798,U01075,2025-02-19T20:33:00,Android,Kolkata,517.64,19.0
S001799,U01076,2025-06-09T17:50:00,Android,Mumbai,1339.39,49.0
S001800,U01077,2025-01-07T11:42:00,Android,Bengaluru,750.21,19.0
S001801,U01078,2025-05-25T12:20:00,Android,Bengaluru,424.16,59.0
S001802,U01079,2025-01-25T17:47:00,Android,Kolkata,346.18,49.0
S001803,U01079,2025-03-22T13:08:00,Android,Kolkata,827.7,39.0
S001804,U01080,2025-06-23T15:42:00,Android,Kolkata,483.09,49.0
S001805,U01081,2025-01-27T08:36:00,Android,Bengaluru,583.97,69.0
S001806,U01081,2025-01-30T18:25:00,Android,Bengaluru,957.8,0.0
S001807,U01082,2025-04-09T17:27:00,Android,Mumbai,420.84,39.0
S001808,U01082,2025-04-08T07:09:00,Android,Mumbai,1284.02,29.0
S001809,U01082,2025-05-29T11:22:00,Android,Mumbai,970.43,0.0
S001810,U01083,2025-05-12T12:59:00,Android,Bengaluru,1184.16,0.0
S001811,U01083,2025-04-26T10:01:00,Android,Bengaluru,666.4,49.0
S001812,U01083,2025-03-31T07:34:00,Android,Bengaluru,533.68,29.0
S001813,U01084,2025-03-29T12:13:00,iOS,Mumbai,1290.53,0.0
S001814,U01085,2025-06-11T18:06:00,Android,Bengaluru,1221.88,0.0
S001815,U01085,2025-04-25T19:43:00,Android,Bengaluru,466.17,39.0
S001816,U01086,2025-03-14T09:07:00,iOS,Hyderabad,580.0,49.0
S001817,U01086,2025-05-22T12:46:00,iOS,Hyderabad,692.58,39.0
S001818,U01087,2025-05-24T11:18:00,Android,Kolkata,916.33,0.0
S001819,U01087,2025-05-25T17:34:00,Android,Kolkata,810.25,29.0
S001820,U01088,2025-03-05T13:49:00,iOS,Bengaluru,512.18,49.0
S001821,U01088,2025-04-29T09:53:00,iOS,Bengaluru,840.18,29.0
S001822,U01088,2025-04-15T19:47:00,iOS,Bengaluru,772.35,69.0
S001823,U01089,2025-02-27T11:29:00,Android,Delhi,607.23,49.0
S001824,U01090,2025-03-19T17:14:00,Android,Bengaluru,521.97,49.0
S001825,U01090,2025-01-15T21:20:00,Android,Bengaluru,339.13,39.0
S001826,U01091,2025-03-10T21:13:00,Android,Delhi,635.81,59.0
S001827,U01092,2025-05-06T21:33:00,Android,Bengaluru,631.19,59.0
S001828,U01092,2025-03-19T09:42:00,Android,Bengaluru,660.27,49.0
S001829,U01092,2025-01-02T17:17:00,Android,Bengaluru,799.02,19.0
S001830,U01092,2025-05-17T12:57:00,Android,Bengaluru,1271.17,0.0
S001831,U01093,2025-06-30T07:31:00,Android,Delhi,961.16,0.0
S001832,U01093,2025-02-21T13:54:00,Android,Delhi,316.78,19.0
S001833,U01094,2025-02-01T19:51:00,iOS,Kolkata,526.44,29.0
S001834,U01095,2025-04-09T16:13:00,Android,Bengaluru,442.62,29.0
S001835,U01095,2025-03-02T17:22:00,Android,Bengaluru,703.49,59.0
S001836,U01096,2025-02-07T17:30:00,iOS,Hyderabad,579.78,39.0
S001837,U01096,2025-04-19T14:07:00,iOS,Hyderabad,779.62,0.0
S001838,U01097,2025-06-28T20:32:00,Android,Bengaluru,491.19,29.0
S001839,U01098,2025-02-12T16:13:00,Android,Mumbai,1211.29,0.0
S001840,U01099,2025-01-01T17:08:00,iOS,Delhi,715.48,69.0
S001841,U01100,2025-03-19T22:32:00,Android,Kolkata,405.94,39.0
S001842,U01100,2025-03-16T18:08:00,Android,Kolkata,769.02,19.0
S001843,U01101,2025-02-28T11:59:00,Android,Bengaluru,871.66,29.0
S001844,U01102,2025-06-09T17:56:00,Android,Bengaluru,569.33,19.0
S001845,U01103,2025-06-25T07:57:00,iOS,Hyderabad,2400.0,0.0
S001846,U01104,2025-03-05T20:48:00,Android,Hyderabad,760.88,69.0
S001847,U01105,2025-04-03T11:23:00,Android,Hyderabad,844.18,39.0
S001848,U01106,2025-03-11T19:49:00,Android,Bengaluru,812.53,19.0
S001849,U01107,2025-04-08T17:42:00,Android,Bengaluru,600.78,39.0
S001850,U01107,2025-04-20T10:37:00,Android,Bengaluru,618.41,49.0
S001851,U01108,2025-01-09T21:28:00,Android,Hyderabad,642.03,49.0
S001852,U01109,2025-03-20T22:25:00,Android,Mumbai,2224.58,49.0
S001853,U01109,2025-03-15T07:12:00,Android,Mumbai,589.92,29.0
S001854,U01110,2025-02-05T10:19:00,iOS,Mumbai,1051.01,0.0
S001855,U01111,2025-04-17T20:17:00,Android,Delhi,750.03,59.0
S001856,U01111,2025-04-11T14:52:00,Android,Delhi,588.42,69.0
S001857,U01112,2025-04-24T19:52:00,Android,Delhi,596.54,29.0
S001858,U01112,2025-02-20T20:37:00,Android,Delhi,548.97,69.0
S001859,U01113,2025-05-11T21:03:00,iOS,Kolkata,661.99,39.0
S001860,U01113,2025-03-12T19:05:00,iOS,Kolkata,400.07,39.0
S001861,U01114,2025-01-23T12:12:00,iOS,Hyderabad,1292.44,39.0
S001862,U01115,2025-02-11T16:13:00,Android,Bengaluru,649.87,19.0
S001863,U01116,2025-03-30T07:39:00,Android,Kolkata,656.94,19.0
S001864,U01117,2025-01-23T13:53:00,Android,Mumbai,408.43,19.0
S001865,U01117,2025-01-03T11:00:00,Android,Mumbai,653.29,29.0
S001866,U01118,2025-04-30T09:13:00,iOS,Delhi,589.59,0.0
S001867,U01119,2025-06-28T13:33:00,Android,Delhi,843.67,39.0
S001868,U01120,2025-05-23T21:09:00,Android,Hyderabad,585.53,0.0
S001869,U01120,2025-01-16T07:20:00,Android,Hyderabad,903.1,0.0
S001870,U01121,2025-01-07T10:35:00,Android,Delhi,474.43,69.0
S001871,U01121,2025-03-30T14:02:00,Android,Delhi,609.03,39.0
S001872,U01122,2025-03-07T10:29:00,Android,Mumbai,832.72,49.0
S001873,U01122,2025-03-14T18:26:00,Android,Mumbai,704.56,49.0
S001874,U01123,2025-04-26T12:56:00,Android,Hyderabad,628.09,19.0
S001875,U01123,2025-06-17T11:20:00,Android,Hyderabad,580.06,29.0
S001876,U01124,2025-05-23T19:12:00,iOS,Bengaluru,669.66,49.0
S001877,U01125,2025-05-12T11:09:00,Android,Kolkata,648.61,0.0
S001878,U01126,2025-02-16T12:03:00,Android,Delhi,715.35,39.0
S001879,U01127,2025-06-02T12:47:00,iOS,Delhi,1377.3,0.0
S001880,U01128,2025-02-11T12:29:00,Android,Hyderabad,350.94,49.0
S001881,U01128,2025-01-06T09:35:00,Android,Hyderabad,719.76,59.0
S001882,U01128,2025-04-25T16:20:00,Android,Hyderabad,1064.28,39.0
S001883,U01129,2025-02-25T22:49:00,Android,Mumbai,334.91,59.0
S001884,U01130,2025-06-19T15:19:00,Android,Delhi,482.09,69.0
S001885,U01130,2025-04-27T15:22:00,Android,Delhi,657.67,49.0
S001886,U01130,2025-05-25T12:44:00,Android,Delhi,753.25,59.0
S001887,U01130,2025-05-17T09:35:00,Android,Delhi,690.79,19.0
S001888,U01131,2025-05-16T11:31:00,iOS,Mumbai,1266.82,59.0
S001889,U01131,2025-06-05T20:46:00,iOS,Mumbai,494.46,39.0
S001890,U01132,2025-01-11T09:52:00,Android,Kolkata,771.66,39.0
S001891,U01132,2025-06-30T11:06:00,Android,Kolkata,698.01,69.0
S001892,U01133,2025-04-27T12:45:00,iOS,Hyderabad,762.52,49.0
S001893,U01133,2025-04-05T13:37:00,iOS,Hyderabad,719.31,49.0
S001894,U01134,2025-01-10T16:21:00,Android,Hyderabad,952.23,0.0
S001895,U01135,2025-06-06T17:31:00,Android,Bengaluru,785.8,0.0
S001896,U01135,2025-02-15T22:53:00,Android,Bengaluru,603.35,39.0
S001897,U01136,2025-05-22T13:00:00,Android,Delhi,387.3,29.0
S001898,U01136,2025-03-04T16:02:00,Android,Delhi,664.64,39.0
S001899,U01137,2025-01-05T19:39:00,Android,Mumbai,1573.15,0.0
S001900,U01138,2025-02-23T11:07:00,Android,Bengaluru,650.3,49.0
S001901,U01139,2025-05-06T19:36:00,iOS,Hyderabad,611.12,29.0
S001902,U01140,2025-01-03T17:20:00,Android,Delhi,1200.91,0.0
S001903,U01140,2025-03-31T16:43:00,Android,Delhi,706.44,29.0
S001904,U01140,2025-05-17T12:50:00,Android,Delhi,950.76,0.0
S001905,U01141,2025-06-17T11:20:00,Android,Delhi,994.91,19.0
S001906,U01142,2025-05-28T20:12:00,iOS,Bengaluru,796.67,19.0
S001907,U01142,2025-06-17T07:06:00,iOS,Bengaluru,1148.34,0.0
S001908,U01142,2025-05-16T17:34:00,iOS,Bengaluru,316.22,0.0
S001909,U01143,2025-02-27T07:27:00,Android,Delhi,346.83,29.0
S001910,U01143,2025-02-26T12:11:00,Android,Delhi,1094.63,0.0
S001911,U01143,2025-03-22T07:47:00,Android,Delhi,631.89,49.0
S001912,U01143,2025-01-01T18:32:00,Android,Delhi,540.88,59.0
S001913,U01143,2025-03-05T11:39:00,Android,Delhi,994.62,0.0
S001914,U01143,2025-02-16T09:14:00,Android,Delhi,1004.59,29.0
S001915,U01144,2025-03-16T14:04:00,Android,Delhi,621.28,59.0
S001916,U01144,2025-02-10T22:24:00,Android,Delhi,871.91,0.0
S001917,U01145,2025-01-13T11:39:00,Android,Mumbai,445.87,49.0
S001918,U01145,2025-02-21T13:19:00,Android,Mumbai,352.71,59.0
S001919,U01146,2025-03-28T22:09:00,Android,Mumbai,718.37,0.0
S001920,U01147,2025-02-27T12:44:00,iOS,Bengaluru,767.67,59.0
S001921,U01148,2025-04-24T22:35:00,iOS,Bengaluru,818.71,19.0
S001922,U01148,2025-05-14T19:04:00,iOS,Bengaluru,1068.41,59.0
S001923,U01148,2025-01-18T10:32:00,iOS,Bengaluru,497.63,29.0
S001924,U01148,2025-02-02T15:06:00,iOS,Bengaluru,918.38,19.0
S001925,U01149,2025-03-26T15:03:00,Android,Hyderabad,1143.65,29.0
S001926,U01150,2025-05-26T08:15:00,iOS,Bengaluru,932.46,59.0
S001927,U01150,2025-06-18T11:43:00,iOS,Bengaluru,1468.7,29.0
S001928,U01150,2025-05-11T17:23:00,iOS,Bengaluru,490.83,19.0
S001929,U01151,2025-01-29T08:58:00,Android,Mumbai,977.03,0.0
S001930,U01152,2025-04-07T21:12:00,iOS,Mumbai,919.9,39.0
S001931,U01152,2025-01-14T19:03:00,iOS,Mumbai,206.4,19.0
S001932,U01152,2025-03-07T22:00:00,iOS,Mumbai,544.51,69.0
S001933,U01153,2025-03-11T22:48:00,iOS,Mumbai,808.12,19.0
S001934,U01154,2025-05-21T07:08:00,Android,Kolkata,889.19,29.0
S001935,U01155,2025-03-11T12:16:00,Android,Mumbai,350.08,59.0
S001936,U01156,2025-01-03T11:42:00,iOS,Kolkata,633.32,59.0
S001937,U01157,2025-04-12T08:55:00,Android,Kolkata,494.72,69.0
S001938,U01158,2025-04-10T18:43:00,Android,Bengaluru,1302.26,0.0
S001939,U01158,2025-03-06T18:15:00,Android,Bengaluru,1198.02,0.0
S001940,U01159,2025-06-01T22:18:00,Android,Bengaluru,677.35,59.0
S001941,U01160,2025-05-28T20:18:00,Android,Delhi,580.25,59.0
S001942,U01161,2025-06-16T12:21:00,Android,Delhi,749.29,59.0
S001943,U01161,2025-01-25T11:59:00,Android,Delhi,1360.54,0.0
S001944,U01161,2025-03-20T19:48:00,Android,Delhi,617.88,39.0
S001945,U01162,2025-04-14T10:58:00,Android,Mumbai,746.79,19.0
S001946,U01163,2025-01-16T19:55:00,iOS,Bengaluru,1044.67,39.0
S001947,U01163,2025-05-22T12:55:00,iOS,Bengaluru,723.88,49.0
S001948,U01164,2025-04-20T14:28:00,Android,Bengaluru,340.32,59.0
S001949,U01164,2025-01-19T15:41:00,Android,Bengaluru,1625.04,0.0
S001950,U01165,2025-06-20T09:07:00,Android,Delhi,342.75,29.0
S001951,U01165,2025-03-16T12:02:00,Android,Delhi,533.07,29.0
S001952,U01166,2025-03-17T15:14:00,Android,Mumbai,782.05,49.0
S001953,U01167,2025-03-29T08:47:00,Android,Hyderabad,452.92,69.0
S001954,U01168,2025-03-26T09:32:00,Android,Kolkata,879.37,39.0
S001955,U01169,2025-02-03T15:23:00,Android,Bengaluru,755.65,49.0
S001956,U01169,2025-05-21T20:50:00,Android,Bengaluru,967.62,0.0
S001957,U01169,2025-02-17T20:45:00,Android,Bengaluru,267.52,49.0
S001958,U01169,2025-06-02T22:07:00,Android,Bengaluru,663.68,49.0
S001959,U01169,2025-06-30T08:49:00,Android,Bengaluru,1204.6,0.0
S001960,U01170,2025-03-08T16:32:00,Android,Delhi,547.77,69.0
S001961,U01171,2025-01-20T11:35:00,Android,Kolkata,649.04,49.0
S001962,U01172,2025-01-20T21:28:00,Android,Hyderabad,1133.53,39.0
S001963,U01172,2025-05-18T18:43:00,Android,Hyderabad,657.67,49.0
S001964,U01172,2025-01-11T19:03:00,Android,Hyderabad,739.38,69.0
S001965,U01172,2025-06-13T18:09:00,Android,Hyderabad,549.01,29.0
S001966,U01173,2025-06-29T10:20:00,Android,Mumbai,1341.34,0.0
S001967,U01174,2025-04-15T13:51:00,iOS,Mumbai,1303.85,0.0
S001968,U01175,2025-04-09T14:37:00,Android,Bengaluru,723.68,19.0
S001969,U01176,2025-06-30T18:32:00,iOS,Kolkata,383.74,49.0
S001970,U01177,2025-01-03T15:54:00,Android,Mumbai,579.94,0.0
S001971,U01178,2025-03-12T17:55:00,Android,Mumbai,807.87,39.0
S001972,U01179,2025-03-29T12:32:00,Android,Mumbai,511.98,29.0
S001973,U01180,2025-05-27T16:39:00,Android,Delhi,614.41,49.0
S001974,U01180,2025-06-28T17:26:00,Android,Delhi,733.6,29.0
S001975,U01181,2025-03-06T07:23:00,Android,Bengaluru,754.54,39.0
S001976,U01182,2025-03-01T13:28:00,iOS,Hyderabad,723.27,19.0
S001977,U01183,2025-03-31T11:16:00,iOS,Mumbai,481.79,39.0
S001978,U01184,2025-02-14T18:54:00,Android,Bengaluru,600.11,39.0
S001979,U01184,2025-02-02T13:31:00,Android,Bengaluru,1010.16,0.0
S001980,U01185,2025-01-17T11:41:00,iOS,Delhi,864.54,49.0
S001981,U01186,2025-02-22T09:24:00,Android,Kolkata,995.08,39.0
S001982,U01187,2025-05-12T15:48:00,Android,Delhi,1250.99,29.0
S001983,U01188,2025-05-14T11:57:00,iOS,Delhi,802.81,29.0
S001984,U01189,2025-03-13T15:02:00,Android,Mumbai,635.92,39.0
S001985,U01190,2025-06-09T11:50:00,Android,Hyderabad,1499.45,0.0
S001986,U01190,2025-06-26T11:31:00,Android,Hyderabad,1070.09,0.0
S001987,U01191,2025-06-14T16:45:00,Android,Mumbai,609.55,19.0
S001988,U01192,2025-02-12T14:49:00,Android,Hyderabad,911.92,0.0
S001989,U01193,2025-05-30T18:21:00,Android,Bengaluru,1388.21,49.0
S001990,U01193,2025-02-19T22:58:00,Android,Bengaluru,669.62,29.0
S001991,U01193,2025-06-14T08:42:00,Android,Bengaluru,855.82,19.0
S001992,U01193,2025-04-14T12:20:00,Android,Bengaluru,1628.99,0.0
S001993,U01193,2025-05-02T17:49:00,Android,Bengaluru,455.68,69.0
S001994,U01194,2025-03-18T10:59:00,Android,Kolkata,790.14,0.0
S001995,U01194,2025-04-26T19:50:00,Android,Kolkata,823.54,0.0
S001996,U01194,2025-02-13T18:10:00,Android,Kolkata,722.08,49.0
S001997,U01195,2025-06-26T09:54:00,Android,Kolkata,1293.17,0.0
S001998,U01195,2025-06-24T18:34:00,Android,Kolkata,854.59,49.0
S001999,U01196,2025-03-08T14:01:00,iOS,Mumbai,1824.04,0.0
S002000,U01197,2025-04-03T09:07:00,iOS,Mumbai,541.06,29.0
S002001,U01197,2025-03-09T16:35:00,iOS,Mumbai,1208.61,19.0
S002002,U01198,2025-02-01T14:22:00,Android,Bengaluru,940.33,0.0
S002003,U01199,2025-01-19T11:31:00,Android,Delhi,597.04,39.0
S002004,U01200,2025-05-19T07:03:00,Android,Bengaluru,1029.77,0.0
S002005,U01200,2025-01-16T17:41:00,Android,Bengaluru,878.62,19.0
S002006,U01201,2025-06-17T16:33:00,Android,Bengaluru,1230.26,0.0
S002007,U01201,2025-03-09T18:10:00,Android,Bengaluru,610.94,0.0
S002008,U01202,2025-06-20T17:49:00,Android,Kolkata,359.56,39.0
S002009,U01203,2025-05-22T19:30:00,Android,Bengaluru,1213.22,0.0
S002010,U01204,2025-05-29T16:34:00,iOS,Mumbai,805.09,39.0
S002011,U01204,2025-03-20T17:38:00,iOS,Mumbai,750.05,49.0
S002012,U01205,2025-02-20T14:34:00,Android,Delhi,394.16,39.0
S002013,U01205,2025-03-16T17:07:00,Android,Delhi,1168.34,0.0
S002014,U01206,2025-05-22T10:23:00,Android,Delhi,920.25,39.0
S002015,U01207,2025-02-13T13:03:00,Android,Delhi,388.25,39.0
S002016,U01207,2025-05-15T19:17:00,Android,Delhi,887.09,0.0
S002017,U01207,2025-04-15T07:21:00,Android,Delhi,747.85,29.0
S002018,U01208,2025-01-21T21:05:00,iOS,Delhi,551.57,49.0
S002019,U01209,2025-01-20T14:17:00,Android,Mumbai,534.75,29.0
S002020,U01210,2025-05-31T08:27:00,iOS,Kolkata,780.44,39.0
S002021,U01211,2025-02-09T13:19:00,iOS,Delhi,1844.09,69.0
S002022,U01211,2025-05-01T21:52:00,iOS,Delhi,1119.85,0.0
S002023,U01212,2025-06-15T22:22:00,Android,Kolkata,1210.98,0.0
S002024,U01213,2025-05-09T14:57:00,Android,Mumbai,881.46,39.0
S002025,U01214,2025-05-14T10:26:00,Android,Mumbai,1299.58,0.0
S002026,U01214,2025-02-13T18:23:00,Android,Mumbai,728.39,29.0
S002027,U01215,2025-03-06T13:00:00,Android,Bengaluru,504.29,39.0
S002028,U01216,2025-02-08T20:11:00,Android,Bengaluru,824.13,19.0
S002029,U01216,2025-01-20T16:53:00,Android,Bengaluru,1632.42,0.0
S002030,U01217,2025-04-15T07:34:00,Android,Hyderabad,590.1,19.0
S002031,U01218,2025-03-07T12:54:00,iOS,Mumbai,728.46,59.0
S002032,U01218,2025-03-03T09:58:00,iOS,Mumbai,562.87,49.0
S002033,U01219,2025-03-29T18:46:00,Android,Delhi,390.4,49.0
S002034,U01220,2025-03-28T18:55:00,Android,Hyderabad,396.68,49.0
S002035,U01220,2025-03-10T13:40:00,Android,Hyderabad,994.54,19.0
S002036,U01220,2025-05-07T13:00:00,Android,Hyderabad,710.25,69.0
S002037,U01221,2025-06-11T19:32:00,Android,Delhi,462.48,0.0
S002038,U01222,2025-05-21T20:08:00,Android,Hyderabad,556.46,29.0
S002039,U01222,2025-06-13T19:23:00,Android,Hyderabad,543.56,29.0
S002040,U01222,2025-06-28T11:29:00,Android,Hyderabad,733.31,69.0
S002041,U01223,2025-03-24T19:50:00,Android,Delhi,1502.19,39.0
S002042,U01223,2025-05-07T16:17:00,Android,Delhi,751.2,19.0
S002043,U01223,2025-04-17T07:41:00,Android,Delhi,793.45,49.0
S002044,U01224,2025-05-25T12:08:00,Android,Kolkata,628.38,59.0
S002045,U01225,2025-02-22T13:15:00,Android,Delhi,606.57,39.0
S002046,U01226,2025-05-15T11:35:00,Android,Bengaluru,758.86,49.0
S002047,U01226,2025-06-05T12:00:00,Android,Bengaluru,1348.64,0.0
S002048,U01226,2025-02-09T12:48:00,Android,Bengaluru,587.91,59.0
S002049,U01226,2025-02-26T20:00:00,Android,Bengaluru,637.41,49.0
S002050,U01227,2025-01-06T20:06:00,Android,Hyderabad,473.76,29.0
S002051,U01228,2025-05-05T13:27:00,iOS,Bengaluru,670.25,49.0
S002052,U01228,2025-06-22T14:55:00,iOS,Bengaluru,775.48,49.0
S002053,U01229,2025-01-13T20:34:00,Android,Kolkata,675.96,49.0
S002054,U01229,2025-06-05T09:20:00,Android,Kolkata,612.51,59.0
S002055,U01229,2025-03-29T16:45:00,Android,Kolkata,707.04,29.0
S002056,U01230,2025-06-04T20:41:00,iOS,Mumbai,962.45,0.0
S002057,U01231,2025-06-29T14:31:00,Android,Bengaluru,1486.93,0.0
S002058,U01231,2025-02-04T20:01:00,Android,Bengaluru,714.45,29.0
S002059,U01232,2025-04-09T14:04:00,iOS,Bengaluru,1148.27,0.0
S002060,U01232,2025-06-12T14:31:00,iOS,Bengaluru,849.51,59.0
S002061,U01233,2025-02-23T10:12:00,Android,Kolkata,741.1,19.0
S002062,U01234,2025-02-09T19:03:00,Android,Mumbai,1240.16,0.0
S002063,U01234,2025-06-11T15:38:00,Android,Mumbai,494.49,69.0
S002064,U01234,2025-06-18T19:57:00,Android,Mumbai,1275.04,0.0
S002065,U01235,2025-04-03T20:21:00,Android,Kolkata,571.25,69.0
S002066,U01235,2025-05-25T15:59:00,Android,Kolkata,529.47,49.0
S002067,U01236,2025-01-28T20:21:00,iOS,Bengaluru,365.76,39.0
S002068,U01237,2025-05-20T14:10:00,Android,Kolkata,1308.4,0.0
S002069,U01238,2025-06-15T10:37:00,Android,Mumbai,537.25,29.0
S002070,U01239,2025-03-18T22:37:00,iOS,Mumbai,529.69,29.0
S002071,U01240,2025-05-30T22:02:00,Android,Delhi,681.08,49.0
S002072,U01241,2025-03-19T22:04:00,Android,Bengaluru,784.18,39.0
S002073,U01241,2025-04-08T17:19:00,Android,Bengaluru,537.91,69.0
S002074,U01242,2025-04-28T09:07:00,iOS,Kolkata,827.16,19.0
S002075,U01242,2025-05-04T21:07:00,iOS,Kolkata,349.49,19.0
S002076,U01242,2025-01-24T12:57:00,iOS,Kolkata,803.07,29.0
S002077,U01243,2025-02-17T17:10:00,Android,Kolkata,324.33,69.0
S002078,U01244,2025-05-14T22:33:00,iOS,Delhi,413.57,49.0
S002079,U01245,2025-06-04T21:37:00,iOS,Kolkata,941.52,29.0
S002080,U01246,2025-03-01T18:12:00,iOS,Bengaluru,616.48,29.0
S002081,U01247,2025-05-22T15:38:00,iOS,Bengaluru,469.73,39.0
S002082,U01247,2025-02-14T16:38:00,iOS,Bengaluru,738.45,29.0
S002083,U01247,2025-04-07T07:42:00,iOS,Bengaluru,1178.32,59.0
S002084,U01248,2025-01-18T12:05:00,Android,Bengaluru,789.05,49.0
S002085,U01248,2025-06-07T11:03:00,Android,Bengaluru,689.78,0.0
S002086,U01249,2025-01-18T19:18:00,Android,Delhi,671.0,49.0
S002087,U01249,2025-06-02T21:27:00,Android,Delhi,763.17,29.0
S002088,U01249,2025-02-25T10:36:00,Android,Delhi,685.55,59.0
S002089,U01250,2025-03-25T14:16:00,Android,Bengaluru,1005.25,0.0
S002090,U01250,2025-01-24T10:51:00,Android,Bengaluru,789.46,19.0
S002091,U01250,2025-04-02T21:59:00,Android,Bengaluru,485.02,29.0
S002092,U01251,2025-04-04T13:36:00,iOS,Delhi,583.51,39.0
S002093,U01251,2025-02-12T21:20:00,iOS,Delhi,1620.68,0.0
S002094,U01252,2025-05-02T22:56:00,Android,Bengaluru,774.92,29.0
S002095,U01252,2025-01-17T21:04:00,Android,Bengaluru,791.21,49.0
S002096,U01253,2025-03-02T11:15:00,iOS,Hyderabad,1051.51,0.0
S002097,U01254,2025-04-14T13:14:00,Android,Hyderabad,1445.32,0.0
S002098,U01254,2025-03-04T19:29:00,Android,Hyderabad,1237.14,49.0
S002099,U01255,2025-02-17T21:16:00,Android,Hyderabad,968.64,49.0
S002100,U01256,2025-02-02T11:54:00,Android,Bengaluru,623.16,19.0
S002101,U01256,2025-05-20T10:43:00,Android,Bengaluru,459.56,0.0
S002102,U01256,2025-05-20T20:12:00,Android,Bengaluru,746.89,19.0
S002103,U01256,2025-01-28T09:32:00,Android,Bengaluru,857.7,29.0
S002104,U01257,2025-06-14T12:42:00,Android,Hyderabad,491.69,49.0
S002105,U01257,2025-05-14T07:26:00,Android,Hyderabad,634.72,39.0
S002106,U01257,2025-04-28T17:43:00,Android,Hyderabad,1461.54,0.0
S002107,U01258,2025-05-31T07:06:00,Android,Bengaluru,784.95,19.0
S002108,U01258,2025-06-20T21:59:00,Android,Bengaluru,596.16,39.0
S002109,U01258,2025-06-11T18:50:00,Android,Bengaluru,584.0,39.0
S002110,U01258,2025-05-16T18:45:00,Android,Bengaluru,747.69,0.0
S002111,U01259,2025-06-05T18:06:00,Android,Hyderabad,662.53,39.0
S002112,U01260,2025-05-04T08:22:00,Android,Mumbai,549.49,39.0
S002113,U01261,2025-02-21T17:46:00,Android,Delhi,483.72,39.0
S002114,U01262,2025-03-18T15:50:00,iOS,Bengaluru,536.77,39.0
S002115,U01262,2025-04-16T22:27:00,iOS,Bengaluru,1121.01,0.0
S002116,U01263,2025-05-10T08:31:00,Android,Hyderabad,394.95,0.0
S002117,U01264,2025-06-25T16:45:00,Android,Kolkata,1591.46,0.0
S002118,U01264,2025-01-14T16:05:00,Android,Kolkata,1434.66,29.0
S002119,U01264,2025-01-23T17:04:00,Android,Kolkata,902.83,0.0
S002120,U01265,2025-05-12T21:37:00,Android,Mumbai,725.37,0.0
S002121,U01265,2025-02-07T12:10:00,Android,Mumbai,446.98,19.0
S002122,U01266,2025-02-14T18:38:00,Android,Kolkata,993.63,0.0
S002123,U01267,2025-06-14T18:15:00,Android,Kolkata,823.52,39.0
S002124,U01267,2025-03-18T12:38:00,Android,Kolkata,642.41,29.0
S002125,U01268,2025-03-10T10:11:00,Android,Bengaluru,853.07,39.0
S002126,U01268,2025-06-07T21:10:00,Android,Bengaluru,786.65,49.0
S002127,U01268,2025-03-26T09:18:00,Android,Bengaluru,1043.7,49.0
S002128,U01269,2025-03-29T18:00:00,Android,Hyderabad,343.59,39.0
S002129,U01270,2025-03-27T11:45:00,Android,Delhi,615.41,29.0
S002130,U01270,2025-05-19T09:05:00,Android,Delhi,655.93,59.0
S002131,U01271,2025-04-15T18:02:00,Android,Mumbai,692.02,59.0
S002132,U01271,2025-05-28T19:21:00,Android,Mumbai,1075.53,0.0
S002133,U01271,2025-04-12T10:56:00,Android,Mumbai,571.35,19.0
S002134,U01272,2025-06-12T09:13:00,iOS,Bengaluru,1261.68,39.0
S002135,U01272,2025-04-11T19:04:00,iOS,Bengaluru,792.95,0.0
S002136,U01273,2025-06-08T21:50:00,Android,Kolkata,489.14,39.0
S002137,U01274,2025-06-25T14:55:00,Android,Hyderabad,647.55,59.0
S002138,U01275,2025-03-12T16:18:00,Android,Delhi,567.25,29.0
S002139,U01276,2025-04-03T15:08:00,iOS,Delhi,552.49,39.0
S002140,U01277,2025-02-03T17:16:00,Android,Delhi,780.1,39.0
S002141,U01278,2025-03-24T13:09:00,iOS,Hyderabad,573.21,29.0
S002142,U01279,2025-02-02T15:48:00,iOS,Kolkata,1079.25,0.0
S002143,U01279,2025-03-16T19:44:00,iOS,Kolkata,462.98,49.0
S002144,U01279,2025-05-19T14:02:00,iOS,Kolkata,575.31,0.0
S002145,U01280,2025-03-12T14:48:00,iOS,Delhi,971.95,0.0
S002146,U01280,2025-03-22T22:43:00,iOS,Delhi,1189.73,0.0
S002147,U01280,2025-05-11T14:49:00,iOS,Delhi,742.04,39.0
S002148,U01281,2025-06-26T20:36:00,iOS,Delhi,607.6,19.0
S002149,U01282,2025-06-04T14:39:00,Android,Mumbai,1966.81,0.0
S002150,U01283,2025-01-07T20:15:00,iOS,Delhi,342.77,39.0
S002151,U01284,2025-03-30T21:53:00,iOS,Mumbai,809.32,69.0
S002152,U01284,2025-05-02T08:04:00,iOS,Mumbai,1049.79,29.0
S002153,U01285,2025-05-30T15:39:00,Android,Bengaluru,425.66,59.0
S002154,U01285,2025-05-15T17:31:00,Android,Bengaluru,1281.18,39.0
S002155,U01286,2025-05-26T15:47:00,Android,Bengaluru,620.52,39.0
S002156,U01287,2025-02-22T19:44:00,iOS,Delhi,890.3,39.0
S002157,U01288,2025-05-09T08:24:00,Android,Kolkata,623.84,29.0
S002158,U01289,2025-04-22T11:43:00,iOS,Delhi,627.43,29.0
S002159,U01290,2025-06-19T11:21:00,Android,Bengaluru,995.74,0.0
S002160,U01291,2025-03-22T12:36:00,iOS,Hyderabad,850.3,29.0
S002161,U01291,2025-06-24T07:26:00,iOS,Hyderabad,1544.57,0.0
S002162,U01291,2025-03-21T16:17:00,iOS,Hyderabad,586.71,39.0
S002163,U01292,2025-05-01T12:55:00,Android,Kolkata,642.08,29.0
S002164,U01293,2025-06-19T19:41:00,iOS,Delhi,729.65,39.0
S002165,U01294,2025-02-11T14:18:00,Android,Bengaluru,777.89,49.0
S002166,U01295,2025-06-23T17:21:00,iOS,Hyderabad,623.27,19.0
S002167,U01296,2025-02-04T14:29:00,Android,Delhi,702.73,39.0
S002168,U01297,2025-02-18T17:55:00,Android,Mumbai,535.59,59.0
S002169,U01298,2025-06-14T11:30:00,Android,Delhi,685.0,29.0
S002170,U01299,2025-06-01T12:58:00,Android,Bengaluru,424.65,49.0
S002171,U01299,2025-05-27T21:29:00,Android,Bengaluru,1035.04,0.0
S002172,U01300,2025-06-03T15:20:00,iOS,Delhi,799.75,49.0
S002173,U01301,2025-06-20T10:57:00,Android,Hyderabad,711.86,29.0
S002174,U01302,2025-06-12T13:04:00,Android,Delhi,626.29,29.0
S002175,U01303,2025-04-27T08:20:00,iOS,Bengaluru,974.45,39.0
S002176,U01303,2025-05-04T16:08:00,iOS,Bengaluru,744.55,39.0
S002177,U01303,2025-05-07T21:22:00,iOS,Bengaluru,315.48,29.0
S002178,U01304,2025-05-21T19:28:00,Android,Delhi,390.23,69.0
S002179,U01305,2025-01-29T09:53:00,Android,Hyderabad,613.97,49.0
S002180,U01306,2025-01-30T09:54:00,Android,Bengaluru,897.42,0.0
S002181,U01307,2025-06-22T17:25:00,Android,Hyderabad,1455.82,0.0
S002182,U01308,2025-04-11T10:03:00,iOS,Mumbai,762.79,49.0
S002183,U01308,2025-04-10T15:40:00,iOS,Mumbai,950.82,19.0
S002184,U01309,2025-01-14T21:05:00,Android,Delhi,922.11,49.0
S002185,U01309,2025-01-29T09:33:00,Android,Delhi,601.41,19.0
S002186,U01309,2025-04-15T09:54:00,Android,Delhi,225.27,49.0
S002187,U01310,2025-05-16T10:35:00,Android,Kolkata,825.14,29.0
S002188,U01311,2025-05-14T15:32:00,Android,Kolkata,674.37,0.0
S002189,U01312,2025-03-29T10:26:00,iOS,Delhi,677.22,19.0
S002190,U01312,2025-03-21T22:29:00,iOS,Delhi,385.25,49.0
S002191,U01312,2025-01-15T22:52:00,iOS,Delhi,869.78,49.0
S002192,U01313,2025-01-07T07:15:00,Android,Bengaluru,272.2,29.0
S002193,U01314,2025-03-30T07:46:00,iOS,Delhi,979.11,29.0
S002194,U01315,2025-05-20T18:06:00,Android,Bengaluru,663.24,29.0
S002195,U01316,2025-04-21T12:46:00,Android,Mumbai,481.07,39.0
S002196,U01316,2025-01-02T11:47:00,Android,Mumbai,534.76,39.0
S002197,U01317,2025-03-01T18:53:00,iOS,Kolkata,987.75,0.0
S002198,U01317,2025-02-28T15:58:00,iOS,Kolkata,1120.62,0.0
S002199,U01318,2025-04-24T14:39:00,Android,Kolkata,1192.6,39.0
S002200,U01319,2025-02-11T18:54:00,Android,Delhi,592.68,49.0
S002201,U01320,2025-03-18T07:44:00,Android,Delhi,1207.98,0.0
S002202,U01320,2025-06-09T12:12:00,Android,Delhi,559.37,0.0
S002203,U01321,2025-03-24T14:03:00,iOS,Bengaluru,707.48,49.0
S002204,U01321,2025-04-04T12:51:00,iOS,Bengaluru,665.24,69.0
S002205,U01322,2025-05-26T15:16:00,Android,Mumbai,487.53,39.0
S002206,U01323,2025-06-04T18:43:00,Android,Bengaluru,579.32,69.0
S002207,U01323,2025-04-30T08:46:00,Android,Bengaluru,939.37,0.0
S002208,U01324,2025-06-08T08:53:00,Android,Kolkata,570.85,19.0
S002209,U01324,2025-04-21T15:15:00,Android,Kolkata,519.56,69.0
S002210,U01324,2025-02-22T18:35:00,Android,Kolkata,751.47,39.0
S002211,U01325,2025-04-17T17:56:00,iOS,Kolkata,721.6,59.0
S002212,U01326,2025-05-13T14:19:00,Android,Bengaluru,1401.73,0.0
S002213,U01326,2025-02-23T14:36:00,Android,Bengaluru,698.52,49.0
S002214,U01327,2025-06-17T07:00:00,Android,Hyderabad,558.44,39.0
S002215,U01328,2025-06-20T10:42:00,Android,Mumbai,683.27,69.0
S002216,U01329,2025-02-19T18:57:00,Android,Hyderabad,659.83,29.0
S002217,U01330,2025-01-05T21:44:00,Android,Delhi,296.33,39.0
S002218,U01331,2025-03-08T18:20:00,iOS,Bengaluru,578.02,39.0
S002219,U01331,2025-05-08T22:13:00,iOS,Bengaluru,766.48,49.0
S002220,U01331,2025-02-15T15:36:00,iOS,Bengaluru,1100.92,0.0
S002221,U01332,2025-01-26T15:10:00,Android,Mumbai,796.16,39.0
S002222,U01332,2025-05-25T15:32:00,Android,Mumbai,645.8,59.0
S002223,U01332,2025-06-02T22:05:00,Android,Mumbai,865.37,69.0
S002224,U01333,2025-03-29T12:17:00,Android,Bengaluru,650.7,39.0
S002225,U01334,2025-04-04T09:54:00,Android,Mumbai,750.75,49.0
S002226,U01334,2025-05-01T22:08:00,Android,Mumbai,663.98,39.0
S002227,U01334,2025-02-28T21:39:00,Android,Mumbai,870.69,39.0
S002228,U01335,2025-06-11T21:10:00,Android,Bengaluru,707.79,59.0
S002229,U01336,2025-06-29T21:54:00,Android,Hyderabad,598.91,59.0
S002230,U01336,2025-01-02T11:35:00,Android,Hyderabad,676.26,39.0
S002231,U01336,2025-06-06T18:26:00,Android,Hyderabad,1041.29,0.0
S002232,U01337,2025-02-25T21:23:00,Android,Hyderabad,322.86,49.0
S002233,U01337,2025-05-07T07:16:00,Android,Hyderabad,823.65,29.0
S002234,U01338,2025-03-27T14:02:00,Android,Bengaluru,1272.06,0.0
S002235,U01339,2025-03-15T09:44:00,iOS,Delhi,730.94,19.0
S002236,U01339,2025-03-10T13:45:00,iOS,Delhi,1014.92,0.0
S002237,U01340,2025-05-13T16:53:00,Android,Hyderabad,359.85,0.0
S002238,U01341,2025-05-10T15:47:00,Android,Bengaluru,620.37,49.0
S002239,U01342,2025-04-16T09:33:00,iOS,Mumbai,743.82,0.0
S002240,U01342,2025-06-02T16:46:00,iOS,Mumbai,1048.0,0.0
S002241,U01343,2025-03-23T16:53:00,Android,Mumbai,347.7,29.0
S002242,U01344,2025-06-28T20:09:00,Android,Delhi,1213.9,39.0
S002243,U01344,2025-06-18T13:36:00,Android,Delhi,781.06,39.0
S002244,U01344,2025-01-31T16:53:00,Android,Delhi,819.67,39.0
S002245,U01345,2025-04-15T21:29:00,Android,Hyderabad,864.39,59.0
S002246,U01345,2025-06-07T16:39:00,Android,Hyderabad,398.38,29.0
S002247,U01345,2025-03-22T12:05:00,Android,Hyderabad,816.97,29.0
S002248,U01346,2025-02-11T15:15:00,iOS,Mumbai,863.04,0.0
S002249,U01347,2025-03-31T13:41:00,Android,Mumbai,357.16,19.0
S002250,U01347,2025-06-18T07:27:00,Android,Mumbai,636.39,69.0
S002251,U01348,2025-05-13T22:51:00,Android,Bengaluru,888.87,49.0
S002252,U01349,2025-04-17T12:00:00,Android,Bengaluru,791.99,19.0
S002253,U01349,2025-01-01T18:37:00,Android,Bengaluru,623.27,29.0
S002254,U01350,2025-01-02T08:21:00,Android,Bengaluru,542.21,29.0
S002255,U01351,2025-01-03T08:09:00,Android,Kolkata,950.45,0.0
S002256,U01351,2025-03-28T21:03:00,Android,Kolkata,770.34,39.0
S002257,U01351,2025-01-22T08:47:00,Android,Kolkata,706.37,49.0
S002258,U01351,2025-06-06T14:07:00,Android,Kolkata,764.48,29.0
S002259,U01352,2025-02-17T22:41:00,Android,Kolkata,492.89,19.0
S002260,U01352,2025-04-22T11:55:00,Android,Kolkata,452.91,29.0
S002261,U01353,2025-01-23T22:39:00,iOS,Hyderabad,396.99,19.0
S002262,U01353,2025-05-04T11:19:00,iOS,Hyderabad,545.96,39.0
S002263,U01353,2025-03-08T20:34:00,iOS,Hyderabad,575.27,49.0
S002264,U01354,2025-04-17T16:12:00,iOS,Bengaluru,639.77,0.0
S002265,U01354,2025-03-02T09:37:00,iOS,Bengaluru,422.26,49.0
S002266,U01355,2025-03-01T08:15:00,Android,Mumbai,581.73,59.0
S002267,U01356,2025-03-10T10:09:00,Android,Hyderabad,863.56,29.0
S002268,U01357,2025-01-26T13:36:00,Android,Mumbai,763.14,0.0
S002269,U01358,2025-05-23T21:18:00,Android,Bengaluru,358.76,69.0
S002270,U01358,2025-02-12T19:28:00,Android,Bengaluru,517.03,29.0
S002271,U01358,2025-01-17T22:24:00,Android,Bengaluru,587.57,39.0
S002272,U01359,2025-04-09T20:28:00,Android,Kolkata,569.49,29.0
S002273,U01359,2025-03-08T07:12:00,Android,Kolkata,1583.42,59.0
S002274,U01360,2025-04-06T13:37:00,Android,Bengaluru,908.31,39.0
S002275,U01361,2025-04-22T21:15:00,iOS,Bengaluru,583.31,29.0
S002276,U01361,2025-05-28T11:25:00,iOS,Bengaluru,616.62,59.0
S002277,U01361,2025-04-09T12:34:00,iOS,Bengaluru,784.04,29.0
S002278,U01361,2025-01-06T19:11:00,iOS,Bengaluru,721.24,29.0
S002279,U01362,2025-02-04T14:47:00,Android,Kolkata,1254.47,0.0
S002280,U01362,2025-01-31T17:56:00,Android,Kolkata,899.14,59.0
S002281,U01362,2025-06-16T19:57:00,Android,Kolkata,1012.54,0.0
S002282,U01363,2025-01-12T11:54:00,Android,Mumbai,746.79,0.0
S002283,U01363,2025-05-19T14:34:00,Android,Mumbai,1612.79,0.0
S002284,U01363,2025-05-20T09:41:00,Android,Mumbai,609.89,39.0
S002285,U01364,2025-01-06T09:39:00,iOS,Delhi,495.74,69.0
S002286,U01364,2025-05-17T08:55:00,iOS,Delhi,986.38,0.0
S002287,U01365,2025-05-01T11:36:00,Android,Mumbai,610.14,39.0
S002288,U01365,2025-05-01T21:21:00,Android,Mumbai,482.55,19.0
S002289,U01366,2025-06-11T18:22:00,iOS,Kolkata,569.74,49.0
S002290,U01367,2025-05-14T13:06:00,iOS,Bengaluru,776.69,39.0
S002291,U01368,2025-01-20T17:50:00,Android,Hyderabad,581.07,39.0
S002292,U01368,2025-06-20T11:00:00,Android,Hyderabad,1085.72,49.0
S002293,U01369,2025-04-28T18:50:00,Android,Delhi,429.28,49.0
S002294,U01370,2025-04-06T13:46:00,Android,Bengaluru,619.7,59.0
S002295,U01371,2025-06-02T08:50:00,iOS,Delhi,710.52,59.0
S002296,U01371,2025-01-04T20:37:00,iOS,Delhi,1103.45,0.0
S002297,U01372,2025-05-09T09:13:00,Android,Mumbai,1189.58,0.0
S002298,U01372,2025-02-19T07:17:00,Android,Mumbai,599.11,29.0
S002299,U01372,2025-06-10T20:48:00,Android,Mumbai,1088.52,0.0
S002300,U01372,2025-04-19T07:55:00,Android,Mumbai,985.0,49.0
S002301,U01373,2025-01-11T15:12:00,iOS,Bengaluru,550.68,59.0
S002302,U01374,2025-01-20T14:10:00,Android,Delhi,1116.32,0.0
S002303,U01375,2025-06-05T14:08:00,iOS,Mumbai,229.76,49.0
S002304,U01375,2025-06-07T13:10:00,iOS,Mumbai,470.09,29.0
S002305,U01375,2025-01-28T17:18:00,iOS,Mumbai,822.46,39.0
S002306,U01375,2025-01-02T12:14:00,iOS,Mumbai,725.48,69.0
S002307,U01376,2025-05-24T19:14:00,Android,Mumbai,363.67,69.0
S002308,U01377,2025-05-25T08:41:00,iOS,Hyderabad,949.45,0.0
S002309,U01377,2025-06-26T12:45:00,iOS,Hyderabad,974.57,49.0
S002310,U01378,2025-05-27T12:57:00,Android,Hyderabad,749.28,0.0
S002311,U01378,2025-04-17T20:05:00,Android,Hyderabad,518.3,39.0
S002312,U01379,2025-01-22T08:03:00,Android,Delhi,494.55,39.0
S002313,U01379,2025-03-23T19:58:00,Android,Delhi,772.36,59.0
S002314,U01380,2025-04-30T11:48:00,iOS,Delhi,544.49,29.0
S002315,U01380,2025-01-18T12:16:00,iOS,Delhi,402.86,39.0
S002316,U01381,2025-06-07T13:12:00,Android,Mumbai,976.2,0.0
S002317,U01382,2025-05-11T11:44:00,Android,Mumbai,767.18,49.0
S002318,U01382,2025-04-25T07:11:00,Android,Mumbai,1019.42,49.0
S002319,U01382,2025-06-08T10:03:00,Android,Mumbai,801.58,39.0
S002320,U01383,2025-06-22T20:32:00,iOS,Bengaluru,480.7,19.0
S002321,U01384,2025-06-24T16:45:00,iOS,Delhi,1190.39,0.0
S002322,U01385,2025-05-25T22:19:00,Android,Bengaluru,637.07,29.0
S002323,U01385,2025-01-13T21:24:00,Android,Bengaluru,952.62,0.0
S002324,U01386,2025-05-27T19:50:00,Android,Delhi,512.83,49.0
S002325,U01387,2025-06-25T14:00:00,Android,Kolkata,377.83,59.0
S002326,U01387,2025-04-06T08:26:00,Android,Kolkata,469.07,19.0
S002327,U01388,2025-02-24T16:41:00,Android,Mumbai,466.65,0.0
S002328,U01389,2025-03-25T11:31:00,Android,Delhi,559.12,29.0
S002329,U01390,2025-04-13T14:33:00,Android,Mumbai,1020.42,0.0
S002330,U01391,2025-01-16T08:32:00,Android,Mumbai,448.07,39.0
S002331,U01391,2025-06-02T07:47:00,Android,Mumbai,937.09,0.0
S002332,U01392,2025-02-20T20:22:00,Android,Delhi,645.94,59.0
S002333,U01393,2025-01-17T18:12:00,iOS,Delhi,422.32,39.0
S002334,U01393,2025-06-07T18:09:00,iOS,Delhi,468.42,59.0
S002335,U01394,2025-02-22T12:18:00,Android,Hyderabad,439.51,49.0
S002336,U01395,2025-01-20T09:56:00,Android,Bengaluru,936.51,29.0
S002337,U01395,2025-03-25T09:26:00,Android,Bengaluru,1093.87,69.0
S002338,U01395,2025-02-22T15:33:00,Android,Bengaluru,516.67,0.0
S002339,U01396,2025-04-12T11:32:00,iOS,Mumbai,765.97,0.0
S002340,U01397,2025-02-19T15:12:00,iOS,Mumbai,425.79,29.0
S002341,U01398,2025-03-18T09:58:00,Android,Hyderabad,1025.88,0.0
S002342,U01398,2025-05-02T19:21:00,Android,Hyderabad,813.26,19.0
S002343,U01399,2025-02-14T20:27:00,iOS,Kolkata,564.91,49.0
S002344,U01400,2025-02-20T13:00:00,Android,Hyderabad,760.43,0.0
S002345,U01401,2025-04-05T18:15:00,Android,Mumbai,664.55,39.0
S002346,U01402,2025-05-02T07:59:00,Android,Bengaluru,793.16,0.0
S002347,U01403,2025-04-04T11:02:00,Android,Mumbai,510.86,49.0
S002348,U01403,2025-06-23T07:06:00,Android,Mumbai,1461.53,39.0
S002349,U01404,2025-06-25T15:35:00,Android,Hyderabad,532.95,39.0
S002350,U01404,2025-04-12T19:04:00,Android,Hyderabad,588.96,19.0
S002351,U01405,2025-05-04T12:40:00,Android,Kolkata,369.29,69.0
S002352,U01405,2025-02-14T08:53:00,Android,Kolkata,859.93,29.0
S002353,U01406,2025-03-21T18:15:00,iOS,Hyderabad,308.1,59.0
S002354,U01406,2025-02-26T19:58:00,iOS,Hyderabad,508.52,0.0
S002355,U01407,2025-06-01T08:59:00,Android,Bengaluru,1055.43,0.0
S002356,U01407,2025-01-06T21:18:00,Android,Bengaluru,675.23,0.0
S002357,U01408,2025-02-25T13:29:00,Android,Hyderabad,591.28,29.0
S002358,U01408,2025-02-07T21:58:00,Android,Hyderabad,738.12,49.0
S002359,U01408,2025-04-13T21:20:00,Android,Hyderabad,1098.39,0.0
S002360,U01409,2025-03-19T07:10:00,Android,Kolkata,1120.24,0.0
S002361,U01409,2025-03-01T20:09:00,Android,Kolkata,430.86,19.0
S002362,U01410,2025-01-27T12:40:00,Android,Hyderabad,434.04,59.0
S002363,U01410,2025-06-10T18:51:00,Android,Hyderabad,421.9,49.0
S002364,U01411,2025-01-19T08:50:00,iOS,Hyderabad,757.68,0.0
S002365,U01411,2025-06-20T20:22:00,iOS,Hyderabad,529.24,39.0
S002366,U01411,2025-06-06T14:43:00,iOS,Hyderabad,580.79,49.0
S002367,U01412,2025-04-04T16:39:00,Android,Mumbai,500.85,29.0
S002368,U01412,2025-01-31T12:30:00,Android,Mumbai,780.86,49.0
S002369,U01413,2025-05-19T22:47:00,iOS,Mumbai,1010.91,0.0
S002370,U01413,2025-06-11T20:35:00,iOS,Mumbai,695.14,59.0
S002371,U01414,2025-01-26T08:41:00,iOS,Delhi,1229.65,69.0
S002372,U01415,2025-02-07T20:08:00,Android,Bengaluru,708.58,59.0
S002373,U01416,2025-05-26T15:20:00,Android,Hyderabad,1184.64,49.0
S002374,U01416,2025-03-02T12:48:00,Android,Hyderabad,481.57,39.0
S002375,U01416,2025-03-18T12:30:00,Android,Hyderabad,722.96,39.0
S002376,U01416,2025-01-29T20:26:00,Android,Hyderabad,445.28,39.0
S002377,U01417,2025-01-22T09:33:00,Android,Kolkata,387.2,39.0
S002378,U01418,2025-04-17T20:33:00,iOS,Hyderabad,581.69,49.0
S002379,U01418,2025-02-15T16:23:00,iOS,Hyderabad,1366.73,0.0
S002380,U01419,2025-06-21T10:13:00,Android,Delhi,605.27,29.0
S002381,U01419,2025-05-03T16:37:00,Android,Delhi,923.81,0.0
S002382,U01420,2025-06-01T10:20:00,Android,Bengaluru,641.04,39.0
S002383,U01420,2025-05-16T11:55:00,Android,Bengaluru,579.82,39.0
S002384,U01421,2025-05-24T16:07:00,Android,Delhi,1160.58,0.0
S002385,U01422,2025-05-22T18:29:00,Android,Hyderabad,880.19,49.0
S002386,U01423,2025-04-24T13:06:00,Android,Mumbai,881.63,49.0
S002387,U01424,2025-03-02T20:33:00,Android,Kolkata,1183.54,0.0
S002388,U01425,2025-04-12T11:54:00,Android,Delhi,1026.44,0.0
S002389,U01426,2025-03-13T11:50:00,Android,Mumbai,366.49,49.0
S002390,U01426,2025-06-08T08:22:00,Android,Mumbai,347.83,0.0
S002391,U01427,2025-02-17T16:07:00,iOS,Hyderabad,849.29,69.0
S002392,U01428,2025-06-06T13:27:00,iOS,Bengaluru,702.0,49.0
S002393,U01428,2025-02-10T11:17:00,iOS,Bengaluru,687.65,29.0
S002394,U01428,2025-05-09T20:08:00,iOS,Bengaluru,742.84,49.0
S002395,U01429,2025-04-22T14:26:00,Android,Kolkata,579.02,59.0
S002396,U01430,2025-01-30T12:33:00,iOS,Mumbai,1143.11,29.0
S002397,U01431,2025-06-26T19:31:00,iOS,Bengaluru,599.53,49.0
S002398,U01432,2025-02-22T08:23:00,Android,Bengaluru,1010.57,0.0
S002399,U01433,2025-03-19T17:17:00,iOS,Kolkata,769.16,59.0
S002400,U01433,2025-04-14T16:35:00,iOS,Kolkata,489.02,29.0
S002401,U01434,2025-02-18T16:22:00,iOS,Mumbai,643.76,39.0
S002402,U01434,2025-05-12T19:22:00,iOS,Mumbai,1269.88,0.0
S002403,U01435,2025-01-25T12:30:00,Android,Hyderabad,756.63,49.0
S002404,U01436,2025-04-29T15:34:00,Android,Hyderabad,1919.08,0.0
S002405,U01436,2025-04-21T07:22:00,Android,Hyderabad,600.86,0.0
S002406,U01437,2025-04-26T20:28:00,Android,Delhi,460.0,0.0
S002407,U01438,2025-03-27T22:15:00,Android,Hyderabad,528.11,59.0
S002408,U01438,2025-03-15T07:26:00,Android,Hyderabad,201.28,29.0
S002409,U01439,2025-06-01T19:41:00,iOS,Kolkata,1210.37,0.0
S002410,U01439,2025-01-22T19:05:00,iOS,Kolkata,2040.83,59.0
S002411,U01440,2025-01-08T19:38:00,Android,Bengaluru,432.06,29.0
S002412,U01440,2025-05-19T07:16:00,Android,Bengaluru,1330.37,0.0
S002413,U01440,2025-03-26T17:43:00,Android,Bengaluru,523.82,29.0
S002414,U01440,2025-04-03T16:34:00,Android,Bengaluru,538.27,59.0
S002415,U01441,2025-06-16T15:17:00,Android,Hyderabad,1003.82,0.0
S002416,U01442,2025-03-06T14:58:00,iOS,Delhi,446.37,49.0
S002417,U01443,2025-01-19T08:40:00,Android,Delhi,345.14,29.0
S002418,U01444,2025-05-10T15:38:00,Android,Delhi,612.49,39.0
S002419,U01445,2025-06-17T14:19:00,iOS,Kolkata,765.55,59.0
S002420,U01446,2025-05-09T13:30:00,Android,Bengaluru,860.46,39.0
S002421,U01447,2025-02-12T10:09:00,Android,Delhi,1063.86,49.0
S002422,U01447,2025-05-21T12:41:00,Android,Delhi,1325.88,0.0
S002423,U01447,2025-06-12T17:01:00,Android,Delhi,1079.26,0.0
S002424,U01448,2025-02-26T07:52:00,Android,Hyderabad,934.26,39.0
S002425,U01449,2025-03-04T07:35:00,iOS,Bengaluru,490.15,29.0
S002426,U01449,2025-06-23T14:34:00,iOS,Bengaluru,544.98,29.0
S002427,U01449,2025-05-22T07:12:00,iOS,Bengaluru,761.46,69.0
S002428,U01450,2025-03-29T12:57:00,Android,Hyderabad,1154.79,0.0
S002429,U01451,2025-03-12T10:24:00,Android,Kolkata,709.35,29.0
S002430,U01451,2025-06-14T08:58:00,Android,Kolkata,633.44,29.0
S002431,U01451,2025-02-12T21:47:00,Android,Kolkata,752.26,39.0
S002432,U01452,2025-04-29T16:04:00,Android,Bengaluru,711.77,29.0
S002433,U01453,2025-06-28T11:56:00,iOS,Bengaluru,665.56,39.0
S002434,U01454,2025-04-14T09:41:00,Android,Kolkata,543.07,29.0
S002435,U01454,2025-01-18T22:38:00,Android,Kolkata,407.32,49.0
S002436,U01455,2025-03-21T09:48:00,Android,Bengaluru,538.45,49.0
S002437,U01456,2025-01-26T07:36:00,iOS,Bengaluru,1001.04,0.0
S002438,U01456,2025-06-17T12:29:00,iOS,Bengaluru,791.84,49.0
S002439,U01457,2025-06-17T12:23:00,iOS,Kolkata,468.85,19.0
S002440,U01457,2025-01-03T07:44:00,iOS,Kolkata,808.67,59.0
S002441,U01458,2025-02-03T11:45:00,Android,Kolkata,586.34,39.0
S002442,U01458,2025-02-28T10:16:00,Android,Kolkata,821.68,49.0
S002443,U01458,2025-04-19T18:22:00,Android,Kolkata,545.33,49.0
S002444,U01459,2025-06-07T11:24:00,Android,Mumbai,663.23,0.0
S002445,U01459,2025-01-08T20:12:00,Android,Mumbai,425.84,69.0
S002446,U01460,2025-06-08T08:40:00,Android,Mumbai,638.34,39.0
S002447,U01461,2025-04-15T14:19:00,Android,Kolkata,796.77,59.0
S002448,U01461,2025-04-21T21:34:00,Android,Kolkata,580.43,0.0
S002449,U01461,2025-02-05T13:28:00,Android,Kolkata,550.36,29.0
S002450,U01462,2025-02-10T14:13:00,Android,Mumbai,967.8,0.0
S002451,U01462,2025-01-24T09:38:00,Android,Mumbai,766.23,69.0
S002452,U01463,2025-02-02T19:32:00,iOS,Mumbai,638.63,39.0
S002453,U01464,2025-05-21T21:47:00,Android,Hyderabad,313.89,29.0
S002454,U01465,2025-06-05T15:39:00,iOS,Mumbai,752.16,69.0
S002455,U01466,2025-04-13T21:41:00,Android,Mumbai,1002.16,29.0
S002456,U01466,2025-02-23T12:01:00,Android,Mumbai,354.73,29.0
S002457,U01467,2025-03-25T15:06:00,iOS,Delhi,532.21,49.0
S002458,U01467,2025-02-28T08:43:00,iOS,Delhi,845.16,29.0
S002459,U01467,2025-03-27T18:52:00,iOS,Delhi,623.66,39.0
S002460,U01468,2025-04-11T17:06:00,Android,Mumbai,499.18,59.0
S002461,U01468,2025-03-20T07:12:00,Android,Mumbai,437.97,39.0
S002462,U01469,2025-04-07T08:34:00,Android,Mumbai,694.39,69.0
S002463,U01469,2025-02-25T15:55:00,Android,Mumbai,805.81,39.0
S002464,U01469,2025-05-03T08:05:00,Android,Mumbai,788.34,0.0
S002465,U01469,2025-06-07T09:44:00,Android,Mumbai,506.99,39.0
S002466,U01469,2025-02-13T16:34:00,Android,Mumbai,830.39,29.0
S002467,U01470,2025-01-26T10:55:00,Android,Delhi,794.99,29.0
S002468,U01471,2025-01-13T22:29:00,Android,Delhi,488.21,19.0
S002469,U01472,2025-05-11T13:25:00,Android,Hyderabad,419.17,69.0
S002470,U01472,2025-06-04T10:29:00,Android,Hyderabad,560.23,39.0
S002471,U01473,2025-01-30T12:43:00,Android,Delhi,634.93,59.0
S002472,U01474,2025-03-15T10:49:00,iOS,Bengaluru,713.27,0.0
S002473,U01475,2025-01-08T09:01:00,Android,Delhi,657.83,59.0
S002474,U01476,2025-03-26T07:22:00,Android,Bengaluru,640.9,19.0
S002475,U01477,2025-05-09T14:52:00,Android,Hyderabad,944.95,29.0
S002476,U01478,2025-04-04T22:32:00,iOS,Delhi,1130.97,39.0
S002477,U01479,2025-05-30T09:41:00,Android,Delhi,356.82,49.0
S002478,U01480,2025-01-24T15:29:00,Android,Hyderabad,687.17,0.0
S002479,U01481,2025-03-08T19:46:00,Android,Bengaluru,413.29,49.0
S002480,U01482,2025-06-14T17:27:00,Android,Bengaluru,491.63,49.0
S002481,U01483,2025-03-01T16:14:00,Android,Hyderabad,984.05,29.0
S002482,U01483,2025-06-02T17:40:00,Android,Hyderabad,589.23,39.0
S002483,U01483,2025-05-01T19:02:00,Android,Hyderabad,352.46,19.0
S002484,U01484,2025-05-07T14:45:00,Android,Mumbai,1054.1,0.0
S002485,U01484,2025-02-13T16:44:00,Android,Mumbai,675.64,39.0
S002486,U01484,2025-03-05T12:35:00,Android,Mumbai,395.02,29.0
S002487,U01485,2025-05-08T14:41:00,Android,Hyderabad,353.6,39.0
S002488,U01486,2025-05-02T07:31:00,iOS,Hyderabad,1628.73,0.0
S002489,U01487,2025-01-21T19:12:00,Android,Kolkata,760.73,39.0
S002490,U01488,2025-05-13T22:20:00,Android,Bengaluru,600.49,59.0
S002491,U01488,2025-06-28T20:49:00,Android,Bengaluru,407.4,39.0
S002492,U01489,2025-03-30T10:00:00,Android,Hyderabad,1102.39,39.0
S002493,U01489,2025-05-20T21:51:00,Android,Hyderabad,431.11,69.0
S002494,U01489,2025-04-19T09:31:00,Android,Hyderabad,419.89,0.0
S002495,U01489,2025-02-17T14:30:00,Android,Hyderabad,358.29,39.0
S002496,U01490,2025-06-04T16:21:00,iOS,Hyderabad,498.55,29.0
S002497,U01491,2025-06-17T18:22:00,Android,Bengaluru,536.79,29.0
S002498,U01492,2025-03-08T17:59:00,Android,Kolkata,542.68,29.0
S002499,U01493,2025-02-26T17:53:00,iOS,Delhi,725.24,59.0
S002500,U01493,2025-03-15T20:22:00,iOS,Delhi,1237.77,0.0
S002501,U01494,2025-03-22T21:32:00,Android,Kolkata,470.9,59.0
S002502,U01494,2025-05-22T15:32:00,Android,Kolkata,1146.67,0.0
S002503,U01495,2025-01-12T07:53:00,Android,Mumbai,1008.89,0.0
S002504,U01496,2025-05-16T16:06:00,Android,Mumbai,424.87,19.0
S002505,U01496,2025-01-15T21:02:00,Android,Mumbai,994.13,0.0
S002506,U01496,2025-03-29T11:09:00,Android,Mumbai,357.34,49.0
S002507,U01497,2025-02-12T12:44:00,Android,Bengaluru,875.77,49.0
S002508,U01497,2025-01-04T08:45:00,Android,Bengaluru,1038.97,0.0
S002509,U01497,2025-04-05T15:01:00,Android,Bengaluru,440.67,69.0
S002510,U01498,2025-01-02T16:05:00,Android,Kolkata,646.8,29.0
S002511,U01498,2025-02-14T14:53:00,Android,Kolkata,723.87,29.0
S002512,U01498,2025-06-16T21:24:00,Android,Kolkata,641.49,59.0
S002513,U01498,2025-06-24T10:17:00,Android,Kolkata,566.34,59.0
S002514,U01498,2025-01-04T18:07:00,Android,Kolkata,543.81,59.0
S002515,U01499,2025-03-09T22:15:00,Android,Mumbai,812.34,19.0
S002516,U01500,2025-04-28T21:57:00,Android,Bengaluru,1034.41,0.0
S002517,U01501,2025-05-23T10:04:00,Android,Bengaluru,1155.09,49.0
S002518,U01501,2025-02-07T14:20:00,Android,Bengaluru,623.89,29.0
S002519,U01502,2025-01-21T17:45:00,iOS,Hyderabad,958.3,0.0
S002520,U01502,2025-06-14T08:49:00,iOS,Hyderabad,919.85,0.0
S002521,U01503,2025-06-20T20:09:00,Android,Bengaluru,1692.61,0.0
S002522,U01504,2025-03-07T14:01:00,iOS,Mumbai,419.12,49.0
S002523,U01505,2025-02-13T10:43:00,Android,Hyderabad,509.39,49.0
S002524,U01506,2025-02-16T13:44:00,iOS,Delhi,1115.07,0.0
S002525,U01506,2025-02-27T20:18:00,iOS,Delhi,568.79,59.0
S002526,U01506,2025-06-30T15:54:00,iOS,Delhi,886.46,29.0
S002527,U01507,2025-02-20T22:25:00,iOS,Mumbai,748.16,59.0
S002528,U01507,2025-06-03T09:24:00,iOS,Mumbai,493.23,49.0
S002529,U01508,2025-02-13T14:59:00,Android,Bengaluru,539.45,29.0
S002530,U01509,2025-05-16T13:06:00,Android,Kolkata,619.05,19.0
S002531,U01510,2025-03-06T10:02:00,Android,Kolkata,1174.88,39.0
S002532,U01510,2025-05-08T09:08:00,Android,Kolkata,639.13,59.0
S002533,U01511,2025-06-26T11:47:00,Android,Delhi,795.15,59.0
S002534,U01512,2025-02-21T15:57:00,Android,Mumbai,434.54,39.0
S002535,U01513,2025-02-14T08:29:00,iOS,Mumbai,957.45,39.0
S002536,U01514,2025-03-02T18:03:00,Android,Kolkata,1374.73,0.0
S002537,U01514,2025-04-24T19:16:00,Android,Kolkata,868.78,39.0
S002538,U01514,2025-04-17T12:24:00,Android,Kolkata,1057.06,0.0
S002539,U01515,2025-02-20T22:17:00,Android,Delhi,767.34,19.0
S002540,U01516,2025-04-08T19:04:00,Android,Mumbai,396.32,19.0
S002541,U01517,2025-04-13T07:03:00,Android,Kolkata,894.45,49.0
S002542,U01518,2025-05-16T13:57:00,Android,Bengaluru,366.92,49.0
S002543,U01518,2025-04-30T14:19:00,Android,Bengaluru,828.07,0.0
S002544,U01519,2025-05-01T07:24:00,Android,Mumbai,822.71,39.0
S002545,U01520,2025-06-29T19:30:00,iOS,Bengaluru,626.98,59.0
S002546,U01521,2025-03-15T16:32:00,Android,Mumbai,385.14,0.0
S002547,U01522,2025-05-28T07:35:00,Android,Delhi,795.49,39.0
S002548,U01523,2025-01-19T13:13:00,Android,Kolkata,1252.24,0.0
S002549,U01523,2025-05-30T19:15:00,Android,Kolkata,460.63,39.0
S002550,U01524,2025-02-09T16:23:00,Android,Delhi,843.63,39.0
S002551,U01525,2025-02-28T19:23:00,Android,Bengaluru,669.44,39.0
S002552,U01526,2025-01-16T08:09:00,Android,Hyderabad,1040.79,0.0
S002553,U01527,2025-06-21T16:24:00,Android,Hyderabad,395.85,39.0
S002554,U01528,2025-03-14T12:11:00,iOS,Hyderabad,942.55,0.0
S002555,U01528,2025-02-22T17:42:00,iOS,Hyderabad,880.61,0.0
S002556,U01529,2025-03-13T07:47:00,Android,Hyderabad,627.84,19.0
S002557,U01530,2025-03-04T20:17:00,Android,Delhi,692.67,29.0
S002558,U01531,2025-02-19T16:22:00,iOS,Mumbai,347.67,39.0
S002559,U01531,2025-02-18T22:34:00,iOS,Mumbai,488.84,39.0
S002560,U01532,2025-02-08T21:15:00,iOS,Bengaluru,1180.59,0.0
S002561,U01533,2025-04-26T21:40:00,Android,Bengaluru,1143.86,0.0
S002562,U01534,2025-04-20T13:13:00,iOS,Kolkata,1011.17,29.0
S002563,U01535,2025-05-07T11:18:00,iOS,Hyderabad,773.55,39.0
S002564,U01536,2025-03-29T12:31:00,Android,Bengaluru,315.63,19.0
S002565,U01536,2025-06-29T07:48:00,Android,Bengaluru,601.85,49.0
S002566,U01537,2025-02-28T10:22:00,Android,Bengaluru,730.67,0.0
S002567,U01537,2025-01-05T07:40:00,Android,Bengaluru,882.42,49.0
S002568,U01537,2025-03-04T10:32:00,Android,Bengaluru,473.62,19.0
S002569,U01538,2025-04-18T13:27:00,Android,Kolkata,547.08,49.0
S002570,U01539,2025-02-06T18:25:00,Android,Bengaluru,376.59,69.0
S002571,U01540,2025-01-06T20:39:00,iOS,Bengaluru,454.53,29.0
S002572,U01541,2025-03-28T10:40:00,Android,Bengaluru,767.49,29.0
S002573,U01541,2025-06-03T18:06:00,Android,Bengaluru,945.55,59.0
S002574,U01542,2025-01-30T21:12:00,Android,Bengaluru,471.86,49.0
S002575,U01543,2025-01-02T10:59:00,Android,Delhi,863.47,19.0
S002576,U01544,2025-01-18T16:08:00,Android,Kolkata,724.98,29.0
S002577,U01545,2025-05-09T20:01:00,iOS,Delhi,582.11,19.0
S002578,U01546,2025-06-30T22:43:00,Android,Mumbai,872.33,0.0
S002579,U01547,2025-06-20T13:05:00,Android,Hyderabad,289.44,0.0
S002580,U01548,2025-05-18T14:44:00,Android,Mumbai,624.14,39.0
S002581,U01548,2025-03-27T07:40:00,Android,Mumbai,928.99,0.0
S002582,U01549,2025-04-10T11:49:00,iOS,Hyderabad,474.59,29.0
S002583,U01550,2025-05-16T11:22:00,Android,Mumbai,651.06,19.0
S002584,U01550,2025-02-01T17:48:00,Android,Mumbai,627.21,49.0
S002585,U01551,2025-02-15T08:27:00,Android,Mumbai,548.5,0.0
S002586,U01551,2025-01-17T11:02:00,Android,Mumbai,761.31,69.0
S002587,U01552,2025-06-03T07:17:00,Android,Mumbai,627.48,0.0
S002588,U01553,2025-05-22T10:46:00,Android,Hyderabad,480.49,19.0
S002589,U01554,2025-01-06T14:28:00,Android,Hyderabad,1083.02,49.0
S002590,U01555,2025-02-05T17:41:00,Android,Hyderabad,414.4,69.0
S002591,U01556,2025-05-15T13:46:00,Android,Bengaluru,775.82,39.0
S002592,U01556,2025-02-28T21:01:00,Android,Bengaluru,969.5,69.0
S002593,U01557,2025-03-31T13:11:00,iOS,Mumbai,614.71,29.0
S002594,U01558,2025-05-12T21:12:00,Android,Hyderabad,895.6,49.0
S002595,U01559,2025-04-08T18:34:00,Android,Delhi,1252.52,0.0
S002596,U01559,2025-04-17T21:05:00,Android,Delhi,1026.83,0.0
S002597,U01559,2025-04-25T07:56:00,Android,Delhi,630.73,39.0
S002598,U01560,2025-01-07T18:41:00,iOS,Kolkata,1639.21,0.0
S002599,U01560,2025-05-22T15:27:00,iOS,Kolkata,1056.33,0.0
S002600,U01560,2025-02-27T14:43:00,iOS,Kolkata,945.11,49.0
S002601,U01560,2025-05-11T22:51:00,iOS,Kolkata,713.3,39.0
S002602,U01561,2025-02-13T15:56:00,Android,Delhi,478.01,19.0
S002603,U01561,2025-06-25T21:24:00,Android,Delhi,478.66,49.0
S002604,U01562,2025-01-08T21:36:00,iOS,Bengaluru,703.01,49.0
S002605,U01562,2025-05-07T08:20:00,iOS,Bengaluru,666.95,59.0
S002606,U01562,2025-01-31T08:51:00,iOS,Bengaluru,535.7,69.0
S002607,U01563,2025-02-18T20:09:00,Android,Kolkata,760.87,49.0
S002608,U01563,2025-01-24T08:09:00,Android,Kolkata,596.96,0.0
S002609,U01564,2025-03-03T10:51:00,iOS,Bengaluru,572.12,29.0
S002610,U01565,2025-03-25T12:01:00,Android,Delhi,839.64,29.0
S002611,U01566,2025-01-08T07:34:00,iOS,Delhi,856.55,59.0
S002612,U01566,2025-05-31T18:43:00,iOS,Delhi,637.1,59.0
S002613,U01567,2025-05-31T07:24:00,iOS,Kolkata,603.68,29.0
S002614,U01568,2025-03-09T11:16:00,Android,Delhi,981.54,0.0
S002615,U01569,2025-06-08T21:37:00,Android,Hyderabad,479.82,49.0
S002616,U01570,2025-01-27T21:10:00,Android,Hyderabad,445.38,49.0
S002617,U01571,2025-01-21T09:26:00,Android,Mumbai,333.06,0.0
S002618,U01572,2025-04-28T17:41:00,iOS,Kolkata,746.25,0.0
S002619,U01572,2025-06-25T17:43:00,iOS,Kolkata,624.88,29.0
S002620,U01572,2025-01-29T13:03:00,iOS,Kolkata,791.92,19.0
S002621,U01573,2025-01-01T11:08:00,Android,Hyderabad,443.52,39.0
S002622,U01573,2025-06-12T18:25:00,Android,Hyderabad,1016.97,0.0
S002623,U01574,2025-03-05T14:51:00,iOS,Delhi,631.13,19.0
S002624,U01574,2025-04-26T08:16:00,iOS,Delhi,964.51,0.0
S002625,U01575,2025-04-06T21:12:00,Android,Kolkata,420.63,39.0
S002626,U01576,2025-03-28T13:52:00,Android,Mumbai,791.29,29.0
S002627,U01577,2025-04-26T10:49:00,iOS,Bengaluru,347.65,69.0
S002628,U01578,2025-06-10T22:46:00,Android,Delhi,991.63,49.0
S002629,U01578,2025-01-03T09:21:00,Android,Delhi,709.28,49.0
S002630,U01579,2025-02-19T13:08:00,Android,Mumbai,1053.97,0.0
S002631,U01579,2025-04-13T18:34:00,Android,Mumbai,812.52,19.0
S002632,U01580,2025-02-24T08:26:00,Android,Bengaluru,550.21,69.0
S002633,U01581,2025-03-15T19:22:00,Android,Mumbai,963.91,0.0
S002634,U01581,2025-04-16T08:27:00,Android,Mumbai,773.45,59.0
S002635,U01581,2025-01-17T11:49:00,Android,Mumbai,832.3,0.0
S002636,U01582,2025-06-08T07:58:00,Android,Delhi,637.28,49.0
S002637,U01583,2025-05-23T15:16:00,Android,Mumbai,870.64,39.0
S002638,U01584,2025-05-08T21:08:00,Android,Bengaluru,1251.77,0.0
S002639,U01584,2025-04-26T08:30:00,Android,Bengaluru,899.57,0.0
S002640,U01585,2025-03-27T15:09:00,iOS,Hyderabad,1467.61,49.0
S002641,U01585,2025-03-19T17:11:00,iOS,Hyderabad,955.09,39.0
S002642,U01586,2025-04-10T22:12:00,Android,Delhi,1339.48,29.0
S002643,U01587,2025-02-25T22:06:00,Android,Bengaluru,1407.15,0.0
S002644,U01588,2025-04-26T09:40:00,Android,Delhi,618.22,39.0
S002645,U01588,2025-06-03T13:25:00,Android,Delhi,354.46,39.0
S002646,U01589,2025-05-27T09:42:00,Android,Mumbai,820.57,49.0
S002647,U01590,2025-02-09T12:39:00,iOS,Mumbai,441.88,19.0
S002648,U01590,2025-06-30T09:55:00,iOS,Mumbai,1012.65,0.0
S002649,U01591,2025-06-02T10:58:00,Android,Mumbai,952.86,0.0
S002650,U01592,2025-02-25T17:42:00,Android,Bengaluru,2150.52,0.0
S002651,U01592,2025-03-28T10:09:00,Android,Bengaluru,1162.67,49.0
S002652,U01593,2025-06-15T08:17:00,Android,Kolkata,684.15,19.0
S002653,U01593,2025-03-11T14:30:00,Android,Kolkata,1030.73,0.0
S002654,U01593,2025-01-10T07:49:00,Android,Kolkata,701.73,49.0
S002655,U01593,2025-06-14T15:45:00,Android,Kolkata,2063.73,0.0
S002656,U01594,2025-05-28T08:30:00,Android,Delhi,220.78,29.0
S002657,U01595,2025-01-21T08:49:00,Android,Bengaluru,597.13,19.0
S002658,U01595,2025-06-11T15:21:00,Android,Bengaluru,919.53,0.0
S002659,U01595,2025-05-09T10:23:00,Android,Bengaluru,771.42,29.0
S002660,U01596,2025-02-07T13:44:00,Android,Hyderabad,1330.32,29.0
S002661,U01597,2025-01-08T07:16:00,Android,Mumbai,773.79,0.0
S002662,U01598,2025-04-28T18:07:00,Android,Mumbai,613.91,49.0
S002663,U01598,2025-02-05T07:34:00,Android,Mumbai,437.92,29.0
S002664,U01599,2025-03-17T19:27:00,Android,Delhi,880.59,39.0
S002665,U01599,2025-01-06T19:41:00,Android,Delhi,1108.96,0.0
S002666,U01599,2025-03-24T20:59:00,Android,Delhi,1520.11,0.0
S002667,U01599,2025-02-22T11:14:00,Android,Delhi,1421.94,0.0
S002668,U01600,2025-04-01T07:54:00,Android,Delhi,1022.73,29.0
S002669,U01601,2025-04-23T22:59:00,Android,Mumbai,723.48,29.0
S002670,U01602,2025-03-28T08:26:00,Android,Bengaluru,539.53,29.0
S002671,U01603,2025-01-28T18:14:00,Android,Delhi,925.01,0.0
S002672,U01604,2025-01-23T12:12:00,Android,Kolkata,1040.05,59.0
S002673,U01604,2025-04-10T15:38:00,Android,Kolkata,807.47,39.0
S002674,U01605,2025-05-05T15:20:00,Android,Mumbai,637.59,0.0
S002675,U01606,2025-03-17T18:49:00,Android,Delhi,340.42,39.0
S002676,U01607,2025-06-25T13:55:00,Android,Bengaluru,770.0,39.0
S002677,U01608,2025-04-28T22:56:00,Android,Hyderabad,1437.99,0.0
S002678,U01609,2025-01-31T18:28:00,Android,Delhi,1048.83,0.0
S002679,U01610,2025-04-23T11:57:00,Android,Bengaluru,452.59,0.0
S002680,U01611,2025-01-03T22:21:00,Android,Bengaluru,685.16,0.0
S002681,U01612,2025-03-27T16:33:00,Android,Hyderabad,791.14,59.0
S002682,U01612,2025-04-25T15:45:00,Android,Hyderabad,778.88,69.0
S002683,U01613,2025-04-07T11:33:00,Android,Mumbai,1080.54,0.0
S002684,U01613,2025-03-27T18:30:00,Android,Mumbai,647.03,19.0
S002685,U01614,2025-06-21T17:37:00,Android,Bengaluru,499.55,0.0
S002686,U01615,2025-06-28T09:41:00,Android,Bengaluru,559.34,19.0
S002687,U01616,2025-05-23T09:24:00,iOS,Mumbai,1230.93,0.0
S002688,U01616,2025-01-21T14:02:00,iOS,Mumbai,822.87,19.0
S002689,U01617,2025-01-13T09:04:00,iOS,Mumbai,673.5,0.0
S002690,U01618,2025-02-24T14:28:00,Android,Hyderabad,566.74,19.0
S002691,U01619,2025-04-19T17:29:00,Android,Bengaluru,802.65,29.0
S002692,U01619,2025-01-26T08:56:00,Android,Bengaluru,343.56,19.0
S002693,U01620,2025-03-25T19:51:00,Android,Hyderabad,550.16,29.0
S002694,U01620,2025-06-11T16:33:00,Android,Hyderabad,1824.76,0.0
S002695,U01621,2025-01-20T10:17:00,iOS,Kolkata,587.07,0.0
S002696,U01622,2025-01-11T21:01:00,Android,Mumbai,873.55,39.0
S002697,U01623,2025-01-16T07:02:00,Android,Bengaluru,1597.99,0.0
S002698,U01623,2025-03-18T08:21:00,Android,Bengaluru,1572.13,0.0
S002699,U01624,2025-05-03T19:58:00,iOS,Mumbai,1397.94,0.0
S002700,U01625,2025-01-23T09:45:00,Android,Delhi,646.4,39.0
S002701,U01626,2025-02-15T17:33:00,Android,Bengaluru,722.65,29.0
S002702,U01626,2025-01-31T22:57:00,Android,Bengaluru,1861.61,39.0
S002703,U01627,2025-06-03T21:28:00,Android,Delhi,681.49,19.0
S002704,U01628,2025-03-23T16:48:00,Android,Kolkata,946.51,0.0
S002705,U01629,2025-04-21T16:43:00,iOS,Delhi,466.93,29.0
S002706,U01629,2025-05-20T11:04:00,iOS,Delhi,728.0,29.0
S002707,U01630,2025-01-27T19:05:00,Android,Kolkata,763.35,59.0
S002708,U01630,2025-05-10T08:04:00,Android,Kolkata,1276.82,69.0
S002709,U01631,2025-05-11T07:30:00,Android,Mumbai,521.42,29.0
S002710,U01631,2025-05-27T07:26:00,Android,Mumbai,892.72,39.0
S002711,U01631,2025-01-20T09:59:00,Android,Mumbai,1697.12,0.0
S002712,U01632,2025-06-13T13:03:00,Android,Mumbai,1308.73,0.0
S002713,U01632,2025-04-30T18:27:00,Android,Mumbai,596.64,19.0
S002714,U01633,2025-01-09T11:58:00,Android,Bengaluru,1190.61,0.0
S002715,U01634,2025-06-17T09:27:00,iOS,Mumbai,836.09,0.0
S002716,U01634,2025-04-07T15:15:00,iOS,Mumbai,592.49,19.0
S002717,U01635,2025-06-13T17:00:00,iOS,Bengaluru,1248.66,0.0
S002718,U01635,2025-01-01T09:28:00,iOS,Bengaluru,1068.71,0.0
S002719,U01636,2025-05-19T16:22:00,iOS,Delhi,1068.95,0.0
S002720,U01637,2025-02-08T13:04:00,iOS,Delhi,323.7,39.0
S002721,U01638,2025-03-30T07:11:00,Android,Delhi,955.71,0.0
S002722,U01639,2025-03-31T18:41:00,Android,Mumbai,763.37,19.0
S002723,U01640,2025-06-30T12:02:00,Android,Bengaluru,621.51,0.0
S002724,U01640,2025-05-25T11:52:00,Android,Bengaluru,772.48,49.0
S002725,U01641,2025-01-15T21:34:00,Android,Delhi,492.48,39.0
S002726,U01642,2025-05-01T22:21:00,Android,Kolkata,527.73,49.0
S002727,U01643,2025-01-14T17:51:00,Android,Bengaluru,1042.25,0.0
S002728,U01644,2025-04-03T20:39:00,Android,Delhi,821.88,59.0
S002729,U01645,2025-06-14T19:56:00,iOS,Delhi,788.14,49.0
S002730,U01645,2025-05-12T19:29:00,iOS,Delhi,1076.46,0.0
S002731,U01646,2025-04-21T12:20:00,Android,Delhi,717.73,19.0
S002732,U01647,2025-05-10T19:21:00,Android,Hyderabad,803.07,59.0
S002733,U01647,2025-04-27T11:16:00,Android,Hyderabad,1076.55,49.0
S002734,U01647,2025-06-15T16:04:00,Android,Hyderabad,898.59,49.0
S002735,U01648,2025-03-08T09:29:00,iOS,Bengaluru,746.02,39.0
S002736,U01648,2025-06-28T16:44:00,iOS,Bengaluru,584.94,69.0
S002737,U01649,2025-02-16T19:58:00,Android,Delhi,633.61,0.0
S002738,U01649,2025-02-02T10:26:00,Android,Delhi,894.81,49.0
S002739,U01650,2025-04-28T20:47:00,Android,Mumbai,902.63,0.0
S002740,U01650,2025-02-06T17:57:00,Android,Mumbai,1325.91,0.0
S002741,U01651,2025-05-31T14:36:00,Android,Delhi,1461.29,59.0
S002742,U01652,2025-03-24T15:52:00,iOS,Kolkata,611.3,29.0
S002743,U01653,2025-03-21T09:48:00,iOS,Kolkata,695.8,29.0
S002744,U01654,2025-05-22T08:44:00,Android,Bengaluru,619.38,29.0
S002745,U01655,2025-05-11T15:01:00,Android,Delhi,618.09,69.0
S002746,U01655,2025-05-11T18:45:00,Android,Delhi,382.96,39.0
S002747,U01656,2025-05-16T13:39:00,Android,Bengaluru,269.66,19.0
S002748,U01657,2025-02-06T14:16:00,Android,Bengaluru,472.05,39.0
S002749,U01657,2025-02-07T13:15:00,Android,Bengaluru,382.86,39.0
S002750,U01657,2025-05-04T09:50:00,Android,Bengaluru,598.94,0.0
S002751,U01658,2025-03-17T08:59:00,iOS,Mumbai,426.67,49.0
S002752,U01659,2025-06-23T11:11:00,Android,Mumbai,656.29,19.0
S002753,U01660,2025-01-15T15:55:00,iOS,Delhi,428.99,39.0
S002754,U01661,2025-01-29T17:52:00,iOS,Delhi,587.21,39.0
S002755,U01662,2025-06-16T18:51:00,Android,Delhi,469.26,19.0
S002756,U01663,2025-02-19T15:11:00,iOS,Kolkata,609.02,19.0
S002757,U01664,2025-03-08T22:43:00,Android,Kolkata,892.15,69.0
S002758,U01664,2025-05-03T17:04:00,Android,Kolkata,901.73,29.0
S002759,U01665,2025-06-29T22:54:00,Android,Bengaluru,593.11,49.0
S002760,U01665,2025-06-18T13:09:00,Android,Bengaluru,859.42,39.0
S002761,U01665,2025-02-15T19:04:00,Android,Bengaluru,522.68,29.0
S002762,U01666,2025-05-04T19:45:00,iOS,Mumbai,610.09,29.0
S002763,U01666,2025-06-17T10:06:00,iOS,Mumbai,796.31,49.0
S002764,U01667,2025-04-13T13:01:00,Android,Delhi,682.2,69.0
S002765,U01667,2025-03-24T14:26:00,Android,Delhi,679.65,59.0
S002766,U01668,2025-04-21T20:13:00,iOS,Hyderabad,682.22,29.0
S002767,U01668,2025-02-16T21:46:00,iOS,Hyderabad,535.67,29.0
S002768,U01669,2025-02-04T13:10:00,Android,Mumbai,655.24,39.0
S002769,U01670,2025-03-11T15:56:00,Android,Kolkata,796.11,29.0
S002770,U01671,2025-01-17T08:11:00,iOS,Bengaluru,573.6,0.0
S002771,U01672,2025-05-21T13:40:00,Android,Delhi,615.33,29.0
S002772,U01673,2025-02-24T22:27:00,Android,Kolkata,817.72,19.0
S002773,U01673,2025-01-22T09:36:00,Android,Kolkata,405.35,0.0
S002774,U01674,2025-01-29T08:42:00,Android,Bengaluru,775.13,29.0
S002775,U01675,2025-05-18T17:44:00,Android,Bengaluru,737.92,29.0
S002776,U01676,2025-05-08T10:12:00,Android,Hyderabad,598.99,59.0
S002777,U01676,2025-04-22T12:41:00,Android,Hyderabad,617.02,29.0
S002778,U01677,2025-02-22T20:04:00,iOS,Hyderabad,589.47,19.0
S002779,U01677,2025-04-07T12:53:00,iOS,Hyderabad,1537.57,0.0
S002780,U01677,2025-06-16T22:43:00,iOS,Hyderabad,623.71,29.0
S002781,U01678,2025-06-15T14:49:00,Android,Mumbai,637.8,39.0
S002782,U01678,2025-05-15T08:50:00,Android,Mumbai,471.79,49.0
S002783,U01679,2025-06-29T21:04:00,iOS,Hyderabad,664.76,39.0
S002784,U01679,2025-06-03T17:58:00,iOS,Hyderabad,950.42,69.0
S002785,U01680,2025-01-26T11:57:00,iOS,Hyderabad,751.37,49.0
S002786,U01680,2025-05-04T18:12:00,iOS,Hyderabad,546.52,39.0
S002787,U01681,2025-03-23T18:29:00,Android,Bengaluru,675.48,39.0
S002788,U01682,2025-04-20T20:29:00,Android,Mumbai,399.77,59.0
S002789,U01682,2025-03-17T09:02:00,Android,Mumbai,483.59,39.0
S002790,U01683,2025-01-19T07:42:00,Android,Hyderabad,906.4,0.0
S002791,U01684,2025-06-14T10:50:00,iOS,Kolkata,280.72,29.0
S002792,U01684,2025-03-04T11:32:00,iOS,Kolkata,1271.46,0.0
S002793,U01685,2025-06-05T13:44:00,Android,Bengaluru,802.69,29.0
S002794,U01686,2025-02-13T08:46:00,Android,Bengaluru,868.4,29.0
S002795,U01687,2025-03-07T17:05:00,iOS,Hyderabad,545.48,49.0
S002796,U01688,2025-04-28T18:22:00,Android,Bengaluru,642.97,49.0
S002797,U01689,2025-03-08T18:15:00,Android,Bengaluru,979.6,0.0
S002798,U01689,2025-05-19T22:27:00,Android,Bengaluru,1082.63,0.0
S002799,U01689,2025-03-15T16:30:00,Android,Bengaluru,736.29,69.0
S002800,U01690,2025-06-12T13:06:00,iOS,Hyderabad,1000.39,0.0
S002801,U01691,2025-06-30T07:40:00,Android,Mumbai,623.96,69.0
S002802,U01691,2025-05-13T10:36:00,Android,Mumbai,761.38,19.0
S002803,U01692,2025-05-09T14:15:00,Android,Delhi,1181.89,0.0
S002804,U01692,2025-01-22T09:44:00,Android,Delhi,766.66,39.0
S002805,U01693,2025-05-03T14:07:00,Android,Bengaluru,991.02,0.0
S002806,U01694,2025-01-14T12:16:00,iOS,Bengaluru,736.89,39.0
S002807,U01694,2025-01-30T22:52:00,iOS,Bengaluru,834.54,29.0
S002808,U01694,2025-05-30T18:32:00,iOS,Bengaluru,1058.29,0.0
S002809,U01695,2025-04-10T09:13:00,iOS,Hyderabad,1188.36,0.0
S002810,U01696,2025-01-09T09:01:00,iOS,Mumbai,498.38,49.0
S002811,U01697,2025-05-31T16:34:00,iOS,Bengaluru,783.27,49.0
S002812,U01698,2025-01-31T16:14:00,Android,Delhi,710.68,39.0
S002813,U01699,2025-06-27T15:13:00,Android,Bengaluru,1328.61,49.0
S002814,U01700,2025-03-31T15:15:00,Android,Bengaluru,686.85,39.0
S002815,U01700,2025-01-26T16:32:00,Android,Bengaluru,1184.36,0.0
S002816,U01700,2025-01-10T07:17:00,Android,Bengaluru,690.79,19.0
S002817,U01700,2025-06-23T13:40:00,Android,Bengaluru,783.94,49.0
S002818,U01700,2025-03-22T16:40:00,Android,Bengaluru,1199.75,49.0
S002819,U01701,2025-04-17T21:54:00,iOS,Delhi,986.39,0.0
S002820,U01702,2025-05-15T16:15:00,iOS,Mumbai,606.38,0.0
S002821,U01702,2025-04-15T17:06:00,iOS,Mumbai,796.44,39.0
S002822,U01703,2025-01-29T21:10:00,Android,Bengaluru,976.65,39.0
S002823,U01704,2025-03-02T22:52:00,iOS,Delhi,860.5,49.0
S002824,U01704,2025-01-11T14:51:00,iOS,Delhi,339.84,39.0
S002825,U01705,2025-05-26T12:12:00,Android,Delhi,657.48,39.0
S002826,U01706,2025-06-14T19:13:00,Android,Delhi,1036.64,0.0
S002827,U01706,2025-04-16T20:41:00,Android,Delhi,405.87,29.0
S002828,U01706,2025-04-01T13:23:00,Android,Delhi,443.92,39.0
S002829,U01706,2025-03-18T09:35:00,Android,Delhi,461.05,19.0
S002830,U01707,2025-01-10T09:30:00,Android,Bengaluru,688.93,49.0
S002831,U01708,2025-04-21T14:38:00,iOS,Bengaluru,1226.57,0.0
S002832,U01709,2025-02-08T21:28:00,Android,Bengaluru,878.0,29.0
S002833,U01709,2025-05-24T20:32:00,Android,Bengaluru,354.5,0.0
S002834,U01709,2025-05-17T14:00:00,Android,Bengaluru,1045.02,19.0
S002835,U01710,2025-06-17T12:29:00,Android,Delhi,570.9,19.0
S002836,U01711,2025-04-08T15:17:00,iOS,Hyderabad,1241.02,0.0
S002837,U01711,2025-04-09T22:38:00,iOS,Hyderabad,512.63,49.0
S002838,U01712,2025-06-19T17:27:00,Android,Bengaluru,373.41,29.0
S002839,U01713,2025-03-18T22:01:00,Android,Hyderabad,433.76,0.0
S002840,U01714,2025-04-29T09:28:00,Android,Hyderabad,755.06,69.0
S002841,U01715,2025-01-03T07:14:00,Android,Bengaluru,576.81,39.0
S002842,U01716,2025-03-29T18:13:00,Android,Bengaluru,1296.33,0.0
S002843,U01717,2025-06-04T08:05:00,Android,Bengaluru,666.28,29.0
S002844,U01718,2025-06-03T12:17:00,iOS,Bengaluru,745.65,0.0
S002845,U01719,2025-06-04T12:55:00,Android,Mumbai,1428.99,0.0
S002846,U01720,2025-05-12T17:07:00,Android,Bengaluru,397.45,39.0
S002847,U01721,2025-05-04T11:14:00,iOS,Hyderabad,615.25,49.0
S002848,U01722,2025-04-09T12:48:00,Android,Mumbai,356.5,49.0
S002849,U01722,2025-05-23T16:04:00,Android,Mumbai,1493.53,19.0
S002850,U01723,2025-05-27T07:59:00,iOS,Hyderabad,511.23,49.0
S002851,U01724,2025-04-15T09:57:00,iOS,Hyderabad,716.56,19.0
S002852,U01724,2025-02-27T13:10:00,iOS,Hyderabad,557.1,59.0
S002853,U01725,2025-02-03T20:43:00,iOS,Mumbai,765.72,49.0
S002854,U01726,2025-03-20T21:24:00,Android,Kolkata,593.97,39.0
S002855,U01727,2025-05-22T11:04:00,Android,Kolkata,354.34,59.0
S002856,U01728,2025-02-15T22:35:00,Android,Delhi,695.93,69.0
S002857,U01729,2025-05-19T16:10:00,iOS,Bengaluru,839.96,39.0
S002858,U01730,2025-04-04T07:09:00,iOS,Delhi,441.07,0.0
S002859,U01730,2025-05-12T12:27:00,iOS,Delhi,1448.49,0.0
S002860,U01731,2025-02-15T16:15:00,Android,Bengaluru,1185.19,49.0
S002861,U01731,2025-03-07T21:37:00,Android,Bengaluru,723.9,59.0
S002862,U01732,2025-01-24T21:57:00,Android,Mumbai,800.38,39.0
S002863,U01732,2025-06-14T10:36:00,Android,Mumbai,553.22,39.0
S002864,U01733,2025-02-12T19:32:00,Android,Delhi,392.1,19.0
S002865,U01734,2025-04-12T20:47:00,Android,Mumbai,978.78,0.0
S002866,U01734,2025-05-03T17:54:00,Android,Mumbai,795.74,49.0
S002867,U01735,2025-02-17T20:21:00,iOS,Hyderabad,2025.69,29.0
S002868,U01735,2025-01-26T10:20:00,iOS,Hyderabad,492.16,39.0
S002869,U01736,2025-05-06T12:10:00,iOS,Delhi,721.65,0.0
S002870,U01736,2025-05-05T13:53:00,iOS,Delhi,558.67,39.0
S002871,U01737,2025-05-11T18:18:00,Android,Mumbai,698.74,49.0
S002872,U01738,2025-02-03T15:51:00,iOS,Delhi,1001.98,0.0
S002873,U01739,2025-06-06T19:28:00,Android,Hyderabad,787.61,49.0
S002874,U01740,2025-01-29T07:46:00,Android,Mumbai,475.97,39.0
S002875,U01740,2025-04-16T20:37:00,Android,Mumbai,572.37,49.0
S002876,U01741,2025-03-10T09:46:00,Android,Bengaluru,594.35,29.0
S002877,U01741,2025-04-30T19:41:00,Android,Bengaluru,536.42,39.0
S002878,U01742,2025-06-01T21:06:00,Android,Mumbai,998.49,0.0
S002879,U01743,2025-03-03T11:08:00,iOS,Bengaluru,202.57,49.0
S002880,U01744,2025-02-13T18:40:00,Android,Hyderabad,476.17,29.0
S002881,U01745,2025-04-25T22:12:00,Android,Mumbai,886.91,29.0
S002882,U01746,2025-03-30T15:10:00,Android,Delhi,609.66,39.0
S002883,U01746,2025-03-09T21:42:00,Android,Delhi,592.33,39.0
S002884,U01746,2025-01-24T18:44:00,Android,Delhi,601.32,39.0
S002885,U01747,2025-04-04T11:26:00,Android,Hyderabad,815.05,19.0
S002886,U01748,2025-03-02T18:41:00,Android,Hyderabad,536.82,49.0
S002887,U01748,2025-01-07T18:53:00,Android,Hyderabad,628.31,29.0
S002888,U01749,2025-05-29T18:18:00,Android,Hyderabad,484.78,0.0
S002889,U01749,2025-05-07T20:11:00,Android,Hyderabad,629.55,19.0
S002890,U01750,2025-02-20T14:46:00,Android,Mumbai,401.81,39.0
S002891,U01751,2025-02-18T14:02:00,Android,Hyderabad,722.04,0.0
S002892,U01751,2025-02-17T19:02:00,Android,Hyderabad,1840.13,0.0
S002893,U01751,2025-02-02T16:24:00,Android,Hyderabad,505.38,0.0
S002894,U01751,2025-05-31T22:24:00,Android,Hyderabad,861.84,39.0
S002895,U01751,2025-06-02T12:59:00,Android,Hyderabad,732.0,0.0
S002896,U01752,2025-05-31T20:34:00,iOS,Delhi,930.83,0.0
S002897,U01753,2025-06-08T09:47:00,Android,Hyderabad,1133.85,0.0
S002898,U01754,2025-06-25T13:27:00,Android,Hyderabad,351.14,0.0
S002899,U01755,2025-02-28T07:13:00,Android,Bengaluru,872.45,49.0
S002900,U01755,2025-06-09T15:01:00,Android,Bengaluru,622.72,29.0
S002901,U01756,2025-03-29T12:13:00,Android,Bengaluru,542.46,19.0
S002902,U01756,2025-06-17T12:35:00,Android,Bengaluru,716.37,39.0
S002903,U01757,2025-01-19T18:08:00,Android,Delhi,541.53,59.0
S002904,U01758,2025-06-11T15:59:00,Android,Bengaluru,451.66,29.0
S002905,U01758,2025-01-22T11:28:00,Android,Bengaluru,912.2,0.0
S002906,U01759,2025-04-29T21:17:00,Android,Delhi,669.47,49.0
S002907,U01759,2025-05-16T09:52:00,Android,Delhi,1218.23,19.0
S002908,U01759,2025-05-02T19:11:00,Android,Delhi,724.56,19.0
S002909,U01760,2025-04-08T11:10:00,Android,Bengaluru,538.28,19.0
S002910,U01760,2025-03-08T14:53:00,Android,Bengaluru,369.49,49.0
S002911,U01761,2025-05-28T18:14:00,Android,Mumbai,722.38,49.0
S002912,U01761,2025-02-07T08:22:00,Android,Mumbai,494.49,39.0
S002913,U01762,2025-04-20T14:15:00,iOS,Bengaluru,352.81,0.0
S002914,U01762,2025-04-14T15:55:00,iOS,Bengaluru,669.7,19.0
S002915,U01763,2025-05-13T11:24:00,Android,Delhi,351.45,29.0
S002916,U01764,2025-02-09T12:10:00,Android,Mumbai,625.6,39.0
S002917,U01765,2025-01-13T07:32:00,Android,Delhi,484.5,0.0
S002918,U01766,2025-05-13T11:53:00,Android,Delhi,279.04,69.0
S002919,U01767,2025-04-22T11:22:00,Android,Hyderabad,662.33,19.0
S002920,U01767,2025-06-27T21:05:00,Android,Hyderabad,657.7,49.0
S002921,U01767,2025-05-25T11:29:00,Android,Hyderabad,718.86,29.0
S002922,U01768,2025-06-10T18:40:00,iOS,Kolkata,636.76,39.0
S002923,U01769,2025-04-10T17:01:00,Android,Mumbai,601.32,39.0
S002924,U01770,2025-06-07T14:29:00,Android,Bengaluru,1020.69,0.0
S002925,U01770,2025-01-04T18:05:00,Android,Bengaluru,840.2,19.0
S002926,U01771,2025-04-05T21:17:00,iOS,Bengaluru,822.09,29.0
S002927,U01772,2025-01-05T15:57:00,Android,Kolkata,279.64,49.0
S002928,U01772,2025-05-04T10:14:00,Android,Kolkata,1173.63,0.0
S002929,U01772,2025-04-19T18:23:00,Android,Kolkata,1145.13,0.0
S002930,U01772,2025-04-17T11:46:00,Android,Kolkata,473.13,49.0
S002931,U01773,2025-04-17T15:31:00,Android,Mumbai,2400.0,0.0
S002932,U01773,2025-03-14T07:06:00,Android,Mumbai,1017.7,59.0
S002933,U01774,2025-04-19T15:44:00,Android,Hyderabad,643.54,0.0
S002934,U01775,2025-04-21T09:22:00,Android,Mumbai,1279.25,0.0
S002935,U01775,2025-06-27T13:08:00,Android,Mumbai,840.88,39.0
S002936,U01776,2025-03-11T12:33:00,iOS,Bengaluru,631.02,0.0
S002937,U01777,2025-03-31T12:30:00,Android,Delhi,1222.08,0.0
S002938,U01777,2025-04-24T22:32:00,Android,Delhi,704.54,39.0
S002939,U01778,2025-04-06T21:34:00,iOS,Hyderabad,602.0,0.0
S002940,U01779,2025-05-24T15:13:00,Android,Kolkata,716.92,39.0
S002941,U01780,2025-04-19T18:49:00,Android,Bengaluru,1112.24,0.0
S002942,U01781,2025-03-17T10:20:00,Android,Mumbai,531.43,49.0
S002943,U01782,2025-05-28T11:22:00,Android,Bengaluru,1094.41,0.0
S002944,U01782,2025-04-08T08:33:00,Android,Bengaluru,427.72,59.0
S002945,U01783,2025-03-24T17:44:00,Android,Kolkata,781.2,49.0
S002946,U01784,2025-06-10T22:57:00,Android,Bengaluru,892.16,39.0
S002947,U01784,2025-03-13T19:17:00,Android,Bengaluru,373.37,29.0
S002948,U01785,2025-04-29T10:02:00,Android,Hyderabad,412.02,0.0
S002949,U01786,2025-02-07T09:05:00,Android,Bengaluru,1193.16,0.0
S002950,U01786,2025-04-10T09:57:00,Android,Bengaluru,569.07,39.0
S002951,U01786,2025-05-14T11:00:00,Android,Bengaluru,794.98,19.0
S002952,U01787,2025-04-18T15:16:00,iOS,Mumbai,1263.71,0.0
S002953,U01787,2025-06-28T19:17:00,iOS,Mumbai,580.84,0.0
S002954,U01788,2025-06-08T16:52:00,Android,Mumbai,360.27,19.0
S002955,U01788,2025-04-30T09:41:00,Android,Mumbai,1331.07,29.0
S002956,U01789,2025-06-04T15:39:00,Android,Delhi,475.2,39.0
S002957,U01789,2025-04-20T15:56:00,Android,Delhi,719.02,29.0
S002958,U01790,2025-02-04T21:47:00,iOS,Hyderabad,659.17,29.0
S002959,U01790,2025-05-27T11:06:00,iOS,Hyderabad,1736.95,0.0
S002960,U01791,2025-02-13T09:23:00,Android,Kolkata,1072.32,0.0
S002961,U01791,2025-04-10T22:05:00,Android,Kolkata,1026.73,0.0
S002962,U01792,2025-01-13T12:48:00,iOS,Hyderabad,607.6,39.0
S002963,U01793,2025-03-17T22:57:00,iOS,Delhi,1134.37,0.0
S002964,U01794,2025-05-03T16:08:00,Android,Hyderabad,1229.04,0.0
S002965,U01794,2025-03-19T20:44:00,Android,Hyderabad,600.1,49.0
S002966,U01795,2025-01-19T18:50:00,Android,Mumbai,650.82,39.0
S002967,U01795,2025-02-25T14:40:00,Android,Mumbai,620.51,39.0
S002968,U01796,2025-04-25T09:46:00,Android,Mumbai,1092.77,19.0
S002969,U01796,2025-02-23T17:41:00,Android,Mumbai,894.78,39.0
S002970,U01797,2025-02-06T17:16:00,Android,Delhi,361.47,39.0
S002971,U01797,2025-05-06T21:32:00,Android,Delhi,1007.57,0.0
S002972,U01798,2025-01-13T09:20:00,Android,Mumbai,1100.93,0.0
S002973,U01799,2025-02-25T17:31:00,Android,Bengaluru,814.75,39.0
S002974,U01799,2025-02-20T17:47:00,Android,Bengaluru,536.15,49.0
S002975,U01800,2025-02-02T08:41:00,iOS,Delhi,618.35,39.0
S002976,U01800,2025-02-12T15:40:00,iOS,Delhi,675.79,39.0
S002977,U01800,2025-01-06T12:02:00,iOS,Delhi,1355.7,19.0
S002978,U01801,2025-06-18T11:41:00,Android,Bengaluru,1129.27,69.0
S002979,U01801,2025-02-10T07:00:00,Android,Bengaluru,1014.98,49.0
S002980,U01801,2025-01-26T19:19:00,Android,Bengaluru,318.95,29.0
S002981,U01802,2025-03-20T10:46:00,Android,Delhi,821.21,0.0
S002982,U01803,2025-03-29T09:04:00,Android,Bengaluru,1250.3,59.0
S002983,U01804,2025-06-28T09:49:00,iOS,Bengaluru,913.45,49.0
S002984,U01804,2025-04-21T13:20:00,iOS,Bengaluru,422.54,0.0
S002985,U01804,2025-03-29T18:13:00,iOS,Bengaluru,707.03,69.0
S002986,U01804,2025-05-23T14:19:00,iOS,Bengaluru,659.78,39.0
S002987,U01805,2025-01-04T07:14:00,iOS,Hyderabad,1123.41,0.0
S002988,U01805,2025-04-21T10:46:00,iOS,Hyderabad,749.89,0.0
S002989,U01806,2025-06-21T12:32:00,iOS,Mumbai,1229.56,0.0
S002990,U01806,2025-03-19T12:09:00,iOS,Mumbai,381.98,39.0
S002991,U01806,2025-03-29T13:51:00,iOS,Mumbai,610.61,19.0
S002992,U01806,2025-02-26T16:00:00,iOS,Mumbai,1063.7,49.0
S002993,U01807,2025-06-27T08:53:00,iOS,Bengaluru,1255.42,0.0
S002994,U01808,2025-04-08T22:25:00,Android,Hyderabad,1068.25,0.0
S002995,U01808,2025-05-03T08:19:00,Android,Hyderabad,524.57,49.0
S002996,U01809,2025-01-07T09:41:00,Android,Kolkata,584.02,69.0
S002997,U01810,2025-03-01T22:37:00,Android,Kolkata,778.24,39.0
S002998,U01811,2025-04-05T16:58:00,Android,Hyderabad,1154.37,0.0
S002999,U01812,2025-03-04T09:18:00,Android,Kolkata,1010.27,0.0
S003000,U01812,2025-02-19T19:50:00,Android,Kolkata,671.78,19.0
S003001,U01813,2025-06-16T18:16:00,Android,Mumbai,1633.03,0.0
S003002,U01813,2025-05-09T10:59:00,Android,Mumbai,815.81,0.0
S003003,U01813,2025-04-19T09:16:00,Android,Mumbai,972.76,0.0
S003004,U01814,2025-01-15T10:54:00,iOS,Kolkata,636.93,39.0
S003005,U01815,2025-05-02T07:09:00,Android,Kolkata,742.86,29.0
S003006,U01816,2025-01-31T13:45:00,iOS,Delhi,1012.21,0.0
S003007,U01817,2025-01-28T07:43:00,Android,Kolkata,530.84,49.0
S003008,U01818,2025-06-09T08:13:00,Android,Hyderabad,476.66,0.0
S003009,U01819,2025-01-20T07:47:00,Android,Hyderabad,444.37,69.0
S003010,U01820,2025-05-02T16:07:00,iOS,Kolkata,613.05,39.0
S003011,U01821,2025-02-26T19:51:00,iOS,Delhi,682.22,39.0
S003012,U01821,2025-05-07T21:03:00,iOS,Delhi,1036.72,0.0
S003013,U01822,2025-05-20T12:20:00,Android,Delhi,641.92,29.0
S003014,U01823,2025-01-23T11:11:00,Android,Mumbai,654.55,59.0
S003015,U01823,2025-02-04T07:37:00,Android,Mumbai,741.97,49.0
S003016,U01824,2025-03-28T10:10:00,Android,Hyderabad,966.4,0.0
S003017,U01824,2025-05-23T15:44:00,Android,Hyderabad,1260.85,19.0
S003018,U01824,2025-02-01T07:19:00,Android,Hyderabad,1130.82,0.0
S003019,U01825,2025-03-20T12:54:00,Android,Kolkata,978.06,0.0
S003020,U01826,2025-02-25T16:47:00,Android,Kolkata,947.8,69.0
S003021,U01827,2025-04-17T20:13:00,Android,Hyderabad,851.79,0.0
S003022,U01828,2025-04-21T09:27:00,iOS,Kolkata,394.99,59.0
S003023,U01828,2025-02-27T16:24:00,iOS,Kolkata,1090.42,49.0
S003024,U01829,2025-04-10T17:09:00,Android,Bengaluru,832.55,39.0
S003025,U01829,2025-04-07T20:23:00,Android,Bengaluru,1084.56,0.0
S003026,U01829,2025-01-20T10:50:00,Android,Bengaluru,319.62,39.0
S003027,U01830,2025-05-08T20:54:00,Android,Kolkata,727.78,19.0
S003028,U01831,2025-02-19T14:51:00,iOS,Bengaluru,874.94,49.0
S003029,U01832,2025-03-08T07:28:00,Android,Mumbai,416.45,29.0
S003030,U01832,2025-05-01T10:07:00,Android,Mumbai,942.2,0.0
S003031,U01833,2025-03-08T17:18:00,iOS,Bengaluru,763.5,49.0
S003032,U01834,2025-01-07T15:49:00,Android,Mumbai,389.21,19.0
S003033,U01835,2025-05-24T12:00:00,Android,Delhi,683.18,69.0
S003034,U01836,2025-06-25T15:31:00,iOS,Bengaluru,473.25,29.0
S003035,U01837,2025-05-31T19:50:00,Android,Mumbai,527.71,19.0
S003036,U01838,2025-06-05T16:55:00,iOS,Hyderabad,1149.33,0.0
S003037,U01839,2025-06-27T17:01:00,iOS,Bengaluru,597.09,49.0
S003038,U01839,2025-05-09T20:38:00,iOS,Bengaluru,871.52,0.0
S003039,U01840,2025-04-29T17:45:00,Android,Hyderabad,413.3,0.0
S003040,U01840,2025-01-28T17:58:00,Android,Hyderabad,743.52,19.0
S003041,U01841,2025-05-03T21:36:00,Android,Bengaluru,854.63,59.0
S003042,U01842,2025-05-10T12:06:00,Android,Bengaluru,652.94,69.0
S003043,U01842,2025-01-31T10:13:00,Android,Bengaluru,698.92,49.0
S003044,U01843,2025-01-12T15:17:00,Android,Bengaluru,601.36,19.0
S003045,U01844,2025-06-09T21:20:00,Android,Mumbai,661.83,39.0
S003046,U01844,2025-01-17T10:10:00,Android,Mumbai,739.91,69.0
S003047,U01844,2025-04-13T07:13:00,Android,Mumbai,880.01,69.0
S003048,U01844,2025-01-26T21:23:00,Android,Mumbai,1002.26,0.0
S003049,U01844,2025-04-24T21:04:00,Android,Mumbai,660.16,49.0
S003050,U01844,2025-04-02T07:11:00,Android,Mumbai,680.66,59.0
S003051,U01845,2025-03-26T09:04:00,iOS,Hyderabad,608.87,29.0
S003052,U01846,2025-03-29T10:19:00,Android,Mumbai,895.72,59.0
S003053,U01847,2025-05-07T16:36:00,Android,Hyderabad,916.96,49.0
S003054,U01848,2025-04-05T18:27:00,Android,Mumbai,747.42,59.0
S003055,U01848,2025-04-08T10:46:00,Android,Mumbai,996.31,0.0
S003056,U01848,2025-05-11T13:35:00,Android,Mumbai,889.24,19.0
S003057,U01849,2025-06-15T22:05:00,iOS,Hyderabad,585.86,29.0
S003058,U01850,2025-05-28T12:42:00,iOS,Kolkata,807.01,29.0
S003059,U01851,2025-05-03T13:40:00,Android,Delhi,704.86,19.0
S003060,U01852,2025-05-15T11:20:00,Android,Bengaluru,349.04,59.0
S003061,U01852,2025-02-09T15:24:00,Android,Bengaluru,646.44,29.0
S003062,U01852,2025-03-07T11:18:00,Android,Bengaluru,963.29,59.0
S003063,U01852,2025-03-07T13:44:00,Android,Bengaluru,1380.28,0.0
S003064,U01852,2025-02-09T08:11:00,Android,Bengaluru,848.03,49.0
S003065,U01853,2025-05-20T14:23:00,iOS,Bengaluru,492.95,49.0
S003066,U01854,2025-05-22T21:52:00,Android,Mumbai,968.76,0.0
S003067,U01855,2025-01-09T08:56:00,iOS,Mumbai,808.68,0.0
S003068,U01855,2025-02-14T11:32:00,iOS,Mumbai,739.0,49.0
S003069,U01856,2025-04-11T18:52:00,iOS,Bengaluru,844.58,29.0
S003070,U01856,2025-01-14T09:13:00,iOS,Bengaluru,939.0,59.0
S003071,U01857,2025-05-19T20:31:00,iOS,Kolkata,840.48,29.0
S003072,U01858,2025-01-09T08:58:00,Android,Kolkata,423.74,39.0
S003073,U01859,2025-02-25T10:59:00,Android,Bengaluru,1054.01,29.0
S003074,U01860,2025-02-26T18:18:00,iOS,Bengaluru,658.41,59.0
S003075,U01860,2025-05-29T09:43:00,iOS,Bengaluru,580.36,39.0
S003076,U01861,2025-03-18T20:45:00,Android,Bengaluru,798.62,29.0
S003077,U01862,2025-02-12T21:16:00,iOS,Delhi,1211.45,0.0
S003078,U01863,2025-06-04T09:10:00,Android,Hyderabad,446.42,19.0
S003079,U01864,2025-05-09T13:44:00,iOS,Mumbai,885.22,49.0
S003080,U01864,2025-02-03T08:25:00,iOS,Mumbai,786.89,19.0
S003081,U01865,2025-06-16T20:34:00,Android,Bengaluru,485.13,0.0
S003082,U01865,2025-06-24T11:22:00,Android,Bengaluru,637.03,59.0
S003083,U01866,2025-02-07T22:47:00,Android,Delhi,1362.82,19.0
S003084,U01866,2025-02-02T10:15:00,Android,Delhi,1341.44,0.0
S003085,U01867,2025-04-03T18:43:00,Android,Bengaluru,718.67,19.0
S003086,U01867,2025-05-15T07:08:00,Android,Bengaluru,544.86,49.0
S003087,U01867,2025-06-24T21:08:00,Android,Bengaluru,1143.56,0.0
S003088,U01867,2025-06-21T13:56:00,Android,Bengaluru,639.7,49.0
S003089,U01868,2025-05-25T13:47:00,Android,Delhi,817.31,19.0
S003090,U01868,2025-05-24T20:55:00,Android,Delhi,1007.64,0.0
S003091,U01869,2025-03-19T21:31:00,Android,Delhi,569.34,49.0
S003092,U01870,2025-06-08T11:03:00,iOS,Mumbai,794.11,0.0
S003093,U01870,2025-03-04T12:48:00,iOS,Mumbai,940.37,0.0
S003094,U01870,2025-06-12T13:40:00,iOS,Mumbai,522.77,0.0
S003095,U01871,2025-05-30T17:22:00,Android,Mumbai,605.67,49.0
S003096,U01872,2025-06-11T16:53:00,iOS,Kolkata,670.96,49.0
S003097,U01873,2025-02-23T11:37:00,Android,Bengaluru,416.15,49.0
S003098,U01873,2025-06-19T20:47:00,Android,Bengaluru,661.57,59.0
S003099,U01873,2025-01-19T19:54:00,Android,Bengaluru,944.33,0.0
S003100,U01873,2025-06-12T19:57:00,Android,Bengaluru,723.68,19.0
S003101,U01874,2025-06-10T12:55:00,Android,Hyderabad,1173.3,0.0
S003102,U01874,2025-03-30T21:31:00,Android,Hyderabad,1002.47,0.0
S003103,U01874,2025-01-16T17:54:00,Android,Hyderabad,583.11,39.0
S003104,U01874,2025-03-19T09:41:00,Android,Hyderabad,786.81,39.0
S003105,U01875,2025-04-26T22:27:00,iOS,Bengaluru,592.74,29.0
S003106,U01875,2025-05-05T08:28:00,iOS,Bengaluru,1343.02,29.0
S003107,U01875,2025-06-25T09:29:00,iOS,Bengaluru,710.38,49.0
S003108,U01876,2025-03-14T15:47:00,Android,Delhi,750.05,29.0
S003109,U01876,2025-04-04T20:21:00,Android,Delhi,520.08,19.0
S003110,U01877,2025-01-01T22:01:00,iOS,Kolkata,599.1,59.0
S003111,U01878,2025-04-18T08:21:00,iOS,Hyderabad,897.69,59.0
S003112,U01879,2025-02-09T19:26:00,Android,Bengaluru,457.68,39.0
S003113,U01879,2025-03-13T22:03:00,Android,Bengaluru,853.52,39.0
S003114,U01880,2025-06-19T17:15:00,iOS,Mumbai,881.84,59.0
S003115,U01881,2025-02-26T20:28:00,Android,Hyderabad,555.62,39.0
S003116,U01882,2025-04-14T18:43:00,Android,Kolkata,590.76,39.0
S003117,U01883,2025-03-05T10:32:00,Android,Mumbai,522.41,49.0
S003118,U01884,2025-05-08T19:51:00,iOS,Bengaluru,813.58,0.0
S003119,U01884,2025-01-03T14:59:00,iOS,Bengaluru,266.03,49.0
S003120,U01885,2025-02-10T16:33:00,Android,Mumbai,496.16,59.0
S003121,U01886,2025-03-22T15:16:00,Android,Bengaluru,818.1,29.0
S003122,U01887,2025-05-24T21:42:00,iOS,Bengaluru,787.47,59.0
S003123,U01888,2025-01-07T18:39:00,Android,Mumbai,1037.27,0.0
S003124,U01889,2025-03-29T13:53:00,iOS,Hyderabad,665.69,49.0
S003125,U01889,2025-05-02T19:23:00,iOS,Hyderabad,2200.58,0.0
S003126,U01889,2025-03-11T07:48:00,iOS,Hyderabad,574.9,39.0
S003127,U01890,2025-04-07T22:55:00,Android,Bengaluru,1287.6,0.0
S003128,U01890,2025-04-08T22:39:00,Android,Bengaluru,431.31,69.0
S003129,U01891,2025-06-06T10:39:00,Android,Hyderabad,355.49,29.0
S003130,U01892,2025-03-06T16:21:00,Android,Hyderabad,309.93,39.0
S003131,U01893,2025-05-15T19:30:00,Android,Hyderabad,719.21,69.0
S003132,U01894,2025-02-25T18:38:00,Android,Bengaluru,590.93,19.0
S003133,U01895,2025-01-06T19:13:00,iOS,Delhi,858.99,39.0
S003134,U01896,2025-03-21T19:10:00,iOS,Bengaluru,700.01,59.0
S003135,U01897,2025-06-09T07:18:00,Android,Bengaluru,646.4,29.0
S003136,U01897,2025-03-06T08:18:00,Android,Bengaluru,383.15,29.0
S003137,U01897,2025-05-03T19:03:00,Android,Bengaluru,717.6,39.0
S003138,U01897,2025-05-23T17:43:00,Android,Bengaluru,671.6,49.0
S003139,U01898,2025-03-16T10:51:00,Android,Delhi,519.68,39.0
S003140,U01899,2025-06-21T16:08:00,Android,Delhi,832.3,59.0
S003141,U01900,2025-03-30T16:48:00,Android,Bengaluru,709.8,59.0
S003142,U01900,2025-06-01T08:52:00,Android,Bengaluru,437.94,49.0
S003143,U01901,2025-02-27T15:48:00,Android,Bengaluru,580.03,0.0
S003144,U01901,2025-03-08T07:35:00,Android,Bengaluru,926.3,0.0
S003145,U01901,2025-03-05T11:38:00,Android,Bengaluru,735.13,19.0
S003146,U01902,2025-02-24T18:23:00,Android,Kolkata,750.03,29.0
S003147,U01902,2025-05-01T07:31:00,Android,Kolkata,1068.68,0.0
S003148,U01903,2025-05-26T11:12:00,iOS,Hyderabad,816.48,49.0
S003149,U01903,2025-05-17T12:50:00,iOS,Hyderabad,1196.65,0.0
S003150,U01904,2025-04-04T07:53:00,iOS,Delhi,545.82,39.0
S003151,U01905,2025-01-26T12:25:00,iOS,Kolkata,548.82,39.0
S003152,U01905,2025-05-23T20:53:00,iOS,Kolkata,621.03,49.0
S003153,U01906,2025-04-27T20:37:00,Android,Bengaluru,1047.1,0.0
S003154,U01907,2025-01-08T07:39:00,Android,Delhi,411.02,49.0
S003155,U01907,2025-02-26T18:33:00,Android,Delhi,261.21,59.0
S003156,U01908,2025-02-10T14:42:00,Android,Hyderabad,556.15,19.0
S003157,U01909,2025-03-02T07:31:00,Android,Delhi,493.51,59.0
S003158,U01910,2025-06-23T16:15:00,Android,Bengaluru,1826.09,0.0
S003159,U01911,2025-03-30T17:47:00,iOS,Delhi,1287.85,19.0
S003160,U01912,2025-06-20T20:16:00,Android,Mumbai,730.21,19.0
S003161,U01913,2025-04-18T21:49:00,Android,Mumbai,426.53,29.0
S003162,U01913,2025-01-22T09:56:00,Android,Mumbai,392.95,49.0
S003163,U01914,2025-01-13T18:42:00,Android,Delhi,643.78,39.0
S003164,U01915,2025-04-05T18:06:00,iOS,Delhi,484.49,39.0
S003165,U01916,2025-04-11T09:58:00,Android,Delhi,695.26,29.0
S003166,U01917,2025-05-31T19:04:00,iOS,Mumbai,385.77,29.0
S003167,U01918,2025-02-25T12:16:00,Android,Bengaluru,782.4,59.0
S003168,U01918,2025-02-16T09:28:00,Android,Bengaluru,1619.57,0.0
S003169,U01919,2025-06-27T13:43:00,Android,Kolkata,1227.3,0.0
S003170,U01919,2025-03-08T15:36:00,Android,Kolkata,391.81,49.0
S003171,U01919,2025-04-10T14:41:00,Android,Kolkata,821.05,39.0
S003172,U01920,2025-02-15T19:08:00,iOS,Hyderabad,841.24,29.0
S003173,U01920,2025-02-25T21:36:00,iOS,Hyderabad,633.59,19.0
S003174,U01920,2025-04-27T10:12:00,iOS,Hyderabad,764.4,49.0
S003175,U01920,2025-02-28T21:26:00,iOS,Hyderabad,587.99,59.0
S003176,U01921,2025-01-17T12:54:00,Android,Delhi,767.04,39.0
S003177,U01921,2025-06-20T14:02:00,Android,Delhi,569.46,49.0
S003178,U01922,2025-02-18T22:49:00,iOS,Hyderabad,477.31,0.0
S003179,U01923,2025-03-11T13:28:00,Android,Bengaluru,520.29,39.0
S003180,U01923,2025-02-11T08:26:00,Android,Bengaluru,434.95,49.0
S003181,U01924,2025-05-31T22:36:00,Android,Delhi,927.34,0.0
S003182,U01925,2025-05-21T12:39:00,Android,Delhi,445.98,29.0
S003183,U01926,2025-06-03T07:42:00,iOS,Delhi,1123.96,69.0
S003184,U01927,2025-05-27T22:57:00,iOS,Hyderabad,928.58,59.0
S003185,U01928,2025-01-24T15:38:00,Android,Kolkata,510.21,39.0
S003186,U01928,2025-03-22T07:16:00,Android,Kolkata,639.24,0.0
S003187,U01929,2025-01-04T16:28:00,Android,Delhi,510.45,0.0
S003188,U01929,2025-01-31T20:02:00,Android,Delhi,570.05,59.0
S003189,U01929,2025-04-15T20:05:00,Android,Delhi,400.79,19.0
S003190,U01930,2025-03-12T08:31:00,Android,Delhi,395.79,59.0
S003191,U01931,2025-05-10T22:37:00,Android,Mumbai,554.11,69.0
S003192,U01931,2025-06-19T08:37:00,Android,Mumbai,572.55,39.0
S003193,U01931,2025-02-26T08:51:00,Android,Mumbai,1169.31,0.0
S003194,U01932,2025-05-03T10:47:00,Android,Delhi,476.82,29.0
S003195,U01933,2025-03-08T16:47:00,Android,Bengaluru,1081.21,0.0
S003196,U01933,2025-01-06T11:48:00,Android,Bengaluru,636.57,59.0
S003197,U01934,2025-01-11T19:41:00,iOS,Kolkata,975.48,0.0
S003198,U01934,2025-04-07T19:33:00,iOS,Kolkata,934.32,0.0
S003199,U01935,2025-04-18T14:16:00,Android,Hyderabad,807.09,19.0
S003200,U01936,2025-02-03T10:39:00,Android,Kolkata,772.38,59.0
S003201,U01937,2025-03-11T14:17:00,iOS,Bengaluru,580.31,0.0
S003202,U01937,2025-05-10T07:23:00,iOS,Bengaluru,713.25,59.0
S003203,U01937,2025-06-18T17:34:00,iOS,Bengaluru,869.47,39.0
S003204,U01938,2025-05-09T16:26:00,Android,Bengaluru,781.08,39.0
S003205,U01939,2025-06-28T12:49:00,iOS,Delhi,653.48,29.0
S003206,U01939,2025-01-01T22:39:00,iOS,Delhi,764.47,49.0
S003207,U01940,2025-03-05T14:12:00,Android,Kolkata,639.61,49.0
S003208,U01940,2025-03-18T09:20:00,Android,Kolkata,520.44,49.0
S003209,U01940,2025-06-01T17:49:00,Android,Kolkata,864.85,59.0
S003210,U01941,2025-01-10T08:08:00,Android,Bengaluru,1442.98,0.0
S003211,U01942,2025-02-12T22:23:00,Android,Bengaluru,689.57,19.0
S003212,U01942,2025-06-22T14:07:00,Android,Bengaluru,593.82,59.0
S003213,U01943,2025-03-03T13:24:00,Android,Bengaluru,421.38,49.0
S003214,U01943,2025-02-06T07:00:00,Android,Bengaluru,512.59,29.0
S003215,U01944,2025-06-12T09:11:00,Android,Hyderabad,833.7,19.0
S003216,U01944,2025-01-22T16:19:00,Android,Hyderabad,908.9,19.0
S003217,U01945,2025-02-26T16:55:00,Android,Hyderabad,1417.2,0.0
S003218,U01945,2025-03-30T16:04:00,Android,Hyderabad,850.27,29.0
S003219,U01946,2025-04-23T14:34:00,Android,Hyderabad,1536.48,0.0
S003220,U01946,2025-05-15T11:55:00,Android,Hyderabad,954.09,0.0
S003221,U01947,2025-01-25T12:21:00,Android,Bengaluru,1224.3,39.0
S003222,U01948,2025-02-21T10:00:00,Android,Hyderabad,674.05,39.0
S003223,U01949,2025-03-13T12:53:00,Android,Delhi,954.2,0.0
S003224,U01950,2025-05-06T08:12:00,iOS,Bengaluru,798.25,49.0
S003225,U01950,2025-01-24T07:49:00,iOS,Bengaluru,920.81,0.0
S003226,U01951,2025-03-18T18:50:00,Android,Delhi,495.33,49.0
S003227,U01952,2025-05-01T10:36:00,Android,Mumbai,256.3,39.0
S003228,U01953,2025-06-30T16:53:00,Android,Delhi,1332.57,39.0
S003229,U01953,2025-02-06T17:58:00,Android,Delhi,1231.3,29.0
S003230,U01953,2025-01-02T10:38:00,Android,Delhi,416.52,29.0
S003231,U01953,2025-02-23T20:05:00,Android,Delhi,1229.27,0.0
S003232,U01954,2025-06-02T13:58:00,Android,Kolkata,589.68,69.0
S003233,U01954,2025-04-14T20:44:00,Android,Kolkata,917.97,0.0
S003234,U01954,2025-04-06T16:39:00,Android,Kolkata,566.52,49.0
S003235,U01954,2025-04-10T10:10:00,Android,Kolkata,542.24,39.0
S003236,U01954,2025-02-26T08:08:00,Android,Kolkata,1005.01,69.0
S003237,U01955,2025-05-02T14:18:00,Android,Delhi,397.49,19.0
S003238,U01955,2025-06-02T10:10:00,Android,Delhi,1080.56,19.0
S003239,U01956,2025-03-24T10:10:00,iOS,Delhi,859.35,19.0
S003240,U01956,2025-04-14T07:37:00,iOS,Delhi,581.55,29.0
S003241,U01957,2025-04-03T16:53:00,Android,Mumbai,717.91,39.0
S003242,U01957,2025-02-11T18:20:00,Android,Mumbai,838.46,69.0
S003243,U01958,2025-05-20T21:13:00,Android,Mumbai,750.44,29.0
S003244,U01959,2025-03-18T20:35:00,Android,Bengaluru,581.43,69.0
S003245,U01959,2025-04-16T17:24:00,Android,Bengaluru,883.61,29.0
S003246,U01959,2025-03-07T07:33:00,Android,Bengaluru,600.85,19.0
S003247,U01959,2025-03-04T08:12:00,Android,Bengaluru,1460.33,0.0
S003248,U01960,2025-04-07T12:38:00,Android,Mumbai,498.84,49.0
S003249,U01960,2025-05-11T22:31:00,Android,Mumbai,678.36,49.0
S003250,U01961,2025-06-24T19:15:00,iOS,Bengaluru,833.61,59.0
S003251,U01962,2025-03-06T07:09:00,Android,Delhi,847.33,0.0
S003252,U01963,2025-04-10T16:24:00,Android,Hyderabad,931.18,0.0
S003253,U01963,2025-02-15T12:35:00,Android,Hyderabad,670.15,39.0
S003254,U01964,2025-03-01T20:48:00,iOS,Mumbai,956.56,49.0
S003255,U01964,2025-04-23T11:23:00,iOS,Mumbai,651.88,69.0
S003256,U01965,2025-01-24T12:42:00,Android,Delhi,830.83,59.0
S003257,U01965,2025-05-13T19:03:00,Android,Delhi,956.39,0.0
S003258,U01965,2025-04-24T18:35:00,Android,Delhi,811.44,19.0
S003259,U01965,2025-04-14T10:20:00,Android,Delhi,669.0,39.0
S003260,U01966,2025-05-15T10:08:00,iOS,Bengaluru,925.44,0.0
S003261,U01967,2025-04-19T22:38:00,Android,Mumbai,346.77,0.0
S003262,U01967,2025-06-27T15:57:00,Android,Mumbai,750.6,49.0
S003263,U01968,2025-02-20T14:21:00,Android,Delhi,711.53,39.0
S003264,U01969,2025-04-09T22:19:00,Android,Kolkata,339.24,29.0
S003265,U01970,2025-01-26T16:53:00,Android,Mumbai,358.09,69.0
S003266,U01970,2025-02-24T11:01:00,Android,Mumbai,1138.85,0.0
S003267,U01971,2025-05-06T19:33:00,Android,Kolkata,890.08,0.0
S003268,U01972,2025-01-19T22:11:00,Android,Delhi,510.47,39.0
S003269,U01973,2025-01-21T15:32:00,Android,Hyderabad,481.79,59.0
S003270,U01974,2025-03-31T15:54:00,Android,Bengaluru,316.61,39.0
S003271,U01975,2025-02-13T12:56:00,Android,Delhi,1149.78,0.0
S003272,U01976,2025-05-12T22:31:00,Android,Bengaluru,634.73,0.0
S003273,U01977,2025-01-22T07:36:00,Android,Bengaluru,747.84,29.0
S003274,U01978,2025-06-28T22:51:00,iOS,Kolkata,1396.85,0.0
S003275,U01979,2025-01-28T20:43:00,Android,Hyderabad,523.34,49.0
S003276,U01979,2025-06-23T14:29:00,Android,Hyderabad,331.61,39.0
S003277,U01979,2025-01-02T13:55:00,Android,Hyderabad,351.93,29.0
S003278,U01980,2025-02-23T12:04:00,iOS,Mumbai,767.45,29.0
S003279,U01980,2025-02-10T20:44:00,iOS,Mumbai,727.26,49.0
S003280,U01980,2025-05-29T22:17:00,iOS,Mumbai,599.88,69.0
S003281,U01981,2025-05-15T11:42:00,Android,Mumbai,1538.32,0.0
S003282,U01981,2025-06-22T11:08:00,Android,Mumbai,584.05,0.0
S003283,U01982,2025-05-28T19:22:00,Android,Mumbai,751.11,29.0
S003284,U01982,2025-03-01T10:43:00,Android,Mumbai,472.47,59.0
S003285,U01983,2025-02-04T15:50:00,Android,Mumbai,750.44,29.0
S003286,U01983,2025-03-10T07:37:00,Android,Mumbai,428.44,29.0
S003287,U01984,2025-01-22T15:02:00,Android,Hyderabad,681.44,29.0
S003288,U01984,2025-06-21T15:02:00,Android,Hyderabad,551.24,49.0
S003289,U01985,2025-05-12T15:57:00,Android,Mumbai,940.02,0.0
S003290,U01985,2025-02-20T19:33:00,Android,Mumbai,537.19,59.0
S003291,U01986,2025-06-18T16:08:00,Android,Hyderabad,982.59,29.0
S003292,U01986,2025-05-08T13:37:00,Android,Hyderabad,605.09,39.0
S003293,U01987,2025-01-15T14:10:00,iOS,Delhi,640.31,39.0
S003294,U01988,2025-05-19T17:34:00,Android,Kolkata,639.32,59.0
S003295,U01989,2025-01-31T19:03:00,Android,Bengaluru,785.92,39.0
S003296,U01989,2025-03-06T20:05:00,Android,Bengaluru,912.16,0.0
S003297,U01989,2025-04-11T17:35:00,Android,Bengaluru,846.28,49.0
S003298,U01989,2025-05-27T16:44:00,Android,Bengaluru,453.38,39.0
S003299,U01989,2025-06-30T19:42:00,Android,Bengaluru,947.62,0.0
S003300,U01989,2025-04-10T13:05:00,Android,Bengaluru,976.86,0.0
S003301,U01990,2025-04-26T15:55:00,Android,Delhi,877.77,29.0
S003302,U01990,2025-01-10T12:30:00,Android,Delhi,771.29,29.0
S003303,U01991,2025-05-01T16:32:00,Android,Kolkata,520.12,19.0
S003304,U01992,2025-01-09T18:38:00,iOS,Bengaluru,1219.41,0.0
S003305,U01992,2025-03-16T15:33:00,iOS,Bengaluru,1020.22,0.0
S003306,U01992,2025-02-10T08:47:00,iOS,Bengaluru,1132.25,0.0
S003307,U01993,2025-03-01T14:42:00,Android,Bengaluru,925.55,0.0
S003308,U01994,2025-05-29T22:38:00,Android,Delhi,636.59,69.0
S003309,U01995,2025-04-10T14:25:00,Android,Delhi,690.17,0.0
S003310,U01996,2025-04-17T14:02:00,Android,Kolkata,472.25,29.0
S003311,U01996,2025-02-26T13:22:00,Android,Kolkata,1402.37,0.0
S003312,U01996,2025-02-22T10:44:00,Android,Kolkata,913.19,0.0
S003313,U01997,2025-06-23T19:24:00,iOS,Hyderabad,807.31,19.0
S003314,U01998,2025-06-16T16:53:00,Android,Delhi,724.14,29.0
S003315,U01999,2025-04-25T18:37:00,iOS,Kolkata,585.38,49.0
S003316,U01999,2025-04-01T13:41:00,iOS,Kolkata,650.9,0.0
S003317,U02000,2025-02-16T07:39:00,Android,Mumbai,598.44,39.0
S003318,U02001,2025-03-11T20:44:00,Android,Kolkata,1246.95,0.0
S003319,U02001,2025-04-05T20:46:00,Android,Kolkata,732.07,49.0
S003320,U02002,2025-06-09T22:40:00,Android,Bengaluru,988.91,0.0
S003321,U02003,2025-06-07T07:20:00,Android,Mumbai,746.0,39.0
S003322,U02003,2025-06-14T16:37:00,Android,Mumbai,758.84,19.0
S003323,U02004,2025-02-28T08:36:00,Android,Bengaluru,1345.32,0.0
S003324,U02005,2025-06-03T14:18:00,Android,Bengaluru,332.22,0.0
S003325,U02005,2025-01-14T17:21:00,Android,Bengaluru,567.46,49.0
S003326,U02006,2025-01-25T18:14:00,iOS,Hyderabad,616.44,69.0
S003327,U02006,2025-01-06T18:47:00,iOS,Hyderabad,605.72,49.0
S003328,U02007,2025-05-06T10:19:00,iOS,Bengaluru,1841.98,29.0
S003329,U02008,2025-03-30T14:38:00,Android,Mumbai,1229.32,0.0
S003330,U02009,2025-05-20T22:11:00,Android,Hyderabad,714.18,39.0
S003331,U02009,2025-04-21T19:26:00,Android,Hyderabad,600.8,39.0
S003332,U02010,2025-03-17T14:47:00,Android,Bengaluru,1584.85,29.0
S003333,U02010,2025-02-21T11:26:00,Android,Bengaluru,918.91,49.0
S003334,U02011,2025-06-14T11:47:00,Android,Delhi,279.94,49.0
S003335,U02012,2025-01-31T17:41:00,Android,Hyderabad,539.71,59.0
S003336,U02013,2025-04-05T17:50:00,Android,Kolkata,573.57,19.0
S003337,U02014,2025-06-01T22:49:00,Android,Delhi,1065.11,0.0
S003338,U02014,2025-01-28T21:38:00,Android,Delhi,1129.49,0.0
S003339,U02015,2025-02-17T13:32:00,Android,Kolkata,544.22,49.0
S003340,U02016,2025-03-24T22:58:00,Android,Hyderabad,603.07,69.0
S003341,U02017,2025-06-23T13:11:00,Android,Mumbai,1357.92,0.0
S003342,U02018,2025-02-18T19:54:00,Android,Delhi,550.53,39.0
S003343,U02019,2025-03-24T09:10:00,Android,Hyderabad,1043.14,39.0
S003344,U02020,2025-02-02T11:04:00,iOS,Hyderabad,446.46,0.0
S003345,U02020,2025-04-26T15:32:00,iOS,Hyderabad,521.82,49.0
S003346,U02021,2025-04-08T13:10:00,Android,Delhi,631.89,39.0
S003347,U02021,2025-02-12T22:20:00,Android,Delhi,705.39,69.0
S003348,U02022,2025-04-16T20:16:00,iOS,Kolkata,585.83,19.0
S003349,U02023,2025-03-21T18:02:00,iOS,Kolkata,1147.63,0.0
S003350,U02024,2025-05-16T19:03:00,Android,Mumbai,875.92,29.0
S003351,U02025,2025-04-12T08:32:00,iOS,Hyderabad,766.76,39.0
S003352,U02026,2025-02-14T10:48:00,iOS,Mumbai,628.1,49.0
S003353,U02027,2025-03-14T17:33:00,iOS,Hyderabad,1261.54,0.0
S003354,U02027,2025-01-24T16:53:00,iOS,Hyderabad,504.38,39.0
S003355,U02028,2025-04-02T08:19:00,iOS,Hyderabad,484.39,39.0
S003356,U02029,2025-02-09T22:42:00,Android,Bengaluru,1189.22,49.0
S003357,U02030,2025-05-24T08:24:00,Android,Bengaluru,744.95,69.0
S003358,U02030,2025-02-14T19:50:00,Android,Bengaluru,902.47,0.0
S003359,U02031,2025-02-08T07:23:00,iOS,Delhi,664.74,39.0
S003360,U02032,2025-06-20T07:11:00,iOS,Kolkata,1184.48,0.0
S003361,U02032,2025-05-29T16:16:00,iOS,Kolkata,638.05,19.0
S003362,U02033,2025-01-05T20:12:00,Android,Delhi,1234.97,0.0
S003363,U02034,2025-04-27T10:29:00,Android,Kolkata,406.34,39.0
S003364,U02034,2025-03-03T22:42:00,Android,Kolkata,510.91,39.0
S003365,U02035,2025-01-17T14:45:00,Android,Delhi,510.0,29.0
S003366,U02036,2025-03-09T15:57:00,iOS,Delhi,1286.67,0.0
S003367,U02036,2025-01-30T11:06:00,iOS,Delhi,665.62,0.0
S003368,U02036,2025-02-20T14:00:00,iOS,Delhi,558.33,49.0
S003369,U02036,2025-06-19T16:30:00,iOS,Delhi,1171.35,19.0
S003370,U02036,2025-01-21T12:03:00,iOS,Delhi,923.35,39.0
S003371,U02037,2025-05-15T14:20:00,Android,Kolkata,517.83,19.0
S003372,U02038,2025-01-23T15:11:00,Android,Mumbai,684.49,29.0
S003373,U02038,2025-03-24T12:55:00,Android,Mumbai,515.15,0.0
S003374,U02039,2025-03-10T16:08:00,Android,Delhi,585.11,19.0
S003375,U02039,2025-02-12T11:34:00,Android,Delhi,1905.81,0.0
S003376,U02040,2025-01-02T12:19:00,Android,Bengaluru,780.92,59.0
S003377,U02040,2025-06-19T16:50:00,Android,Bengaluru,424.84,39.0
S003378,U02041,2025-05-22T19:14:00,iOS,Bengaluru,320.44,69.0
S003379,U02042,2025-02-24T12:41:00,Android,Bengaluru,526.61,69.0
S003380,U02043,2025-02-08T12:12:00,Android,Delhi,1125.96,49.0
S003381,U02044,2025-03-17T12:14:00,Android,Mumbai,598.17,49.0
S003382,U02045,2025-06-23T17:39:00,iOS,Delhi,956.11,0.0
S003383,U02045,2025-04-15T17:36:00,iOS,Delhi,1266.68,0.0
S003384,U02045,2025-04-19T07:50:00,iOS,Delhi,1570.48,0.0
S003385,U02045,2025-04-30T22:46:00,iOS,Delhi,1134.88,29.0
S003386,U02046,2025-06-12T09:01:00,Android,Bengaluru,1371.67,59.0
S003387,U02046,2025-04-24T21:47:00,Android,Bengaluru,393.1,0.0
S003388,U02046,2025-04-17T07:18:00,Android,Bengaluru,770.03,39.0
S003389,U02046,2025-01-19T11:38:00,Android,Bengaluru,456.97,0.0
S003390,U02047,2025-03-01T08:38:00,Android,Delhi,479.87,29.0
S003391,U02048,2025-01-20T17:47:00,Android,Delhi,502.57,0.0
S003392,U02048,2025-05-18T14:10:00,Android,Delhi,476.56,39.0
S003393,U02049,2025-04-02T10:18:00,iOS,Kolkata,1028.42,0.0
S003394,U02050,2025-04-15T19:16:00,iOS,Delhi,510.32,19.0
S003395,U02050,2025-01-26T19:43:00,iOS,Delhi,792.65,49.0
S003396,U02051,2025-01-11T07:05:00,Android,Bengaluru,808.14,29.0
S003397,U02052,2025-04-09T11:33:00,Android,Mumbai,453.65,59.0
S003398,U02052,2025-04-01T18:32:00,Android,Mumbai,353.67,29.0
S003399,U02053,2025-05-23T07:52:00,iOS,Kolkata,764.64,49.0
S003400,U02054,2025-02-06T17:15:00,Android,Hyderabad,454.63,29.0
S003401,U02054,2025-02-04T14:28:00,Android,Hyderabad,401.01,39.0
S003402,U02054,2025-06-23T18:16:00,Android,Hyderabad,680.82,39.0
S003403,U02054,2025-03-02T22:43:00,Android,Hyderabad,1166.05,0.0
S003404,U02054,2025-03-12T09:50:00,Android,Hyderabad,1046.19,0.0
S003405,U02055,2025-05-11T14:38:00,Android,Hyderabad,1157.38,0.0
S003406,U02055,2025-02-23T07:06:00,Android,Hyderabad,424.13,49.0
S003407,U02056,2025-05-24T20:56:00,iOS,Kolkata,1901.84,0.0
S003408,U02057,2025-05-11T15:08:00,iOS,Mumbai,592.33,29.0
S003409,U02057,2025-04-29T18:44:00,iOS,Mumbai,959.31,0.0
S003410,U02058,2025-05-31T11:16:00,iOS,Kolkata,850.15,49.0
S003411,U02059,2025-01-17T14:19:00,iOS,Bengaluru,1079.86,0.0
S003412,U02060,2025-06-19T14:55:00,Android,Hyderabad,907.78,0.0
S003413,U02061,2025-04-16T13:11:00,Android,Hyderabad,420.66,49.0
S003414,U02062,2025-06-09T10:09:00,Android,Kolkata,1098.14,29.0
S003415,U02062,2025-03-05T19:57:00,Android,Kolkata,864.35,49.0
S003416,U02063,2025-03-23T10:02:00,Android,Delhi,1018.64,0.0
S003417,U02063,2025-05-02T15:00:00,Android,Delhi,555.53,29.0
S003418,U02064,2025-06-05T19:30:00,Android,Hyderabad,1013.59,0.0
S003419,U02064,2025-02-27T20:13:00,Android,Hyderabad,1025.86,0.0
S003420,U02064,2025-06-23T19:33:00,Android,Hyderabad,921.82,39.0
S003421,U02065,2025-05-01T15:35:00,Android,Bengaluru,586.27,69.0
S003422,U02066,2025-05-04T13:39:00,iOS,Mumbai,483.31,49.0
S003423,U02066,2025-01-06T18:30:00,iOS,Mumbai,1312.16,49.0
S003424,U02066,2025-01-25T22:18:00,iOS,Mumbai,841.76,0.0
S003425,U02067,2025-02-14T22:46:00,Android,Delhi,244.66,39.0
S003426,U02068,2025-02-27T18:56:00,iOS,Mumbai,691.6,19.0
S003427,U02068,2025-01-24T10:26:00,iOS,Mumbai,560.61,49.0
S003428,U02068,2025-05-11T21:54:00,iOS,Mumbai,774.71,39.0
S003429,U02069,2025-05-26T16:18:00,Android,Mumbai,897.1,49.0
S003430,U02070,2025-01-24T13:34:00,Android,Delhi,559.61,39.0
S003431,U02071,2025-03-21T22:09:00,Android,Bengaluru,457.88,49.0
S003432,U02071,2025-05-10T10:53:00,Android,Bengaluru,477.0,69.0
S003433,U02071,2025-03-16T11:38:00,Android,Bengaluru,965.07,49.0
S003434,U02072,2025-01-21T19:12:00,Android,Delhi,925.25,0.0
S003435,U02072,2025-05-27T20:39:00,Android,Delhi,884.86,39.0
S003436,U02072,2025-01-29T19:34:00,Android,Delhi,501.38,29.0
S003437,U02073,2025-04-10T22:12:00,Android,Mumbai,1109.4,0.0
S003438,U02074,2025-01-16T18:30:00,Android,Mumbai,711.23,0.0
S003439,U02075,2025-05-19T17:53:00,Android,Hyderabad,692.43,39.0
S003440,U02076,2025-05-20T22:17:00,Android,Bengaluru,487.16,59.0
S003441,U02077,2025-01-18T13:13:00,Android,Hyderabad,1478.77,0.0
S003442,U02077,2025-02-28T14:42:00,Android,Hyderabad,615.35,49.0
S003443,U02077,2025-03-24T12:41:00,Android,Hyderabad,825.97,39.0
S003444,U02078,2025-02-19T18:51:00,Android,Hyderabad,1096.65,49.0
S003445,U02079,2025-03-28T21:32:00,Android,Bengaluru,912.7,49.0
S003446,U02080,2025-03-24T16:36:00,Android,Delhi,589.61,69.0
S003447,U02081,2025-04-19T12:04:00,Android,Delhi,630.85,19.0
S003448,U02082,2025-02-25T12:29:00,Android,Delhi,871.8,39.0
S003449,U02083,2025-06-14T13:19:00,Android,Bengaluru,664.48,39.0
S003450,U02084,2025-01-25T07:16:00,iOS,Bengaluru,478.16,19.0
S003451,U02085,2025-04-18T15:50:00,iOS,Bengaluru,1167.59,0.0
S003452,U02085,2025-05-30T11:51:00,iOS,Bengaluru,1193.67,59.0
S003453,U02086,2025-05-11T12:18:00,Android,Bengaluru,1525.05,0.0
S003454,U02087,2025-01-10T20:33:00,Android,Delhi,488.8,29.0
S003455,U02088,2025-02-13T14:35:00,Android,Hyderabad,1090.79,39.0
S003456,U02088,2025-04-04T08:20:00,Android,Hyderabad,642.77,59.0
S003457,U02089,2025-06-05T20:04:00,Android,Mumbai,1056.68,19.0
S003458,U02089,2025-06-01T14:32:00,Android,Mumbai,1575.05,0.0
S003459,U02090,2025-02-15T20:44:00,Android,Delhi,581.48,19.0
S003460,U02090,2025-03-06T15:51:00,Android,Delhi,692.6,59.0
S003461,U02091,2025-04-14T20:00:00,Android,Mumbai,388.83,49.0
S003462,U02092,2025-04-28T08:17:00,iOS,Mumbai,610.23,0.0
S003463,U02092,2025-03-02T16:37:00,iOS,Mumbai,1107.61,0.0
S003464,U02093,2025-01-08T17:12:00,Android,Bengaluru,1119.78,0.0
S003465,U02094,2025-05-22T17:20:00,Android,Bengaluru,293.8,59.0
S003466,U02095,2025-03-14T20:29:00,iOS,Bengaluru,765.35,29.0
S003467,U02096,2025-03-25T17:04:00,Android,Mumbai,803.44,59.0
S003468,U02096,2025-06-10T20:54:00,Android,Mumbai,528.84,59.0
S003469,U02097,2025-04-28T22:24:00,Android,Delhi,400.15,19.0
S003470,U02098,2025-02-15T20:44:00,Android,Delhi,598.42,19.0
S003471,U02099,2025-06-02T12:47:00,Android,Mumbai,660.66,69.0
S003472,U02100,2025-05-17T12:26:00,iOS,Kolkata,512.31,29.0
S003473,U02101,2025-01-02T12:49:00,Android,Delhi,947.48,0.0
S003474,U02102,2025-05-12T10:26:00,Android,Mumbai,1046.77,0.0
S003475,U02103,2025-04-08T17:46:00,Android,Mumbai,675.85,69.0
S003476,U02103,2025-04-12T15:34:00,Android,Mumbai,1188.86,0.0
S003477,U02103,2025-01-10T09:07:00,Android,Mumbai,833.4,29.0
S003478,U02104,2025-03-01T09:26:00,Android,Hyderabad,621.75,49.0
S003479,U02105,2025-01-07T14:10:00,Android,Hyderabad,1115.7,0.0
S003480,U02105,2025-03-10T10:46:00,Android,Hyderabad,659.32,49.0
S003481,U02105,2025-01-10T12:14:00,Android,Hyderabad,497.96,49.0
S003482,U02106,2025-02-10T18:44:00,Android,Hyderabad,483.07,29.0
S003483,U02107,2025-04-11T07:22:00,Android,Bengaluru,680.88,29.0
S003484,U02107,2025-06-01T17:16:00,Android,Bengaluru,675.21,0.0
S003485,U02108,2025-02-10T15:11:00,Android,Delhi,1005.15,0.0
S003486,U02108,2025-02-28T22:41:00,Android,Delhi,783.84,39.0
S003487,U02108,2025-05-19T16:23:00,Android,Delhi,849.86,39.0
S003488,U02109,2025-03-28T19:11:00,iOS,Hyderabad,1632.53,59.0
S003489,U02110,2025-03-24T12:41:00,iOS,Delhi,536.22,29.0
S003490,U02110,2025-05-27T22:56:00,iOS,Delhi,677.37,39.0
S003491,U02111,2025-04-27T11:34:00,iOS,Kolkata,1030.57,39.0
S003492,U02112,2025-02-15T11:07:00,Android,Delhi,470.48,19.0
S003493,U02113,2025-05-09T16:59:00,iOS,Mumbai,916.64,29.0
S003494,U02113,2025-02-17T12:10:00,iOS,Mumbai,921.42,0.0
S003495,U02114,2025-05-10T14:53:00,iOS,Delhi,640.46,59.0
S003496,U02114,2025-01-31T15:16:00,iOS,Delhi,663.04,0.0
S003497,U02115,2025-04-18T13:50:00,Android,Delhi,952.49,49.0
S003498,U02115,2025-04-11T15:08:00,Android,Delhi,1001.1,0.0
S003499,U02116,2025-06-12T09:55:00,Android,Hyderabad,452.11,39.0
S003500,U02117,2025-02-28T22:54:00,Android,Bengaluru,777.97,49.0
S003501,U02118,2025-03-04T10:02:00,iOS,Mumbai,421.01,39.0
S003502,U02118,2025-05-07T11:56:00,iOS,Mumbai,1036.78,0.0
S003503,U02119,2025-06-28T22:51:00,iOS,Mumbai,597.13,0.0
S003504,U02119,2025-03-05T09:28:00,iOS,Mumbai,644.01,69.0
S003505,U02119,2025-05-23T14:39:00,iOS,Mumbai,353.68,29.0
S003506,U02120,2025-03-17T21:46:00,iOS,Hyderabad,317.42,0.0
S003507,U02121,2025-02-01T16:56:00,Android,Mumbai,623.31,39.0
S003508,U02121,2025-02-19T07:19:00,Android,Mumbai,583.26,0.0
S003509,U02122,2025-02-14T21:07:00,iOS,Kolkata,469.49,19.0
S003510,U02123,2025-01-02T11:06:00,Android,Kolkata,1192.23,0.0
S003511,U02124,2025-06-09T13:52:00,Android,Delhi,555.4,49.0
S003512,U02125,2025-03-25T18:24:00,Android,Hyderabad,535.51,19.0
S003513,U02125,2025-03-13T16:15:00,Android,Hyderabad,847.03,29.0
S003514,U02126,2025-06-26T09:37:00,iOS,Kolkata,1124.01,59.0
S003515,U02127,2025-01-20T16:20:00,iOS,Bengaluru,1496.03,29.0
S003516,U02128,2025-04-13T22:48:00,Android,Mumbai,478.1,49.0
S003517,U02129,2025-05-21T18:11:00,Android,Delhi,808.09,39.0
S003518,U02130,2025-03-17T21:20:00,Android,Mumbai,640.86,39.0
S003519,U02130,2025-02-07T19:20:00,Android,Mumbai,1211.97,59.0
S003520,U02131,2025-06-25T17:49:00,Android,Bengaluru,1011.35,0.0
S003521,U02132,2025-05-10T16:05:00,iOS,Hyderabad,1700.48,0.0
S003522,U02132,2025-01-08T19:31:00,iOS,Hyderabad,1035.56,0.0
S003523,U02133,2025-04-05T22:02:00,Android,Delhi,933.44,0.0
S003524,U02133,2025-01-03T11:54:00,Android,Delhi,555.43,0.0
S003525,U02133,2025-04-22T07:03:00,Android,Delhi,1378.46,0.0
S003526,U02134,2025-03-07T07:18:00,Android,Mumbai,552.47,49.0
S003527,U02134,2025-03-25T13:33:00,Android,Mumbai,550.34,39.0
S003528,U02135,2025-05-03T09:24:00,Android,Bengaluru,517.67,59.0
S003529,U02135,2025-03-22T07:55:00,Android,Bengaluru,633.01,49.0
S003530,U02136,2025-04-21T11:32:00,Android,Hyderabad,577.14,29.0
S003531,U02136,2025-06-21T16:35:00,Android,Hyderabad,693.28,39.0
S003532,U02137,2025-05-21T19:47:00,iOS,Mumbai,225.41,19.0
S003533,U02137,2025-04-13T17:43:00,iOS,Mumbai,716.23,19.0
S003534,U02137,2025-04-03T12:23:00,iOS,Mumbai,662.55,39.0
S003535,U02138,2025-04-21T09:26:00,Android,Mumbai,853.9,49.0
S003536,U02138,2025-02-19T08:19:00,Android,Mumbai,463.13,69.0
S003537,U02138,2025-03-03T17:26:00,Android,Mumbai,1043.84,0.0
S003538,U02139,2025-03-07T09:04:00,Android,Delhi,631.95,39.0
S003539,U02139,2025-05-27T15:42:00,Android,Delhi,1114.24,0.0
S003540,U02140,2025-02-09T13:53:00,iOS,Bengaluru,948.01,0.0
S003541,U02140,2025-05-30T20:43:00,iOS,Bengaluru,1053.88,0.0
S003542,U02140,2025-05-12T22:57:00,iOS,Bengaluru,640.43,29.0
S003543,U02140,2025-03-28T07:45:00,iOS,Bengaluru,955.92,0.0
S003544,U02141,2025-03-14T12:53:00,Android,Delhi,710.44,29.0
S003545,U02141,2025-03-25T09:48:00,Android,Delhi,642.84,39.0
S003546,U02142,2025-05-08T20:34:00,Android,Kolkata,523.92,29.0
S003547,U02142,2025-02-22T09:19:00,Android,Kolkata,603.19,19.0
S003548,U02143,2025-04-15T21:05:00,Android,Bengaluru,904.4,0.0
S003549,U02143,2025-05-08T14:34:00,Android,Bengaluru,796.16,59.0
S003550,U02144,2025-05-31T21:03:00,iOS,Mumbai,511.71,19.0
S003551,U02144,2025-05-08T11:31:00,iOS,Mumbai,729.79,0.0
S003552,U02144,2025-05-29T22:16:00,iOS,Mumbai,710.8,49.0
S003553,U02145,2025-04-27T10:37:00,Android,Bengaluru,1363.79,0.0
S003554,U02146,2025-06-23T20:11:00,Android,Hyderabad,1095.1,0.0
S003555,U02147,2025-02-19T13:45:00,Android,Bengaluru,808.53,49.0
S003556,U02147,2025-03-13T07:12:00,Android,Bengaluru,710.78,19.0
S003557,U02148,2025-04-25T10:21:00,Android,Delhi,826.61,49.0
S003558,U02149,2025-03-18T08:37:00,Android,Delhi,554.9,59.0
S003559,U02149,2025-05-07T18:23:00,Android,Delhi,823.18,29.0
S003560,U02150,2025-03-09T20:53:00,Android,Bengaluru,723.57,0.0
S003561,U02151,2025-01-17T18:49:00,Android,Delhi,627.39,39.0
S003562,U02151,2025-03-24T20:18:00,Android,Delhi,1030.26,49.0
S003563,U02152,2025-06-26T11:00:00,Android,Delhi,660.19,69.0
S003564,U02153,2025-04-08T15:04:00,Android,Mumbai,962.18,0.0
S003565,U02153,2025-02-06T12:24:00,Android,Mumbai,702.14,29.0
S003566,U02153,2025-05-07T14:01:00,Android,Mumbai,749.61,69.0
S003567,U02154,2025-01-20T22:50:00,Android,Kolkata,986.37,0.0
S003568,U02154,2025-05-18T08:36:00,Android,Kolkata,420.19,59.0
S003569,U02154,2025-03-27T11:57:00,Android,Kolkata,590.78,29.0
S003570,U02155,2025-03-23T18:25:00,Android,Delhi,1056.12,0.0
S003571,U02155,2025-06-18T10:24:00,Android,Delhi,475.38,49.0
S003572,U02155,2025-06-08T11:57:00,Android,Delhi,971.14,0.0
S003573,U02155,2025-04-08T13:36:00,Android,Delhi,1161.61,0.0
S003574,U02156,2025-05-22T18:42:00,iOS,Kolkata,804.41,19.0
S003575,U02156,2025-01-31T19:49:00,iOS,Kolkata,1235.57,0.0
S003576,U02156,2025-02-13T22:07:00,iOS,Kolkata,433.96,29.0
S003577,U02157,2025-03-07T09:22:00,Android,Delhi,360.67,39.0
S003578,U02158,2025-01-19T10:55:00,iOS,Bengaluru,733.96,69.0
S003579,U02159,2025-04-15T09:04:00,iOS,Bengaluru,1129.22,0.0
S003580,U02160,2025-02-11T11:12:00,iOS,Delhi,859.33,29.0
S003581,U02160,2025-03-07T15:45:00,iOS,Delhi,1516.19,0.0
S003582,U02161,2025-03-10T13:06:00,Android,Delhi,469.09,49.0
S003583,U02162,2025-05-31T14:45:00,Android,Kolkata,660.1,59.0
S003584,U02163,2025-04-26T15:01:00,Android,Mumbai,630.84,39.0
S003585,U02164,2025-04-23T19:02:00,Android,Mumbai,384.35,49.0
S003586,U02165,2025-06-26T15:58:00,Android,Mumbai,759.57,19.0
S003587,U02166,2025-06-22T07:39:00,Android,Delhi,746.66,49.0
S003588,U02167,2025-03-22T07:22:00,Android,Mumbai,549.97,69.0
S003589,U02168,2025-06-03T20:15:00,iOS,Bengaluru,403.42,29.0
S003590,U02169,2025-05-14T22:11:00,Android,Bengaluru,443.08,19.0
S003591,U02170,2025-01-03T14:19:00,iOS,Delhi,664.22,49.0
S003592,U02170,2025-03-21T15:59:00,iOS,Delhi,453.79,49.0
S003593,U02171,2025-03-07T19:41:00,iOS,Bengaluru,1119.96,0.0
S003594,U02172,2025-04-13T08:17:00,Android,Mumbai,627.34,29.0
S003595,U02173,2025-02-15T10:19:00,Android,Bengaluru,456.43,39.0
S003596,U02173,2025-04-13T10:44:00,Android,Bengaluru,1102.72,0.0
S003597,U02174,2025-05-15T13:04:00,Android,Bengaluru,781.68,19.0
S003598,U02174,2025-03-02T20:25:00,Android,Bengaluru,532.47,29.0
S003599,U02175,2025-02-01T20:18:00,iOS,Kolkata,337.47,39.0
S003600,U02175,2025-06-07T17:57:00,iOS,Kolkata,678.15,39.0
S003601,U02176,2025-01-07T14:26:00,iOS,Kolkata,1368.17,0.0
S003602,U02176,2025-05-05T07:26:00,iOS,Kolkata,835.95,59.0
S003603,U02177,2025-02-23T09:15:00,Android,Mumbai,800.23,19.0
S003604,U02178,2025-03-01T13:51:00,Android,Mumbai,541.33,29.0
S003605,U02178,2025-02-02T13:55:00,Android,Mumbai,759.87,19.0
S003606,U02178,2025-04-07T07:36:00,Android,Mumbai,571.75,39.0
S003607,U02178,2025-03-06T18:25:00,Android,Mumbai,1065.33,0.0
S003608,U02178,2025-04-02T08:23:00,Android,Mumbai,506.48,29.0
S003609,U02179,2025-01-18T18:04:00,Android,Hyderabad,993.87,0.0
S003610,U02179,2025-03-19T15:02:00,Android,Hyderabad,669.25,39.0
S003611,U02180,2025-01-19T09:37:00,iOS,Bengaluru,598.45,29.0
S003612,U02180,2025-04-30T19:58:00,iOS,Bengaluru,290.18,0.0
S003613,U02181,2025-02-04T14:34:00,iOS,Delhi,1409.94,0.0
S003614,U02181,2025-01-18T18:05:00,iOS,Delhi,522.14,59.0
S003615,U02182,2025-01-12T10:07:00,iOS,Bengaluru,915.33,49.0
S003616,U02183,2025-02-06T19:35:00,Android,Delhi,1262.85,0.0
S003617,U02183,2025-01-30T18:32:00,Android,Delhi,756.68,39.0
S003618,U02183,2025-04-06T21:22:00,Android,Delhi,523.9,0.0
S003619,U02184,2025-04-05T12:59:00,Android,Kolkata,631.22,49.0
S003620,U02185,2025-01-16T10:18:00,Android,Hyderabad,416.8,59.0
S003621,U02186,2025-02-04T21:58:00,Android,Kolkata,563.18,0.0
S003622,U02186,2025-01-01T07:33:00,Android,Kolkata,801.72,39.0
S003623,U02187,2025-02-13T16:51:00,Android,Hyderabad,784.28,49.0
S003624,U02187,2025-03-24T09:36:00,Android,Hyderabad,1273.67,0.0
S003625,U02187,2025-04-19T20:17:00,Android,Hyderabad,1124.82,0.0
S003626,U02187,2025-05-06T12:44:00,Android,Hyderabad,734.73,39.0
S003627,U02187,2025-03-05T07:34:00,Android,Hyderabad,931.13,0.0
S003628,U02188,2025-06-17T08:53:00,iOS,Mumbai,1090.82,0.0
S003629,U02188,2025-01-20T14:02:00,iOS,Mumbai,637.49,49.0
S003630,U02189,2025-05-19T11:06:00,iOS,Hyderabad,1123.69,19.0
S003631,U02189,2025-05-12T21:38:00,iOS,Hyderabad,671.8,49.0
S003632,U02190,2025-06-17T22:59:00,Android,Mumbai,1038.47,49.0
S003633,U02190,2025-01-02T17:43:00,Android,Mumbai,610.87,39.0
S003634,U02190,2025-03-15T12:37:00,Android,Mumbai,710.97,29.0
S003635,U02191,2025-05-11T19:24:00,Android,Delhi,345.09,29.0
S003636,U02192,2025-06-27T11:53:00,Android,Delhi,919.43,0.0
S003637,U02192,2025-06-06T19:07:00,Android,Delhi,405.52,39.0
S003638,U02193,2025-02-04T07:49:00,iOS,Mumbai,536.6,29.0
S003639,U02193,2025-03-16T22:56:00,iOS,Mumbai,691.95,0.0
S003640,U02193,2025-04-15T08:16:00,iOS,Mumbai,894.35,69.0
S003641,U02194,2025-06-13T18:17:00,iOS,Bengaluru,645.24,29.0
S003642,U02195,2025-02-13T14:00:00,Android,Mumbai,689.34,39.0
S003643,U02195,2025-05-17T16:58:00,Android,Mumbai,761.9,59.0
S003644,U02196,2025-05-19T20:21:00,Android,Bengaluru,754.42,39.0
S003645,U02196,2025-06-27T14:20:00,Android,Bengaluru,753.58,0.0
S003646,U02197,2025-05-27T09:11:00,Android,Mumbai,1789.87,0.0
S003647,U02198,2025-06-26T18:49:00,Android,Bengaluru,900.8,0.0
S003648,U02198,2025-01-28T19:49:00,Android,Bengaluru,749.21,39.0
S003649,U02199,2025-02-04T15:09:00,Android,Delhi,1185.97,0.0
S003650,U02200,2025-05-04T19:30:00,Android,Mumbai,402.35,0.0
S003651,U02200,2025-03-03T16:13:00,Android,Mumbai,2068.84,49.0
S003652,U02200,2025-01-26T13:41:00,Android,Mumbai,776.21,29.0
S003653,U02201,2025-03-07T20:24:00,Android,Bengaluru,650.36,39.0
S003654,U02201,2025-04-15T12:17:00,Android,Bengaluru,811.71,59.0
S003655,U02202,2025-06-10T11:50:00,Android,Kolkata,1702.17,0.0
S003656,U02202,2025-05-19T13:01:00,Android,Kolkata,444.52,29.0
S003657,U02202,2025-01-05T11:25:00,Android,Kolkata,399.87,0.0
S003658,U02202,2025-06-21T12:23:00,Android,Kolkata,458.69,49.0
S003659,U02203,2025-06-10T14:06:00,Android,Delhi,715.26,39.0
S003660,U02203,2025-05-05T07:43:00,Android,Delhi,1019.61,49.0
S003661,U02203,2025-06-18T09:41:00,Android,Delhi,760.58,69.0
S003662,U02204,2025-06-09T08:53:00,iOS,Delhi,568.53,69.0
S003663,U02204,2025-06-20T11:06:00,iOS,Delhi,798.74,59.0
S003664,U02205,2025-04-17T15:41:00,Android,Bengaluru,420.53,29.0
S003665,U02206,2025-05-12T22:14:00,Android,Hyderabad,511.3,69.0
S003666,U02206,2025-05-31T10:25:00,Android,Hyderabad,912.63,0.0
S003667,U02206,2025-05-05T11:11:00,Android,Hyderabad,516.98,19.0
S003668,U02207,2025-06-09T14:35:00,iOS,Mumbai,364.92,39.0
S003669,U02207,2025-04-07T20:47:00,iOS,Mumbai,714.47,0.0
S003670,U02208,2025-03-14T10:35:00,Android,Delhi,727.77,49.0
S003671,U02208,2025-01-23T07:04:00,Android,Delhi,581.37,19.0
S003672,U02208,2025-05-25T08:14:00,Android,Delhi,1066.23,0.0
S003673,U02209,2025-06-28T13:47:00,Android,Bengaluru,628.78,59.0
S003674,U02210,2025-04-01T07:51:00,Android,Hyderabad,869.93,29.0
S003675,U02211,2025-02-22T14:36:00,iOS,Kolkata,581.29,49.0
S003676,U02211,2025-02-15T15:01:00,iOS,Kolkata,667.98,39.0
S003677,U02211,2025-05-10T16:51:00,iOS,Kolkata,559.42,49.0
S003678,U02212,2025-05-15T17:22:00,Android,Delhi,635.91,59.0
S003679,U02212,2025-03-16T22:22:00,Android,Delhi,621.2,59.0
S003680,U02213,2025-01-21T21:34:00,Android,Bengaluru,785.51,59.0
S003681,U02214,2025-02-25T22:28:00,Android,Bengaluru,1096.17,0.0
S003682,U02215,2025-04-06T17:21:00,Android,Bengaluru,627.29,39.0
S003683,U02215,2025-06-24T12:25:00,Android,Bengaluru,882.57,19.0
S003684,U02215,2025-01-14T07:17:00,Android,Bengaluru,583.74,39.0
S003685,U02216,2025-05-09T19:58:00,Android,Hyderabad,594.11,59.0
S003686,U02217,2025-04-28T10:42:00,Android,Kolkata,624.17,49.0
S003687,U02218,2025-01-31T22:49:00,Android,Kolkata,1121.08,0.0
S003688,U02218,2025-06-03T07:49:00,Android,Kolkata,1229.68,0.0
S003689,U02218,2025-02-05T16:08:00,Android,Kolkata,797.78,49.0
S003690,U02219,2025-02-06T22:49:00,Android,Hyderabad,607.97,49.0
S003691,U02219,2025-01-09T20:52:00,Android,Hyderabad,791.11,39.0
S003692,U02219,2025-05-26T13:04:00,Android,Hyderabad,874.12,69.0
S003693,U02220,2025-06-28T14:58:00,Android,Bengaluru,559.66,19.0
S003694,U02221,2025-03-27T10:43:00,Android,Kolkata,926.94,0.0
S003695,U02221,2025-01-30T21:10:00,Android,Kolkata,332.89,49.0
S003696,U02222,2025-05-03T13:11:00,Android,Delhi,607.91,49.0
S003697,U02223,2025-04-19T10:00:00,Android,Delhi,910.11,0.0
S003698,U02224,2025-06-21T14:02:00,iOS,Hyderabad,642.57,49.0
S003699,U02224,2025-02-07T09:17:00,iOS,Hyderabad,696.45,0.0
S003700,U02225,2025-03-21T10:21:00,Android,Bengaluru,1292.52,0.0
S003701,U02226,2025-01-26T07:17:00,Android,Hyderabad,777.9,39.0
S003702,U02226,2025-06-23T08:33:00,Android,Hyderabad,642.61,29.0
S003703,U02226,2025-06-30T17:45:00,Android,Hyderabad,777.96,19.0
S003704,U02227,2025-03-26T13:16:00,iOS,Kolkata,581.4,0.0
S003705,U02227,2025-02-13T15:37:00,iOS,Kolkata,773.61,69.0
S003706,U02228,2025-02-02T18:13:00,iOS,Hyderabad,311.8,19.0
S003707,U02228,2025-06-07T09:46:00,iOS,Hyderabad,786.69,59.0
S003708,U02228,2025-02-25T10:31:00,iOS,Hyderabad,825.28,19.0
S003709,U02229,2025-06-15T19:47:00,Android,Hyderabad,347.39,69.0
S003710,U02229,2025-03-15T19:10:00,Android,Hyderabad,638.71,39.0
S003711,U02230,2025-04-23T15:04:00,iOS,Delhi,496.54,29.0
S003712,U02230,2025-04-20T14:28:00,iOS,Delhi,1299.85,49.0
S003713,U02230,2025-01-30T20:00:00,iOS,Delhi,616.33,59.0
S003714,U02230,2025-02-28T19:12:00,iOS,Delhi,455.69,49.0
S003715,U02231,2025-03-07T15:49:00,Android,Bengaluru,784.44,19.0
S003716,U02232,2025-01-06T10:55:00,iOS,Hyderabad,431.5,0.0
S003717,U02232,2025-05-31T09:06:00,iOS,Hyderabad,582.65,59.0
S003718,U02232,2025-02-11T19:46:00,iOS,Hyderabad,1698.07,0.0
S003719,U02232,2025-03-09T15:56:00,iOS,Hyderabad,770.79,29.0
S003720,U02233,2025-02-12T07:12:00,Android,Mumbai,572.15,49.0
S003721,U02234,2025-03-14T10:28:00,Android,Kolkata,552.22,69.0
S003722,U02234,2025-06-06T19:32:00,Android,Kolkata,397.1,39.0
S003723,U02235,2025-03-29T16:20:00,iOS,Bengaluru,955.36,0.0
S003724,U02235,2025-03-27T11:12:00,iOS,Bengaluru,1341.48,0.0
S003725,U02236,2025-05-27T13:10:00,Android,Delhi,888.44,0.0
S003726,U02237,2025-06-01T17:23:00,iOS,Delhi,824.64,59.0
S003727,U02238,2025-04-10T12:54:00,Android,Hyderabad,655.94,39.0
S003728,U02239,2025-05-22T07:20:00,Android,Hyderabad,780.57,39.0
S003729,U02239,2025-03-19T21:45:00,Android,Hyderabad,504.45,49.0
S003730,U02240,2025-03-05T19:47:00,iOS,Kolkata,590.26,19.0
S003731,U02240,2025-01-14T08:49:00,iOS,Kolkata,587.28,19.0
S003732,U02241,2025-02-26T09:59:00,Android,Delhi,394.47,29.0
S003733,U02242,2025-05-16T13:36:00,iOS,Mumbai,808.67,49.0
S003734,U02242,2025-05-22T19:00:00,iOS,Mumbai,390.68,39.0
S003735,U02243,2025-05-22T09:08:00,iOS,Bengaluru,362.74,29.0
S003736,U02244,2025-01-22T11:31:00,Android,Bengaluru,632.23,69.0
S003737,U02245,2025-03-13T14:40:00,Android,Delhi,711.66,49.0
S003738,U02246,2025-06-12T07:05:00,Android,Mumbai,631.35,29.0
S003739,U02247,2025-02-18T14:18:00,Android,Delhi,777.91,19.0
S003740,U02247,2025-06-09T18:37:00,Android,Delhi,489.45,0.0
S003741,U02248,2025-05-01T21:33:00,Android,Delhi,483.91,49.0
S003742,U02248,2025-03-30T16:18:00,Android,Delhi,688.08,39.0
S003743,U02249,2025-04-08T14:58:00,Android,Mumbai,489.55,19.0
S003744,U02250,2025-02-16T12:17:00,iOS,Hyderabad,744.5,39.0
S003745,U02251,2025-03-01T07:06:00,Android,Bengaluru,562.81,39.0
S003746,U02251,2025-01-06T13:33:00,Android,Bengaluru,646.75,0.0
S003747,U02252,2025-03-24T12:43:00,Android,Delhi,694.06,69.0
S003748,U02252,2025-01-17T12:17:00,Android,Delhi,696.03,49.0
S003749,U02252,2025-01-21T20:35:00,Android,Delhi,713.73,59.0
S003750,U02253,2025-05-01T20:23:00,Android,Hyderabad,302.12,69.0
S003751,U02254,2025-02-06T22:54:00,Android,Hyderabad,499.83,39.0
S003752,U02254,2025-03-05T18:55:00,Android,Hyderabad,1985.08,0.0
S003753,U02254,2025-05-18T09:00:00,Android,Hyderabad,810.69,59.0
S003754,U02254,2025-03-13T13:43:00,Android,Hyderabad,664.88,39.0
S003755,U02255,2025-04-24T15:14:00,Android,Hyderabad,1342.92,0.0
S003756,U02256,2025-06-02T22:53:00,Android,Bengaluru,455.3,49.0
S003757,U02256,2025-01-08T17:43:00,Android,Bengaluru,745.58,59.0
S003758,U02256,2025-03-27T15:45:00,Android,Bengaluru,792.43,49.0
S003759,U02257,2025-02-24T10:54:00,Android,Mumbai,824.88,59.0
S003760,U02257,2025-01-30T14:30:00,Android,Mumbai,526.72,19.0
S003761,U02257,2025-03-14T07:13:00,Android,Mumbai,421.92,49.0
S003762,U02258,2025-01-15T14:40:00,Android,Kolkata,472.03,19.0
S003763,U02258,2025-05-02T18:38:00,Android,Kolkata,1229.79,0.0
S003764,U02258,2025-06-17T20:20:00,Android,Kolkata,547.73,39.0
S003765,U02259,2025-03-02T15:49:00,iOS,Delhi,536.46,19.0
S003766,U02260,2025-03-26T09:57:00,iOS,Delhi,433.64,59.0
S003767,U02261,2025-02-16T15:05:00,Android,Kolkata,815.04,69.0
S003768,U02262,2025-06-21T14:12:00,iOS,Bengaluru,812.29,49.0
S003769,U02262,2025-02-12T07:52:00,iOS,Bengaluru,800.78,69.0
S003770,U02263,2025-01-19T11:03:00,iOS,Hyderabad,595.12,0.0
S003771,U02263,2025-06-25T18:14:00,iOS,Hyderabad,510.28,29.0
S003772,U02264,2025-01-16T17:36:00,Android,Hyderabad,383.45,39.0
S003773,U02265,2025-06-06T17:49:00,iOS,Bengaluru,388.67,29.0
S003774,U02265,2025-01-22T18:57:00,iOS,Bengaluru,601.4,29.0
S003775,U02266,2025-04-05T14:51:00,Android,Hyderabad,472.3,69.0
S003776,U02267,2025-01-07T18:23:00,Android,Delhi,483.8,49.0
S003777,U02267,2025-06-16T18:26:00,Android,Delhi,371.52,39.0
S003778,U02268,2025-04-02T12:39:00,Android,Hyderabad,1194.06,0.0
S003779,U02269,2025-03-12T13:34:00,iOS,Kolkata,1228.41,0.0
S003780,U02270,2025-03-15T10:02:00,iOS,Kolkata,1190.76,0.0
S003781,U02271,2025-05-11T16:14:00,iOS,Bengaluru,977.02,0.0
S003782,U02271,2025-05-05T19:37:00,iOS,Bengaluru,504.93,49.0
S003783,U02271,2025-02-20T19:48:00,iOS,Bengaluru,685.07,69.0
S003784,U02272,2025-06-19T10:42:00,iOS,Hyderabad,1712.69,0.0
S003785,U02273,2025-02-14T21:13:00,Android,Kolkata,839.99,29.0
S003786,U02273,2025-05-12T07:46:00,Android,Kolkata,1802.07,59.0
S003787,U02273,2025-02-25T19:42:00,Android,Kolkata,1040.4,39.0
S003788,U02274,2025-01-25T18:16:00,Android,Mumbai,1041.63,0.0
S003789,U02274,2025-03-16T12:56:00,Android,Mumbai,622.83,0.0
S003790,U02275,2025-04-02T18:05:00,Android,Mumbai,454.9,19.0
S003791,U02275,2025-03-31T09:15:00,Android,Mumbai,818.08,39.0
S003792,U02276,2025-03-21T13:39:00,Android,Bengaluru,1393.28,0.0
S003793,U02277,2025-03-23T10:36:00,Android,Hyderabad,288.41,29.0
S003794,U02277,2025-03-12T07:23:00,Android,Hyderabad,482.13,29.0
S003795,U02278,2025-04-11T14:27:00,iOS,Bengaluru,459.65,0.0
S003796,U02278,2025-03-31T07:38:00,iOS,Bengaluru,460.34,29.0
S003797,U02279,2025-05-20T16:04:00,Android,Delhi,539.91,19.0
S003798,U02279,2025-04-13T08:20:00,Android,Delhi,722.76,49.0
S003799,U02280,2025-01-04T08:20:00,Android,Kolkata,588.27,0.0
S003800,U02281,2025-04-13T07:04:00,iOS,Kolkata,379.63,39.0
S003801,U02281,2025-02-11T19:30:00,iOS,Kolkata,467.91,0.0
S003802,U02282,2025-06-19T07:47:00,iOS,Kolkata,350.4,39.0
S003803,U02283,2025-01-17T20:52:00,Android,Delhi,844.2,19.0
S003804,U02283,2025-03-25T08:51:00,Android,Delhi,645.83,59.0
S003805,U02284,2025-03-10T10:12:00,Android,Bengaluru,1027.69,0.0
S003806,U02285,2025-06-20T08:36:00,iOS,Mumbai,612.74,39.0
S003807,U02286,2025-03-26T21:38:00,Android,Bengaluru,1778.0,0.0
S003808,U02287,2025-01-08T08:16:00,Android,Kolkata,1012.17,0.0
S003809,U02288,2025-01-05T20:38:00,Android,Mumbai,1405.01,0.0
S003810,U02288,2025-01-18T08:55:00,Android,Mumbai,732.63,49.0
S003811,U02288,2025-01-24T11:10:00,Android,Mumbai,895.69,69.0
S003812,U02288,2025-01-31T11:07:00,Android,Mumbai,544.6,29.0
S003813,U02289,2025-01-18T16:38:00,Android,Delhi,920.17,0.0
S003814,U02289,2025-06-11T16:08:00,Android,Delhi,766.08,29.0
S003815,U02289,2025-06-13T14:56:00,Android,Delhi,1184.02,49.0
S003816,U02290,2025-01-13T18:34:00,Android,Bengaluru,959.71,0.0
S003817,U02291,2025-05-29T21:27:00,Android,Delhi,787.53,49.0
S003818,U02291,2025-06-11T16:18:00,Android,Delhi,874.05,49.0
S003819,U02291,2025-03-03T14:34:00,Android,Delhi,508.84,29.0
S003820,U02291,2025-03-24T21:21:00,Android,Delhi,688.02,0.0
S003821,U02292,2025-04-13T15:47:00,Android,Kolkata,441.01,49.0
S003822,U02293,2025-02-24T15:59:00,Android,Hyderabad,439.33,49.0
S003823,U02293,2025-02-27T07:27:00,Android,Hyderabad,743.92,39.0
S003824,U02294,2025-01-09T10:10:00,Android,Bengaluru,562.39,39.0
S003825,U02294,2025-06-03T19:44:00,Android,Bengaluru,378.07,19.0
S003826,U02295,2025-03-27T20:15:00,Android,Bengaluru,911.65,0.0
S003827,U02296,2025-06-24T20:17:00,Android,Delhi,1415.49,19.0
S003828,U02297,2025-02-12T12:22:00,Android,Bengaluru,889.86,39.0
S003829,U02297,2025-06-05T21:38:00,Android,Bengaluru,1685.25,0.0
S003830,U02298,2025-03-16T21:49:00,iOS,Kolkata,344.61,0.0
S003831,U02298,2025-04-02T22:24:00,iOS,Kolkata,1077.87,0.0
S003832,U02299,2025-02-19T22:58:00,Android,Mumbai,862.98,59.0
S003833,U02300,2025-02-13T08:52:00,Android,Bengaluru,1566.74,0.0
S003834,U02300,2025-06-01T20:26:00,Android,Bengaluru,384.16,39.0
S003835,U02300,2025-06-20T15:21:00,Android,Bengaluru,1178.67,29.0
S003836,U02301,2025-02-15T20:13:00,Android,Hyderabad,1059.16,0.0
S003837,U02301,2025-05-14T17:44:00,Android,Hyderabad,551.07,39.0
S003838,U02301,2025-02-28T11:00:00,Android,Hyderabad,376.59,39.0
S003839,U02302,2025-03-26T10:17:00,Android,Delhi,842.97,59.0
S003840,U02302,2025-03-27T12:57:00,Android,Delhi,864.7,49.0
S003841,U02303,2025-01-01T18:22:00,Android,Bengaluru,847.57,19.0
S003842,U02304,2025-06-14T18:37:00,Android,Mumbai,679.36,69.0
S003843,U02305,2025-06-10T13:47:00,iOS,Bengaluru,624.18,59.0
S003844,U02306,2025-01-19T08:04:00,iOS,Delhi,631.25,49.0
S003845,U02307,2025-06-24T13:35:00,Android,Hyderabad,878.96,39.0
S003846,U02308,2025-01-31T12:02:00,Android,Kolkata,657.09,29.0
S003847,U02308,2025-01-13T22:44:00,Android,Kolkata,1179.1,0.0
S003848,U02309,2025-04-11T19:19:00,iOS,Delhi,1243.4,0.0
S003849,U02310,2025-01-17T15:49:00,iOS,Mumbai,471.7,39.0
S003850,U02311,2025-05-24T08:18:00,Android,Bengaluru,516.78,39.0
S003851,U02311,2025-02-21T10:40:00,Android,Bengaluru,335.15,29.0
S003852,U02312,2025-04-01T22:43:00,iOS,Mumbai,1289.92,0.0
S003853,U02313,2025-01-14T17:12:00,iOS,Bengaluru,1000.14,49.0
S003854,U02314,2025-06-15T14:59:00,iOS,Mumbai,609.99,29.0
S003855,U02315,2025-03-05T12:05:00,Android,Bengaluru,482.25,69.0
S003856,U02316,2025-03-19T10:37:00,iOS,Kolkata,311.45,69.0
S003857,U02317,2025-06-09T16:34:00,Android,Kolkata,1073.92,59.0
S003858,U02317,2025-02-25T09:44:00,Android,Kolkata,579.78,39.0
S003859,U02317,2025-05-04T16:25:00,Android,Kolkata,306.14,0.0
S003860,U02318,2025-02-25T22:05:00,Android,Delhi,597.01,29.0
S003861,U02319,2025-03-25T21:53:00,Android,Hyderabad,455.37,49.0
S003862,U02320,2025-06-03T20:34:00,Android,Bengaluru,745.86,39.0
S003863,U02321,2025-04-12T18:38:00,iOS,Hyderabad,987.18,49.0
S003864,U02322,2025-03-27T11:48:00,Android,Delhi,752.31,29.0
S003865,U02323,2025-04-02T19:04:00,Android,Bengaluru,951.35,29.0
S003866,U02324,2025-04-30T20:10:00,Android,Mumbai,424.78,49.0
S003867,U02325,2025-06-07T20:12:00,Android,Delhi,702.87,0.0
S003868,U02326,2025-05-17T18:52:00,Android,Mumbai,535.35,19.0
S003869,U02327,2025-01-15T10:37:00,Android,Mumbai,568.17,39.0
S003870,U02328,2025-04-21T09:33:00,Android,Bengaluru,242.96,0.0
S003871,U02328,2025-04-10T15:07:00,Android,Bengaluru,720.15,49.0
S003872,U02329,2025-04-16T20:27:00,Android,Bengaluru,415.92,59.0
S003873,U02329,2025-01-31T14:00:00,Android,Bengaluru,1063.22,29.0
S003874,U02329,2025-06-04T07:26:00,Android,Bengaluru,521.11,39.0
S003875,U02330,2025-02-24T21:51:00,Android,Mumbai,288.5,39.0
S003876,U02331,2025-06-27T15:31:00,Android,Mumbai,822.34,39.0
S003877,U02331,2025-02-27T22:16:00,Android,Mumbai,664.78,49.0
S003878,U02331,2025-04-01T17:50:00,Android,Mumbai,474.2,39.0
S003879,U02332,2025-06-10T22:22:00,Android,Bengaluru,819.25,49.0
S003880,U02332,2025-05-08T16:25:00,Android,Bengaluru,1063.22,0.0
S003881,U02333,2025-06-12T13:36:00,iOS,Delhi,798.44,39.0
S003882,U02333,2025-04-14T11:05:00,iOS,Delhi,605.56,39.0
S003883,U02333,2025-02-18T11:15:00,iOS,Delhi,958.34,0.0
S003884,U02334,2025-03-01T22:01:00,iOS,Mumbai,538.62,29.0
S003885,U02335,2025-01-17T12:48:00,iOS,Mumbai,518.43,19.0
S003886,U02336,2025-04-07T10:55:00,Android,Hyderabad,1396.1,59.0
S003887,U02336,2025-02-28T14:53:00,Android,Hyderabad,579.48,0.0
S003888,U02337,2025-03-05T20:29:00,Android,Delhi,1129.0,0.0
S003889,U02337,2025-06-19T22:03:00,Android,Delhi,495.45,69.0
S003890,U02338,2025-01-13T07:35:00,iOS,Mumbai,732.5,49.0
S003891,U02339,2025-04-02T09:02:00,Android,Mumbai,614.62,29.0
S003892,U02339,2025-01-16T14:50:00,Android,Mumbai,476.49,59.0
S003893,U02340,2025-04-15T15:00:00,Android,Delhi,962.68,0.0
S003894,U02341,2025-05-12T22:30:00,Android,Bengaluru,986.3,29.0
S003895,U02342,2025-06-01T15:28:00,Android,Bengaluru,778.33,19.0
S003896,U02343,2025-01-18T11:51:00,Android,Hyderabad,367.51,49.0
S003897,U02343,2025-03-20T16:10:00,Android,Hyderabad,612.26,39.0
S003898,U02344,2025-02-13T19:05:00,Android,Bengaluru,529.93,39.0
S003899,U02344,2025-03-07T12:30:00,Android,Bengaluru,983.72,0.0
S003900,U02344,2025-04-09T21:21:00,Android,Bengaluru,338.75,49.0
S003901,U02345,2025-03-20T15:42:00,Android,Mumbai,594.08,59.0
S003902,U02345,2025-02-27T17:16:00,Android,Mumbai,629.5,49.0
S003903,U02345,2025-04-26T13:14:00,Android,Mumbai,922.47,0.0
S003904,U02346,2025-03-01T07:52:00,Android,Mumbai,586.84,29.0
S003905,U02347,2025-06-17T09:31:00,Android,Delhi,728.79,29.0
S003906,U02347,2025-06-30T21:35:00,Android,Delhi,876.76,39.0
S003907,U02348,2025-04-21T22:04:00,iOS,Hyderabad,1076.56,0.0
S003908,U02348,2025-01-17T20:42:00,iOS,Hyderabad,1141.44,59.0
S003909,U02348,2025-05-21T13:14:00,iOS,Hyderabad,868.35,49.0
S003910,U02349,2025-04-06T10:17:00,iOS,Hyderabad,1106.86,0.0
S003911,U02349,2025-02-07T14:17:00,iOS,Hyderabad,778.68,49.0
S003912,U02350,2025-06-18T22:50:00,Android,Bengaluru,525.99,49.0
S003913,U02351,2025-06-06T10:45:00,Android,Hyderabad,1101.7,0.0
S003914,U02351,2025-01-14T20:51:00,Android,Hyderabad,1347.86,19.0
S003915,U02352,2025-05-27T07:43:00,Android,Mumbai,713.14,49.0
S003916,U02352,2025-01-28T19:32:00,Android,Mumbai,563.47,49.0
S003917,U02353,2025-01-04T10:29:00,Android,Delhi,785.61,29.0
S003918,U02354,2025-02-09T18:12:00,iOS,Hyderabad,572.35,59.0
S003919,U02354,2025-06-11T18:30:00,iOS,Hyderabad,936.46,0.0
S003920,U02355,2025-04-30T12:39:00,Android,Hyderabad,593.62,0.0
S003921,U02356,2025-02-20T21:53:00,Android,Delhi,902.07,0.0
S003922,U02357,2025-06-30T19:16:00,iOS,Kolkata,467.66,49.0
S003923,U02357,2025-04-23T21:42:00,iOS,Kolkata,950.89,0.0
S003924,U02358,2025-02-18T14:03:00,Android,Mumbai,1292.54,0.0
S003925,U02359,2025-01-25T22:00:00,Android,Mumbai,583.87,19.0
S003926,U02360,2025-04-15T18:42:00,iOS,Bengaluru,499.76,49.0
S003927,U02360,2025-04-21T07:53:00,iOS,Bengaluru,926.02,0.0
S003928,U02361,2025-03-09T19:17:00,Android,Delhi,552.06,19.0
S003929,U02362,2025-05-26T09:29:00,Android,Delhi,1587.71,0.0
S003930,U02363,2025-04-18T16:20:00,iOS,Mumbai,662.54,0.0
S003931,U02364,2025-05-22T10:19:00,Android,Mumbai,1433.27,0.0
S003932,U02364,2025-03-05T17:24:00,Android,Mumbai,782.91,29.0
S003933,U02365,2025-06-27T16:39:00,Android,Hyderabad,848.74,59.0
S003934,U02365,2025-05-11T07:00:00,Android,Hyderabad,651.69,39.0
S003935,U02365,2025-03-21T11:13:00,Android,Hyderabad,823.5,29.0
S003936,U02366,2025-04-09T13:14:00,Android,Delhi,1536.99,0.0
S003937,U02366,2025-02-05T19:53:00,Android,Delhi,471.65,29.0
S003938,U02367,2025-05-16T17:04:00,Android,Hyderabad,744.5,49.0
S003939,U02367,2025-01-12T22:06:00,Android,Hyderabad,710.77,0.0
S003940,U02368,2025-06-30T12:48:00,Android,Hyderabad,1371.15,0.0
S003941,U02368,2025-03-01T15:58:00,Android,Hyderabad,421.69,39.0
S003942,U02369,2025-03-06T07:10:00,Android,Hyderabad,395.16,0.0
S003943,U02370,2025-06-28T18:43:00,Android,Hyderabad,524.04,49.0
S003944,U02371,2025-02-03T22:52:00,Android,Kolkata,387.17,0.0
S003945,U02372,2025-06-25T07:52:00,Android,Bengaluru,1015.87,19.0
S003946,U02373,2025-02-17T07:16:00,iOS,Hyderabad,418.28,0.0
S003947,U02374,2025-04-11T11:23:00,Android,Kolkata,732.45,49.0
S003948,U02374,2025-04-16T12:02:00,Android,Kolkata,712.7,39.0
S003949,U02375,2025-01-30T13:46:00,Android,Mumbai,353.51,29.0
S003950,U02376,2025-01-31T22:58:00,iOS,Bengaluru,1078.02,59.0
S003951,U02377,2025-06-17T12:50:00,Android,Kolkata,421.01,39.0
S003952,U02378,2025-06-17T15:15:00,Android,Bengaluru,626.84,39.0
S003953,U02378,2025-04-26T09:13:00,Android,Bengaluru,947.49,0.0
S003954,U02379,2025-05-30T16:09:00,Android,Delhi,522.33,69.0
S003955,U02379,2025-05-08T12:38:00,Android,Delhi,1073.27,0.0
S003956,U02380,2025-01-02T18:19:00,Android,Bengaluru,787.46,49.0
S003957,U02381,2025-01-24T08:36:00,iOS,Delhi,870.02,39.0
S003958,U02381,2025-01-18T14:48:00,iOS,Delhi,697.59,59.0
S003959,U02381,2025-06-23T09:23:00,iOS,Delhi,598.64,29.0
S003960,U02382,2025-05-21T17:42:00,Android,Delhi,884.17,29.0
S003961,U02383,2025-06-24T15:35:00,iOS,Mumbai,549.73,49.0
S003962,U02384,2025-05-15T07:18:00,Android,Kolkata,297.16,0.0
S003963,U02385,2025-02-05T17:30:00,Android,Delhi,829.41,49.0
S003964,U02386,2025-04-02T15:30:00,Android,Mumbai,722.75,49.0
S003965,U02386,2025-06-18T15:44:00,Android,Mumbai,797.88,39.0
S003966,U02386,2025-03-07T16:15:00,Android,Mumbai,926.29,0.0
S003967,U02387,2025-05-18T22:23:00,Android,Kolkata,917.13,0.0
S003968,U02387,2025-04-30T21:39:00,Android,Kolkata,381.4,0.0
S003969,U02387,2025-02-13T15:47:00,Android,Kolkata,604.25,49.0
S003970,U02388,2025-03-19T08:42:00,Android,Hyderabad,654.97,29.0
S003971,U02389,2025-06-15T12:40:00,Android,Bengaluru,765.6,0.0
S003972,U02389,2025-05-19T14:29:00,Android,Bengaluru,495.03,39.0
S003973,U02390,2025-04-19T16:05:00,Android,Bengaluru,462.14,19.0
S003974,U02391,2025-06-17T15:50:00,iOS,Mumbai,580.98,39.0
S003975,U02392,2025-03-23T15:10:00,iOS,Hyderabad,651.27,49.0
S003976,U02392,2025-02-24T08:47:00,iOS,Hyderabad,725.09,39.0
S003977,U02393,2025-04-30T11:11:00,Android,Mumbai,644.69,0.0
S003978,U02394,2025-05-10T07:35:00,iOS,Bengaluru,449.39,49.0
S003979,U02394,2025-05-09T08:19:00,iOS,Bengaluru,554.51,29.0
S003980,U02395,2025-06-09T15:02:00,Android,Hyderabad,769.81,49.0
S003981,U02395,2025-03-13T18:32:00,Android,Hyderabad,409.17,69.0
S003982,U02396,2025-02-08T16:03:00,Android,Mumbai,718.96,59.0
S003983,U02397,2025-04-01T15:05:00,Android,Mumbai,379.83,39.0
S003984,U02398,2025-06-23T22:51:00,Android,Kolkata,918.61,0.0
S003985,U02399,2025-02-04T10:14:00,Android,Hyderabad,595.89,49.0
S003986,U02400,2025-04-29T16:07:00,Android,Mumbai,466.03,59.0
S003987,U02401,2025-01-20T15:06:00,iOS,Mumbai,1023.07,0.0
S003988,U02401,2025-02-03T14:31:00,iOS,Mumbai,751.94,29.0
S003989,U02401,2025-01-20T10:05:00,iOS,Mumbai,864.23,49.0
S003990,U02402,2025-05-03T19:59:00,Android,Mumbai,1255.67,0.0
S003991,U02402,2025-06-11T11:09:00,Android,Mumbai,729.42,29.0
S003992,U02403,2025-03-06T08:12:00,iOS,Mumbai,271.92,0.0
S003993,U02403,2025-03-04T22:19:00,iOS,Mumbai,414.9,39.0
S003994,U02403,2025-02-05T15:29:00,iOS,Mumbai,931.37,0.0
S003995,U02403,2025-03-05T15:45:00,iOS,Mumbai,1049.18,29.0
S003996,U02404,2025-04-04T15:41:00,Android,Delhi,706.63,69.0
S003997,U02404,2025-04-02T13:21:00,Android,Delhi,689.44,59.0
S003998,U02404,2025-05-26T21:14:00,Android,Delhi,774.87,29.0
S003999,U02404,2025-02-04T09:47:00,Android,Delhi,613.6,0.0
S004000,U02405,2025-02-18T14:21:00,Android,Hyderabad,641.47,39.0
S004001,U02405,2025-05-18T13:22:00,Android,Hyderabad,685.3,39.0
S004002,U02406,2025-03-15T20:27:00,Android,Mumbai,607.99,49.0
S004003,U02407,2025-02-24T09:54:00,Android,Mumbai,910.14,0.0
S004004,U02408,2025-06-16T09:20:00,Android,Bengaluru,605.35,29.0
S004005,U02409,2025-05-22T13:34:00,iOS,Hyderabad,1125.88,0.0
S004006,U02410,2025-03-28T07:56:00,Android,Mumbai,720.25,19.0
S004007,U02410,2025-06-27T14:38:00,Android,Mumbai,1242.5,0.0
S004008,U02410,2025-05-16T13:23:00,Android,Mumbai,819.06,49.0
S004009,U02411,2025-04-02T08:37:00,Android,Delhi,747.12,49.0
S004010,U02411,2025-04-19T10:40:00,Android,Delhi,877.1,39.0
S004011,U02412,2025-02-04T13:19:00,iOS,Delhi,785.53,69.0
S004012,U02413,2025-06-10T13:46:00,Android,Bengaluru,893.78,69.0
S004013,U02413,2025-06-01T19:55:00,Android,Bengaluru,396.88,0.0
S004014,U02414,2025-02-08T12:20:00,iOS,Kolkata,661.03,59.0
S004015,U02415,2025-05-31T09:43:00,Android,Kolkata,586.49,39.0
S004016,U02416,2025-01-08T21:33:00,Android,Mumbai,495.56,49.0
S004017,U02417,2025-05-15T16:54:00,Android,Delhi,362.08,0.0
S004018,U02418,2025-04-17T21:46:00,Android,Hyderabad,414.57,39.0
S004019,U02419,2025-01-26T15:05:00,Android,Mumbai,992.16,39.0
S004020,U02420,2025-01-19T07:14:00,Android,Kolkata,598.15,0.0
S004021,U02420,2025-02-02T18:17:00,Android,Kolkata,912.21,0.0
S004022,U02420,2025-06-28T18:18:00,Android,Kolkata,605.0,49.0
S004023,U02421,2025-04-18T21:04:00,iOS,Bengaluru,511.35,0.0
S004024,U02422,2025-02-01T09:45:00,iOS,Bengaluru,702.18,19.0
S004025,U02422,2025-05-27T14:43:00,iOS,Bengaluru,573.5,39.0
S004026,U02423,2025-01-20T11:07:00,Android,Mumbai,453.59,0.0
S004027,U02423,2025-03-18T21:47:00,Android,Mumbai,892.71,49.0
S004028,U02423,2025-04-06T18:27:00,Android,Mumbai,815.9,19.0
S004029,U02423,2025-02-12T08:42:00,Android,Mumbai,550.45,39.0
S004030,U02424,2025-03-09T20:06:00,Android,Bengaluru,765.5,59.0
S004031,U02425,2025-03-19T16:52:00,Android,Mumbai,720.63,49.0
S004032,U02426,2025-03-19T11:46:00,Android,Hyderabad,1604.26,49.0
S004033,U02426,2025-01-17T17:27:00,Android,Hyderabad,1233.8,29.0
S004034,U02426,2025-04-19T22:36:00,Android,Hyderabad,1579.03,0.0
S004035,U02427,2025-05-22T18:25:00,Android,Bengaluru,610.67,39.0
S004036,U02428,2025-02-07T16:36:00,Android,Delhi,758.78,49.0
S004037,U02428,2025-03-16T16:23:00,Android,Delhi,1481.0,0.0
S004038,U02428,2025-05-24T09:22:00,Android,Delhi,391.59,39.0
S004039,U02428,2025-01-16T09:15:00,Android,Delhi,654.65,39.0
S004040,U02429,2025-03-02T20:22:00,Android,Hyderabad,876.51,29.0
S004041,U02429,2025-06-26T10:26:00,Android,Hyderabad,393.62,19.0
S004042,U02429,2025-06-05T10:02:00,Android,Hyderabad,449.47,39.0
S004043,U02430,2025-03-19T09:35:00,Android,Hyderabad,252.02,19.0
S004044,U02430,2025-04-11T16:08:00,Android,Hyderabad,646.51,49.0
S004045,U02431,2025-05-04T10:15:00,iOS,Mumbai,761.93,0.0
S004046,U02432,2025-01-18T11:54:00,Android,Bengaluru,699.59,59.0
S004047,U02432,2025-05-04T21:48:00,Android,Bengaluru,618.58,59.0
S004048,U02433,2025-06-03T11:13:00,iOS,Mumbai,1060.85,49.0
S004049,U02433,2025-04-07T07:04:00,iOS,Mumbai,758.72,0.0
S004050,U02434,2025-01-19T12:15:00,iOS,Delhi,677.25,0.0
S004051,U02434,2025-01-26T11:34:00,iOS,Delhi,798.47,29.0
S004052,U02435,2025-06-11T12:26:00,Android,Hyderabad,896.11,29.0
S004053,U02436,2025-03-02T10:54:00,Android,Mumbai,1479.16,0.0
S004054,U02437,2025-03-20T21:42:00,Android,Delhi,1170.55,0.0
S004055,U02437,2025-02-05T19:33:00,Android,Delhi,434.97,29.0
S004056,U02437,2025-04-25T10:34:00,Android,Delhi,482.28,39.0
S004057,U02438,2025-04-21T14:48:00,iOS,Hyderabad,535.43,39.0
S004058,U02438,2025-05-31T07:28:00,iOS,Hyderabad,1104.2,0.0
S004059,U02438,2025-04-04T15:21:00,iOS,Hyderabad,855.28,29.0
S004060,U02439,2025-01-26T11:13:00,Android,Mumbai,1021.79,0.0
S004061,U02439,2025-01-08T17:05:00,Android,Mumbai,709.62,69.0
S004062,U02440,2025-02-16T18:39:00,Android,Bengaluru,651.04,49.0
S004063,U02441,2025-05-09T12:43:00,Android,Mumbai,632.43,59.0
S004064,U02442,2025-01-07T13:18:00,iOS,Kolkata,671.99,29.0
S004065,U02443,2025-03-28T14:34:00,Android,Hyderabad,451.53,39.0
S004066,U02443,2025-05-05T08:26:00,Android,Hyderabad,536.17,49.0
S004067,U02444,2025-04-12T08:14:00,iOS,Delhi,622.97,59.0
S004068,U02444,2025-03-30T07:16:00,iOS,Delhi,429.29,69.0
S004069,U02445,2025-03-08T15:27:00,Android,Hyderabad,672.03,19.0
S004070,U02446,2025-06-18T20:56:00,Android,Delhi,767.04,29.0
S004071,U02446,2025-05-23T08:15:00,Android,Delhi,379.74,0.0
S004072,U02446,2025-03-29T17:30:00,Android,Delhi,1088.63,0.0
S004073,U02446,2025-06-09T17:06:00,Android,Delhi,1370.03,0.0
S004074,U02446,2025-04-23T20:47:00,Android,Delhi,823.72,0.0
S004075,U02447,2025-03-23T20:34:00,Android,Mumbai,667.37,0.0
S004076,U02448,2025-05-29T12:47:00,Android,Mumbai,513.84,39.0
S004077,U02448,2025-06-14T12:53:00,Android,Mumbai,460.33,19.0
S004078,U02449,2025-04-19T14:35:00,Android,Bengaluru,797.47,49.0
S004079,U02449,2025-06-11T19:06:00,Android,Bengaluru,700.12,29.0
S004080,U02450,2025-02-22T14:08:00,Android,Delhi,863.7,49.0
S004081,U02450,2025-05-28T22:56:00,Android,Delhi,2087.99,0.0
S004082,U02450,2025-06-15T18:55:00,Android,Delhi,455.1,29.0
S004083,U02451,2025-02-15T16:48:00,iOS,Kolkata,421.86,29.0
S004084,U02451,2025-02-26T22:30:00,iOS,Kolkata,582.9,59.0
S004085,U02451,2025-06-27T07:50:00,iOS,Kolkata,698.34,29.0
S004086,U02452,2025-06-30T11:51:00,iOS,Bengaluru,471.24,29.0
S004087,U02453,2025-06-10T15:46:00,Android,Hyderabad,746.46,59.0
S004088,U02453,2025-03-07T18:49:00,Android,Hyderabad,803.95,29.0
S004089,U02454,2025-02-24T10:08:00,Android,Mumbai,633.92,19.0
S004090,U02454,2025-01-14T19:02:00,Android,Mumbai,1256.61,69.0
S004091,U02454,2025-02-26T10:49:00,Android,Mumbai,625.79,39.0
S004092,U02454,2025-06-30T07:52:00,Android,Mumbai,677.76,39.0
S004093,U02455,2025-06-05T15:41:00,Android,Mumbai,1013.11,0.0
S004094,U02456,2025-01-08T14:57:00,Android,Bengaluru,1167.9,0.0
S004095,U02457,2025-05-15T13:25:00,iOS,Bengaluru,600.02,39.0
S004096,U02457,2025-05-03T20:29:00,iOS,Bengaluru,609.67,39.0
S004097,U02457,2025-01-25T10:42:00,iOS,Bengaluru,667.56,59.0
S004098,U02457,2025-03-24T20:23:00,iOS,Bengaluru,599.34,29.0
S004099,U02458,2025-06-25T18:42:00,iOS,Bengaluru,938.46,0.0
S004100,U02459,2025-03-17T07:22:00,iOS,Mumbai,760.88,49.0
S004101,U02460,2025-03-02T18:41:00,Android,Kolkata,1168.68,49.0
S004102,U02461,2025-06-24T13:22:00,Android,Kolkata,788.11,29.0
S004103,U02461,2025-05-11T18:42:00,Android,Kolkata,933.3,0.0
S004104,U02462,2025-01-31T22:45:00,iOS,Bengaluru,492.61,0.0
S004105,U02463,2025-03-10T14:03:00,Android,Delhi,694.9,29.0
S004106,U02463,2025-04-13T11:40:00,Android,Delhi,562.4,19.0
S004107,U02464,2025-04-24T12:10:00,Android,Bengaluru,973.86,0.0
S004108,U02464,2025-03-12T07:34:00,Android,Bengaluru,739.15,59.0
S004109,U02464,2025-02-03T21:01:00,Android,Bengaluru,1681.52,0.0
S004110,U02465,2025-03-22T19:27:00,Android,Kolkata,409.43,49.0
S004111,U02466,2025-03-16T22:52:00,iOS,Bengaluru,541.38,59.0
S004112,U02467,2025-01-04T12:03:00,Android,Bengaluru,376.68,0.0
S004113,U02467,2025-06-20T11:28:00,Android,Bengaluru,1602.45,0.0
S004114,U02468,2025-04-11T22:19:00,iOS,Mumbai,908.1,0.0
S004115,U02469,2025-02-06T14:36:00,Android,Mumbai,476.6,19.0
S004116,U02469,2025-04-17T18:30:00,Android,Mumbai,853.83,59.0
S004117,U02470,2025-05-11T22:48:00,Android,Bengaluru,638.17,39.0
S004118,U02470,2025-02-27T09:44:00,Android,Bengaluru,747.77,49.0
S004119,U02470,2025-05-31T14:33:00,Android,Bengaluru,993.73,0.0
S004120,U02471,2025-03-21T22:45:00,Android,Mumbai,631.85,19.0
S004121,U02471,2025-01-11T16:01:00,Android,Mumbai,403.25,59.0
S004122,U02471,2025-05-02T07:40:00,Android,Mumbai,642.58,59.0
S004123,U02472,2025-04-19T10:54:00,iOS,Bengaluru,457.6,49.0
S004124,U02472,2025-01-10T19:11:00,iOS,Bengaluru,893.13,49.0
S004125,U02473,2025-06-27T11:54:00,Android,Bengaluru,748.25,19.0
S004126,U02474,2025-06-27T08:37:00,iOS,Bengaluru,402.81,0.0
S004127,U02474,2025-02-14T19:23:00,iOS,Bengaluru,365.06,29.0
S004128,U02475,2025-01-03T14:36:00,Android,Delhi,921.33,0.0
S004129,U02475,2025-01-26T11:39:00,Android,Delhi,946.75,0.0
S004130,U02476,2025-02-27T14:21:00,iOS,Kolkata,680.82,39.0
S004131,U02477,2025-05-18T21:28:00,iOS,Mumbai,703.07,49.0
S004132,U02477,2025-06-04T14:21:00,iOS,Mumbai,569.1,39.0
S004133,U02478,2025-04-01T12:37:00,Android,Hyderabad,605.14,69.0
S004134,U02478,2025-06-23T10:35:00,Android,Hyderabad,921.73,29.0
S004135,U02479,2025-03-11T17:00:00,iOS,Delhi,615.96,29.0
S004136,U02479,2025-04-02T14:03:00,iOS,Delhi,622.08,0.0
S004137,U02480,2025-04-23T12:50:00,Android,Hyderabad,446.99,49.0
S004138,U02480,2025-02-16T19:21:00,Android,Hyderabad,997.27,0.0
S004139,U02481,2025-03-14T16:58:00,iOS,Kolkata,1185.87,0.0
S004140,U02482,2025-02-16T20:02:00,iOS,Delhi,727.49,0.0
S004141,U02483,2025-06-14T08:51:00,Android,Kolkata,837.47,49.0
S004142,U02484,2025-04-10T16:09:00,Android,Mumbai,622.67,19.0
S004143,U02485,2025-02-22T20:36:00,iOS,Hyderabad,1015.05,0.0
S004144,U02485,2025-05-25T10:33:00,iOS,Hyderabad,956.1,0.0
S004145,U02486,2025-03-04T19:58:00,iOS,Bengaluru,396.76,49.0
S004146,U02487,2025-02-17T20:58:00,Android,Mumbai,732.51,59.0
S004147,U02488,2025-05-11T20:59:00,iOS,Mumbai,930.89,59.0
S004148,U02489,2025-05-02T20:25:00,Android,Kolkata,525.56,69.0
S004149,U02490,2025-01-22T17:07:00,Android,Kolkata,702.79,0.0
S004150,U02491,2025-06-20T17:03:00,Android,Delhi,1115.71,0.0
S004151,U02491,2025-02-09T18:14:00,Android,Delhi,675.25,39.0
S004152,U02491,2025-02-11T19:00:00,Android,Delhi,724.98,39.0
S004153,U02492,2025-02-16T14:31:00,Android,Kolkata,518.3,29.0
S004154,U02492,2025-01-05T22:46:00,Android,Kolkata,582.75,69.0
S004155,U02493,2025-03-30T09:49:00,Android,Kolkata,815.88,39.0
S004156,U02494,2025-03-16T20:00:00,Android,Mumbai,1428.36,0.0
S004157,U02495,2025-01-29T14:46:00,Android,Bengaluru,608.63,39.0
S004158,U02495,2025-06-01T09:25:00,Android,Bengaluru,524.46,29.0
S004159,U02496,2025-04-23T19:26:00,Android,Bengaluru,557.72,39.0
S004160,U02496,2025-06-19T10:27:00,Android,Bengaluru,864.68,0.0
S004161,U02497,2025-06-23T08:39:00,iOS,Bengaluru,533.48,29.0
S004162,U02497,2025-04-28T22:44:00,iOS,Bengaluru,948.86,0.0
S004163,U02498,2025-05-14T17:30:00,iOS,Bengaluru,737.55,49.0
S004164,U02499,2025-04-09T09:09:00,iOS,Kolkata,894.54,39.0
S004165,U02499,2025-05-21T10:50:00,iOS,Kolkata,909.73,19.0
S004166,U02500,2025-05-04T18:10:00,Android,Bengaluru,947.71,0.0
S004167,U02501,2025-02-28T19:45:00,iOS,Hyderabad,773.43,49.0
S004168,U02502,2025-06-22T22:52:00,Android,Mumbai,589.56,0.0
S004169,U02503,2025-02-23T14:40:00,Android,Mumbai,399.25,29.0
S004170,U02504,2025-02-03T07:49:00,iOS,Bengaluru,797.82,49.0
S004171,U02504,2025-04-28T18:32:00,iOS,Bengaluru,763.32,29.0
S004172,U02505,2025-02-12T15:57:00,Android,Mumbai,385.71,19.0
S004173,U02505,2025-04-19T07:21:00,Android,Mumbai,927.92,29.0
S004174,U02506,2025-02-06T11:02:00,iOS,Mumbai,635.67,19.0
S004175,U02507,2025-02-27T19:01:00,Android,Mumbai,1420.82,0.0
S004176,U02507,2025-02-28T14:38:00,Android,Mumbai,961.11,0.0
S004177,U02508,2025-03-31T15:30:00,Android,Bengaluru,768.47,59.0
S004178,U02509,2025-05-04T20:35:00,Android,Hyderabad,1439.84,59.0
S004179,U02510,2025-02-02T16:11:00,Android,Bengaluru,1159.54,29.0
S004180,U02510,2025-03-21T08:43:00,Android,Bengaluru,639.43,29.0
S004181,U02511,2025-02-08T16:43:00,Android,Mumbai,585.64,39.0
S004182,U02512,2025-01-25T08:45:00,Android,Delhi,1007.64,0.0
S004183,U02513,2025-01-28T09:59:00,Android,Bengaluru,654.91,49.0
S004184,U02513,2025-05-12T16:18:00,Android,Bengaluru,485.44,39.0
S004185,U02514,2025-03-30T20:36:00,iOS,Hyderabad,486.69,59.0
S004186,U02515,2025-06-05T19:15:00,Android,Bengaluru,674.14,49.0
S004187,U02516,2025-04-03T21:50:00,Android,Kolkata,803.49,39.0
S004188,U02516,2025-05-20T18:08:00,Android,Kolkata,799.55,39.0
S004189,U02517,2025-05-05T12:02:00,Android,Kolkata,487.21,49.0
S004190,U02518,2025-04-28T14:22:00,Android,Delhi,645.7,29.0
S004191,U02518,2025-02-26T09:32:00,Android,Delhi,1850.47,29.0
S004192,U02519,2025-05-27T14:54:00,Android,Delhi,573.84,49.0
S004193,U02520,2025-05-18T14:07:00,Android,Bengaluru,546.74,29.0
S004194,U02521,2025-01-08T10:41:00,iOS,Kolkata,709.0,0.0
S004195,U02522,2025-02-15T10:35:00,Android,Mumbai,1516.07,0.0
S004196,U02522,2025-04-18T11:19:00,Android,Mumbai,421.58,29.0
S004197,U02523,2025-03-06T18:55:00,iOS,Bengaluru,708.47,59.0
S004198,U02524,2025-05-02T19:08:00,Android,Mumbai,716.97,49.0
S004199,U02525,2025-01-06T10:36:00,Android,Bengaluru,506.79,49.0
S004200,U02526,2025-02-21T07:43:00,Android,Mumbai,473.91,0.0
S004201,U02526,2025-04-14T12:24:00,Android,Mumbai,649.56,49.0
S004202,U02527,2025-04-26T17:38:00,Android,Mumbai,632.17,29.0
S004203,U02527,2025-01-23T17:59:00,Android,Mumbai,1256.52,19.0
S004204,U02527,2025-01-08T16:54:00,Android,Mumbai,898.05,69.0
S004205,U02528,2025-03-02T20:37:00,Android,Bengaluru,1029.11,0.0
S004206,U02528,2025-05-25T12:12:00,Android,Bengaluru,829.09,0.0
S004207,U02528,2025-05-11T20:43:00,Android,Bengaluru,946.57,0.0
S004208,U02528,2025-02-03T10:50:00,Android,Bengaluru,919.37,0.0
S004209,U02529,2025-02-27T21:33:00,Android,Hyderabad,493.49,69.0
S004210,U02529,2025-04-15T11:51:00,Android,Hyderabad,588.86,49.0
S004211,U02530,2025-06-27T20:17:00,Android,Delhi,814.1,39.0
S004212,U02530,2025-05-26T16:33:00,Android,Delhi,1022.5,19.0
S004213,U02531,2025-06-01T13:29:00,Android,Mumbai,550.17,49.0
S004214,U02532,2025-06-13T22:40:00,Android,Mumbai,1298.89,19.0
S004215,U02533,2025-01-26T13:46:00,iOS,Kolkata,1180.37,0.0
S004216,U02534,2025-01-22T17:13:00,iOS,Mumbai,481.17,19.0
S004217,U02535,2025-04-12T20:50:00,Android,Kolkata,424.08,29.0
S004218,U02536,2025-01-15T10:17:00,Android,Delhi,374.81,29.0
S004219,U02536,2025-05-02T13:38:00,Android,Delhi,594.29,29.0
S004220,U02537,2025-05-06T21:51:00,Android,Hyderabad,1647.25,0.0
S004221,U02537,2025-04-20T19:07:00,Android,Hyderabad,491.74,49.0
S004222,U02537,2025-02-09T18:58:00,Android,Hyderabad,1341.15,29.0
S004223,U02538,2025-04-27T16:59:00,iOS,Bengaluru,898.41,49.0
S004224,U02538,2025-03-04T20:15:00,iOS,Bengaluru,869.22,59.0
S004225,U02539,2025-03-24T13:46:00,Android,Hyderabad,806.28,49.0
S004226,U02539,2025-02-12T09:16:00,Android,Hyderabad,877.0,39.0
S004227,U02539,2025-04-27T18:53:00,Android,Hyderabad,397.71,69.0
S004228,U02540,2025-03-19T14:47:00,Android,Bengaluru,651.66,19.0
S004229,U02541,2025-02-23T20:45:00,iOS,Kolkata,340.33,49.0
S004230,U02542,2025-06-24T21:23:00,Android,Kolkata,593.62,39.0
S004231,U02542,2025-03-01T14:33:00,Android,Kolkata,406.41,69.0
S004232,U02542,2025-05-09T07:27:00,Android,Kolkata,1148.92,0.0
S004233,U02543,2025-04-26T21:22:00,Android,Delhi,554.8,39.0
S004234,U02544,2025-06-02T22:06:00,iOS,Mumbai,943.12,0.0
S004235,U02544,2025-05-08T11:36:00,iOS,Mumbai,600.32,39.0
S004236,U02545,2025-04-20T09:14:00,iOS,Mumbai,718.97,39.0
S004237,U02546,2025-04-01T16:18:00,Android,Delhi,985.96,0.0
S004238,U02547,2025-02-25T09:03:00,Android,Mumbai,571.6,49.0
S004239,U02548,2025-01-19T15:46:00,Android,Hyderabad,1003.36,0.0
S004240,U02549,2025-03-04T09:05:00,Android,Mumbai,527.5,29.0
S004241,U02550,2025-01-23T13:41:00,Android,Bengaluru,1099.5,0.0
S004242,U02550,2025-06-04T17:57:00,Android,Bengaluru,643.84,19.0
S004243,U02551,2025-03-06T13:10:00,Android,Kolkata,1118.04,0.0
S004244,U02552,2025-01-11T16:32:00,Android,Bengaluru,887.59,39.0
S004245,U02553,2025-02-15T12:47:00,iOS,Mumbai,1080.42,0.0
S004246,U02553,2025-01-17T19:20:00,iOS,Mumbai,847.68,29.0
S004247,U02553,2025-02-24T12:32:00,iOS,Mumbai,967.17,0.0
S004248,U02553,2025-02-14T15:47:00,iOS,Mumbai,1045.33,49.0
S004249,U02553,2025-04-13T16:06:00,iOS,Mumbai,628.29,39.0
S004250,U02554,2025-01-26T22:01:00,iOS,Bengaluru,886.7,19.0
S004251,U02554,2025-04-17T22:39:00,iOS,Bengaluru,622.15,39.0
S004252,U02555,2025-06-07T08:48:00,iOS,Bengaluru,578.15,49.0
S004253,U02555,2025-01-04T07:56:00,iOS,Bengaluru,726.77,29.0
S004254,U02556,2025-01-15T07:03:00,Android,Bengaluru,594.21,29.0
S004255,U02557,2025-06-11T18:16:00,Android,Delhi,520.61,39.0
S004256,U02558,2025-02-10T14:31:00,Android,Mumbai,602.61,49.0
S004257,U02558,2025-02-25T12:46:00,Android,Mumbai,863.72,59.0
S004258,U02559,2025-04-13T16:38:00,Android,Mumbai,779.81,0.0
S004259,U02559,2025-01-04T09:53:00,Android,Mumbai,1327.88,0.0
S004260,U02560,2025-04-23T07:51:00,Android,Mumbai,766.58,49.0
S004261,U02561,2025-06-30T12:43:00,iOS,Mumbai,636.61,39.0
S004262,U02561,2025-04-28T13:25:00,iOS,Mumbai,674.94,29.0
S004263,U02561,2025-04-28T14:37:00,iOS,Mumbai,568.01,39.0
S004264,U02562,2025-03-10T14:40:00,Android,Bengaluru,704.72,29.0
S004265,U02562,2025-01-25T15:01:00,Android,Bengaluru,1214.96,0.0
S004266,U02563,2025-02-25T12:34:00,Android,Bengaluru,1815.46,0.0
S004267,U02564,2025-01-11T15:48:00,Android,Mumbai,734.78,39.0
S004268,U02565,2025-02-19T17:22:00,iOS,Mumbai,1290.7,69.0
S004269,U02566,2025-04-03T22:32:00,Android,Mumbai,516.88,69.0
S004270,U02567,2025-03-12T22:23:00,Android,Bengaluru,330.86,49.0
S004271,U02567,2025-06-25T22:48:00,Android,Bengaluru,414.29,39.0
S004272,U02568,2025-03-15T09:47:00,Android,Hyderabad,768.67,19.0
S004273,U02569,2025-04-10T20:37:00,iOS,Bengaluru,686.05,19.0
S004274,U02570,2025-05-29T13:45:00,Android,Mumbai,646.7,39.0
S004275,U02570,2025-01-19T20:14:00,Android,Mumbai,676.8,29.0
S004276,U02571,2025-04-30T16:31:00,Android,Bengaluru,1235.76,0.0
S004277,U02571,2025-05-19T08:47:00,Android,Bengaluru,1733.2,0.0
S004278,U02572,2025-05-04T17:06:00,iOS,Mumbai,831.37,59.0
S004279,U02572,2025-06-18T14:34:00,iOS,Mumbai,764.47,49.0
S004280,U02573,2025-05-10T10:33:00,Android,Delhi,475.04,39.0
S004281,U02573,2025-05-27T16:45:00,Android,Delhi,550.46,59.0
S004282,U02573,2025-06-25T22:49:00,Android,Delhi,1315.91,0.0
S004283,U02573,2025-02-27T10:49:00,Android,Delhi,407.15,29.0
S004284,U02573,2025-02-25T21:39:00,Android,Delhi,331.47,49.0
S004285,U02574,2025-01-28T21:20:00,Android,Hyderabad,627.3,0.0
S004286,U02574,2025-04-25T14:09:00,Android,Hyderabad,601.85,19.0
S004287,U02574,2025-05-18T18:06:00,Android,Hyderabad,683.79,59.0
S004288,U02575,2025-06-27T07:58:00,iOS,Bengaluru,517.69,39.0
S004289,U02576,2025-02-27T08:18:00,Android,Mumbai,764.35,29.0
S004290,U02576,2025-03-17T22:49:00,Android,Mumbai,1312.47,0.0
S004291,U02576,2025-06-24T20:47:00,Android,Mumbai,434.24,0.0
S004292,U02576,2025-06-05T18:23:00,Android,Mumbai,741.29,49.0
S004293,U02577,2025-05-03T11:55:00,Android,Bengaluru,384.2,69.0
S004294,U02577,2025-03-29T07:55:00,Android,Bengaluru,860.4,39.0
S004295,U02577,2025-03-25T08:20:00,Android,Bengaluru,1110.08,29.0
S004296,U02578,2025-02-03T07:48:00,Android,Hyderabad,1242.98,0.0
S004297,U02578,2025-06-09T07:56:00,Android,Hyderabad,895.78,29.0
S004298,U02579,2025-03-30T21:24:00,Android,Bengaluru,646.6,39.0
S004299,U02580,2025-05-24T07:44:00,Android,Bengaluru,967.46,0.0
S004300,U02581,2025-04-14T18:08:00,iOS,Hyderabad,1330.57,0.0
S004301,U02581,2025-06-10T08:23:00,iOS,Hyderabad,448.09,29.0
S004302,U02582,2025-02-23T21:15:00,iOS,Bengaluru,836.59,0.0
S004303,U02582,2025-05-21T22:36:00,iOS,Bengaluru,460.68,59.0
S004304,U02582,2025-06-18T21:29:00,iOS,Bengaluru,735.44,49.0
S004305,U02583,2025-04-02T09:54:00,Android,Bengaluru,707.61,39.0
S004306,U02584,2025-03-20T07:03:00,iOS,Hyderabad,566.16,0.0
S004307,U02585,2025-05-10T18:16:00,iOS,Hyderabad,768.5,59.0
S004308,U02585,2025-03-05T20:48:00,iOS,Hyderabad,912.7,39.0
S004309,U02586,2025-06-22T13:01:00,Android,Hyderabad,645.58,39.0
S004310,U02587,2025-01-31T14:14:00,iOS,Delhi,354.43,49.0
S004311,U02588,2025-01-11T21:37:00,iOS,Mumbai,333.54,69.0
S004312,U02589,2025-02-01T22:21:00,iOS,Hyderabad,860.62,39.0
S004313,U02590,2025-01-26T19:29:00,Android,Bengaluru,698.62,39.0
S004314,U02591,2025-06-29T09:09:00,iOS,Hyderabad,917.64,49.0
S004315,U02591,2025-03-12T16:49:00,iOS,Hyderabad,620.69,39.0
S004316,U02591,2025-05-30T08:42:00,iOS,Hyderabad,1076.76,49.0
S004317,U02591,2025-06-30T22:51:00,iOS,Hyderabad,374.63,69.0
S004318,U02591,2025-05-28T19:10:00,iOS,Hyderabad,581.94,0.0
S004319,U02591,2025-03-21T20:36:00,iOS,Hyderabad,921.7,0.0
S004320,U02591,2025-06-10T12:39:00,iOS,Hyderabad,1065.35,0.0
S004321,U02591,2025-04-16T15:05:00,iOS,Hyderabad,895.59,29.0
S004322,U02592,2025-02-15T17:33:00,Android,Bengaluru,840.26,39.0
S004323,U02592,2025-04-22T20:01:00,Android,Bengaluru,680.44,49.0
S004324,U02593,2025-06-29T20:54:00,Android,Kolkata,1036.88,0.0
S004325,U02593,2025-05-08T22:36:00,Android,Kolkata,1531.74,0.0
S004326,U02594,2025-06-15T09:39:00,Android,Mumbai,1507.71,0.0
S004327,U02595,2025-03-27T08:24:00,Android,Mumbai,708.64,39.0
S004328,U02596,2025-05-16T10:06:00,Android,Mumbai,802.6,39.0
S004329,U02596,2025-04-06T11:34:00,Android,Mumbai,714.08,29.0
S004330,U02597,2025-02-22T10:27:00,Android,Bengaluru,815.0,19.0
S004331,U02598,2025-03-31T22:10:00,Android,Delhi,716.01,39.0
S004332,U02598,2025-06-18T19:12:00,Android,Delhi,711.36,49.0
S004333,U02599,2025-01-18T08:09:00,iOS,Hyderabad,401.35,49.0
S004334,U02599,2025-04-12T08:51:00,iOS,Hyderabad,513.3,49.0
S004335,U02599,2025-04-30T18:25:00,iOS,Hyderabad,727.72,49.0
S004336,U02599,2025-06-28T15:05:00,iOS,Hyderabad,416.46,39.0
S004337,U02599,2025-03-25T19:53:00,iOS,Hyderabad,1089.44,0.0
S004338,U02600,2025-05-12T08:03:00,Android,Mumbai,539.46,49.0
S004339,U02601,2025-02-06T10:08:00,Android,Mumbai,666.85,0.0
S004340,U02602,2025-03-16T21:00:00,Android,Bengaluru,302.6,39.0
S004341,U02603,2025-05-21T21:38:00,Android,Hyderabad,323.18,19.0
S004342,U02604,2025-05-22T22:20:00,Android,Delhi,689.46,0.0
S004343,U02605,2025-04-08T08:08:00,Android,Bengaluru,677.89,19.0
S004344,U02606,2025-02-20T18:10:00,Android,Kolkata,1014.68,0.0
S004345,U02607,2025-06-16T11:55:00,iOS,Mumbai,646.09,39.0
S004346,U02607,2025-01-04T10:51:00,iOS,Mumbai,703.69,59.0
S004347,U02608,2025-06-07T07:02:00,Android,Mumbai,394.11,29.0
S004348,U02609,2025-01-04T07:31:00,Android,Kolkata,510.08,49.0
S004349,U02610,2025-02-19T15:26:00,iOS,Delhi,1061.52,0.0
S004350,U02610,2025-01-25T11:18:00,iOS,Delhi,801.82,59.0
S004351,U02611,2025-04-15T14:53:00,Android,Kolkata,753.9,19.0
S004352,U02611,2025-05-15T08:28:00,Android,Kolkata,532.38,49.0
S004353,U02612,2025-03-20T14:54:00,Android,Hyderabad,730.77,29.0
S004354,U02613,2025-02-11T10:53:00,Android,Mumbai,1102.02,0.0
S004355,U02614,2025-04-26T21:53:00,Android,Bengaluru,564.02,59.0
S004356,U02614,2025-01-18T08:57:00,Android,Bengaluru,830.84,0.0
S004357,U02615,2025-06-13T08:51:00,Android,Bengaluru,209.13,59.0
S004358,U02616,2025-02-21T07:39:00,iOS,Delhi,449.23,19.0
S004359,U02617,2025-06-12T20:06:00,Android,Bengaluru,643.05,29.0
S004360,U02617,2025-04-16T12:48:00,Android,Bengaluru,1276.55,0.0
S004361,U02618,2025-05-03T18:36:00,iOS,Bengaluru,772.98,39.0
S004362,U02619,2025-03-18T17:38:00,Android,Mumbai,541.97,69.0
S004363,U02619,2025-05-06T21:37:00,Android,Mumbai,1475.62,0.0
S004364,U02620,2025-06-18T17:24:00,iOS,Hyderabad,696.58,39.0
S004365,U02620,2025-03-22T20:59:00,iOS,Hyderabad,747.08,19.0
S004366,U02621,2025-06-01T11:15:00,Android,Bengaluru,390.52,0.0
S004367,U02622,2025-05-29T08:46:00,Android,Hyderabad,976.2,49.0
S004368,U02622,2025-06-11T20:30:00,Android,Hyderabad,1068.17,0.0
S004369,U02623,2025-06-02T12:14:00,Android,Kolkata,1015.67,0.0
S004370,U02624,2025-04-24T10:08:00,Android,Hyderabad,757.87,0.0
S004371,U02624,2025-05-18T07:50:00,Android,Hyderabad,916.25,0.0
S004372,U02624,2025-01-23T10:21:00,Android,Hyderabad,1127.86,0.0
S004373,U02625,2025-05-26T10:35:00,Android,Hyderabad,388.63,0.0
S004374,U02626,2025-04-16T10:09:00,Android,Hyderabad,633.27,49.0
S004375,U02627,2025-01-26T14:23:00,Android,Bengaluru,904.21,69.0
S004376,U02627,2025-04-19T11:33:00,Android,Bengaluru,489.3,39.0
S004377,U02627,2025-04-25T15:48:00,Android,Bengaluru,1046.27,19.0
S004378,U02628,2025-04-27T09:43:00,Android,Delhi,477.0,39.0
S004379,U02629,2025-01-15T21:19:00,Android,Kolkata,1156.49,0.0
S004380,U02630,2025-01-09T19:51:00,Android,Mumbai,757.51,39.0
S004381,U02631,2025-03-25T16:50:00,Android,Hyderabad,871.62,39.0
S004382,U02631,2025-05-27T13:24:00,Android,Hyderabad,531.33,59.0
S004383,U02632,2025-02-28T08:54:00,Android,Kolkata,906.66,0.0
S004384,U02633,2025-02-01T17:00:00,Android,Bengaluru,1100.98,0.0
S004385,U02633,2025-06-20T13:23:00,Android,Bengaluru,534.21,29.0
S004386,U02633,2025-01-12T19:21:00,Android,Bengaluru,468.92,29.0
S004387,U02634,2025-01-28T14:14:00,Android,Delhi,615.31,29.0
S004388,U02634,2025-03-01T14:43:00,Android,Delhi,469.23,39.0
S004389,U02634,2025-06-27T20:24:00,Android,Delhi,343.45,49.0
S004390,U02635,2025-03-01T16:45:00,Android,Mumbai,677.94,29.0
S004391,U02635,2025-03-08T22:04:00,Android,Mumbai,724.16,29.0
S004392,U02636,2025-01-20T07:32:00,Android,Bengaluru,854.37,19.0
S004393,U02637,2025-01-16T13:48:00,iOS,Mumbai,404.94,59.0
S004394,U02637,2025-03-03T07:10:00,iOS,Mumbai,1103.25,0.0
S004395,U02638,2025-02-07T13:30:00,iOS,Hyderabad,538.63,39.0
S004396,U02638,2025-01-23T20:22:00,iOS,Hyderabad,695.98,59.0
S004397,U02639,2025-04-27T14:49:00,Android,Mumbai,1022.42,0.0
S004398,U02639,2025-03-28T11:49:00,Android,Mumbai,817.27,29.0
S004399,U02640,2025-03-12T15:36:00,Android,Delhi,464.77,59.0
S004400,U02640,2025-01-23T08:02:00,Android,Delhi,545.77,49.0
S004401,U02641,2025-06-05T12:09:00,Android,Hyderabad,512.37,29.0
S004402,U02641,2025-06-06T18:06:00,Android,Hyderabad,604.29,49.0
S004403,U02642,2025-02-25T16:39:00,Android,Bengaluru,689.46,49.0
S004404,U02642,2025-06-24T15:54:00,Android,Bengaluru,1326.36,0.0
S004405,U02643,2025-04-28T11:39:00,Android,Kolkata,382.06,49.0
S004406,U02643,2025-05-16T10:03:00,Android,Kolkata,1249.3,19.0
S004407,U02644,2025-02-22T14:27:00,Android,Bengaluru,444.29,69.0
S004408,U02644,2025-02-12T14:02:00,Android,Bengaluru,755.5,39.0
S004409,U02645,2025-03-24T17:52:00,Android,Kolkata,598.13,39.0
S004410,U02646,2025-06-28T13:32:00,Android,Mumbai,710.72,29.0
S004411,U02646,2025-06-16T13:33:00,Android,Mumbai,1132.66,0.0
S004412,U02647,2025-04-08T18:48:00,Android,Delhi,741.4,49.0
S004413,U02647,2025-05-08T10:09:00,Android,Delhi,1287.1,0.0
S004414,U02647,2025-04-03T08:13:00,Android,Delhi,1509.66,0.0
S004415,U02648,2025-05-19T07:35:00,Android,Mumbai,632.64,49.0
S004416,U02648,2025-06-22T11:57:00,Android,Mumbai,671.92,39.0
S004417,U02648,2025-06-29T17:03:00,Android,Mumbai,479.76,49.0
S004418,U02649,2025-02-13T19:13:00,iOS,Bengaluru,513.03,29.0
S004419,U02649,2025-05-18T22:04:00,iOS,Bengaluru,795.38,59.0
S004420,U02649,2025-06-27T11:21:00,iOS,Bengaluru,1209.35,0.0
S004421,U02650,2025-06-21T10:30:00,iOS,Delhi,762.32,29.0
S004422,U02650,2025-01-19T22:31:00,iOS,Delhi,489.04,19.0
S004423,U02651,2025-01-27T12:51:00,Android,Hyderabad,1045.9,0.0
S004424,U02652,2025-06-23T11:49:00,iOS,Hyderabad,594.68,69.0
S004425,U02652,2025-03-23T12:33:00,iOS,Hyderabad,667.35,69.0
S004426,U02653,2025-04-20T11:47:00,iOS,Bengaluru,1063.15,29.0
S004427,U02653,2025-02-17T16:06:00,iOS,Bengaluru,1599.55,0.0
S004428,U02654,2025-06-11T10:14:00,Android,Mumbai,985.21,0.0
S004429,U02655,2025-01-06T10:12:00,Android,Hyderabad,388.69,29.0
S004430,U02656,2025-02-05T13:49:00,iOS,Hyderabad,421.07,59.0
S004431,U02657,2025-05-07T12:31:00,Android,Delhi,1280.73,0.0
S004432,U02658,2025-05-06T20:44:00,Android,Bengaluru,781.16,29.0
S004433,U02658,2025-05-02T12:34:00,Android,Bengaluru,564.13,39.0
S004434,U02659,2025-04-18T08:08:00,Android,Kolkata,957.28,49.0
S004435,U02660,2025-06-26T17:04:00,Android,Delhi,611.81,19.0
S004436,U02661,2025-04-03T19:35:00,Android,Delhi,586.58,19.0
S004437,U02662,2025-04-22T18:36:00,iOS,Hyderabad,598.21,29.0
S004438,U02663,2025-02-24T07:12:00,Android,Delhi,494.45,69.0
S004439,U02663,2025-02-20T19:14:00,Android,Delhi,1091.95,0.0
S004440,U02664,2025-05-08T09:53:00,Android,Hyderabad,749.1,29.0
S004441,U02665,2025-01-08T20:03:00,Android,Bengaluru,715.19,49.0
S004442,U02666,2025-03-28T20:12:00,Android,Hyderabad,694.11,0.0
S004443,U02666,2025-02-08T21:43:00,Android,Hyderabad,823.62,39.0
S004444,U02667,2025-01-10T20:00:00,iOS,Kolkata,359.96,0.0
S004445,U02668,2025-02-23T20:13:00,Android,Kolkata,814.98,49.0
S004446,U02668,2025-04-26T10:31:00,Android,Kolkata,1040.8,39.0
S004447,U02669,2025-02-23T19:58:00,Android,Kolkata,413.54,39.0
S004448,U02669,2025-06-11T22:50:00,Android,Kolkata,315.24,29.0
S004449,U02670,2025-05-31T13:58:00,Android,Kolkata,573.57,29.0
S004450,U02671,2025-02-15T08:56:00,iOS,Delhi,1968.99,69.0
S004451,U02671,2025-03-17T19:51:00,iOS,Delhi,727.31,69.0
S004452,U02672,2025-02-12T17:00:00,iOS,Kolkata,360.19,0.0
S004453,U02673,2025-01-01T22:09:00,Android,Kolkata,533.5,49.0
S004454,U02674,2025-06-28T20:53:00,Android,Mumbai,399.58,29.0
S004455,U02675,2025-03-07T12:15:00,Android,Delhi,948.36,0.0
S004456,U02675,2025-02-21T18:42:00,Android,Delhi,728.52,0.0
S004457,U02676,2025-04-17T11:53:00,iOS,Bengaluru,922.23,0.0
S004458,U02677,2025-01-03T18:00:00,iOS,Mumbai,776.68,0.0
S004459,U02678,2025-05-04T22:55:00,Android,Hyderabad,880.02,29.0
S004460,U02678,2025-06-07T10:59:00,Android,Hyderabad,962.84,0.0
S004461,U02679,2025-01-02T14:38:00,iOS,Delhi,517.55,39.0
S004462,U02679,2025-03-30T10:38:00,iOS,Delhi,733.3,19.0
S004463,U02680,2025-05-14T08:56:00,Android,Delhi,282.99,59.0
S004464,U02681,2025-06-23T18:57:00,Android,Mumbai,761.97,39.0
S004465,U02681,2025-01-29T12:02:00,Android,Mumbai,669.61,49.0
S004466,U02681,2025-03-07T09:35:00,Android,Mumbai,623.94,49.0
S004467,U02681,2025-05-30T09:01:00,Android,Mumbai,1424.46,0.0
S004468,U02682,2025-03-16T19:02:00,Android,Bengaluru,618.67,59.0
S004469,U02682,2025-02-07T10:12:00,Android,Bengaluru,729.24,29.0
S004470,U02683,2025-04-26T10:49:00,Android,Kolkata,498.87,69.0
S004471,U02684,2025-05-30T14:21:00,Android,Delhi,743.97,0.0
S004472,U02685,2025-02-21T12:32:00,Android,Bengaluru,651.25,29.0
S004473,U02686,2025-05-27T14:06:00,iOS,Bengaluru,702.92,49.0
S004474,U02686,2025-02-25T17:35:00,iOS,Bengaluru,730.08,49.0
S004475,U02687,2025-05-04T22:51:00,iOS,Hyderabad,432.26,29.0
S004476,U02688,2025-03-25T21:48:00,Android,Kolkata,817.26,49.0
S004477,U02689,2025-01-07T12:24:00,Android,Bengaluru,562.28,39.0
S004478,U02690,2025-01-30T22:08:00,iOS,Bengaluru,1109.52,0.0
S004479,U02690,2025-05-16T18:14:00,iOS,Bengaluru,767.66,49.0
S004480,U02691,2025-01-19T10:50:00,Android,Delhi,1302.04,0.0
S004481,U02691,2025-06-07T13:02:00,Android,Delhi,1280.41,0.0
S004482,U02691,2025-05-29T09:20:00,Android,Delhi,347.72,29.0
S004483,U02692,2025-03-06T07:50:00,iOS,Bengaluru,462.28,59.0
S004484,U02692,2025-02-13T15:02:00,iOS,Bengaluru,498.7,59.0
S004485,U02693,2025-01-04T21:30:00,Android,Hyderabad,694.9,69.0
S004486,U02693,2025-04-12T14:08:00,Android,Hyderabad,482.79,29.0
S004487,U02694,2025-01-08T12:04:00,Android,Bengaluru,985.79,0.0
S004488,U02694,2025-03-11T21:14:00,Android,Bengaluru,1104.01,39.0
S004489,U02694,2025-03-23T17:21:00,Android,Bengaluru,800.89,19.0
S004490,U02694,2025-05-06T10:50:00,Android,Bengaluru,1039.58,0.0
S004491,U02695,2025-06-05T13:38:00,iOS,Mumbai,917.29,0.0
S004492,U02695,2025-06-23T12:59:00,iOS,Mumbai,851.8,39.0
S004493,U02696,2025-03-16T19:59:00,Android,Delhi,532.71,0.0
S004494,U02697,2025-01-07T18:48:00,Android,Delhi,726.11,39.0
S004495,U02697,2025-06-24T12:53:00,Android,Delhi,486.02,29.0
S004496,U02697,2025-03-07T09:27:00,Android,Delhi,1929.45,0.0
S004497,U02698,2025-02-14T11:10:00,Android,Delhi,516.15,19.0
S004498,U02698,2025-05-21T08:54:00,Android,Delhi,428.55,39.0
S004499,U02699,2025-01-01T12:46:00,iOS,Bengaluru,951.82,0.0
S004500,U02699,2025-03-12T11:06:00,iOS,Bengaluru,554.19,49.0
S004501,U02700,2025-04-24T07:54:00,iOS,Bengaluru,666.73,29.0
S004502,U02700,2025-03-18T13:08:00,iOS,Bengaluru,879.16,39.0
S004503,U02701,2025-03-01T09:34:00,Android,Bengaluru,677.94,29.0
S004504,U02701,2025-03-30T21:21:00,Android,Bengaluru,1050.39,0.0
S004505,U02701,2025-03-27T19:49:00,Android,Bengaluru,824.23,49.0
S004506,U02702,2025-06-27T18:44:00,Android,Bengaluru,993.65,0.0
S004507,U02702,2025-05-06T12:25:00,Android,Bengaluru,616.06,29.0
S004508,U02702,2025-02-28T07:45:00,Android,Bengaluru,667.17,0.0
S004509,U02703,2025-03-22T20:06:00,Android,Kolkata,702.2,39.0
S004510,U02703,2025-05-04T08:00:00,Android,Kolkata,1229.77,39.0
S004511,U02704,2025-06-16T13:41:00,Android,Delhi,664.3,19.0
S004512,U02704,2025-06-02T11:50:00,Android,Delhi,957.4,0.0
S004513,U02705,2025-05-17T14:15:00,Android,Delhi,791.55,29.0
S004514,U02706,2025-04-21T11:24:00,Android,Bengaluru,608.47,69.0
S004515,U02706,2025-05-20T21:41:00,Android,Bengaluru,905.91,69.0
S004516,U02707,2025-04-07T12:00:00,Android,Hyderabad,748.56,0.0
S004517,U02708,2025-05-05T18:06:00,Android,Kolkata,610.1,0.0
S004518,U02709,2025-02-19T16:19:00,Android,Hyderabad,723.53,19.0
S004519,U02710,2025-06-10T08:58:00,Android,Mumbai,602.87,69.0
S004520,U02710,2025-01-05T16:10:00,Android,Mumbai,1863.38,29.0
S004521,U02711,2025-01-05T14:23:00,Android,Hyderabad,916.32,0.0
S004522,U02711,2025-05-23T13:12:00,Android,Hyderabad,654.99,0.0
S004523,U02711,2025-02-03T10:51:00,Android,Hyderabad,861.28,59.0
S004524,U02712,2025-06-27T13:58:00,Android,Delhi,558.07,19.0
S004525,U02713,2025-03-04T22:09:00,Android,Hyderabad,844.31,49.0
S004526,U02713,2025-06-10T18:20:00,Android,Hyderabad,1106.0,0.0
S004527,U02714,2025-06-09T10:49:00,Android,Hyderabad,1312.0,49.0
S004528,U02715,2025-01-08T07:29:00,Android,Bengaluru,841.62,59.0
S004529,U02715,2025-02-12T12:33:00,Android,Bengaluru,472.8,49.0
S004530,U02715,2025-06-21T11:15:00,Android,Bengaluru,666.85,29.0
S004531,U02716,2025-02-09T21:09:00,Android,Mumbai,545.46,0.0
S004532,U02717,2025-02-18T21:47:00,Android,Delhi,490.14,49.0
S004533,U02718,2025-06-29T15:39:00,Android,Bengaluru,817.72,39.0
S004534,U02718,2025-06-13T09:52:00,Android,Bengaluru,774.8,49.0
S004535,U02719,2025-01-30T15:19:00,Android,Hyderabad,799.78,0.0
S004536,U02720,2025-03-26T12:06:00,Android,Bengaluru,510.47,39.0
S004537,U02721,2025-02-05T10:17:00,Android,Hyderabad,537.53,69.0
S004538,U02722,2025-05-15T21:06:00,Android,Kolkata,732.53,39.0
S004539,U02722,2025-03-22T10:09:00,Android,Kolkata,370.87,0.0
S004540,U02722,2025-04-14T20:48:00,Android,Kolkata,480.2,39.0
S004541,U02722,2025-01-18T18:05:00,Android,Kolkata,723.53,49.0
S004542,U02722,2025-02-12T21:51:00,Android,Kolkata,1605.81,0.0
S004543,U02723,2025-01-04T12:00:00,Android,Mumbai,776.34,0.0
S004544,U02724,2025-06-01T14:47:00,Android,Delhi,671.32,49.0
S004545,U02725,2025-04-30T12:08:00,iOS,Mumbai,380.32,19.0
S004546,U02725,2025-06-18T21:52:00,iOS,Mumbai,1289.69,0.0
S004547,U02726,2025-04-19T15:57:00,Android,Hyderabad,1206.88,39.0
S004548,U02726,2025-01-23T17:14:00,Android,Hyderabad,771.05,19.0
S004549,U02726,2025-05-03T10:42:00,Android,Hyderabad,1471.89,0.0
S004550,U02727,2025-03-26T21:24:00,iOS,Bengaluru,715.04,19.0
S004551,U02727,2025-04-16T13:16:00,iOS,Bengaluru,955.79,0.0
S004552,U02728,2025-05-23T16:29:00,Android,Bengaluru,520.32,29.0
S004553,U02728,2025-06-11T12:49:00,Android,Bengaluru,580.22,39.0
S004554,U02729,2025-05-27T20:36:00,iOS,Mumbai,478.98,19.0
S004555,U02729,2025-06-07T13:24:00,iOS,Mumbai,923.37,39.0
S004556,U02729,2025-06-26T15:50:00,iOS,Mumbai,998.68,49.0
S004557,U02730,2025-01-24T21:06:00,iOS,Kolkata,553.7,49.0
S004558,U02730,2025-01-10T19:51:00,iOS,Kolkata,626.68,19.0
S004559,U02731,2025-01-28T08:08:00,Android,Delhi,597.69,49.0
S004560,U02732,2025-05-11T09:06:00,Android,Delhi,1336.12,49.0
S004561,U02733,2025-03-31T18:24:00,Android,Kolkata,925.32,0.0
S004562,U02733,2025-02-23T07:18:00,Android,Kolkata,412.34,59.0
S004563,U02734,2025-01-27T07:18:00,Android,Bengaluru,1145.25,0.0
S004564,U02734,2025-06-18T09:21:00,Android,Bengaluru,487.35,0.0
S004565,U02735,2025-05-21T14:13:00,Android,Bengaluru,536.14,49.0
S004566,U02736,2025-02-17T14:59:00,iOS,Mumbai,587.76,69.0
S004567,U02737,2025-03-07T18:03:00,Android,Bengaluru,653.32,49.0
S004568,U02738,2025-01-12T12:18:00,iOS,Bengaluru,1025.8,59.0
S004569,U02739,2025-05-18T20:09:00,iOS,Mumbai,1517.33,0.0
S004570,U02739,2025-03-25T10:55:00,iOS,Mumbai,881.02,59.0
S004571,U02739,2025-03-23T11:16:00,iOS,Mumbai,294.67,19.0
S004572,U02740,2025-04-27T13:41:00,iOS,Mumbai,760.66,29.0
S004573,U02740,2025-01-12T10:44:00,iOS,Mumbai,476.9,29.0
S004574,U02741,2025-03-04T15:03:00,iOS,Mumbai,469.59,59.0
S004575,U02741,2025-02-20T09:03:00,iOS,Mumbai,605.6,69.0
S004576,U02742,2025-06-11T14:34:00,Android,Delhi,1486.01,0.0
S004577,U02743,2025-03-25T22:33:00,iOS,Mumbai,1344.36,0.0
S004578,U02743,2025-01-15T19:00:00,iOS,Mumbai,1017.37,0.0
S004579,U02744,2025-02-06T21:43:00,Android,Mumbai,519.86,29.0
S004580,U02745,2025-05-22T07:32:00,Android,Hyderabad,782.08,19.0
S004581,U02746,2025-06-01T17:47:00,Android,Hyderabad,785.82,49.0
S004582,U02746,2025-01-15T10:47:00,Android,Hyderabad,1046.35,49.0
S004583,U02747,2025-03-06T18:53:00,Android,Mumbai,794.51,19.0
S004584,U02748,2025-02-21T17:35:00,iOS,Kolkata,292.93,0.0
S004585,U02749,2025-04-08T08:16:00,Android,Hyderabad,265.77,29.0
S004586,U02750,2025-03-23T17:05:00,Android,Bengaluru,1431.71,0.0
S004587,U02751,2025-06-30T21:55:00,Android,Kolkata,477.03,29.0
S004588,U02752,2025-01-27T19:46:00,Android,Kolkata,865.32,39.0
S004589,U02752,2025-02-19T22:23:00,Android,Kolkata,1364.98,0.0
S004590,U02752,2025-03-31T22:19:00,Android,Kolkata,785.1,49.0
S004591,U02753,2025-06-24T07:39:00,Android,Delhi,600.9,39.0
S004592,U02754,2025-02-12T17:27:00,Android,Bengaluru,735.06,29.0
S004593,U02755,2025-04-17T09:28:00,Android,Mumbai,475.74,39.0
S004594,U02755,2025-04-18T09:30:00,Android,Mumbai,807.12,49.0
S004595,U02756,2025-02-17T18:19:00,Android,Delhi,1237.77,0.0
S004596,U02757,2025-01-02T13:47:00,Android,Hyderabad,739.72,69.0
S004597,U02758,2025-01-20T16:49:00,Android,Mumbai,807.59,0.0
S004598,U02758,2025-03-17T17:49:00,Android,Mumbai,565.08,0.0
S004599,U02759,2025-02-20T21:09:00,Android,Bengaluru,982.45,0.0
S004600,U02760,2025-06-27T22:57:00,iOS,Bengaluru,548.26,29.0
S004601,U02761,2025-02-06T20:25:00,iOS,Kolkata,1112.02,0.0
S004602,U02761,2025-06-24T15:04:00,iOS,Kolkata,656.66,29.0
S004603,U02762,2025-06-24T11:40:00,iOS,Bengaluru,759.36,29.0
S004604,U02762,2025-01-01T14:28:00,iOS,Bengaluru,920.5,0.0
S004605,U02762,2025-04-29T21:10:00,iOS,Bengaluru,397.53,29.0
S004606,U02762,2025-03-31T15:24:00,iOS,Bengaluru,550.98,19.0
S004607,U02763,2025-04-02T18:50:00,Android,Hyderabad,614.51,49.0
S004608,U02764,2025-03-07T20:23:00,Android,Delhi,996.08,0.0
S004609,U02765,2025-04-29T11:49:00,iOS,Delhi,658.61,69.0
S004610,U02766,2025-03-13T19:27:00,iOS,Mumbai,748.78,29.0
S004611,U02766,2025-03-27T16:42:00,iOS,Mumbai,650.41,49.0
S004612,U02767,2025-04-29T21:35:00,Android,Bengaluru,445.55,49.0
S004613,U02768,2025-02-24T13:48:00,Android,Mumbai,460.41,59.0
S004614,U02769,2025-01-20T09:39:00,Android,Hyderabad,565.79,39.0
S004615,U02770,2025-04-14T12:10:00,Android,Bengaluru,892.95,19.0
S004616,U02771,2025-05-23T12:37:00,iOS,Delhi,867.32,49.0
S004617,U02772,2025-06-27T22:42:00,iOS,Hyderabad,562.34,49.0
S004618,U02772,2025-06-23T09:28:00,iOS,Hyderabad,1119.82,49.0
S004619,U02772,2025-05-19T10:53:00,iOS,Hyderabad,724.29,59.0
S004620,U02773,2025-01-17T13:13:00,iOS,Hyderabad,767.06,29.0
S004621,U02774,2025-04-19T22:00:00,Android,Mumbai,768.29,49.0
S004622,U02774,2025-05-08T10:41:00,Android,Mumbai,564.32,49.0
S004623,U02775,2025-06-03T14:22:00,Android,Hyderabad,643.1,39.0
S004624,U02775,2025-03-26T13:53:00,Android,Hyderabad,1187.27,0.0
S004625,U02776,2025-05-27T13:53:00,iOS,Bengaluru,820.13,49.0
S004626,U02777,2025-02-23T07:48:00,Android,Bengaluru,1356.25,0.0
S004627,U02777,2025-02-08T15:14:00,Android,Bengaluru,914.26,0.0
S004628,U02777,2025-03-24T11:12:00,Android,Bengaluru,936.88,0.0
S004629,U02777,2025-01-15T16:17:00,Android,Bengaluru,849.68,19.0
S004630,U02778,2025-04-14T12:24:00,Android,Mumbai,735.08,0.0
S004631,U02778,2025-04-22T09:57:00,Android,Mumbai,446.4,0.0
S004632,U02778,2025-03-28T10:00:00,Android,Mumbai,858.81,29.0
S004633,U02779,2025-06-16T15:39:00,Android,Hyderabad,994.5,0.0
S004634,U02780,2025-01-22T18:00:00,Android,Hyderabad,584.94,39.0
S004635,U02781,2025-02-06T22:57:00,Android,Bengaluru,620.48,29.0
S004636,U02782,2025-01-30T07:26:00,iOS,Mumbai,804.86,39.0
S004637,U02783,2025-01-07T12:56:00,Android,Mumbai,765.16,29.0
S004638,U02783,2025-01-02T14:07:00,Android,Mumbai,1037.87,29.0
S004639,U02783,2025-02-20T18:42:00,Android,Mumbai,670.16,29.0
S004640,U02784,2025-01-26T16:35:00,Android,Bengaluru,552.71,19.0
S004641,U02785,2025-04-05T12:08:00,Android,Mumbai,707.52,49.0
S004642,U02786,2025-01-11T18:37:00,Android,Mumbai,751.78,59.0
S004643,U02786,2025-03-11T21:42:00,Android,Mumbai,960.17,0.0
S004644,U02786,2025-06-25T16:04:00,Android,Mumbai,609.72,19.0
S004645,U02786,2025-03-26T20:28:00,Android,Mumbai,856.16,19.0
S004646,U02787,2025-03-16T09:41:00,Android,Bengaluru,348.14,39.0
S004647,U02787,2025-03-13T18:03:00,Android,Bengaluru,907.99,0.0
S004648,U02788,2025-02-10T07:20:00,Android,Delhi,627.47,19.0
S004649,U02788,2025-03-23T16:00:00,Android,Delhi,707.63,49.0
S004650,U02789,2025-03-26T16:27:00,iOS,Bengaluru,371.33,0.0
S004651,U02789,2025-06-21T18:19:00,iOS,Bengaluru,634.19,59.0
S004652,U02790,2025-06-04T16:12:00,Android,Kolkata,362.96,49.0
S004653,U02791,2025-04-10T11:21:00,Android,Bengaluru,745.73,29.0
S004654,U02791,2025-01-14T16:25:00,Android,Bengaluru,603.2,59.0
S004655,U02791,2025-01-17T21:51:00,Android,Bengaluru,764.89,49.0
S004656,U02792,2025-04-17T07:48:00,Android,Bengaluru,330.32,49.0
S004657,U02793,2025-03-25T14:03:00,Android,Bengaluru,893.67,29.0
S004658,U02793,2025-02-13T09:05:00,Android,Bengaluru,850.25,49.0
S004659,U02794,2025-05-11T17:18:00,Android,Bengaluru,586.16,69.0
S004660,U02794,2025-02-08T12:17:00,Android,Bengaluru,927.57,0.0
S004661,U02795,2025-04-22T12:32:00,Android,Bengaluru,912.61,0.0
S004662,U02795,2025-02-26T10:53:00,Android,Bengaluru,1146.99,0.0
S004663,U02796,2025-05-12T17:06:00,Android,Mumbai,1386.31,0.0
S004664,U02796,2025-03-20T09:15:00,Android,Mumbai,793.19,59.0
S004665,U02797,2025-04-29T20:40:00,Android,Bengaluru,629.25,39.0
S004666,U02798,2025-03-17T11:29:00,Android,Delhi,642.81,39.0
S004667,U02799,2025-01-08T15:56:00,Android,Bengaluru,629.56,59.0
S004668,U02800,2025-03-02T10:35:00,Android,Delhi,585.55,69.0
S004669,U02800,2025-06-16T16:08:00,Android,Delhi,806.37,59.0
S004670,U02800,2025-05-17T12:13:00,Android,Delhi,604.17,59.0
S004671,U02800,2025-03-04T16:20:00,Android,Delhi,716.04,59.0
S004672,U02800,2025-05-09T18:15:00,Android,Delhi,810.27,29.0
S004673,U02801,2025-06-03T19:05:00,Android,Bengaluru,617.45,0.0
S004674,U02801,2025-05-09T22:14:00,Android,Bengaluru,716.77,49.0
S004675,U02802,2025-04-11T19:29:00,Android,Mumbai,1397.76,29.0
S004676,U02802,2025-02-09T20:16:00,Android,Mumbai,1307.6,0.0
S004677,U02803,2025-01-26T10:01:00,Android,Hyderabad,1390.25,0.0
S004678,U02804,2025-02-26T08:11:00,iOS,Hyderabad,674.71,69.0
S004679,U02805,2025-02-06T20:25:00,Android,Bengaluru,1001.44,0.0
S004680,U02806,2025-05-15T10:25:00,iOS,Kolkata,566.98,49.0
S004681,U02807,2025-04-17T21:51:00,Android,Hyderabad,443.21,49.0
S004682,U02807,2025-01-15T21:27:00,Android,Hyderabad,927.21,0.0
S004683,U02808,2025-04-26T19:49:00,Android,Bengaluru,769.29,19.0
S004684,U02809,2025-05-14T18:23:00,Android,Delhi,988.1,0.0
S004685,U02810,2025-04-06T13:24:00,Android,Hyderabad,675.3,39.0
S004686,U02810,2025-06-28T09:18:00,Android,Hyderabad,677.82,69.0
S004687,U02810,2025-02-19T16:32:00,Android,Hyderabad,458.79,19.0
S004688,U02811,2025-03-25T15:11:00,iOS,Delhi,407.5,59.0
S004689,U02812,2025-04-09T09:06:00,iOS,Delhi,1561.21,69.0
S004690,U02812,2025-02-20T09:01:00,iOS,Delhi,731.53,49.0
S004691,U02813,2025-05-03T11:45:00,iOS,Mumbai,623.25,29.0
S004692,U02813,2025-02-02T21:21:00,iOS,Mumbai,691.99,19.0
S004693,U02814,2025-02-20T15:54:00,Android,Bengaluru,968.04,0.0
S004694,U02814,2025-03-14T09:25:00,Android,Bengaluru,709.14,49.0
S004695,U02815,2025-02-24T08:59:00,iOS,Kolkata,761.18,69.0
S004696,U02816,2025-05-30T10:58:00,Android,Bengaluru,762.47,19.0
S004697,U02816,2025-04-20T16:22:00,Android,Bengaluru,530.69,19.0
S004698,U02817,2025-01-02T14:59:00,iOS,Bengaluru,772.57,19.0
S004699,U02817,2025-01-21T14:53:00,iOS,Bengaluru,596.63,29.0
S004700,U02818,2025-01-16T14:10:00,Android,Bengaluru,1846.5,0.0
S004701,U02818,2025-04-09T12:11:00,Android,Bengaluru,873.53,0.0
S004702,U02819,2025-03-14T11:16:00,iOS,Delhi,395.89,69.0
S004703,U02819,2025-03-23T19:13:00,iOS,Delhi,694.02,29.0
S004704,U02819,2025-01-06T17:48:00,iOS,Delhi,959.31,0.0
S004705,U02820,2025-06-12T11:28:00,Android,Kolkata,1102.31,0.0
S004706,U02820,2025-02-22T21:07:00,Android,Kolkata,544.35,39.0
S004707,U02821,2025-01-29T21:56:00,Android,Hyderabad,648.12,0.0
S004708,U02822,2025-01-22T09:16:00,iOS,Kolkata,987.67,0.0
S004709,U02822,2025-06-18T16:39:00,iOS,Kolkata,399.37,0.0
S004710,U02823,2025-06-04T16:18:00,Android,Mumbai,953.1,0.0
S004711,U02824,2025-05-11T17:47:00,iOS,Delhi,611.81,29.0
S004712,U02825,2025-04-23T11:21:00,Android,Delhi,404.65,69.0
S004713,U02826,2025-03-26T10:07:00,Android,Bengaluru,440.47,19.0
S004714,U02826,2025-01-11T11:05:00,Android,Bengaluru,634.72,39.0
S004715,U02827,2025-02-11T19:31:00,Android,Kolkata,736.75,19.0
S004716,U02828,2025-01-19T12:09:00,Android,Mumbai,473.99,39.0
S004717,U02829,2025-06-22T14:39:00,iOS,Delhi,651.77,49.0
S004718,U02829,2025-04-21T16:27:00,iOS,Delhi,916.87,0.0
S004719,U02829,2025-01-18T20:10:00,iOS,Delhi,837.01,0.0
S004720,U02830,2025-01-21T16:00:00,Android,Mumbai,711.69,69.0
S004721,U02830,2025-06-21T21:57:00,Android,Mumbai,384.51,19.0
S004722,U02831,2025-01-05T21:47:00,Android,Hyderabad,933.69,19.0
S004723,U02832,2025-05-27T22:40:00,Android,Bengaluru,524.02,49.0
S004724,U02832,2025-01-28T20:19:00,Android,Bengaluru,1085.19,0.0
S004725,U02833,2025-05-16T10:39:00,Android,Hyderabad,666.95,29.0
S004726,U02833,2025-06-09T17:12:00,Android,Hyderabad,616.86,29.0
S004727,U02834,2025-02-23T17:25:00,iOS,Hyderabad,521.96,29.0
S004728,U02834,2025-03-15T21:48:00,iOS,Hyderabad,1129.83,29.0
S004729,U02835,2025-05-15T21:41:00,iOS,Hyderabad,663.92,59.0
S004730,U02835,2025-04-27T21:47:00,iOS,Hyderabad,992.3,0.0
S004731,U02836,2025-01-02T17:36:00,Android,Bengaluru,498.53,19.0
S004732,U02837,2025-03-22T11:04:00,Android,Bengaluru,884.11,39.0
S004733,U02837,2025-01-02T20:53:00,Android,Bengaluru,1660.06,0.0
S004734,U02838,2025-01-29T22:27:00,Android,Delhi,638.24,29.0
S004735,U02839,2025-01-20T11:41:00,Android,Hyderabad,475.89,49.0
S004736,U02840,2025-03-28T17:27:00,iOS,Kolkata,754.7,39.0
S004737,U02840,2025-05-19T16:00:00,iOS,Kolkata,663.22,0.0
S004738,U02841,2025-05-13T17:58:00,Android,Mumbai,790.31,29.0
S004739,U02842,2025-05-01T16:04:00,Android,Bengaluru,603.3,59.0
S004740,U02843,2025-06-11T07:50:00,Android,Bengaluru,432.67,0.0
S004741,U02844,2025-04-22T12:20:00,Android,Mumbai,649.72,59.0
S004742,U02844,2025-04-06T19:26:00,Android,Mumbai,858.7,19.0
S004743,U02845,2025-01-03T08:46:00,iOS,Bengaluru,500.07,39.0
S004744,U02846,2025-02-27T21:14:00,Android,Mumbai,630.57,29.0
S004745,U02847,2025-05-10T12:52:00,Android,Hyderabad,572.6,69.0
S004746,U02848,2025-01-06T16:14:00,Android,Delhi,672.61,49.0
S004747,U02849,2025-03-25T08:47:00,Android,Delhi,926.65,0.0
S004748,U02850,2025-05-23T17:34:00,Android,Bengaluru,1128.21,0.0
S004749,U02851,2025-01-24T20:16:00,iOS,Bengaluru,390.43,59.0
S004750,U02852,2025-04-04T12:34:00,Android,Hyderabad,436.47,29.0
S004751,U02853,2025-04-18T13:09:00,Android,Delhi,880.9,0.0
S004752,U02854,2025-06-04T16:00:00,Android,Bengaluru,487.76,0.0
S004753,U02855,2025-02-22T10:57:00,iOS,Bengaluru,546.84,49.0
S004754,U02855,2025-06-24T15:31:00,iOS,Bengaluru,758.95,49.0
S004755,U02856,2025-03-13T14:43:00,Android,Bengaluru,401.51,19.0
S004756,U02857,2025-05-06T16:13:00,Android,Mumbai,656.88,29.0
S004757,U02858,2025-03-14T19:36:00,iOS,Mumbai,402.98,39.0
S004758,U02859,2025-03-26T20:28:00,Android,Mumbai,470.19,49.0
S004759,U02859,2025-04-24T09:22:00,Android,Mumbai,497.9,49.0
S004760,U02859,2025-03-10T21:26:00,Android,Mumbai,799.58,49.0
S004761,U02860,2025-02-16T08:42:00,iOS,Mumbai,648.04,59.0
S004762,U02860,2025-04-25T10:18:00,iOS,Mumbai,883.1,29.0
S004763,U02861,2025-03-14T19:46:00,iOS,Bengaluru,809.19,39.0
S004764,U02862,2025-04-03T07:01:00,iOS,Mumbai,480.7,19.0
S004765,U02863,2025-04-23T22:50:00,Android,Bengaluru,708.59,0.0
S004766,U02864,2025-05-20T18:26:00,Android,Kolkata,799.86,29.0
S004767,U02865,2025-02-24T22:10:00,iOS,Bengaluru,970.97,0.0
S004768,U02865,2025-04-01T12:58:00,iOS,Bengaluru,661.3,39.0
S004769,U02866,2025-01-14T19:45:00,Android,Delhi,1019.92,69.0
S004770,U02867,2025-02-02T16:28:00,Android,Bengaluru,570.12,49.0
S004771,U02868,2025-05-22T21:44:00,Android,Hyderabad,1301.78,49.0
S004772,U02868,2025-06-10T20:47:00,Android,Hyderabad,363.53,69.0
S004773,U02868,2025-02-09T13:31:00,Android,Hyderabad,562.34,49.0
S004774,U02869,2025-04-16T19:01:00,Android,Bengaluru,725.29,59.0
S004775,U02870,2025-04-13T18:28:00,Android,Kolkata,300.82,39.0
S004776,U02870,2025-01-07T15:52:00,Android,Kolkata,1085.27,0.0
S004777,U02871,2025-04-13T11:32:00,iOS,Bengaluru,764.22,69.0
S004778,U02871,2025-03-11T22:45:00,iOS,Bengaluru,766.55,69.0
S004779,U02871,2025-01-14T12:27:00,iOS,Bengaluru,625.61,49.0
S004780,U02872,2025-04-02T18:23:00,Android,Hyderabad,304.16,29.0
S004781,U02873,2025-03-09T22:43:00,Android,Mumbai,853.74,29.0
S004782,U02874,2025-05-19T10:34:00,iOS,Bengaluru,393.49,49.0
S004783,U02875,2025-04-06T11:32:00,Android,Bengaluru,862.17,59.0
S004784,U02876,2025-02-09T18:59:00,Android,Delhi,749.48,39.0
S004785,U02876,2025-04-18T18:42:00,Android,Delhi,580.64,59.0
S004786,U02877,2025-04-12T08:35:00,Android,Hyderabad,548.2,39.0
S004787,U02877,2025-04-23T11:13:00,Android,Hyderabad,578.64,19.0
S004788,U02878,2025-06-07T22:57:00,Android,Kolkata,719.24,49.0
S004789,U02879,2025-06-30T08:20:00,Android,Bengaluru,458.67,39.0
S004790,U02880,2025-01-31T07:43:00,Android,Delhi,788.99,19.0
S004791,U02881,2025-02-07T12:45:00,Android,Bengaluru,597.37,49.0
S004792,U02882,2025-02-12T09:50:00,Android,Bengaluru,739.55,69.0
S004793,U02882,2025-02-18T07:16:00,Android,Bengaluru,382.96,39.0
S004794,U02883,2025-04-20T17:40:00,Android,Mumbai,1194.44,19.0
S004795,U02883,2025-05-26T21:46:00,Android,Mumbai,1208.45,59.0
S004796,U02884,2025-05-04T20:33:00,Android,Delhi,749.8,39.0
S004797,U02885,2025-06-06T22:48:00,Android,Bengaluru,910.39,59.0
S004798,U02885,2025-02-21T21:38:00,Android,Bengaluru,569.49,39.0
S004799,U02886,2025-02-06T11:59:00,Android,Kolkata,675.05,39.0
S004800,U02887,2025-05-16T12:53:00,Android,Hyderabad,620.59,39.0
S004801,U02887,2025-03-20T13:12:00,Android,Hyderabad,814.7,29.0
S004802,U02888,2025-05-21T09:25:00,iOS,Hyderabad,427.82,49.0
S004803,U02888,2025-04-27T14:46:00,iOS,Hyderabad,1781.95,0.0
S004804,U02888,2025-04-11T18:19:00,iOS,Hyderabad,789.52,49.0
S004805,U02889,2025-03-26T21:09:00,Android,Bengaluru,488.59,39.0
S004806,U02890,2025-02-27T11:49:00,iOS,Kolkata,314.66,39.0
S004807,U02890,2025-03-07T16:43:00,iOS,Kolkata,689.3,49.0
S004808,U02891,2025-02-23T21:56:00,Android,Mumbai,664.89,39.0
S004809,U02892,2025-04-12T10:41:00,Android,Mumbai,614.48,39.0
S004810,U02893,2025-05-11T19:48:00,Android,Bengaluru,765.28,39.0
S004811,U02893,2025-05-09T08:38:00,Android,Bengaluru,1040.05,0.0
S004812,U02894,2025-02-20T16:45:00,Android,Kolkata,461.58,0.0
S004813,U02895,2025-06-21T12:36:00,Android,Mumbai,1824.73,0.0
S004814,U02896,2025-06-23T13:59:00,iOS,Hyderabad,556.01,59.0
S004815,U02897,2025-03-12T22:16:00,iOS,Mumbai,1359.24,0.0
S004816,U02897,2025-05-07T11:38:00,iOS,Mumbai,1544.76,0.0
S004817,U02898,2025-02-15T08:25:00,iOS,Hyderabad,383.91,49.0
S004818,U02899,2025-06-24T08:09:00,iOS,Hyderabad,720.61,19.0
S004819,U02899,2025-04-24T21:25:00,iOS,Hyderabad,814.77,19.0
S004820,U02899,2025-03-01T13:18:00,iOS,Hyderabad,1020.29,69.0
S004821,U02899,2025-01-28T16:24:00,iOS,Hyderabad,684.13,49.0
S004822,U02899,2025-02-07T08:18:00,iOS,Hyderabad,636.09,0.0
S004823,U02900,2025-05-30T18:57:00,Android,Kolkata,474.91,49.0
S004824,U02901,2025-04-26T21:01:00,Android,Bengaluru,983.07,0.0
S004825,U02902,2025-04-13T17:34:00,Android,Bengaluru,985.4,0.0
S004826,U02903,2025-02-01T12:21:00,Android,Hyderabad,457.72,29.0
S004827,U02904,2025-05-20T07:43:00,iOS,Mumbai,1144.26,0.0
S004828,U02905,2025-04-08T08:53:00,Android,Mumbai,530.27,29.0
S004829,U02906,2025-06-29T08:02:00,Android,Hyderabad,715.36,39.0
S004830,U02906,2025-03-31T22:14:00,Android,Hyderabad,1283.17,39.0
S004831,U02907,2025-01-27T21:17:00,Android,Mumbai,539.34,19.0
S004832,U02907,2025-06-11T11:46:00,Android,Mumbai,660.65,29.0
S004833,U02907,2025-03-30T20:21:00,Android,Mumbai,720.97,0.0
S004834,U02907,2025-03-10T21:16:00,Android,Mumbai,1060.36,0.0
S004835,U02908,2025-02-10T08:52:00,iOS,Hyderabad,836.92,29.0
S004836,U02909,2025-01-19T18:57:00,Android,Delhi,776.38,49.0
S004837,U02910,2025-03-28T13:22:00,iOS,Hyderabad,396.1,39.0
S004838,U02910,2025-05-20T15:33:00,iOS,Hyderabad,1695.31,0.0
S004839,U02911,2025-05-03T15:51:00,Android,Bengaluru,1239.45,0.0
S004840,U02911,2025-06-26T07:59:00,Android,Bengaluru,1151.0,0.0
S004841,U02912,2025-01-22T08:34:00,Android,Mumbai,434.07,29.0
S004842,U02912,2025-06-28T17:32:00,Android,Mumbai,761.17,0.0
S004843,U02913,2025-04-08T07:06:00,Android,Kolkata,585.67,39.0
S004844,U02914,2025-04-05T20:03:00,iOS,Bengaluru,726.96,49.0
S004845,U02915,2025-04-04T11:03:00,iOS,Delhi,549.66,69.0
S004846,U02916,2025-03-05T07:25:00,Android,Delhi,411.93,59.0
S004847,U02917,2025-04-28T16:33:00,Android,Mumbai,858.23,19.0
S004848,U02917,2025-04-29T22:54:00,Android,Mumbai,603.98,0.0
S004849,U02918,2025-01-06T16:41:00,Android,Delhi,614.07,19.0
S004850,U02918,2025-04-19T12:38:00,Android,Delhi,1272.9,0.0
S004851,U02919,2025-06-01T22:25:00,Android,Bengaluru,2262.81,0.0
S004852,U02920,2025-06-07T18:09:00,Android,Kolkata,886.83,0.0
S004853,U02920,2025-06-24T20:38:00,Android,Kolkata,647.22,59.0
S004854,U02921,2025-03-08T14:23:00,Android,Bengaluru,508.39,29.0
S004855,U02921,2025-03-24T10:25:00,Android,Bengaluru,1004.95,0.0
S004856,U02922,2025-04-26T21:22:00,Android,Mumbai,507.89,19.0
S004857,U02923,2025-06-15T07:20:00,iOS,Mumbai,210.94,29.0
S004858,U02924,2025-06-01T15:29:00,iOS,Bengaluru,1344.82,49.0
S004859,U02924,2025-05-27T18:18:00,iOS,Bengaluru,802.78,29.0
S004860,U02925,2025-02-26T08:29:00,iOS,Bengaluru,497.92,59.0
S004861,U02926,2025-01-29T08:07:00,iOS,Kolkata,601.7,29.0
S004862,U02927,2025-06-01T15:44:00,iOS,Mumbai,536.93,0.0
S004863,U02928,2025-02-25T13:29:00,Android,Bengaluru,721.87,19.0
S004864,U02928,2025-05-13T14:48:00,Android,Bengaluru,2295.09,0.0
S004865,U02928,2025-04-18T13:57:00,Android,Bengaluru,840.95,39.0
S004866,U02929,2025-01-27T22:53:00,Android,Hyderabad,460.22,39.0
S004867,U02930,2025-04-18T19:24:00,Android,Mumbai,1078.73,0.0
S004868,U02931,2025-03-22T12:01:00,iOS,Bengaluru,700.99,29.0
S004869,U02931,2025-06-07T10:34:00,iOS,Bengaluru,721.26,39.0
S004870,U02932,2025-01-17T11:06:00,Android,Hyderabad,406.48,29.0
S004871,U02933,2025-02-06T21:22:00,Android,Mumbai,1021.34,0.0
S004872,U02934,2025-05-27T08:30:00,Android,Bengaluru,558.71,49.0
S004873,U02934,2025-05-01T18:48:00,Android,Bengaluru,733.8,29.0
S004874,U02935,2025-06-04T21:53:00,Android,Kolkata,1701.48,39.0
S004875,U02935,2025-02-25T11:31:00,Android,Kolkata,774.04,0.0
S004876,U02935,2025-06-02T20:15:00,Android,Kolkata,714.06,19.0
S004877,U02936,2025-04-15T14:55:00,Android,Delhi,526.39,49.0
S004878,U02936,2025-03-17T19:25:00,Android,Delhi,588.19,39.0
S004879,U02937,2025-05-01T09:45:00,iOS,Delhi,554.78,29.0
S004880,U02937,2025-06-12T19:24:00,iOS,Delhi,1427.81,49.0
S004881,U02937,2025-05-02T15:48:00,iOS,Delhi,949.54,19.0
S004882,U02938,2025-06-05T12:51:00,Android,Delhi,387.7,39.0
S004883,U02939,2025-01-12T09:50:00,iOS,Hyderabad,562.8,49.0
S004884,U02939,2025-05-24T15:23:00,iOS,Hyderabad,955.54,0.0
S004885,U02940,2025-06-03T21:19:00,Android,Hyderabad,728.7,59.0
S004886,U02940,2025-05-06T10:50:00,Android,Hyderabad,1117.03,0.0
S004887,U02941,2025-02-23T14:30:00,iOS,Kolkata,565.34,0.0
S004888,U02941,2025-04-23T10:28:00,iOS,Kolkata,1051.52,0.0
S004889,U02941,2025-06-26T08:58:00,iOS,Kolkata,796.86,19.0
S004890,U02942,2025-01-04T09:18:00,Android,Bengaluru,434.76,19.0
S004891,U02943,2025-05-17T07:32:00,Android,Hyderabad,710.12,29.0
S004892,U02943,2025-03-07T09:11:00,Android,Hyderabad,691.79,29.0
S004893,U02943,2025-02-19T08:28:00,Android,Hyderabad,436.5,19.0
S004894,U02943,2025-04-10T08:22:00,Android,Hyderabad,984.03,0.0
S004895,U02943,2025-05-03T17:03:00,Android,Hyderabad,598.94,0.0
S004896,U02943,2025-03-03T17:23:00,Android,Hyderabad,1482.78,0.0
S004897,U02944,2025-03-19T19:55:00,iOS,Mumbai,548.56,49.0
S004898,U02945,2025-01-03T11:24:00,iOS,Delhi,629.4,69.0
S004899,U02945,2025-03-12T13:42:00,iOS,Delhi,535.5,0.0
S004900,U02946,2025-05-14T18:47:00,iOS,Bengaluru,607.91,69.0
S004901,U02946,2025-05-14T10:43:00,iOS,Bengaluru,341.68,69.0
S004902,U02947,2025-05-02T15:21:00,iOS,Hyderabad,1071.6,0.0
S004903,U02947,2025-06-02T21:51:00,iOS,Hyderabad,417.94,39.0
S004904,U02948,2025-01-08T15:39:00,Android,Bengaluru,695.13,29.0
S004905,U02948,2025-04-23T11:24:00,Android,Bengaluru,1048.74,0.0
S004906,U02948,2025-03-11T13:53:00,Android,Bengaluru,577.29,19.0
S004907,U02948,2025-05-20T16:09:00,Android,Bengaluru,536.89,0.0
S004908,U02948,2025-02-07T19:29:00,Android,Bengaluru,545.99,39.0
S004909,U02948,2025-04-03T14:10:00,Android,Bengaluru,804.42,39.0
S004910,U02948,2025-06-06T10:25:00,Android,Bengaluru,580.94,0.0
S004911,U02949,2025-03-31T18:56:00,Android,Mumbai,262.81,19.0
S004912,U02950,2025-03-08T15:26:00,Android,Mumbai,901.16,0.0
S004913,U02950,2025-04-01T19:31:00,Android,Mumbai,1289.4,0.0
S004914,U02950,2025-04-01T19:42:00,Android,Mumbai,996.57,0.0
S004915,U02951,2025-05-01T08:55:00,iOS,Bengaluru,556.54,39.0
S004916,U02952,2025-02-03T11:23:00,iOS,Kolkata,706.14,29.0
S004917,U02952,2025-04-17T14:55:00,iOS,Kolkata,833.57,49.0
S004918,U02953,2025-06-26T08:36:00,iOS,Hyderabad,723.13,39.0
S004919,U02953,2025-06-09T20:00:00,iOS,Hyderabad,1200.99,0.0
S004920,U02954,2025-03-10T08:05:00,iOS,Mumbai,1159.08,0.0
S004921,U02955,2025-06-14T12:23:00,Android,Hyderabad,617.3,69.0
S004922,U02956,2025-04-15T19:36:00,Android,Delhi,1070.31,19.0
S004923,U02956,2025-03-11T07:38:00,Android,Delhi,651.85,59.0
S004924,U02957,2025-05-03T22:39:00,Android,Hyderabad,1690.89,0.0
S004925,U02957,2025-01-02T21:20:00,Android,Hyderabad,494.01,69.0
S004926,U02958,2025-02-09T12:49:00,Android,Bengaluru,265.26,69.0
S004927,U02958,2025-05-12T22:22:00,Android,Bengaluru,1333.1,0.0
S004928,U02959,2025-02-24T21:30:00,iOS,Delhi,755.0,39.0
S004929,U02960,2025-04-28T17:32:00,Android,Delhi,978.68,49.0
S004930,U02961,2025-03-23T21:26:00,iOS,Delhi,868.66,29.0
S004931,U02961,2025-03-10T20:51:00,iOS,Delhi,1228.89,0.0
S004932,U02962,2025-05-17T21:07:00,Android,Delhi,989.89,0.0
S004933,U02962,2025-05-16T11:25:00,Android,Delhi,656.25,39.0
S004934,U02963,2025-01-07T19:30:00,Android,Bengaluru,332.04,39.0
S004935,U02964,2025-05-01T12:14:00,iOS,Kolkata,861.35,0.0
S004936,U02964,2025-02-28T20:33:00,iOS,Kolkata,717.66,0.0
S004937,U02965,2025-06-02T15:20:00,Android,Bengaluru,723.22,59.0
S004938,U02966,2025-05-16T17:32:00,iOS,Bengaluru,1102.59,0.0
S004939,U02967,2025-05-22T08:15:00,Android,Delhi,550.04,49.0
S004940,U02968,2025-01-07T14:19:00,Android,Mumbai,409.77,39.0
S004941,U02969,2025-04-16T22:02:00,Android,Bengaluru,509.27,49.0
S004942,U02970,2025-03-23T21:51:00,Android,Mumbai,892.1,49.0
S004943,U02971,2025-01-08T22:26:00,iOS,Hyderabad,407.52,19.0
S004944,U02971,2025-02-15T18:32:00,iOS,Hyderabad,1066.7,0.0
S004945,U02972,2025-06-19T09:13:00,iOS,Bengaluru,699.18,39.0
S004946,U02972,2025-06-01T20:34:00,iOS,Bengaluru,1133.27,19.0
S004947,U02973,2025-05-12T14:51:00,iOS,Kolkata,1224.48,49.0
S004948,U02973,2025-01-05T12:20:00,iOS,Kolkata,609.57,39.0
S004949,U02974,2025-03-15T19:36:00,Android,Delhi,1437.73,0.0
S004950,U02975,2025-03-28T22:33:00,iOS,Mumbai,657.78,59.0
S004951,U02975,2025-01-24T14:04:00,iOS,Mumbai,1371.38,0.0
S004952,U02975,2025-05-24T21:12:00,iOS,Mumbai,857.41,49.0
S004953,U02976,2025-03-12T16:48:00,Android,Bengaluru,1175.58,0.0
S004954,U02976,2025-06-06T07:14:00,Android,Bengaluru,696.63,29.0
S004955,U02976,2025-01-19T07:14:00,Android,Bengaluru,316.31,0.0
S004956,U02977,2025-03-14T18:11:00,Android,Hyderabad,624.16,69.0
S004957,U02978,2025-02-19T18:34:00,iOS,Hyderabad,585.34,19.0
S004958,U02979,2025-05-21T16:58:00,iOS,Bengaluru,1610.01,49.0
S004959,U02979,2025-06-13T09:36:00,iOS,Bengaluru,799.83,69.0
S004960,U02980,2025-03-13T11:32:00,iOS,Bengaluru,978.83,19.0
S004961,U02980,2025-01-08T13:26:00,iOS,Bengaluru,706.04,19.0
S004962,U02980,2025-05-18T17:36:00,iOS,Bengaluru,644.96,59.0
S004963,U02981,2025-05-08T08:33:00,iOS,Delhi,1022.71,0.0
S004964,U02982,2025-03-21T15:17:00,Android,Bengaluru,455.08,19.0
S004965,U02982,2025-01-23T19:28:00,Android,Bengaluru,1124.78,0.0
S004966,U02983,2025-03-03T13:20:00,Android,Kolkata,439.51,59.0
S004967,U02984,2025-05-30T11:10:00,Android,Mumbai,1017.42,0.0
S004968,U02985,2025-05-29T15:23:00,Android,Mumbai,357.69,0.0
S004969,U02986,2025-01-12T13:04:00,Android,Kolkata,370.72,59.0
S004970,U02987,2025-05-02T16:33:00,Android,Hyderabad,497.4,49.0
S004971,U02987,2025-04-20T14:05:00,Android,Hyderabad,863.18,39.0
S004972,U02988,2025-04-17T18:51:00,Android,Hyderabad,494.98,59.0
S004973,U02989,2025-03-15T12:00:00,Android,Delhi,831.51,29.0
S004974,U02990,2025-04-08T15:30:00,iOS,Delhi,925.51,0.0
S004975,U02990,2025-03-22T08:29:00,iOS,Delhi,1036.81,0.0
S004976,U02991,2025-01-19T22:37:00,Android,Delhi,560.6,0.0
S004977,U02991,2025-06-03T08:13:00,Android,Delhi,766.39,0.0
S004978,U02992,2025-05-27T19:33:00,Android,Delhi,533.96,49.0
S004979,U02992,2025-03-04T19:10:00,Android,Delhi,1046.66,0.0
S004980,U02992,2025-05-01T14:14:00,Android,Delhi,696.24,0.0
S004981,U02993,2025-05-21T15:47:00,Android,Delhi,533.83,59.0
S004982,U02993,2025-03-15T08:17:00,Android,Delhi,538.31,0.0
S004983,U02994,2025-05-31T16:34:00,Android,Bengaluru,430.53,39.0
S004984,U02994,2025-01-30T15:49:00,Android,Bengaluru,340.56,29.0
S004985,U02995,2025-01-23T11:10:00,Android,Delhi,788.37,49.0
S004986,U02995,2025-03-29T09:05:00,Android,Delhi,540.38,39.0
S004987,U02995,2025-01-16T14:32:00,Android,Delhi,615.34,29.0
S004988,U02996,2025-05-30T19:08:00,Android,Delhi,1229.19,59.0
S004989,U02997,2025-01-25T07:20:00,iOS,Delhi,609.76,49.0
S004990,U02997,2025-06-07T12:50:00,iOS,Delhi,1107.26,59.0
S004991,U02998,2025-05-09T08:58:00,iOS,Bengaluru,544.27,19.0
S004992,U02998,2025-01-15T12:49:00,iOS,Bengaluru,387.89,29.0
S004993,U02999,2025-03-15T20:00:00,Android,Delhi,564.89,49.0
S004994,U02999,2025-01-05T22:22:00,Android,Delhi,776.2,59.0
S004995,U03000,2025-02-15T19:13:00,Android,Mumbai,486.96,29.0
S004996,U03000,2025-04-18T12:26:00,Android,Mumbai,502.85,59.0
S004997,U03001,2025-02-19T10:42:00,Android,Hyderabad,625.67,29.0
S004998,U03002,2025-05-03T10:29:00,Android,Hyderabad,804.21,49.0
S004999,U03002,2025-02-28T12:39:00,Android,Hyderabad,584.78,39.0
S005000,U03002,2025-06-08T12:03:00,Android,Hyderabad,1111.13,0.0
S005001,U03003,2025-04-21T14:21:00,Android,Bengaluru,498.67,69.0
S005002,U03003,2025-04-26T10:07:00,Android,Bengaluru,1126.13,39.0
S005003,U03004,2025-04-17T19:29:00,iOS,Bengaluru,523.94,49.0
S005004,U03005,2025-01-25T10:08:00,Android,Delhi,320.22,69.0
S005005,U03006,2025-05-07T09:26:00,Android,Bengaluru,756.87,19.0
S005006,U03006,2025-02-25T08:07:00,Android,Bengaluru,682.01,39.0
S005007,U03006,2025-05-13T19:56:00,Android,Bengaluru,334.23,39.0
S005008,U03007,2025-02-03T08:04:00,iOS,Delhi,458.68,69.0
S005009,U03007,2025-04-23T22:37:00,iOS,Delhi,844.36,39.0
S005010,U03007,2025-06-30T07:00:00,iOS,Delhi,420.68,39.0
S005011,U03007,2025-02-17T13:28:00,iOS,Delhi,1231.0,39.0
S005012,U03008,2025-02-15T19:06:00,Android,Kolkata,643.58,59.0
S005013,U03009,2025-04-28T17:14:00,Android,Bengaluru,418.13,59.0
S005014,U03010,2025-02-03T07:20:00,Android,Delhi,750.75,39.0
S005015,U03010,2025-06-10T10:45:00,Android,Delhi,437.12,19.0
S005016,U03011,2025-06-13T15:27:00,Android,Hyderabad,539.99,19.0
S005017,U03011,2025-01-02T17:46:00,Android,Hyderabad,1169.92,29.0
S005018,U03012,2025-03-20T19:10:00,Android,Mumbai,1520.85,0.0
S005019,U03013,2025-05-09T13:53:00,iOS,Bengaluru,422.08,39.0
S005020,U03013,2025-06-28T16:05:00,iOS,Bengaluru,1546.16,0.0
S005021,U03014,2025-06-17T22:18:00,Android,Bengaluru,613.31,29.0
S005022,U03014,2025-01-30T20:15:00,Android,Bengaluru,670.19,19.0
S005023,U03015,2025-03-14T16:29:00,iOS,Kolkata,1666.78,0.0
S005024,U03015,2025-03-24T12:09:00,iOS,Kolkata,708.48,69.0
S005025,U03015,2025-04-02T11:02:00,iOS,Kolkata,295.39,49.0
S005026,U03016,2025-05-07T18:05:00,Android,Bengaluru,807.93,29.0
S005027,U03017,2025-01-26T17:06:00,iOS,Mumbai,640.75,39.0
S005028,U03017,2025-03-04T13:21:00,iOS,Mumbai,751.08,19.0
S005029,U03018,2025-01-02T20:23:00,Android,Hyderabad,2157.23,0.0
S005030,U03019,2025-01-16T12:58:00,Android,Delhi,1104.93,49.0
S005031,U03020,2025-04-03T15:22:00,Android,Hyderabad,718.56,39.0
S005032,U03021,2025-01-30T22:36:00,Android,Bengaluru,730.15,29.0
S005033,U03022,2025-03-26T18:43:00,Android,Delhi,898.08,0.0
S005034,U03022,2025-02-04T19:46:00,Android,Delhi,1033.88,69.0
S005035,U03023,2025-06-06T13:38:00,Android,Delhi,720.28,19.0
S005036,U03024,2025-05-29T07:45:00,iOS,Kolkata,797.57,49.0
S005037,U03024,2025-02-23T22:31:00,iOS,Kolkata,782.55,49.0
S005038,U03024,2025-01-29T16:41:00,iOS,Kolkata,704.75,59.0
S005039,U03024,2025-06-17T21:55:00,iOS,Kolkata,452.75,39.0
S005040,U03025,2025-04-03T16:55:00,Android,Bengaluru,471.93,49.0
S005041,U03026,2025-05-14T08:09:00,Android,Bengaluru,678.95,0.0
S005042,U03027,2025-03-31T11:26:00,iOS,Kolkata,567.94,39.0
S005043,U03027,2025-05-19T12:39:00,iOS,Kolkata,558.65,19.0
S005044,U03028,2025-06-09T13:26:00,Android,Bengaluru,1526.71,0.0
S005045,U03028,2025-06-30T22:56:00,Android,Bengaluru,640.82,0.0
S005046,U03028,2025-05-24T12:56:00,Android,Bengaluru,808.08,39.0
S005047,U03029,2025-05-11T17:14:00,Android,Kolkata,521.59,19.0
S005048,U03029,2025-05-26T12:35:00,Android,Kolkata,702.26,19.0
S005049,U03030,2025-04-10T21:34:00,iOS,Mumbai,566.54,29.0
S005050,U03031,2025-03-23T12:09:00,iOS,Mumbai,1022.54,0.0
S005051,U03031,2025-05-17T07:26:00,iOS,Mumbai,1107.98,0.0
S005052,U03031,2025-01-24T08:09:00,iOS,Mumbai,1227.99,49.0
S005053,U03032,2025-03-22T14:22:00,Android,Hyderabad,789.21,49.0
S005054,U03033,2025-04-03T14:21:00,Android,Hyderabad,617.45,29.0
S005055,U03033,2025-04-25T19:15:00,Android,Hyderabad,627.61,49.0
S005056,U03034,2025-06-07T14:11:00,Android,Bengaluru,828.18,69.0
S005057,U03035,2025-01-09T07:14:00,Android,Kolkata,815.05,69.0
S005058,U03035,2025-02-07T22:26:00,Android,Kolkata,485.39,39.0
S005059,U03035,2025-04-02T10:25:00,Android,Kolkata,720.14,49.0
S005060,U03036,2025-05-20T20:39:00,iOS,Kolkata,972.98,0.0
S005061,U03037,2025-01-28T16:51:00,iOS,Kolkata,525.23,29.0
S005062,U03038,2025-01-07T14:50:00,Android,Mumbai,479.84,39.0
S005063,U03038,2025-03-11T08:28:00,Android,Mumbai,1005.33,0.0
S005064,U03039,2025-01-19T19:50:00,Android,Mumbai,470.39,29.0
S005065,U03040,2025-02-14T12:23:00,iOS,Mumbai,807.98,29.0
S005066,U03040,2025-06-21T10:16:00,iOS,Mumbai,848.03,49.0
S005067,U03041,2025-03-24T09:51:00,Android,Bengaluru,435.36,59.0
S005068,U03041,2025-02-07T12:29:00,Android,Bengaluru,495.59,0.0
S005069,U03042,2025-05-05T22:54:00,iOS,Mumbai,1102.27,0.0
S005070,U03042,2025-03-01T22:35:00,iOS,Mumbai,912.38,0.0
S005071,U03042,2025-04-29T16:47:00,iOS,Mumbai,517.61,19.0
S005072,U03043,2025-02-13T17:47:00,Android,Mumbai,742.01,29.0
S005073,U03044,2025-02-09T07:27:00,Android,Mumbai,376.57,29.0
S005074,U03045,2025-02-28T15:07:00,Android,Delhi,706.0,39.0
S005075,U03046,2025-02-18T19:16:00,iOS,Delhi,761.5,39.0
S005076,U03046,2025-05-01T20:34:00,iOS,Delhi,800.45,69.0
S005077,U03047,2025-03-28T21:07:00,Android,Mumbai,444.51,39.0
S005078,U03048,2025-01-09T15:04:00,iOS,Delhi,414.64,39.0
S005079,U03049,2025-03-18T12:35:00,Android,Kolkata,785.47,49.0
S005080,U03050,2025-04-05T16:41:00,Android,Hyderabad,429.29,49.0
S005081,U03051,2025-06-06T10:27:00,Android,Bengaluru,867.3,19.0
S005082,U03051,2025-03-06T22:09:00,Android,Bengaluru,645.31,59.0
S005083,U03052,2025-03-07T21:54:00,Android,Bengaluru,961.37,59.0
S005084,U03053,2025-04-11T10:40:00,Android,Hyderabad,584.15,49.0
S005085,U03054,2025-04-29T13:51:00,Android,Delhi,734.43,49.0
S005086,U03054,2025-05-30T20:59:00,Android,Delhi,997.26,0.0
S005087,U03054,2025-01-09T12:59:00,Android,Delhi,989.44,29.0
S005088,U03055,2025-02-12T08:41:00,Android,Hyderabad,848.92,19.0
S005089,U03056,2025-05-03T10:25:00,Android,Bengaluru,369.51,39.0
S005090,U03057,2025-01-11T21:22:00,iOS,Bengaluru,607.35,39.0
S005091,U03057,2025-02-08T17:28:00,iOS,Bengaluru,885.09,49.0
S005092,U03058,2025-06-01T20:37:00,iOS,Delhi,1311.21,0.0
S005093,U03059,2025-01-17T09:17:00,Android,Hyderabad,750.03,59.0
S005094,U03060,2025-01-01T15:52:00,Android,Kolkata,962.43,59.0
S005095,U03061,2025-06-01T10:27:00,iOS,Kolkata,771.89,39.0
S005096,U03061,2025-05-12T08:44:00,iOS,Kolkata,1368.69,0.0
S005097,U03062,2025-04-20T20:51:00,Android,Mumbai,330.63,59.0
S005098,U03063,2025-05-24T09:27:00,iOS,Hyderabad,764.6,19.0
S005099,U03064,2025-05-28T14:24:00,Android,Bengaluru,777.35,59.0
S005100,U03064,2025-01-02T15:15:00,Android,Bengaluru,1146.25,0.0
S005101,U03064,2025-06-09T16:28:00,Android,Bengaluru,1306.52,0.0
S005102,U03064,2025-01-28T22:03:00,Android,Bengaluru,631.4,29.0
S005103,U03064,2025-04-24T13:27:00,Android,Bengaluru,1382.64,49.0
S005104,U03065,2025-03-12T17:11:00,iOS,Mumbai,781.49,69.0
S005105,U03065,2025-02-11T16:57:00,iOS,Mumbai,903.88,0.0
S005106,U03066,2025-06-28T18:49:00,Android,Kolkata,712.4,69.0
S005107,U03067,2025-04-13T16:36:00,Android,Delhi,1241.54,0.0
S005108,U03068,2025-03-24T10:28:00,Android,Kolkata,312.03,39.0
S005109,U03068,2025-02-24T18:05:00,Android,Kolkata,655.84,59.0
S005110,U03069,2025-05-14T15:23:00,Android,Bengaluru,376.71,29.0
S005111,U03069,2025-06-08T08:38:00,Android,Bengaluru,2400.0,0.0
S005112,U03070,2025-01-20T15:37:00,Android,Bengaluru,700.76,39.0
S005113,U03071,2025-03-22T12:23:00,iOS,Mumbai,362.78,0.0
S005114,U03072,2025-06-28T20:44:00,Android,Kolkata,759.29,49.0
S005115,U03073,2025-03-14T13:44:00,Android,Delhi,589.27,69.0
S005116,U03074,2025-01-14T15:58:00,Android,Hyderabad,1053.15,0.0
S005117,U03075,2025-01-14T10:22:00,Android,Bengaluru,1100.12,0.0
S005118,U03075,2025-02-21T07:08:00,Android,Bengaluru,202.98,39.0
S005119,U03075,2025-04-14T12:52:00,Android,Bengaluru,1696.52,0.0
S005120,U03075,2025-02-17T18:40:00,Android,Bengaluru,950.5,0.0
S005121,U03076,2025-05-11T20:05:00,Android,Hyderabad,996.16,0.0
S005122,U03077,2025-02-06T19:56:00,Android,Mumbai,542.72,0.0
S005123,U03078,2025-01-07T16:16:00,iOS,Bengaluru,778.31,29.0
S005124,U03078,2025-06-22T21:12:00,iOS,Bengaluru,872.09,39.0
S005125,U03079,2025-03-19T21:22:00,iOS,Hyderabad,1134.37,0.0
S005126,U03079,2025-01-29T22:14:00,iOS,Hyderabad,615.42,39.0
S005127,U03080,2025-03-10T12:11:00,Android,Hyderabad,535.16,49.0
S005128,U03081,2025-05-30T07:07:00,iOS,Mumbai,647.96,69.0
S005129,U03082,2025-04-27T21:14:00,Android,Bengaluru,1193.31,0.0
S005130,U03083,2025-02-04T15:10:00,Android,Bengaluru,555.99,0.0
S005131,U03084,2025-01-26T15:27:00,iOS,Kolkata,770.83,59.0
S005132,U03085,2025-03-29T09:58:00,iOS,Mumbai,654.45,29.0
S005133,U03086,2025-03-19T08:57:00,Android,Hyderabad,496.34,0.0
S005134,U03087,2025-06-12T18:48:00,Android,Hyderabad,701.26,29.0
S005135,U03088,2025-01-12T09:30:00,Android,Hyderabad,582.22,59.0
S005136,U03088,2025-01-01T08:29:00,Android,Hyderabad,673.43,29.0
S005137,U03089,2025-05-30T20:10:00,Android,Bengaluru,711.65,0.0
S005138,U03090,2025-03-01T14:21:00,Android,Mumbai,1337.51,0.0
S005139,U03090,2025-04-28T10:40:00,Android,Mumbai,441.39,29.0
S005140,U03090,2025-02-22T13:11:00,Android,Mumbai,1015.78,0.0
S005141,U03091,2025-06-21T17:28:00,Android,Mumbai,635.13,19.0
S005142,U03091,2025-01-20T20:12:00,Android,Mumbai,1354.01,0.0
S005143,U03092,2025-06-09T16:34:00,iOS,Bengaluru,1004.51,0.0
S005144,U03092,2025-06-23T16:34:00,iOS,Bengaluru,822.05,49.0
S005145,U03092,2025-06-30T15:16:00,iOS,Bengaluru,965.52,0.0
S005146,U03092,2025-01-21T14:17:00,iOS,Bengaluru,799.76,49.0
S005147,U03093,2025-06-05T14:54:00,Android,Bengaluru,757.09,49.0
S005148,U03093,2025-01-22T17:39:00,Android,Bengaluru,985.61,0.0
S005149,U03093,2025-02-24T10:51:00,Android,Bengaluru,885.53,0.0
S005150,U03094,2025-06-24T21:11:00,Android,Mumbai,1490.44,0.0
S005151,U03095,2025-05-20T08:41:00,iOS,Kolkata,1009.15,0.0
S005152,U03096,2025-01-15T19:32:00,iOS,Mumbai,618.93,29.0
S005153,U03097,2025-02-25T14:31:00,Android,Bengaluru,850.77,29.0
S005154,U03098,2025-03-08T17:59:00,Android,Kolkata,416.54,39.0
S005155,U03099,2025-04-06T17:09:00,iOS,Bengaluru,1664.39,0.0
S005156,U03099,2025-01-20T12:57:00,iOS,Bengaluru,589.2,69.0
S005157,U03100,2025-04-21T11:50:00,iOS,Bengaluru,633.7,29.0
S005158,U03101,2025-04-27T22:24:00,Android,Kolkata,1129.26,0.0
S005159,U03101,2025-03-22T07:47:00,Android,Kolkata,750.98,39.0
S005160,U03102,2025-05-08T12:56:00,Android,Hyderabad,528.5,29.0
S005161,U03103,2025-06-16T19:52:00,iOS,Kolkata,862.36,59.0
S005162,U03103,2025-06-02T07:02:00,iOS,Kolkata,611.24,49.0
S005163,U03103,2025-06-06T07:58:00,iOS,Kolkata,699.18,49.0
S005164,U03104,2025-04-11T15:58:00,iOS,Hyderabad,781.62,39.0
S005165,U03105,2025-05-21T14:14:00,Android,Mumbai,1168.49,49.0
S005166,U03105,2025-04-26T07:21:00,Android,Mumbai,1196.31,0.0
S005167,U03106,2025-02-28T14:16:00,Android,Delhi,653.56,29.0
S005168,U03106,2025-06-19T10:45:00,Android,Delhi,425.03,69.0
S005169,U03106,2025-06-23T12:43:00,Android,Delhi,1033.87,0.0
S005170,U03107,2025-06-11T15:49:00,iOS,Delhi,276.62,39.0
S005171,U03108,2025-06-28T10:43:00,Android,Kolkata,827.34,39.0
S005172,U03108,2025-04-16T14:22:00,Android,Kolkata,408.3,19.0
S005173,U03109,2025-06-06T13:46:00,Android,Kolkata,845.81,49.0
S005174,U03109,2025-06-29T11:05:00,Android,Kolkata,410.27,19.0
S005175,U03110,2025-02-07T12:32:00,Android,Delhi,1113.69,39.0
S005176,U03110,2025-04-02T14:33:00,Android,Delhi,528.26,39.0
S005177,U03111,2025-03-21T19:08:00,Android,Delhi,677.13,39.0
S005178,U03112,2025-04-22T12:31:00,iOS,Delhi,567.28,19.0
S005179,U03113,2025-02-19T10:52:00,Android,Delhi,793.2,29.0
S005180,U03113,2025-04-16T21:25:00,Android,Delhi,542.29,39.0
S005181,U03113,2025-03-01T11:49:00,Android,Delhi,311.5,19.0
S005182,U03114,2025-01-19T20:06:00,iOS,Kolkata,588.71,49.0
S005183,U03114,2025-04-11T10:21:00,iOS,Kolkata,854.51,29.0
S005184,U03114,2025-02-10T20:05:00,iOS,Kolkata,680.89,39.0
S005185,U03115,2025-02-27T22:21:00,Android,Bengaluru,454.82,49.0
S005186,U03115,2025-04-18T13:51:00,Android,Bengaluru,1134.94,0.0
S005187,U03115,2025-03-15T22:36:00,Android,Bengaluru,851.26,19.0
S005188,U03115,2025-06-13T08:31:00,Android,Bengaluru,487.46,69.0
S005189,U03116,2025-06-08T07:25:00,iOS,Delhi,515.95,0.0
S005190,U03116,2025-01-24T08:23:00,iOS,Delhi,1016.89,59.0
S005191,U03117,2025-01-22T20:35:00,Android,Kolkata,635.8,39.0
S005192,U03118,2025-03-19T08:47:00,Android,Mumbai,2233.66,0.0
S005193,U03118,2025-02-24T22:21:00,Android,Mumbai,545.4,39.0
S005194,U03119,2025-05-31T13:03:00,iOS,Delhi,403.25,39.0
S005195,U03119,2025-02-07T10:57:00,iOS,Delhi,725.34,19.0
S005196,U03120,2025-01-12T08:44:00,iOS,Delhi,1101.64,0.0
S005197,U03121,2025-02-14T19:54:00,Android,Bengaluru,520.6,39.0
S005198,U03122,2025-05-07T15:18:00,Android,Bengaluru,1152.72,0.0
S005199,U03123,2025-03-12T17:41:00,Android,Bengaluru,585.51,0.0
S005200,U03124,2025-03-22T16:38:00,iOS,Bengaluru,786.04,39.0
S005201,U03125,2025-04-05T16:20:00,Android,Bengaluru,667.94,49.0
S005202,U03125,2025-06-10T21:44:00,Android,Bengaluru,1060.4,0.0
S005203,U03125,2025-05-18T13:16:00,Android,Bengaluru,712.61,49.0
S005204,U03126,2025-03-31T10:43:00,iOS,Delhi,533.49,29.0
S005205,U03127,2025-01-16T22:31:00,Android,Bengaluru,866.65,49.0
S005206,U03128,2025-03-01T20:31:00,Android,Kolkata,755.6,29.0
S005207,U03129,2025-03-21T07:35:00,Android,Bengaluru,754.2,69.0
S005208,U03129,2025-02-16T13:25:00,Android,Bengaluru,579.87,49.0
S005209,U03130,2025-04-02T07:23:00,Android,Delhi,654.36,69.0
S005210,U03130,2025-03-14T10:35:00,Android,Delhi,888.72,29.0
S005211,U03131,2025-03-26T20:50:00,iOS,Kolkata,1055.49,0.0
S005212,U03132,2025-01-01T15:11:00,Android,Bengaluru,644.92,49.0
S005213,U03132,2025-06-25T12:14:00,Android,Bengaluru,926.34,0.0
S005214,U03132,2025-06-15T11:07:00,Android,Bengaluru,1122.08,39.0
S005215,U03133,2025-06-13T08:12:00,iOS,Mumbai,727.27,39.0
S005216,U03134,2025-03-12T17:21:00,Android,Hyderabad,427.72,39.0
S005217,U03134,2025-03-19T11:16:00,Android,Hyderabad,771.28,59.0
S005218,U03135,2025-02-02T18:37:00,Android,Mumbai,533.71,39.0
S005219,U03136,2025-03-21T21:33:00,iOS,Bengaluru,746.4,0.0
S005220,U03136,2025-03-17T16:46:00,iOS,Bengaluru,585.22,19.0
S005221,U03137,2025-04-09T15:42:00,Android,Hyderabad,1052.98,0.0
S005222,U03137,2025-02-27T16:37:00,Android,Hyderabad,1274.47,0.0
S005223,U03138,2025-03-23T22:47:00,Android,Hyderabad,747.98,29.0
S005224,U03139,2025-02-04T09:50:00,Android,Delhi,382.91,49.0
S005225,U03139,2025-02-11T16:17:00,Android,Delhi,703.39,29.0
S005226,U03140,2025-05-11T13:08:00,Android,Bengaluru,779.28,0.0
S005227,U03141,2025-02-28T10:56:00,iOS,Bengaluru,819.55,39.0
S005228,U03142,2025-01-04T13:07:00,Android,Hyderabad,344.7,0.0
S005229,U03143,2025-03-13T10:59:00,Android,Delhi,817.08,59.0
S005230,U03143,2025-01-15T11:15:00,Android,Delhi,893.46,19.0
S005231,U03144,2025-04-26T12:14:00,Android,Bengaluru,702.03,0.0
S005232,U03145,2025-02-08T16:33:00,Android,Mumbai,862.18,59.0
S005233,U03145,2025-04-12T08:33:00,Android,Mumbai,812.97,29.0
S005234,U03146,2025-04-21T10:14:00,iOS,Kolkata,630.39,39.0
S005235,U03147,2025-01-05T20:46:00,iOS,Bengaluru,628.94,29.0
S005236,U03147,2025-05-07T16:56:00,iOS,Bengaluru,639.13,59.0
S005237,U03147,2025-06-30T09:00:00,iOS,Bengaluru,858.27,19.0
S005238,U03147,2025-05-22T22:02:00,iOS,Bengaluru,1309.99,49.0
S005239,U03147,2025-02-06T07:39:00,iOS,Bengaluru,523.4,49.0
S005240,U03148,2025-04-18T19:54:00,Android,Bengaluru,652.98,49.0
S005241,U03148,2025-05-21T11:22:00,Android,Bengaluru,972.15,0.0
S005242,U03149,2025-01-15T13:21:00,Android,Delhi,1131.03,0.0
S005243,U03150,2025-05-12T07:34:00,Android,Mumbai,517.7,59.0
S005244,U03150,2025-03-15T18:46:00,Android,Mumbai,460.42,29.0
S005245,U03151,2025-02-27T14:29:00,iOS,Delhi,924.8,0.0
S005246,U03152,2025-03-30T12:05:00,Android,Kolkata,573.3,49.0
S005247,U03152,2025-04-29T10:15:00,Android,Kolkata,641.73,49.0
S005248,U03152,2025-04-23T14:10:00,Android,Kolkata,1842.73,69.0
S005249,U03153,2025-06-01T19:46:00,Android,Bengaluru,965.75,0.0
S005250,U03154,2025-01-21T08:51:00,Android,Delhi,395.66,49.0
S005251,U03155,2025-04-09T13:48:00,iOS,Delhi,1020.85,0.0
S005252,U03155,2025-04-27T12:43:00,iOS,Delhi,697.2,29.0
S005253,U03156,2025-05-16T15:20:00,Android,Delhi,546.51,49.0
S005254,U03157,2025-05-31T22:07:00,Android,Mumbai,372.6,59.0
S005255,U03157,2025-05-22T14:30:00,Android,Mumbai,811.34,39.0
S005256,U03158,2025-06-16T10:38:00,iOS,Hyderabad,637.85,29.0
S005257,U03158,2025-01-05T16:20:00,iOS,Hyderabad,424.48,39.0
S005258,U03159,2025-04-19T21:11:00,iOS,Delhi,1240.86,0.0
S005259,U03159,2025-02-13T08:57:00,iOS,Delhi,700.92,49.0
S005260,U03159,2025-01-26T20:48:00,iOS,Delhi,514.65,69.0
S005261,U03159,2025-01-03T09:52:00,iOS,Delhi,1210.12,0.0
S005262,U03160,2025-03-10T18:21:00,Android,Hyderabad,666.77,29.0
S005263,U03161,2025-03-13T21:28:00,iOS,Bengaluru,818.11,29.0
S005264,U03161,2025-01-25T20:09:00,iOS,Bengaluru,590.59,49.0
S005265,U03161,2025-05-21T20:00:00,iOS,Bengaluru,1082.03,0.0
S005266,U03161,2025-03-28T22:43:00,iOS,Bengaluru,1852.36,49.0
S005267,U03162,2025-01-31T09:26:00,Android,Mumbai,499.06,39.0
S005268,U03162,2025-06-05T12:26:00,Android,Mumbai,983.5,0.0
S005269,U03163,2025-03-23T17:53:00,Android,Delhi,906.91,0.0
S005270,U03164,2025-04-07T19:31:00,Android,Mumbai,728.35,39.0
S005271,U03165,2025-06-27T07:09:00,Android,Bengaluru,614.71,39.0
S005272,U03165,2025-02-12T20:53:00,Android,Bengaluru,321.54,29.0
S005273,U03165,2025-01-22T17:11:00,Android,Bengaluru,529.71,19.0
S005274,U03166,2025-01-28T16:28:00,Android,Kolkata,676.72,59.0
S005275,U03167,2025-04-19T15:39:00,Android,Kolkata,590.98,69.0
S005276,U03168,2025-06-18T14:23:00,Android,Hyderabad,452.5,39.0
S005277,U03169,2025-05-16T22:00:00,iOS,Kolkata,1405.86,59.0
S005278,U03170,2025-06-07T12:47:00,Android,Bengaluru,550.28,0.0
S005279,U03170,2025-05-24T13:54:00,Android,Bengaluru,352.72,59.0
S005280,U03170,2025-03-07T18:10:00,Android,Bengaluru,1028.7,0.0
S005281,U03171,2025-01-12T08:40:00,Android,Mumbai,598.51,59.0
S005282,U03171,2025-01-25T09:32:00,Android,Mumbai,606.08,49.0
S005283,U03171,2025-05-23T14:03:00,Android,Mumbai,979.92,49.0
S005284,U03172,2025-02-13T17:13:00,Android,Delhi,644.96,19.0
S005285,U03172,2025-04-18T22:27:00,Android,Delhi,879.15,39.0
S005286,U03172,2025-06-03T18:33:00,Android,Delhi,867.66,29.0
S005287,U03173,2025-03-02T08:57:00,Android,Kolkata,497.93,29.0
S005288,U03173,2025-03-31T10:39:00,Android,Kolkata,726.0,29.0
S005289,U03174,2025-04-18T07:37:00,Android,Bengaluru,1014.03,0.0
S005290,U03175,2025-01-04T16:58:00,Android,Bengaluru,1081.9,0.0
S005291,U03175,2025-06-23T12:00:00,Android,Bengaluru,630.5,49.0
S005292,U03176,2025-06-14T16:27:00,Android,Hyderabad,349.68,0.0
S005293,U03176,2025-04-30T17:26:00,Android,Hyderabad,1272.72,0.0
S005294,U03176,2025-01-17T19:42:00,Android,Hyderabad,341.31,49.0
S005295,U03177,2025-06-30T21:50:00,Android,Bengaluru,958.03,0.0
S005296,U03178,2025-01-31T11:09:00,iOS,Hyderabad,1052.28,29.0
S005297,U03179,2025-02-11T11:32:00,iOS,Delhi,658.26,19.0
S005298,U03180,2025-01-10T09:14:00,Android,Mumbai,699.94,39.0
S005299,U03180,2025-01-22T10:01:00,Android,Mumbai,1109.75,0.0
S005300,U03181,2025-01-16T17:50:00,iOS,Kolkata,1394.13,49.0
S005301,U03181,2025-05-30T12:35:00,iOS,Kolkata,694.77,49.0
S005302,U03182,2025-05-16T10:42:00,Android,Mumbai,538.5,29.0
S005303,U03182,2025-02-03T09:48:00,Android,Mumbai,486.76,39.0
S005304,U03183,2025-02-27T17:11:00,iOS,Bengaluru,378.74,39.0
S005305,U03184,2025-03-30T16:53:00,Android,Bengaluru,752.08,19.0
S005306,U03185,2025-05-02T08:49:00,Android,Bengaluru,603.8,39.0
S005307,U03186,2025-06-09T08:57:00,Android,Bengaluru,938.33,29.0
S005308,U03186,2025-05-13T22:00:00,Android,Bengaluru,607.05,29.0
S005309,U03187,2025-06-21T19:24:00,Android,Mumbai,909.84,0.0
S005310,U03188,2025-01-11T13:20:00,iOS,Delhi,946.21,0.0
S005311,U03189,2025-06-19T19:38:00,Android,Bengaluru,616.0,59.0
S005312,U03190,2025-06-11T14:32:00,Android,Bengaluru,350.01,59.0
S005313,U03191,2025-04-24T09:15:00,Android,Kolkata,906.95,49.0
S005314,U03191,2025-02-18T09:42:00,Android,Kolkata,740.12,39.0
S005315,U03192,2025-03-12T17:30:00,Android,Bengaluru,975.67,29.0
S005316,U03193,2025-06-23T09:02:00,Android,Delhi,411.99,59.0
S005317,U03193,2025-06-08T07:35:00,Android,Delhi,1245.85,69.0
S005318,U03194,2025-02-27T21:50:00,Android,Delhi,643.98,0.0
S005319,U03195,2025-04-17T19:19:00,Android,Bengaluru,955.64,0.0
S005320,U03195,2025-05-11T15:52:00,Android,Bengaluru,445.07,49.0
S005321,U03196,2025-06-12T18:59:00,iOS,Kolkata,727.91,49.0
S005322,U03197,2025-04-02T20:39:00,Android,Bengaluru,2189.53,59.0
S005323,U03197,2025-02-26T14:51:00,Android,Bengaluru,578.86,49.0
S005324,U03198,2025-01-23T18:51:00,Android,Hyderabad,1623.8,0.0
S005325,U03198,2025-02-05T19:39:00,Android,Hyderabad,437.18,49.0
S005326,U03199,2025-03-17T14:56:00,Android,Mumbai,654.86,29.0
S005327,U03199,2025-05-23T18:48:00,Android,Mumbai,868.87,0.0
S005328,U03200,2025-03-31T09:41:00,iOS,Hyderabad,1028.28,0.0
S005329,U03200,2025-06-05T12:57:00,iOS,Hyderabad,498.34,49.0
S005330,U03201,2025-04-22T18:07:00,iOS,Mumbai,492.01,0.0
S005331,U03201,2025-01-05T19:24:00,iOS,Mumbai,1707.55,0.0
S005332,U03201,2025-06-27T15:04:00,iOS,Mumbai,970.49,0.0
S005333,U03202,2025-03-23T22:40:00,Android,Hyderabad,802.86,59.0
S005334,U03203,2025-06-24T18:56:00,Android,Delhi,959.32,0.0
S005335,U03203,2025-05-30T16:18:00,Android,Delhi,643.78,19.0
S005336,U03204,2025-04-15T16:14:00,Android,Mumbai,972.94,19.0
S005337,U03205,2025-02-20T08:19:00,Android,Hyderabad,840.55,49.0
S005338,U03206,2025-05-11T22:59:00,iOS,Mumbai,778.35,0.0
S005339,U03207,2025-02-03T10:51:00,iOS,Mumbai,894.49,39.0
S005340,U03208,2025-05-16T21:51:00,Android,Bengaluru,960.18,0.0
S005341,U03208,2025-04-03T19:26:00,Android,Bengaluru,445.03,19.0
S005342,U03209,2025-06-24T16:26:00,iOS,Bengaluru,661.62,49.0
S005343,U03210,2025-02-24T20:13:00,iOS,Delhi,678.56,29.0
S005344,U03211,2025-04-14T19:19:00,iOS,Bengaluru,951.89,0.0
S005345,U03212,2025-06-14T21:12:00,iOS,Delhi,459.37,39.0
S005346,U03213,2025-04-13T19:39:00,Android,Bengaluru,752.0,59.0
S005347,U03214,2025-03-05T15:04:00,iOS,Mumbai,951.41,0.0
S005348,U03214,2025-02-12T07:07:00,iOS,Mumbai,373.67,19.0
S005349,U03215,2025-04-08T18:10:00,Android,Hyderabad,867.54,59.0
S005350,U03216,2025-01-15T07:10:00,Android,Mumbai,923.02,0.0
S005351,U03216,2025-01-18T08:57:00,Android,Mumbai,545.5,39.0
S005352,U03217,2025-03-01T14:30:00,Android,Hyderabad,730.13,39.0
S005353,U03218,2025-05-13T15:34:00,iOS,Bengaluru,745.78,69.0
S005354,U03219,2025-01-14T12:21:00,Android,Bengaluru,971.28,49.0
S005355,U03220,2025-01-04T15:53:00,Android,Hyderabad,941.68,39.0
S005356,U03221,2025-06-26T13:24:00,iOS,Hyderabad,443.69,49.0
S005357,U03221,2025-06-12T15:49:00,iOS,Hyderabad,1415.64,69.0
S005358,U03222,2025-05-28T14:10:00,Android,Hyderabad,1300.02,0.0
S005359,U03222,2025-02-25T13:11:00,Android,Hyderabad,1072.06,59.0
S005360,U03222,2025-03-13T16:40:00,Android,Hyderabad,893.21,49.0
S005361,U03223,2025-04-01T20:36:00,Android,Mumbai,1293.78,0.0
S005362,U03224,2025-06-09T07:13:00,Android,Hyderabad,632.96,0.0
S005363,U03224,2025-04-01T22:52:00,Android,Hyderabad,1405.08,0.0
S005364,U03225,2025-04-25T20:10:00,Android,Hyderabad,593.4,0.0
S005365,U03226,2025-04-11T14:39:00,Android,Hyderabad,679.17,49.0
S005366,U03226,2025-01-24T12:07:00,Android,Hyderabad,782.64,39.0
S005367,U03226,2025-02-04T08:23:00,Android,Hyderabad,1359.66,0.0
S005368,U03226,2025-06-14T20:19:00,Android,Hyderabad,1152.74,0.0
S005369,U03227,2025-04-12T10:24:00,Android,Hyderabad,384.79,29.0
S005370,U03228,2025-01-29T22:23:00,Android,Bengaluru,501.08,39.0
S005371,U03229,2025-03-22T10:20:00,iOS,Bengaluru,817.17,29.0
S005372,U03229,2025-05-31T15:52:00,iOS,Bengaluru,1517.74,0.0
S005373,U03229,2025-01-19T21:13:00,iOS,Bengaluru,700.74,69.0
S005374,U03230,2025-03-07T16:34:00,iOS,Delhi,967.81,0.0
S005375,U03231,2025-02-03T12:02:00,Android,Mumbai,591.96,19.0
S005376,U03232,2025-03-04T08:33:00,iOS,Hyderabad,806.1,49.0
S005377,U03232,2025-04-03T15:50:00,iOS,Hyderabad,629.55,39.0
S005378,U03233,2025-01-10T16:05:00,iOS,Delhi,501.64,49.0
S005379,U03233,2025-06-29T14:52:00,iOS,Delhi,713.26,49.0
S005380,U03234,2025-06-27T09:34:00,iOS,Delhi,742.62,69.0
S005381,U03235,2025-04-01T22:13:00,Android,Hyderabad,575.63,39.0
S005382,U03236,2025-02-13T11:37:00,Android,Bengaluru,511.04,39.0
S005383,U03237,2025-01-24T14:53:00,Android,Hyderabad,770.24,59.0
S005384,U03238,2025-01-26T13:09:00,Android,Bengaluru,680.58,49.0
S005385,U03239,2025-04-07T15:27:00,Android,Delhi,680.89,39.0
S005386,U03240,2025-03-12T22:01:00,Android,Delhi,672.36,0.0
S005387,U03240,2025-05-09T09:39:00,Android,Delhi,857.58,29.0
S005388,U03241,2025-06-09T17:25:00,Android,Delhi,1217.72,0.0
S005389,U03241,2025-05-31T20:03:00,Android,Delhi,583.84,69.0
S005390,U03241,2025-01-20T16:33:00,Android,Delhi,673.49,19.0
S005391,U03242,2025-01-26T16:49:00,Android,Bengaluru,629.37,39.0
S005392,U03243,2025-05-05T22:24:00,Android,Bengaluru,371.85,59.0
S005393,U03244,2025-05-13T08:51:00,Android,Delhi,386.31,49.0
S005394,U03245,2025-01-29T18:05:00,iOS,Delhi,476.99,39.0
S005395,U03245,2025-04-27T22:36:00,iOS,Delhi,340.97,59.0
S005396,U03245,2025-02-12T11:19:00,iOS,Delhi,963.21,0.0
S005397,U03245,2025-01-08T19:41:00,iOS,Delhi,965.5,0.0
S005398,U03246,2025-01-14T15:19:00,Android,Hyderabad,500.08,69.0
S005399,U03246,2025-01-18T07:26:00,Android,Hyderabad,702.94,19.0
S005400,U03247,2025-02-16T22:14:00,Android,Bengaluru,796.6,0.0
S005401,U03248,2025-04-28T09:49:00,Android,Delhi,864.58,29.0
S005402,U03248,2025-03-18T19:10:00,Android,Delhi,766.81,49.0
S005403,U03249,2025-05-22T12:28:00,Android,Bengaluru,929.69,0.0
S005404,U03249,2025-04-05T22:31:00,Android,Bengaluru,552.16,39.0
S005405,U03250,2025-02-28T16:38:00,iOS,Kolkata,1018.72,59.0
S005406,U03251,2025-01-02T20:44:00,Android,Hyderabad,937.43,0.0
S005407,U03252,2025-04-12T11:40:00,iOS,Kolkata,1208.97,0.0
S005408,U03253,2025-05-24T20:33:00,iOS,Kolkata,989.47,29.0
S005409,U03253,2025-05-06T12:38:00,iOS,Kolkata,591.56,49.0
S005410,U03254,2025-05-21T21:21:00,Android,Delhi,1184.42,39.0
S005411,U03254,2025-03-28T20:46:00,Android,Delhi,1400.25,0.0
S005412,U03255,2025-01-03T09:11:00,Android,Hyderabad,229.27,39.0
S005413,U03255,2025-04-18T14:52:00,Android,Hyderabad,843.85,49.0
S005414,U03256,2025-02-06T08:00:00,Android,Delhi,640.22,49.0
S005415,U03256,2025-03-13T10:36:00,Android,Delhi,690.12,0.0
S005416,U03257,2025-05-18T22:57:00,Android,Kolkata,365.99,69.0
S005417,U03258,2025-01-12T15:44:00,Android,Delhi,661.5,39.0
S005418,U03258,2025-04-09T20:22:00,Android,Delhi,475.79,29.0
S005419,U03259,2025-04-17T16:58:00,Android,Delhi,432.54,39.0
S005420,U03260,2025-01-22T16:08:00,Android,Kolkata,892.33,19.0
S005421,U03261,2025-06-22T19:20:00,Android,Hyderabad,1014.87,0.0
S005422,U03262,2025-06-09T22:24:00,Android,Kolkata,606.44,49.0
S005423,U03263,2025-01-26T14:00:00,Android,Bengaluru,623.29,39.0
S005424,U03264,2025-04-06T09:51:00,Android,Bengaluru,762.15,59.0
S005425,U03265,2025-05-24T13:13:00,iOS,Delhi,451.71,29.0
S005426,U03266,2025-03-22T15:55:00,Android,Delhi,940.27,0.0
S005427,U03267,2025-02-05T20:00:00,Android,Delhi,663.01,39.0
S005428,U03268,2025-03-16T22:24:00,Android,Delhi,410.64,29.0
S005429,U03269,2025-02-20T19:40:00,iOS,Hyderabad,657.47,39.0
S005430,U03270,2025-04-22T17:50:00,iOS,Bengaluru,831.65,29.0
S005431,U03271,2025-03-21T17:27:00,Android,Hyderabad,996.51,49.0
S005432,U03271,2025-04-19T14:27:00,Android,Hyderabad,840.7,29.0
S005433,U03271,2025-04-23T22:34:00,Android,Hyderabad,787.04,49.0
S005434,U03272,2025-06-07T12:36:00,Android,Hyderabad,826.63,39.0
S005435,U03272,2025-06-12T16:00:00,Android,Hyderabad,628.22,49.0
S005436,U03273,2025-06-13T15:15:00,Android,Mumbai,886.02,29.0
S005437,U03273,2025-03-11T20:22:00,Android,Mumbai,870.29,39.0
S005438,U03274,2025-05-27T14:30:00,Android,Delhi,475.98,49.0
S005439,U03274,2025-04-27T12:15:00,Android,Delhi,322.15,29.0
S005440,U03275,2025-05-24T22:39:00,Android,Bengaluru,972.82,0.0
S005441,U03276,2025-05-05T11:08:00,Android,Bengaluru,505.14,0.0
S005442,U03276,2025-06-11T10:07:00,Android,Bengaluru,458.64,39.0
S005443,U03277,2025-05-24T17:46:00,iOS,Hyderabad,622.36,39.0
S005444,U03278,2025-06-28T18:42:00,Android,Delhi,446.97,0.0
S005445,U03279,2025-04-23T10:30:00,Android,Bengaluru,994.46,29.0
S005446,U03279,2025-01-18T07:32:00,Android,Bengaluru,555.37,29.0
S005447,U03279,2025-04-25T18:41:00,Android,Bengaluru,695.1,29.0
S005448,U03280,2025-03-23T15:44:00,Android,Kolkata,726.34,0.0
S005449,U03281,2025-02-06T10:57:00,Android,Mumbai,611.29,0.0
S005450,U03281,2025-06-01T07:17:00,Android,Mumbai,595.65,39.0
S005451,U03282,2025-03-30T20:03:00,iOS,Hyderabad,1658.82,0.0
S005452,U03283,2025-03-22T14:26:00,iOS,Delhi,725.1,59.0
S005453,U03284,2025-06-15T21:48:00,Android,Kolkata,557.26,49.0
S005454,U03284,2025-01-14T10:09:00,Android,Kolkata,707.44,49.0
S005455,U03285,2025-06-09T13:54:00,iOS,Bengaluru,423.89,39.0
S005456,U03286,2025-01-27T20:46:00,Android,Bengaluru,794.01,49.0
S005457,U03287,2025-03-05T15:02:00,Android,Kolkata,675.33,39.0
S005458,U03288,2025-01-18T15:20:00,Android,Kolkata,641.44,29.0
S005459,U03289,2025-05-23T22:01:00,Android,Mumbai,695.76,69.0
S005460,U03289,2025-06-22T19:16:00,Android,Mumbai,767.33,49.0
S005461,U03290,2025-06-01T15:05:00,Android,Bengaluru,634.53,59.0
S005462,U03290,2025-04-03T13:20:00,Android,Bengaluru,413.73,39.0
S005463,U03291,2025-05-09T08:17:00,Android,Delhi,1308.27,0.0
S005464,U03291,2025-05-19T13:07:00,Android,Delhi,695.75,0.0
S005465,U03292,2025-05-29T10:27:00,Android,Hyderabad,1027.32,0.0
S005466,U03292,2025-03-19T15:54:00,Android,Hyderabad,616.34,49.0
S005467,U03293,2025-05-19T07:06:00,iOS,Hyderabad,668.6,39.0
S005468,U03293,2025-01-19T07:50:00,iOS,Hyderabad,611.25,39.0
S005469,U03294,2025-03-16T08:48:00,Android,Delhi,616.88,49.0
S005470,U03294,2025-05-26T14:53:00,Android,Delhi,572.82,49.0
S005471,U03294,2025-04-18T16:57:00,Android,Delhi,1369.63,0.0
S005472,U03295,2025-03-07T10:05:00,Android,Bengaluru,596.7,19.0
S005473,U03296,2025-05-07T17:22:00,iOS,Mumbai,822.49,59.0
S005474,U03296,2025-01-24T07:15:00,iOS,Mumbai,587.32,69.0
S005475,U03297,2025-01-19T14:29:00,Android,Hyderabad,965.56,0.0
S005476,U03297,2025-04-25T20:21:00,Android,Hyderabad,655.56,0.0
S005477,U03297,2025-02-11T07:56:00,Android,Hyderabad,1370.78,0.0
S005478,U03298,2025-04-14T14:45:00,Android,Delhi,420.54,29.0
S005479,U03299,2025-06-15T09:32:00,Android,Mumbai,1412.23,49.0
S005480,U03300,2025-03-20T12:50:00,Android,Kolkata,556.91,49.0
S005481,U03301,2025-02-06T21:03:00,Android,Bengaluru,920.1,0.0
S005482,U03301,2025-05-18T10:58:00,Android,Bengaluru,593.7,19.0
S005483,U03301,2025-05-12T19:11:00,Android,Bengaluru,683.84,59.0
S005484,U03301,2025-05-02T07:24:00,Android,Bengaluru,651.9,29.0
S005485,U03302,2025-03-29T21:36:00,Android,Mumbai,750.46,29.0
S005486,U03302,2025-01-27T07:00:00,Android,Mumbai,403.17,29.0
S005487,U03303,2025-05-13T13:13:00,Android,Mumbai,373.14,29.0
S005488,U03304,2025-05-11T19:38:00,Android,Mumbai,574.93,29.0
S005489,U03304,2025-06-12T19:13:00,Android,Mumbai,1092.26,0.0
S005490,U03305,2025-01-28T21:55:00,iOS,Kolkata,765.03,29.0
S005491,U03305,2025-02-06T12:31:00,iOS,Kolkata,748.05,39.0
S005492,U03306,2025-03-31T11:50:00,iOS,Mumbai,737.75,39.0
S005493,U03307,2025-01-22T14:37:00,Android,Mumbai,922.0,0.0
S005494,U03307,2025-03-17T16:00:00,Android,Mumbai,536.14,0.0
S005495,U03308,2025-06-21T20:58:00,iOS,Bengaluru,871.39,0.0
S005496,U03309,2025-01-21T20:29:00,iOS,Hyderabad,1060.0,0.0
S005497,U03309,2025-06-22T13:05:00,iOS,Hyderabad,953.35,0.0
S005498,U03310,2025-04-12T07:01:00,iOS,Bengaluru,1019.85,0.0
S005499,U03311,2025-04-06T20:20:00,Android,Bengaluru,445.12,39.0
S005500,U03311,2025-01-26T19:39:00,Android,Bengaluru,636.26,39.0
S005501,U03311,2025-01-03T21:56:00,Android,Bengaluru,581.26,29.0
S005502,U03311,2025-04-14T20:12:00,Android,Bengaluru,1245.6,49.0
S005503,U03312,2025-06-14T20:52:00,Android,Mumbai,1887.21,0.0
S005504,U03312,2025-06-08T13:08:00,Android,Mumbai,229.72,59.0
S005505,U03312,2025-04-23T08:30:00,Android,Mumbai,961.63,0.0
S005506,U03313,2025-04-30T16:27:00,Android,Mumbai,510.16,49.0
S005507,U03313,2025-04-24T18:27:00,Android,Mumbai,641.74,49.0
S005508,U03314,2025-04-07T14:58:00,iOS,Kolkata,563.02,19.0
S005509,U03314,2025-04-30T11:43:00,iOS,Kolkata,587.41,39.0
S005510,U03315,2025-01-28T09:11:00,Android,Hyderabad,832.23,39.0
S005511,U03315,2025-04-07T09:55:00,Android,Hyderabad,1008.01,0.0
S005512,U03316,2025-06-29T15:53:00,iOS,Hyderabad,1041.07,0.0
S005513,U03317,2025-02-27T19:49:00,iOS,Delhi,662.36,0.0
S005514,U03318,2025-03-24T17:22:00,Android,Mumbai,277.52,49.0
S005515,U03318,2025-04-21T15:54:00,Android,Mumbai,1937.68,0.0
S005516,U03318,2025-01-22T10:48:00,Android,Mumbai,632.26,29.0
S005517,U03319,2025-01-05T16:44:00,Android,Kolkata,375.87,0.0
S005518,U03320,2025-06-17T18:10:00,iOS,Delhi,604.6,49.0
S005519,U03320,2025-04-03T09:51:00,iOS,Delhi,526.02,39.0
S005520,U03321,2025-03-30T21:06:00,Android,Hyderabad,835.21,19.0
S005521,U03321,2025-01-01T22:23:00,Android,Hyderabad,368.71,29.0
S005522,U03322,2025-02-26T14:19:00,Android,Mumbai,662.18,49.0
S005523,U03323,2025-06-12T10:16:00,iOS,Bengaluru,647.37,29.0
S005524,U03323,2025-02-10T17:08:00,iOS,Bengaluru,703.95,59.0
S005525,U03324,2025-06-19T10:52:00,Android,Mumbai,683.3,49.0
S005526,U03324,2025-03-04T08:10:00,Android,Mumbai,750.74,29.0
S005527,U03325,2025-03-16T19:31:00,Android,Bengaluru,763.6,29.0
S005528,U03325,2025-01-28T17:35:00,Android,Bengaluru,567.42,19.0
S005529,U03326,2025-04-29T13:03:00,Android,Bengaluru,1016.09,19.0
S005530,U03326,2025-02-16T21:32:00,Android,Bengaluru,1735.05,49.0
S005531,U03327,2025-04-08T22:44:00,iOS,Bengaluru,1214.84,49.0
S005532,U03328,2025-04-05T19:56:00,Android,Bengaluru,501.08,0.0
S005533,U03328,2025-04-23T13:20:00,Android,Bengaluru,890.11,29.0
S005534,U03328,2025-06-17T08:30:00,Android,Bengaluru,1005.55,0.0
S005535,U03328,2025-06-22T14:10:00,Android,Bengaluru,588.34,59.0
S005536,U03329,2025-06-29T20:44:00,Android,Delhi,732.64,29.0
S005537,U03330,2025-04-01T08:58:00,Android,Kolkata,883.8,0.0
S005538,U03331,2025-03-21T09:35:00,Android,Delhi,1160.74,0.0
S005539,U03331,2025-02-15T16:38:00,Android,Delhi,638.58,0.0
S005540,U03332,2025-04-08T17:13:00,Android,Hyderabad,536.03,39.0
S005541,U03333,2025-03-27T21:46:00,Android,Mumbai,392.26,39.0
S005542,U03334,2025-06-11T13:56:00,iOS,Bengaluru,1023.68,29.0
S005543,U03335,2025-03-26T19:11:00,Android,Bengaluru,689.57,59.0
S005544,U03335,2025-01-24T14:00:00,Android,Bengaluru,454.13,39.0
S005545,U03336,2025-01-19T17:34:00,iOS,Kolkata,1278.19,0.0
S005546,U03336,2025-04-29T10:51:00,iOS,Kolkata,357.46,39.0
S005547,U03337,2025-03-22T18:21:00,iOS,Mumbai,899.57,49.0
S005548,U03338,2025-05-13T20:32:00,Android,Kolkata,1076.72,0.0
S005549,U03339,2025-02-19T22:12:00,Android,Delhi,845.89,49.0
S005550,U03339,2025-01-22T08:48:00,Android,Delhi,654.62,49.0
S005551,U03340,2025-05-28T17:05:00,Android,Hyderabad,798.2,69.0
S005552,U03340,2025-03-12T22:25:00,Android,Hyderabad,246.13,49.0
S005553,U03341,2025-03-16T16:05:00,Android,Hyderabad,423.0,49.0
S005554,U03342,2025-06-16T15:32:00,Android,Kolkata,607.55,29.0
S005555,U03342,2025-04-21T17:49:00,Android,Kolkata,937.93,0.0
S005556,U03343,2025-01-29T09:59:00,Android,Bengaluru,320.05,0.0
S005557,U03344,2025-04-29T10:33:00,Android,Kolkata,442.77,49.0
S005558,U03345,2025-06-09T20:20:00,Android,Delhi,581.05,39.0
S005559,U03345,2025-01-18T12:29:00,Android,Delhi,605.16,49.0
S005560,U03346,2025-02-04T08:40:00,Android,Hyderabad,756.75,39.0
S005561,U03347,2025-05-19T18:10:00,Android,Mumbai,795.08,19.0
S005562,U03347,2025-04-08T13:01:00,Android,Mumbai,633.25,49.0
S005563,U03348,2025-05-26T12:47:00,Android,Mumbai,962.27,0.0
S005564,U03348,2025-06-08T10:05:00,Android,Mumbai,555.43,0.0
S005565,U03348,2025-01-20T19:25:00,Android,Mumbai,650.9,59.0
S005566,U03349,2025-06-22T10:44:00,Android,Delhi,796.94,59.0
S005567,U03350,2025-01-22T20:59:00,Android,Hyderabad,714.99,39.0
S005568,U03351,2025-06-13T16:07:00,Android,Delhi,656.3,39.0
S005569,U03352,2025-05-24T08:49:00,Android,Mumbai,622.45,49.0
S005570,U03353,2025-06-10T20:10:00,Android,Mumbai,683.9,59.0
S005571,U03354,2025-01-29T20:33:00,Android,Hyderabad,611.99,39.0
S005572,U03355,2025-06-19T15:20:00,Android,Delhi,834.32,49.0
S005573,U03355,2025-02-15T13:52:00,Android,Delhi,404.16,29.0
S005574,U03356,2025-02-19T07:27:00,iOS,Hyderabad,550.61,39.0
S005575,U03357,2025-04-30T12:51:00,Android,Mumbai,955.94,0.0
S005576,U03357,2025-03-04T19:42:00,Android,Mumbai,706.83,29.0
S005577,U03357,2025-01-11T20:36:00,Android,Mumbai,576.04,49.0
S005578,U03357,2025-03-11T11:55:00,Android,Mumbai,499.1,19.0
S005579,U03358,2025-03-30T17:04:00,Android,Mumbai,561.55,69.0
S005580,U03359,2025-02-17T10:26:00,Android,Mumbai,948.56,0.0
S005581,U03359,2025-04-26T12:18:00,Android,Mumbai,771.75,59.0
S005582,U03359,2025-06-15T08:40:00,Android,Mumbai,829.08,59.0
S005583,U03359,2025-02-12T18:43:00,Android,Mumbai,1026.77,39.0
S005584,U03360,2025-01-24T19:07:00,iOS,Hyderabad,661.34,29.0
S005585,U03360,2025-02-03T16:33:00,iOS,Hyderabad,1163.91,49.0
S005586,U03361,2025-04-11T08:58:00,iOS,Hyderabad,1041.95,0.0
S005587,U03362,2025-05-15T10:20:00,Android,Mumbai,525.81,29.0
S005588,U03363,2025-04-18T22:22:00,Android,Bengaluru,681.34,29.0
S005589,U03364,2025-01-02T21:23:00,Android,Mumbai,779.87,29.0
S005590,U03364,2025-06-02T18:56:00,Android,Mumbai,674.7,39.0
S005591,U03365,2025-03-05T20:00:00,iOS,Bengaluru,600.78,19.0
S005592,U03365,2025-03-16T11:35:00,iOS,Bengaluru,464.28,59.0
S005593,U03366,2025-05-25T08:43:00,Android,Bengaluru,262.1,59.0
S005594,U03367,2025-04-08T13:08:00,iOS,Hyderabad,1251.09,29.0
S005595,U03367,2025-02-20T10:50:00,iOS,Hyderabad,1275.61,0.0
S005596,U03368,2025-03-19T10:07:00,Android,Delhi,811.51,49.0
S005597,U03369,2025-03-21T18:31:00,Android,Mumbai,580.38,29.0
S005598,U03370,2025-05-05T08:34:00,Android,Kolkata,650.67,39.0
S005599,U03371,2025-01-30T19:32:00,Android,Bengaluru,776.85,49.0
S005600,U03371,2025-02-20T08:27:00,Android,Bengaluru,716.69,59.0
S005601,U03372,2025-04-06T16:05:00,Android,Bengaluru,742.75,59.0
S005602,U03372,2025-06-19T08:55:00,Android,Bengaluru,505.71,59.0
S005603,U03372,2025-03-19T19:12:00,Android,Bengaluru,729.11,19.0
S005604,U03373,2025-03-10T20:20:00,iOS,Bengaluru,647.1,49.0
S005605,U03373,2025-03-15T19:13:00,iOS,Bengaluru,801.47,49.0
S005606,U03374,2025-04-13T09:49:00,Android,Bengaluru,1164.31,29.0
S005607,U03375,2025-01-12T13:38:00,Android,Hyderabad,699.63,0.0
S005608,U03376,2025-05-19T22:53:00,iOS,Hyderabad,461.17,19.0
S005609,U03377,2025-05-23T18:53:00,iOS,Mumbai,613.92,49.0
S005610,U03378,2025-04-07T21:55:00,iOS,Bengaluru,619.56,49.0
S005611,U03378,2025-01-21T12:25:00,iOS,Bengaluru,533.1,19.0
S005612,U03379,2025-01-14T16:25:00,iOS,Mumbai,333.68,49.0
S005613,U03379,2025-06-29T09:13:00,iOS,Mumbai,437.2,69.0
S005614,U03380,2025-06-21T08:14:00,Android,Bengaluru,408.2,39.0
S005615,U03380,2025-06-23T22:46:00,Android,Bengaluru,780.56,59.0
S005616,U03381,2025-02-22T18:16:00,iOS,Hyderabad,649.5,49.0
S005617,U03382,2025-04-14T10:15:00,Android,Mumbai,1259.16,0.0
S005618,U03383,2025-03-24T17:47:00,iOS,Bengaluru,1225.91,0.0
S005619,U03383,2025-06-06T18:21:00,iOS,Bengaluru,772.85,69.0
S005620,U03384,2025-06-21T12:30:00,iOS,Hyderabad,714.74,29.0
S005621,U03384,2025-05-17T19:26:00,iOS,Hyderabad,581.94,59.0
S005622,U03385,2025-06-26T16:54:00,Android,Hyderabad,459.21,29.0
S005623,U03386,2025-04-17T08:51:00,Android,Delhi,853.24,49.0
S005624,U03386,2025-04-19T21:40:00,Android,Delhi,794.27,19.0
S005625,U03386,2025-02-28T17:50:00,Android,Delhi,507.01,29.0
S005626,U03387,2025-06-21T21:19:00,iOS,Mumbai,377.54,49.0
S005627,U03388,2025-01-28T16:04:00,Android,Mumbai,1183.65,0.0
S005628,U03388,2025-05-29T15:37:00,Android,Mumbai,1486.36,0.0
S005629,U03388,2025-04-12T17:05:00,Android,Mumbai,743.58,49.0
S005630,U03388,2025-01-20T08:58:00,Android,Mumbai,528.04,19.0
S005631,U03388,2025-02-01T17:53:00,Android,Mumbai,448.74,39.0
S005632,U03388,2025-06-27T12:17:00,Android,Mumbai,1218.06,0.0
S005633,U03389,2025-04-26T09:14:00,Android,Bengaluru,359.74,29.0
S005634,U03390,2025-03-05T08:11:00,iOS,Bengaluru,614.07,69.0
S005635,U03391,2025-02-08T10:03:00,Android,Hyderabad,470.46,59.0
S005636,U03391,2025-03-19T21:08:00,Android,Hyderabad,712.3,0.0
S005637,U03392,2025-02-10T21:13:00,Android,Kolkata,625.65,39.0
S005638,U03393,2025-06-17T18:07:00,Android,Mumbai,1249.2,0.0
S005639,U03393,2025-04-05T20:58:00,Android,Mumbai,664.66,29.0
S005640,U03394,2025-05-08T13:45:00,Android,Mumbai,419.4,39.0
S005641,U03395,2025-01-28T22:59:00,Android,Mumbai,445.71,29.0
S005642,U03396,2025-04-08T20:32:00,iOS,Delhi,690.04,29.0
S005643,U03396,2025-04-25T12:50:00,iOS,Delhi,477.46,49.0
S005644,U03397,2025-02-12T10:36:00,Android,Bengaluru,942.72,49.0
S005645,U03397,2025-06-22T17:57:00,Android,Bengaluru,582.23,49.0
S005646,U03398,2025-06-15T16:13:00,iOS,Delhi,719.54,29.0
S005647,U03399,2025-06-02T20:58:00,iOS,Kolkata,471.95,39.0
S005648,U03400,2025-03-02T20:53:00,Android,Hyderabad,700.82,0.0
S005649,U03401,2025-05-25T09:47:00,iOS,Kolkata,790.45,29.0
S005650,U03402,2025-01-05T10:19:00,iOS,Bengaluru,637.58,29.0
S005651,U03402,2025-04-26T07:13:00,iOS,Bengaluru,855.8,49.0
S005652,U03402,2025-02-20T09:09:00,iOS,Bengaluru,712.72,19.0
S005653,U03403,2025-01-18T09:07:00,Android,Mumbai,1775.89,0.0
S005654,U03403,2025-02-05T10:49:00,Android,Mumbai,552.41,29.0
S005655,U03403,2025-03-10T14:27:00,Android,Mumbai,1449.16,29.0
S005656,U03404,2025-02-20T11:55:00,Android,Mumbai,524.94,49.0
S005657,U03404,2025-05-06T20:32:00,Android,Mumbai,1614.86,0.0
S005658,U03404,2025-04-18T22:17:00,Android,Mumbai,448.5,49.0
S005659,U03405,2025-06-08T21:25:00,Android,Bengaluru,1225.16,29.0
S005660,U03406,2025-06-23T11:11:00,Android,Bengaluru,571.32,29.0
S005661,U03407,2025-02-22T18:59:00,Android,Hyderabad,437.63,0.0
S005662,U03408,2025-01-06T20:40:00,Android,Mumbai,1020.03,39.0
S005663,U03408,2025-02-10T19:07:00,Android,Mumbai,529.77,19.0
S005664,U03409,2025-01-17T21:50:00,iOS,Mumbai,567.43,39.0
S005665,U03410,2025-01-30T11:31:00,iOS,Delhi,484.47,19.0
S005666,U03410,2025-05-03T10:20:00,iOS,Delhi,882.87,39.0
S005667,U03410,2025-05-09T10:47:00,iOS,Delhi,504.04,0.0
S005668,U03411,2025-05-23T22:16:00,iOS,Mumbai,525.78,19.0
S005669,U03412,2025-04-28T08:33:00,iOS,Bengaluru,548.42,0.0
S005670,U03413,2025-06-28T15:14:00,Android,Bengaluru,1007.19,0.0
S005671,U03414,2025-06-16T12:39:00,Android,Mumbai,555.72,59.0
S005672,U03414,2025-01-25T19:12:00,Android,Mumbai,528.23,39.0
S005673,U03415,2025-05-02T20:39:00,Android,Delhi,587.8,49.0
S005674,U03416,2025-01-20T20:44:00,Android,Kolkata,250.62,0.0
S005675,U03417,2025-02-02T09:28:00,Android,Delhi,413.36,0.0
S005676,U03417,2025-03-25T09:17:00,Android,Delhi,536.31,29.0
S005677,U03418,2025-04-20T14:30:00,iOS,Bengaluru,764.54,69.0
S005678,U03418,2025-06-20T11:20:00,iOS,Bengaluru,568.3,49.0
S005679,U03419,2025-03-24T22:56:00,Android,Bengaluru,909.14,0.0
S005680,U03420,2025-05-25T14:00:00,Android,Hyderabad,898.53,59.0
S005681,U03420,2025-03-02T07:27:00,Android,Hyderabad,542.96,39.0
S005682,U03420,2025-03-07T19:27:00,Android,Hyderabad,658.37,29.0
S005683,U03421,2025-04-04T15:25:00,Android,Bengaluru,969.34,0.0
S005684,U03421,2025-04-25T07:08:00,Android,Bengaluru,771.58,39.0
S005685,U03422,2025-05-15T22:53:00,Android,Bengaluru,362.93,29.0
S005686,U03423,2025-04-12T14:34:00,Android,Delhi,517.63,0.0
S005687,U03423,2025-04-30T14:34:00,Android,Delhi,1113.81,0.0
S005688,U03423,2025-04-06T07:56:00,Android,Delhi,782.86,29.0
S005689,U03423,2025-02-21T15:47:00,Android,Delhi,550.77,59.0
S005690,U03424,2025-03-24T16:59:00,Android,Delhi,658.83,0.0
S005691,U03425,2025-06-12T17:04:00,iOS,Mumbai,1088.21,49.0
S005692,U03426,2025-06-25T22:17:00,iOS,Mumbai,831.11,59.0
S005693,U03426,2025-06-09T07:42:00,iOS,Mumbai,654.11,39.0
S005694,U03427,2025-05-20T07:01:00,Android,Bengaluru,571.51,39.0
S005695,U03428,2025-03-06T20:40:00,Android,Hyderabad,366.07,19.0
S005696,U03429,2025-02-28T10:32:00,Android,Delhi,552.55,49.0
S005697,U03429,2025-05-27T12:19:00,Android,Delhi,563.68,59.0
S005698,U03430,2025-04-15T16:58:00,Android,Mumbai,998.14,0.0
S005699,U03430,2025-05-21T16:02:00,Android,Mumbai,877.01,69.0
S005700,U03431,2025-01-30T19:28:00,Android,Bengaluru,1091.86,0.0
S005701,U03432,2025-03-22T15:43:00,Android,Mumbai,931.38,0.0
S005702,U03433,2025-03-10T13:24:00,Android,Delhi,744.41,49.0
S005703,U03433,2025-06-04T09:57:00,Android,Delhi,954.19,0.0
S005704,U03433,2025-06-18T19:17:00,Android,Delhi,505.58,39.0
S005705,U03434,2025-01-13T21:56:00,Android,Mumbai,568.54,59.0
S005706,U03435,2025-05-16T13:07:00,Android,Delhi,495.45,39.0
S005707,U03435,2025-04-07T17:43:00,Android,Delhi,529.16,29.0
S005708,U03436,2025-04-14T19:11:00,iOS,Kolkata,492.71,0.0
S005709,U03437,2025-01-26T21:44:00,Android,Bengaluru,724.49,69.0
S005710,U03438,2025-06-17T20:49:00,Android,Kolkata,789.99,29.0
S005711,U03439,2025-06-08T11:39:00,Android,Kolkata,448.11,19.0
S005712,U03439,2025-01-12T07:51:00,Android,Kolkata,585.47,0.0
S005713,U03440,2025-01-01T20:18:00,iOS,Delhi,395.48,59.0
S005714,U03440,2025-03-15T19:02:00,iOS,Delhi,1268.23,29.0
S005715,U03441,2025-06-10T15:51:00,Android,Delhi,471.4,29.0
S005716,U03441,2025-01-13T14:45:00,Android,Delhi,307.46,29.0
S005717,U03441,2025-06-25T22:13:00,Android,Delhi,391.62,29.0
S005718,U03441,2025-02-10T12:06:00,Android,Delhi,1171.67,19.0
S005719,U03442,2025-05-25T15:30:00,Android,Delhi,536.3,19.0
S005720,U03442,2025-02-13T21:46:00,Android,Delhi,417.95,0.0
S005721,U03443,2025-03-09T22:06:00,Android,Kolkata,693.89,39.0
S005722,U03444,2025-06-20T20:41:00,Android,Mumbai,1231.23,19.0
S005723,U03445,2025-01-05T17:22:00,iOS,Mumbai,530.22,59.0
S005724,U03446,2025-05-03T11:38:00,Android,Bengaluru,1726.65,0.0
S005725,U03446,2025-01-07T15:02:00,Android,Bengaluru,491.5,39.0
S005726,U03447,2025-06-30T08:56:00,Android,Hyderabad,1209.71,0.0
S005727,U03447,2025-05-23T10:06:00,Android,Hyderabad,1973.63,0.0
S005728,U03447,2025-04-09T09:35:00,Android,Hyderabad,818.32,49.0
S005729,U03448,2025-02-25T09:39:00,Android,Bengaluru,413.01,19.0
S005730,U03449,2025-03-21T20:16:00,Android,Bengaluru,952.59,0.0
S005731,U03450,2025-02-10T12:16:00,Android,Delhi,635.28,0.0
S005732,U03451,2025-04-30T20:00:00,Android,Delhi,865.63,39.0
S005733,U03451,2025-05-26T09:52:00,Android,Delhi,832.24,0.0
S005734,U03452,2025-01-17T16:23:00,Android,Kolkata,806.71,19.0
S005735,U03452,2025-06-11T18:15:00,Android,Kolkata,1158.15,0.0
S005736,U03453,2025-01-25T18:44:00,iOS,Hyderabad,328.98,69.0
S005737,U03454,2025-01-12T20:36:00,Android,Bengaluru,664.18,29.0
S005738,U03455,2025-06-27T15:07:00,Android,Delhi,921.06,0.0
S005739,U03455,2025-05-14T17:20:00,Android,Delhi,559.67,29.0
S005740,U03455,2025-05-28T18:00:00,Android,Delhi,1063.34,0.0
S005741,U03456,2025-03-03T08:37:00,iOS,Hyderabad,656.07,39.0
S005742,U03457,2025-04-15T10:01:00,iOS,Mumbai,828.55,39.0
S005743,U03457,2025-01-23T11:41:00,iOS,Mumbai,560.66,59.0
S005744,U03457,2025-06-03T13:34:00,iOS,Mumbai,1496.89,49.0
S005745,U03458,2025-06-16T13:19:00,Android,Bengaluru,640.4,49.0
S005746,U03459,2025-05-29T10:36:00,Android,Delhi,636.92,59.0
S005747,U03459,2025-01-14T21:40:00,Android,Delhi,529.02,0.0
S005748,U03460,2025-06-27T19:44:00,Android,Mumbai,448.16,29.0
S005749,U03461,2025-04-04T08:59:00,iOS,Kolkata,785.6,49.0
S005750,U03462,2025-02-15T17:26:00,Android,Mumbai,619.06,0.0
S005751,U03462,2025-06-20T14:22:00,Android,Mumbai,1403.75,0.0
S005752,U03462,2025-03-02T09:58:00,Android,Mumbai,1295.38,69.0
S005753,U03463,2025-03-04T10:40:00,iOS,Bengaluru,420.19,49.0
S005754,U03464,2025-03-28T20:47:00,Android,Hyderabad,1146.58,0.0
S005755,U03465,2025-01-10T15:19:00,Android,Bengaluru,1485.03,0.0
S005756,U03465,2025-03-23T22:58:00,Android,Bengaluru,654.22,29.0
S005757,U03466,2025-04-05T20:07:00,Android,Kolkata,961.46,0.0
S005758,U03466,2025-04-11T16:41:00,Android,Kolkata,376.04,49.0
S005759,U03467,2025-05-20T22:03:00,Android,Delhi,1176.43,0.0
S005760,U03467,2025-03-02T22:31:00,Android,Delhi,704.36,19.0
S005761,U03467,2025-04-24T16:09:00,Android,Delhi,795.95,59.0
S005762,U03468,2025-05-12T10:54:00,Android,Bengaluru,1397.64,0.0
S005763,U03469,2025-01-10T11:36:00,iOS,Delhi,424.49,39.0
S005764,U03469,2025-02-23T21:34:00,iOS,Delhi,756.22,49.0
S005765,U03470,2025-02-04T09:46:00,Android,Bengaluru,466.63,39.0
S005766,U03470,2025-02-14T21:57:00,Android,Bengaluru,1103.84,69.0
S005767,U03470,2025-01-27T12:59:00,Android,Bengaluru,647.42,0.0
S005768,U03471,2025-05-02T14:35:00,iOS,Bengaluru,674.73,59.0
S005769,U03472,2025-05-02T08:25:00,Android,Mumbai,555.39,29.0
S005770,U03472,2025-01-27T14:00:00,Android,Mumbai,541.06,49.0
S005771,U03473,2025-03-15T13:04:00,Android,Hyderabad,616.86,49.0
S005772,U03473,2025-03-30T18:25:00,Android,Hyderabad,581.35,49.0
S005773,U03474,2025-04-18T21:54:00,Android,Hyderabad,337.4,0.0
S005774,U03475,2025-03-01T12:53:00,Android,Delhi,494.76,0.0
S005775,U03476,2025-04-11T21:46:00,Android,Bengaluru,615.44,59.0
S005776,U03476,2025-05-14T16:15:00,Android,Bengaluru,286.35,0.0
S005777,U03477,2025-01-20T16:44:00,iOS,Mumbai,707.83,69.0
S005778,U03477,2025-03-29T11:05:00,iOS,Mumbai,771.38,19.0
S005779,U03478,2025-01-10T19:42:00,Android,Delhi,999.21,29.0
S005780,U03478,2025-05-30T16:02:00,Android,Delhi,581.27,49.0
S005781,U03479,2025-06-23T14:07:00,Android,Bengaluru,860.84,39.0
S005782,U03479,2025-01-31T09:35:00,Android,Bengaluru,741.59,69.0
S005783,U03480,2025-05-14T10:19:00,Android,Kolkata,846.11,59.0
S005784,U03481,2025-06-12T22:33:00,Android,Kolkata,1732.79,0.0
S005785,U03481,2025-05-25T16:03:00,Android,Kolkata,528.2,39.0
S005786,U03481,2025-03-09T09:13:00,Android,Kolkata,390.62,19.0
S005787,U03482,2025-04-26T08:56:00,Android,Bengaluru,1132.8,0.0
S005788,U03483,2025-01-16T13:54:00,Android,Hyderabad,447.25,59.0
S005789,U03483,2025-04-14T19:15:00,Android,Hyderabad,546.24,19.0
S005790,U03483,2025-06-30T13:56:00,Android,Hyderabad,458.66,49.0
S005791,U03484,2025-03-25T17:04:00,Android,Mumbai,579.47,39.0
S005792,U03484,2025-02-23T21:11:00,Android,Mumbai,1879.97,0.0
S005793,U03485,2025-03-14T15:26:00,iOS,Delhi,503.13,39.0
S005794,U03486,2025-06-30T18:03:00,Android,Mumbai,840.58,49.0
S005795,U03486,2025-05-31T08:16:00,Android,Mumbai,865.57,49.0
S005796,U03486,2025-01-12T22:09:00,Android,Mumbai,955.43,49.0
S005797,U03487,2025-01-15T12:00:00,Android,Bengaluru,805.58,19.0
S005798,U03488,2025-06-12T15:23:00,Android,Bengaluru,1275.01,0.0
S005799,U03488,2025-04-18T09:22:00,Android,Bengaluru,733.03,29.0
S005800,U03488,2025-01-20T20:38:00,Android,Bengaluru,633.96,29.0
S005801,U03489,2025-02-05T07:47:00,Android,Kolkata,407.32,39.0
S005802,U03489,2025-06-15T18:56:00,Android,Kolkata,838.37,39.0
S005803,U03490,2025-06-06T15:21:00,iOS,Mumbai,472.52,39.0
S005804,U03490,2025-01-16T20:17:00,iOS,Mumbai,838.0,39.0
S005805,U03491,2025-03-12T08:35:00,iOS,Bengaluru,961.49,0.0
S005806,U03491,2025-05-06T22:04:00,iOS,Bengaluru,939.36,69.0
S005807,U03492,2025-04-01T09:08:00,iOS,Delhi,680.98,49.0
S005808,U03492,2025-02-20T11:44:00,iOS,Delhi,730.17,49.0
S005809,U03493,2025-04-21T09:10:00,iOS,Kolkata,876.8,59.0
S005810,U03493,2025-04-10T15:48:00,iOS,Kolkata,672.58,49.0
S005811,U03494,2025-06-03T18:55:00,Android,Delhi,1490.06,0.0
S005812,U03495,2025-03-01T22:52:00,Android,Kolkata,649.5,29.0
S005813,U03496,2025-03-26T07:11:00,Android,Kolkata,694.52,49.0
S005814,U03496,2025-03-19T10:53:00,Android,Kolkata,815.01,39.0
S005815,U03496,2025-03-03T22:17:00,Android,Kolkata,908.48,39.0
S005816,U03497,2025-06-11T11:15:00,iOS,Delhi,659.48,39.0
S005817,U03497,2025-05-18T14:51:00,iOS,Delhi,1085.77,0.0
S005818,U03497,2025-02-06T07:08:00,iOS,Delhi,427.81,19.0
S005819,U03497,2025-01-04T15:25:00,iOS,Delhi,1022.14,0.0
S005820,U03498,2025-06-01T13:19:00,iOS,Hyderabad,1164.48,0.0
S005821,U03499,2025-06-04T11:00:00,Android,Mumbai,338.33,49.0
S005822,U03500,2025-02-04T13:46:00,Android,Hyderabad,860.68,39.0
S005823,U03500,2025-05-18T17:57:00,Android,Hyderabad,834.79,0.0
S005824,U03500,2025-05-19T13:37:00,Android,Hyderabad,1902.99,39.0
S005825,U03501,2025-06-24T07:00:00,Android,Delhi,1138.04,29.0
S005826,U03502,2025-02-20T21:07:00,iOS,Bengaluru,607.9,29.0
S005827,U03502,2025-04-13T21:11:00,iOS,Bengaluru,1300.29,0.0
S005828,U03503,2025-06-06T20:59:00,Android,Bengaluru,800.97,0.0
S005829,U03503,2025-05-15T22:30:00,Android,Bengaluru,965.06,0.0
S005830,U03503,2025-02-18T09:30:00,Android,Bengaluru,328.74,0.0
S005831,U03504,2025-06-25T20:40:00,Android,Mumbai,861.47,69.0
S005832,U03504,2025-06-27T09:24:00,Android,Mumbai,758.18,19.0
S005833,U03505,2025-03-22T16:29:00,Android,Hyderabad,812.98,29.0
S005834,U03506,2025-06-29T07:54:00,Android,Hyderabad,1041.93,59.0
S005835,U03507,2025-06-22T19:46:00,Android,Mumbai,464.63,0.0
S005836,U03507,2025-05-29T14:16:00,Android,Mumbai,581.03,39.0
S005837,U03508,2025-01-21T13:50:00,Android,Bengaluru,1126.23,0.0
S005838,U03508,2025-02-09T22:44:00,Android,Bengaluru,827.17,29.0
S005839,U03508,2025-03-04T21:58:00,Android,Bengaluru,598.61,19.0
S005840,U03509,2025-03-20T20:49:00,iOS,Bengaluru,462.77,39.0
S005841,U03510,2025-06-23T13:07:00,Android,Hyderabad,777.96,39.0
S005842,U03510,2025-06-22T19:54:00,Android,Hyderabad,1232.31,0.0
S005843,U03510,2025-03-10T17:51:00,Android,Hyderabad,337.58,29.0
S005844,U03511,2025-06-14T19:40:00,iOS,Mumbai,1044.76,0.0
S005845,U03511,2025-02-28T09:44:00,iOS,Mumbai,1108.56,0.0
S005846,U03512,2025-03-13T17:50:00,Android,Hyderabad,381.61,49.0
S005847,U03513,2025-04-19T07:23:00,Android,Bengaluru,633.62,59.0
S005848,U03513,2025-03-10T18:44:00,Android,Bengaluru,1238.03,0.0
S005849,U03514,2025-06-12T08:08:00,Android,Delhi,631.98,49.0
S005850,U03514,2025-03-11T22:35:00,Android,Delhi,702.67,49.0
S005851,U03515,2025-01-11T09:06:00,Android,Kolkata,1459.94,0.0
S005852,U03515,2025-06-06T10:21:00,Android,Kolkata,489.85,59.0
S005853,U03516,2025-02-24T21:16:00,Android,Bengaluru,584.96,19.0
S005854,U03516,2025-01-07T22:17:00,Android,Bengaluru,999.02,0.0
S005855,U03517,2025-06-02T20:15:00,Android,Bengaluru,888.9,49.0
S005856,U03517,2025-05-14T08:38:00,Android,Bengaluru,745.08,29.0
S005857,U03518,2025-03-13T21:59:00,Android,Mumbai,874.41,49.0
S005858,U03519,2025-03-29T09:29:00,Android,Mumbai,440.48,29.0
S005859,U03520,2025-04-15T13:27:00,iOS,Kolkata,526.66,49.0
S005860,U03521,2025-01-24T15:03:00,Android,Kolkata,447.12,49.0
S005861,U03521,2025-06-22T10:46:00,Android,Kolkata,573.53,59.0
S005862,U03522,2025-02-14T12:42:00,Android,Hyderabad,494.8,19.0
S005863,U03522,2025-04-09T12:38:00,Android,Hyderabad,1003.73,0.0
S005864,U03522,2025-02-25T16:57:00,Android,Hyderabad,490.98,19.0
S005865,U03523,2025-06-01T11:27:00,Android,Bengaluru,597.77,0.0
S005866,U03524,2025-05-04T11:48:00,Android,Mumbai,393.11,39.0
S005867,U03524,2025-02-06T20:46:00,Android,Mumbai,446.06,69.0
S005868,U03525,2025-02-04T19:56:00,iOS,Kolkata,1327.84,0.0
S005869,U03526,2025-06-11T16:56:00,Android,Delhi,552.15,0.0
S005870,U03526,2025-01-28T15:34:00,Android,Delhi,362.03,59.0
S005871,U03527,2025-04-28T11:14:00,iOS,Kolkata,729.31,29.0
S005872,U03528,2025-03-14T09:43:00,iOS,Mumbai,1040.3,39.0
S005873,U03529,2025-04-05T09:16:00,Android,Bengaluru,1028.76,0.0
S005874,U03529,2025-04-05T15:46:00,Android,Bengaluru,665.73,59.0
S005875,U03529,2025-05-04T12:19:00,Android,Bengaluru,1048.07,0.0
S005876,U03530,2025-01-16T10:33:00,Android,Mumbai,581.88,29.0
S005877,U03531,2025-01-07T11:52:00,Android,Hyderabad,878.59,0.0
S005878,U03531,2025-01-12T09:37:00,Android,Hyderabad,392.18,49.0
S005879,U03532,2025-02-11T19:17:00,iOS,Bengaluru,455.22,0.0
S005880,U03533,2025-04-05T12:27:00,Android,Delhi,1069.14,59.0
S005881,U03533,2025-01-05T22:50:00,Android,Delhi,686.22,39.0
S005882,U03534,2025-04-30T18:09:00,Android,Hyderabad,786.71,0.0
S005883,U03534,2025-04-06T12:26:00,Android,Hyderabad,447.37,49.0
S005884,U03534,2025-06-28T20:55:00,Android,Hyderabad,1314.34,0.0
S005885,U03535,2025-05-12T09:32:00,Android,Bengaluru,873.48,69.0
S005886,U03535,2025-02-05T22:50:00,Android,Bengaluru,667.01,59.0
S005887,U03535,2025-05-11T21:52:00,Android,Bengaluru,677.89,0.0
S005888,U03536,2025-04-10T07:09:00,iOS,Delhi,715.49,29.0
S005889,U03536,2025-04-02T08:03:00,iOS,Delhi,1232.52,0.0
S005890,U03537,2025-03-04T15:02:00,Android,Hyderabad,535.78,59.0
S005891,U03538,2025-03-05T14:12:00,Android,Hyderabad,732.24,0.0
S005892,U03538,2025-05-29T14:03:00,Android,Hyderabad,521.84,49.0
S005893,U03539,2025-02-22T07:06:00,Android,Mumbai,864.02,0.0
S005894,U03540,2025-02-26T08:44:00,iOS,Kolkata,1163.43,0.0
S005895,U03541,2025-01-21T10:09:00,iOS,Kolkata,824.38,29.0
S005896,U03542,2025-03-26T11:39:00,Android,Delhi,908.09,49.0
S005897,U03543,2025-03-08T14:29:00,Android,Bengaluru,616.79,59.0
S005898,U03543,2025-04-09T07:50:00,Android,Bengaluru,989.67,0.0
S005899,U03543,2025-01-12T12:51:00,Android,Bengaluru,560.49,29.0
S005900,U03543,2025-05-08T20:42:00,Android,Bengaluru,706.97,19.0
S005901,U03543,2025-01-14T10:50:00,Android,Bengaluru,956.86,0.0
S005902,U03544,2025-05-02T15:49:00,Android,Hyderabad,441.29,69.0
S005903,U03545,2025-03-18T10:11:00,Android,Bengaluru,555.47,59.0
S005904,U03546,2025-02-13T21:59:00,Android,Hyderabad,342.22,49.0
S005905,U03547,2025-05-02T22:33:00,Android,Mumbai,800.38,19.0
S005906,U03547,2025-01-10T20:02:00,Android,Mumbai,552.59,0.0
S005907,U03548,2025-06-06T07:30:00,iOS,Delhi,764.91,39.0
S005908,U03548,2025-04-23T09:08:00,iOS,Delhi,637.38,19.0
S005909,U03549,2025-02-15T14:08:00,Android,Mumbai,1033.96,0.0
S005910,U03549,2025-06-19T08:27:00,Android,Mumbai,551.91,49.0
S005911,U03550,2025-03-02T20:05:00,Android,Mumbai,910.86,0.0
S005912,U03550,2025-05-11T13:15:00,Android,Mumbai,464.53,19.0
S005913,U03550,2025-02-18T09:19:00,Android,Mumbai,832.76,39.0
S005914,U03551,2025-06-10T17:44:00,Android,Kolkata,458.31,39.0
S005915,U03551,2025-02-07T12:46:00,Android,Kolkata,602.15,39.0
S005916,U03552,2025-01-25T16:15:00,Android,Bengaluru,432.33,49.0
S005917,U03553,2025-06-14T10:28:00,Android,Kolkata,742.9,39.0
S005918,U03554,2025-01-05T20:06:00,Android,Bengaluru,665.61,49.0
S005919,U03555,2025-02-18T21:54:00,Android,Hyderabad,557.93,39.0
S005920,U03556,2025-04-26T18:26:00,Android,Kolkata,767.79,69.0
S005921,U03556,2025-04-04T15:51:00,Android,Kolkata,1018.82,0.0
S005922,U03556,2025-06-18T14:14:00,Android,Kolkata,847.67,39.0
S005923,U03557,2025-02-01T10:14:00,iOS,Delhi,645.99,29.0
S005924,U03558,2025-04-02T12:41:00,iOS,Bengaluru,1024.87,0.0
S005925,U03559,2025-04-24T21:58:00,Android,Hyderabad,1857.89,0.0
S005926,U03559,2025-06-13T21:25:00,Android,Hyderabad,564.26,39.0
S005927,U03559,2025-05-23T12:58:00,Android,Hyderabad,707.66,29.0
S005928,U03559,2025-03-24T09:34:00,Android,Hyderabad,1564.63,0.0
S005929,U03560,2025-01-08T12:25:00,Android,Hyderabad,893.44,39.0
S005930,U03561,2025-02-15T10:46:00,Android,Delhi,466.81,49.0
S005931,U03561,2025-04-29T20:22:00,Android,Delhi,470.71,19.0
S005932,U03562,2025-05-08T13:53:00,iOS,Mumbai,725.28,29.0
S005933,U03563,2025-05-21T07:51:00,iOS,Hyderabad,327.52,29.0
S005934,U03563,2025-05-18T16:34:00,iOS,Hyderabad,557.77,59.0
S005935,U03563,2025-05-24T15:25:00,iOS,Hyderabad,877.51,49.0
S005936,U03563,2025-01-11T17:08:00,iOS,Hyderabad,1056.25,49.0
S005937,U03564,2025-05-29T19:51:00,Android,Bengaluru,1006.17,0.0
S005938,U03564,2025-03-10T18:20:00,Android,Bengaluru,1124.68,0.0
S005939,U03564,2025-06-24T14:02:00,Android,Bengaluru,567.75,49.0
S005940,U03565,2025-05-22T09:38:00,Android,Mumbai,650.02,29.0
S005941,U03565,2025-01-26T13:28:00,Android,Mumbai,354.23,49.0
S005942,U03566,2025-06-16T08:42:00,Android,Delhi,854.29,59.0
S005943,U03566,2025-03-07T14:36:00,Android,Delhi,672.12,19.0
S005944,U03566,2025-02-23T10:54:00,Android,Delhi,287.52,59.0
S005945,U03567,2025-01-06T20:24:00,Android,Bengaluru,711.15,19.0
S005946,U03567,2025-04-05T09:09:00,Android,Bengaluru,588.5,29.0
S005947,U03567,2025-06-26T14:10:00,Android,Bengaluru,483.12,19.0
S005948,U03567,2025-03-03T13:38:00,Android,Bengaluru,1102.66,0.0
S005949,U03568,2025-01-22T14:24:00,Android,Hyderabad,661.16,0.0
S005950,U03568,2025-03-01T21:27:00,Android,Hyderabad,418.64,39.0
S005951,U03569,2025-01-13T08:14:00,Android,Delhi,731.16,29.0
S005952,U03569,2025-01-14T19:05:00,Android,Delhi,1033.49,69.0
S005953,U03570,2025-06-07T11:29:00,Android,Kolkata,1747.9,0.0
S005954,U03570,2025-05-14T13:16:00,Android,Kolkata,716.72,59.0
S005955,U03570,2025-01-10T20:08:00,Android,Kolkata,910.63,0.0
S005956,U03571,2025-05-08T10:42:00,Android,Mumbai,1187.49,0.0
S005957,U03571,2025-05-13T16:11:00,Android,Mumbai,742.01,0.0
S005958,U03572,2025-05-21T13:30:00,Android,Mumbai,1106.57,0.0
S005959,U03573,2025-05-15T20:29:00,Android,Delhi,746.31,69.0
S005960,U03574,2025-02-16T21:52:00,iOS,Delhi,454.63,29.0
S005961,U03575,2025-04-16T18:39:00,Android,Hyderabad,610.4,39.0
S005962,U03575,2025-06-30T19:55:00,Android,Hyderabad,526.27,39.0
S005963,U03576,2025-03-21T21:06:00,Android,Mumbai,281.1,19.0
S005964,U03576,2025-06-07T15:55:00,Android,Mumbai,866.19,0.0
S005965,U03577,2025-04-11T13:34:00,iOS,Hyderabad,426.35,19.0
S005966,U03577,2025-01-28T18:22:00,iOS,Hyderabad,895.25,39.0
S005967,U03578,2025-06-03T07:56:00,Android,Delhi,864.43,29.0
S005968,U03578,2025-02-20T21:47:00,Android,Delhi,234.4,0.0
S005969,U03579,2025-01-23T20:00:00,Android,Delhi,1069.56,0.0
S005970,U03579,2025-02-07T10:19:00,Android,Delhi,395.49,59.0
S005971,U03580,2025-03-18T09:17:00,Android,Bengaluru,635.99,0.0
S005972,U03581,2025-01-11T22:44:00,Android,Hyderabad,303.6,59.0
S005973,U03582,2025-06-12T20:24:00,iOS,Delhi,1227.12,0.0
S005974,U03582,2025-02-02T15:02:00,iOS,Delhi,942.91,29.0
S005975,U03583,2025-05-01T12:38:00,Android,Mumbai,717.15,49.0
S005976,U03584,2025-01-05T13:09:00,Android,Delhi,693.41,39.0
S005977,U03584,2025-03-19T22:23:00,Android,Delhi,947.76,0.0
S005978,U03585,2025-03-21T12:40:00,Android,Delhi,989.88,0.0
S005979,U03586,2025-03-04T19:00:00,iOS,Hyderabad,671.15,39.0
S005980,U03586,2025-06-11T09:20:00,iOS,Hyderabad,669.82,0.0
S005981,U03587,2025-04-30T09:30:00,iOS,Mumbai,863.41,29.0
S005982,U03588,2025-03-27T20:20:00,Android,Kolkata,881.43,29.0
S005983,U03589,2025-02-05T15:09:00,Android,Bengaluru,976.17,39.0
S005984,U03589,2025-01-20T20:48:00,Android,Bengaluru,932.29,49.0
S005985,U03589,2025-02-13T09:39:00,Android,Bengaluru,601.02,49.0
S005986,U03590,2025-04-25T16:41:00,Android,Mumbai,911.1,0.0
S005987,U03590,2025-06-21T22:36:00,Android,Mumbai,1276.89,0.0
S005988,U03591,2025-01-30T08:28:00,Android,Bengaluru,673.56,59.0
S005989,U03592,2025-04-12T16:44:00,Android,Hyderabad,462.52,49.0
S005990,U03593,2025-05-03T07:43:00,Android,Mumbai,480.73,49.0
S005991,U03593,2025-06-29T17:03:00,Android,Mumbai,496.84,0.0
S005992,U03594,2025-06-18T07:17:00,Android,Delhi,558.73,49.0
S005993,U03594,2025-03-16T21:22:00,Android,Delhi,664.63,49.0
S005994,U03595,2025-02-26T12:43:00,iOS,Hyderabad,486.09,59.0
S005995,U03596,2025-06-10T07:32:00,Android,Delhi,404.39,19.0
S005996,U03596,2025-04-03T07:29:00,Android,Delhi,754.09,49.0
S005997,U03596,2025-03-23T17:04:00,Android,Delhi,1052.58,0.0
S005998,U03597,2025-02-05T16:08:00,Android,Bengaluru,1415.39,0.0
S005999,U03597,2025-06-20T16:07:00,Android,Bengaluru,885.26,49.0
S006000,U03598,2025-04-12T16:27:00,iOS,Delhi,335.61,19.0
S006001,U03598,2025-05-25T15:37:00,iOS,Delhi,427.26,29.0
S006002,U03598,2025-03-11T09:28:00,iOS,Delhi,1067.12,0.0
S006003,U03599,2025-06-29T09:12:00,Android,Bengaluru,431.89,0.0
S006004,U03599,2025-05-31T12:18:00,Android,Bengaluru,1041.74,29.0
S006005,U03599,2025-06-01T11:45:00,Android,Bengaluru,504.73,0.0
S006006,U03600,2025-03-10T20:21:00,Android,Kolkata,492.04,0.0
S006007,U03600,2025-03-18T11:17:00,Android,Kolkata,618.63,29.0
S006008,U03601,2025-04-14T15:13:00,Android,Hyderabad,782.62,49.0
S006009,U03602,2025-05-01T22:06:00,Android,Hyderabad,330.26,0.0
S006010,U03603,2025-05-10T15:33:00,Android,Kolkata,535.41,19.0
S006011,U03604,2025-05-28T09:39:00,Android,Hyderabad,1229.41,0.0
S006012,U03605,2025-01-26T22:32:00,Android,Delhi,493.72,19.0
S006013,U03605,2025-03-11T18:32:00,Android,Delhi,1256.57,29.0
S006014,U03605,2025-01-20T08:40:00,Android,Delhi,611.8,19.0
S006015,U03606,2025-02-17T08:24:00,Android,Bengaluru,864.87,29.0
S006016,U03607,2025-01-31T21:02:00,iOS,Delhi,598.15,49.0
S006017,U03608,2025-06-10T12:27:00,Android,Kolkata,747.14,69.0
S006018,U03609,2025-03-13T20:33:00,Android,Kolkata,1020.05,49.0
S006019,U03610,2025-03-19T22:05:00,Android,Hyderabad,659.03,19.0
S006020,U03611,2025-04-08T15:02:00,Android,Bengaluru,862.81,0.0
S006021,U03612,2025-06-20T20:53:00,Android,Bengaluru,595.94,29.0
S006022,U03613,2025-04-24T11:07:00,Android,Kolkata,404.12,29.0
S006023,U03614,2025-01-27T08:00:00,Android,Bengaluru,1374.31,59.0
S006024,U03614,2025-03-07T12:11:00,Android,Bengaluru,763.29,19.0
S006025,U03614,2025-03-15T08:13:00,Android,Bengaluru,593.47,69.0
S006026,U03615,2025-05-24T09:08:00,Android,Mumbai,746.9,39.0
S006027,U03615,2025-03-06T15:00:00,Android,Mumbai,942.4,19.0
S006028,U03616,2025-04-04T20:14:00,Android,Delhi,1078.95,49.0
S006029,U03616,2025-02-15T19:40:00,Android,Delhi,722.64,29.0
S006030,U03617,2025-04-30T18:02:00,iOS,Delhi,651.48,39.0
S006031,U03618,2025-03-30T14:24:00,Android,Mumbai,514.22,39.0
S006032,U03619,2025-02-15T15:52:00,iOS,Kolkata,716.12,29.0
S006033,U03620,2025-01-01T12:54:00,Android,Hyderabad,464.96,19.0
S006034,U03621,2025-03-09T12:58:00,Android,Mumbai,588.85,29.0
S006035,U03621,2025-05-14T10:45:00,Android,Mumbai,623.85,39.0
S006036,U03621,2025-01-08T17:52:00,Android,Mumbai,966.93,49.0
S006037,U03622,2025-02-18T07:38:00,Android,Delhi,1221.77,0.0
S006038,U03622,2025-01-02T22:55:00,Android,Delhi,740.76,59.0
S006039,U03623,2025-02-03T12:48:00,iOS,Kolkata,1060.05,0.0
S006040,U03624,2025-02-04T14:30:00,Android,Mumbai,1604.66,0.0
S006041,U03624,2025-03-23T13:12:00,Android,Mumbai,594.42,19.0
S006042,U03625,2025-03-30T20:25:00,iOS,Mumbai,1134.22,29.0
S006043,U03625,2025-03-07T19:21:00,iOS,Mumbai,747.88,39.0
S006044,U03626,2025-02-18T20:04:00,Android,Hyderabad,1136.42,0.0
S006045,U03626,2025-04-05T16:29:00,Android,Hyderabad,802.61,19.0
S006046,U03626,2025-06-04T20:48:00,Android,Hyderabad,491.48,49.0
S006047,U03627,2025-05-03T17:57:00,Android,Bengaluru,794.51,29.0
S006048,U03627,2025-03-07T12:20:00,Android,Bengaluru,608.89,29.0
S006049,U03628,2025-03-14T07:22:00,iOS,Bengaluru,899.61,39.0
S006050,U03629,2025-01-25T21:47:00,iOS,Hyderabad,449.43,19.0
S006051,U03629,2025-01-23T09:01:00,iOS,Hyderabad,543.71,29.0
S006052,U03630,2025-06-24T14:50:00,iOS,Mumbai,356.32,49.0
S006053,U03631,2025-01-06T19:56:00,Android,Bengaluru,881.76,39.0
S006054,U03631,2025-02-17T19:03:00,Android,Bengaluru,611.02,39.0
S006055,U03632,2025-05-19T14:39:00,iOS,Delhi,715.59,69.0
S006056,U03632,2025-05-24T20:21:00,iOS,Delhi,710.1,0.0
S006057,U03632,2025-01-03T11:19:00,iOS,Delhi,773.23,0.0
S006058,U03633,2025-03-15T11:31:00,Android,Kolkata,591.88,39.0
S006059,U03633,2025-01-21T17:12:00,Android,Kolkata,745.22,29.0
S006060,U03634,2025-06-22T11:34:00,iOS,Mumbai,539.41,29.0
S006061,U03635,2025-02-10T22:42:00,iOS,Mumbai,586.15,39.0
S006062,U03635,2025-03-03T08:35:00,iOS,Mumbai,427.57,29.0
S006063,U03636,2025-01-12T21:34:00,Android,Bengaluru,742.68,39.0
S006064,U03637,2025-06-01T20:30:00,Android,Kolkata,272.29,29.0
S006065,U03638,2025-01-20T08:27:00,Android,Kolkata,783.08,39.0
S006066,U03639,2025-02-01T09:12:00,iOS,Mumbai,489.5,59.0
S006067,U03640,2025-01-12T08:30:00,iOS,Delhi,1369.35,0.0
S006068,U03640,2025-03-16T10:55:00,iOS,Delhi,893.39,39.0
S006069,U03641,2025-05-24T19:22:00,iOS,Hyderabad,906.3,0.0
S006070,U03641,2025-02-15T22:57:00,iOS,Hyderabad,521.29,49.0
S006071,U03642,2025-04-18T07:24:00,iOS,Hyderabad,381.99,59.0
S006072,U03643,2025-04-12T21:39:00,Android,Hyderabad,1002.74,0.0
S006073,U03644,2025-06-18T18:58:00,iOS,Kolkata,965.66,0.0
S006074,U03644,2025-03-27T19:54:00,iOS,Kolkata,466.8,0.0
S006075,U03644,2025-06-27T07:01:00,iOS,Kolkata,1292.74,0.0
S006076,U03645,2025-02-13T20:53:00,Android,Mumbai,690.12,19.0
S006077,U03646,2025-01-31T20:54:00,Android,Delhi,1184.35,0.0
S006078,U03646,2025-04-11T22:11:00,Android,Delhi,947.04,0.0
S006079,U03647,2025-02-22T22:20:00,Android,Mumbai,618.23,39.0
S006080,U03648,2025-06-19T12:16:00,Android,Hyderabad,1150.37,39.0
S006081,U03649,2025-03-03T07:07:00,Android,Delhi,1068.47,0.0
S006082,U03650,2025-04-04T21:02:00,iOS,Bengaluru,721.51,69.0
S006083,U03650,2025-05-19T20:53:00,iOS,Bengaluru,1069.79,0.0
S006084,U03650,2025-02-10T09:41:00,iOS,Bengaluru,666.49,29.0
S006085,U03651,2025-02-20T16:11:00,Android,Hyderabad,468.12,59.0
S006086,U03651,2025-04-08T21:10:00,Android,Hyderabad,401.49,19.0
S006087,U03652,2025-02-19T14:24:00,iOS,Delhi,435.37,29.0
S006088,U03653,2025-06-07T18:50:00,Android,Hyderabad,556.43,39.0
S006089,U03654,2025-01-12T10:07:00,iOS,Bengaluru,639.86,19.0
S006090,U03655,2025-06-19T11:15:00,Android,Delhi,364.91,69.0
S006091,U03656,2025-02-11T18:27:00,iOS,Delhi,944.44,0.0
S006092,U03656,2025-05-15T15:54:00,iOS,Delhi,1167.75,0.0
S006093,U03657,2025-05-20T10:55:00,Android,Hyderabad,855.18,59.0
S006094,U03658,2025-01-18T11:24:00,Android,Hyderabad,909.0,0.0
S006095,U03659,2025-05-15T12:46:00,Android,Delhi,612.58,0.0
S006096,U03660,2025-02-20T15:16:00,Android,Delhi,512.35,59.0
S006097,U03661,2025-02-02T16:23:00,Android,Bengaluru,347.27,29.0
S006098,U03661,2025-01-23T09:13:00,Android,Bengaluru,628.72,0.0
S006099,U03662,2025-05-14T15:32:00,Android,Hyderabad,911.16,0.0
S006100,U03662,2025-05-19T14:44:00,Android,Hyderabad,594.63,19.0
S006101,U03663,2025-05-03T16:43:00,Android,Kolkata,669.57,39.0
S006102,U03664,2025-03-18T22:48:00,iOS,Hyderabad,698.36,49.0
S006103,U03664,2025-03-01T08:59:00,iOS,Hyderabad,556.79,29.0
S006104,U03665,2025-05-07T21:34:00,Android,Bengaluru,218.35,29.0
S006105,U03665,2025-03-01T13:23:00,Android,Bengaluru,558.87,69.0
S006106,U03666,2025-02-23T18:41:00,Android,Mumbai,1014.09,0.0
S006107,U03667,2025-05-28T17:56:00,Android,Delhi,646.92,19.0
S006108,U03667,2025-05-03T12:57:00,Android,Delhi,766.47,39.0
S006109,U03668,2025-04-27T17:47:00,Android,Bengaluru,675.07,29.0
S006110,U03668,2025-01-22T12:59:00,Android,Bengaluru,944.74,0.0
S006111,U03669,2025-03-03T09:47:00,Android,Bengaluru,496.58,0.0
S006112,U03670,2025-01-10T21:39:00,Android,Bengaluru,922.0,0.0
S006113,U03670,2025-05-29T10:16:00,Android,Bengaluru,653.03,49.0
S006114,U03671,2025-03-05T20:25:00,Android,Bengaluru,591.43,29.0
S006115,U03672,2025-05-07T19:59:00,Android,Hyderabad,579.38,0.0
S006116,U03672,2025-02-11T15:46:00,Android,Hyderabad,797.07,19.0
S006117,U03673,2025-01-12T11:35:00,Android,Delhi,763.31,69.0
S006118,U03674,2025-02-22T12:59:00,Android,Hyderabad,612.13,19.0
S006119,U03675,2025-05-24T09:37:00,Android,Kolkata,1097.04,0.0
S006120,U03676,2025-03-30T12:09:00,Android,Mumbai,698.22,49.0
S006121,U03677,2025-02-26T17:19:00,iOS,Mumbai,556.65,49.0
S006122,U03678,2025-03-06T19:07:00,Android,Hyderabad,893.42,49.0
S006123,U03678,2025-05-05T21:21:00,Android,Hyderabad,932.37,0.0
S006124,U03678,2025-02-13T13:21:00,Android,Hyderabad,584.7,29.0
S006125,U03678,2025-01-01T18:59:00,Android,Hyderabad,1197.59,39.0
S006126,U03679,2025-06-29T21:35:00,Android,Bengaluru,620.27,59.0
S006127,U03680,2025-03-25T22:36:00,Android,Delhi,720.67,29.0
S006128,U03681,2025-04-15T17:54:00,iOS,Mumbai,920.41,0.0
S006129,U03681,2025-06-23T07:54:00,iOS,Mumbai,1136.19,39.0
S006130,U03681,2025-04-04T21:57:00,iOS,Mumbai,859.56,19.0
S006131,U03681,2025-03-12T17:51:00,iOS,Mumbai,459.59,0.0
S006132,U03682,2025-03-23T13:13:00,Android,Hyderabad,426.27,0.0
S006133,U03683,2025-05-11T17:20:00,Android,Hyderabad,908.98,0.0
S006134,U03684,2025-01-17T18:00:00,iOS,Hyderabad,517.81,19.0
S006135,U03685,2025-03-15T13:45:00,Android,Hyderabad,1073.46,49.0
S006136,U03686,2025-03-19T17:50:00,Android,Mumbai,640.5,39.0
S006137,U03687,2025-06-06T07:27:00,Android,Hyderabad,866.65,39.0
S006138,U03688,2025-04-11T20:42:00,Android,Kolkata,827.49,39.0
S006139,U03688,2025-04-13T18:32:00,Android,Kolkata,497.53,39.0
S006140,U03688,2025-06-19T13:54:00,Android,Kolkata,768.39,29.0
S006141,U03689,2025-01-20T20:20:00,iOS,Mumbai,526.51,29.0
S006142,U03689,2025-06-02T15:31:00,iOS,Mumbai,1200.77,0.0
S006143,U03689,2025-02-22T12:22:00,iOS,Mumbai,971.02,0.0
S006144,U03690,2025-02-20T14:11:00,Android,Kolkata,1239.79,0.0
S006145,U03690,2025-03-27T21:34:00,Android,Kolkata,513.12,19.0
S006146,U03691,2025-06-04T21:54:00,Android,Kolkata,526.76,29.0
S006147,U03691,2025-04-05T18:25:00,Android,Kolkata,697.25,59.0
S006148,U03691,2025-03-22T19:37:00,Android,Kolkata,416.65,39.0
S006149,U03692,2025-04-04T21:13:00,Android,Mumbai,744.29,19.0
S006150,U03692,2025-01-07T13:33:00,Android,Mumbai,484.57,69.0
S006151,U03693,2025-05-16T19:41:00,iOS,Bengaluru,635.9,29.0
S006152,U03694,2025-06-03T15:23:00,Android,Bengaluru,647.0,39.0
S006153,U03694,2025-03-16T10:26:00,Android,Bengaluru,746.36,29.0
S006154,U03695,2025-04-15T13:52:00,Android,Hyderabad,1285.35,0.0
S006155,U03695,2025-02-16T19:22:00,Android,Hyderabad,927.02,0.0
S006156,U03695,2025-04-13T11:32:00,Android,Hyderabad,640.84,59.0
S006157,U03696,2025-01-15T16:36:00,iOS,Bengaluru,766.4,59.0
S006158,U03697,2025-02-20T19:35:00,Android,Delhi,640.44,59.0
S006159,U03698,2025-04-24T20:32:00,iOS,Mumbai,387.23,39.0
S006160,U03699,2025-02-09T22:00:00,iOS,Kolkata,1357.72,0.0
S006161,U03700,2025-02-15T17:08:00,Android,Hyderabad,438.46,59.0
S006162,U03701,2025-05-24T21:01:00,iOS,Hyderabad,417.49,29.0
S006163,U03702,2025-01-01T16:03:00,iOS,Delhi,864.66,19.0
S006164,U03703,2025-03-05T18:24:00,Android,Bengaluru,546.19,19.0
S006165,U03703,2025-04-25T17:20:00,Android,Bengaluru,1577.91,0.0
S006166,U03704,2025-03-12T15:55:00,Android,Mumbai,696.38,49.0
S006167,U03704,2025-05-31T08:51:00,Android,Mumbai,1022.46,0.0
S006168,U03704,2025-02-20T11:51:00,Android,Mumbai,675.7,39.0
S006169,U03705,2025-06-19T12:34:00,iOS,Bengaluru,702.58,49.0
S006170,U03706,2025-06-05T21:33:00,Android,Mumbai,1200.75,0.0
S006171,U03707,2025-03-22T18:45:00,Android,Kolkata,524.85,49.0
S006172,U03707,2025-04-21T15:23:00,Android,Kolkata,1308.94,0.0
S006173,U03708,2025-01-19T08:53:00,Android,Mumbai,498.04,0.0
S006174,U03708,2025-03-01T16:37:00,Android,Mumbai,449.99,69.0
S006175,U03709,2025-06-11T08:07:00,iOS,Mumbai,412.12,39.0
S006176,U03710,2025-04-15T19:24:00,iOS,Mumbai,967.61,0.0
S006177,U03710,2025-06-19T14:16:00,iOS,Mumbai,708.55,29.0
S006178,U03710,2025-01-18T18:55:00,iOS,Mumbai,792.23,69.0
S006179,U03711,2025-01-11T22:46:00,iOS,Hyderabad,841.85,49.0
S006180,U03711,2025-01-15T18:25:00,iOS,Hyderabad,871.06,29.0
S006181,U03711,2025-05-24T12:36:00,iOS,Hyderabad,1144.15,0.0
S006182,U03711,2025-04-30T12:47:00,iOS,Hyderabad,581.27,39.0
S006183,U03712,2025-05-12T11:09:00,Android,Delhi,838.55,69.0
S006184,U03712,2025-02-10T22:48:00,Android,Delhi,780.81,49.0
S006185,U03712,2025-04-19T12:15:00,Android,Delhi,378.92,39.0
S006186,U03712,2025-04-06T15:23:00,Android,Delhi,1432.46,0.0
S006187,U03713,2025-01-28T18:35:00,iOS,Mumbai,1197.47,0.0
S006188,U03713,2025-02-25T16:14:00,iOS,Mumbai,727.67,29.0
S006189,U03714,2025-04-08T10:58:00,Android,Bengaluru,1180.44,0.0
S006190,U03714,2025-04-06T12:44:00,Android,Bengaluru,1046.01,0.0
S006191,U03714,2025-05-31T11:35:00,Android,Bengaluru,787.61,0.0
S006192,U03714,2025-04-24T19:26:00,Android,Bengaluru,447.0,39.0
S006193,U03714,2025-05-31T07:59:00,Android,Bengaluru,507.32,0.0
S006194,U03715,2025-06-25T07:36:00,Android,Mumbai,655.06,29.0
S006195,U03715,2025-01-24T19:37:00,Android,Mumbai,559.77,19.0
S006196,U03715,2025-03-31T08:30:00,Android,Mumbai,585.42,59.0
S006197,U03716,2025-05-19T07:13:00,Android,Delhi,423.21,29.0
S006198,U03716,2025-04-10T14:26:00,Android,Delhi,991.23,29.0
S006199,U03716,2025-03-29T17:21:00,Android,Delhi,788.98,69.0
S006200,U03717,2025-05-15T11:36:00,Android,Mumbai,1254.6,0.0
S006201,U03717,2025-06-27T22:34:00,Android,Mumbai,375.91,49.0
S006202,U03718,2025-04-01T08:08:00,Android,Hyderabad,594.92,49.0
S006203,U03719,2025-05-08T15:58:00,Android,Bengaluru,659.36,49.0
S006204,U03719,2025-01-23T14:51:00,Android,Bengaluru,378.19,0.0
S006205,U03720,2025-03-13T10:28:00,Android,Mumbai,532.6,59.0
S006206,U03721,2025-01-15T11:16:00,Android,Bengaluru,463.76,69.0
S006207,U03722,2025-04-26T10:24:00,Android,Delhi,486.84,39.0
S006208,U03723,2025-04-21T22:40:00,Android,Bengaluru,622.56,69.0
S006209,U03724,2025-01-12T11:01:00,Android,Bengaluru,888.58,69.0
S006210,U03724,2025-01-02T18:14:00,Android,Bengaluru,1018.34,0.0
S006211,U03725,2025-05-05T16:38:00,Android,Kolkata,1069.4,0.0
S006212,U03726,2025-05-01T20:43:00,Android,Kolkata,772.99,49.0
S006213,U03727,2025-02-28T07:18:00,Android,Hyderabad,1007.0,0.0
S006214,U03727,2025-04-08T21:15:00,Android,Hyderabad,559.6,29.0
S006215,U03728,2025-06-07T15:39:00,iOS,Mumbai,780.13,49.0
S006216,U03729,2025-05-13T07:56:00,iOS,Hyderabad,479.92,39.0
S006217,U03729,2025-06-11T14:30:00,iOS,Hyderabad,893.27,39.0
S006218,U03730,2025-03-02T10:03:00,Android,Kolkata,414.43,29.0
S006219,U03730,2025-02-05T12:25:00,Android,Kolkata,812.85,19.0
S006220,U03731,2025-02-22T08:34:00,Android,Mumbai,553.5,39.0
S006221,U03731,2025-02-28T14:45:00,Android,Mumbai,406.74,49.0
S006222,U03731,2025-01-20T12:18:00,Android,Mumbai,670.49,19.0
S006223,U03731,2025-06-13T21:18:00,Android,Mumbai,574.34,29.0
S006224,U03732,2025-04-25T22:38:00,Android,Bengaluru,703.44,69.0
S006225,U03732,2025-04-27T19:59:00,Android,Bengaluru,570.53,39.0
S006226,U03733,2025-03-19T12:09:00,iOS,Hyderabad,840.55,0.0
S006227,U03734,2025-05-12T08:56:00,Android,Kolkata,889.4,59.0
S006228,U03734,2025-03-11T10:28:00,Android,Kolkata,778.84,49.0
S006229,U03735,2025-06-10T13:26:00,iOS,Bengaluru,1257.91,0.0
S006230,U03735,2025-04-03T13:19:00,iOS,Bengaluru,489.75,19.0
S006231,U03736,2025-01-05T09:19:00,iOS,Delhi,723.43,29.0
S006232,U03736,2025-05-21T10:42:00,iOS,Delhi,803.6,29.0
S006233,U03737,2025-03-14T13:16:00,Android,Delhi,626.59,0.0
S006234,U03738,2025-05-15T18:50:00,Android,Delhi,880.24,29.0
S006235,U03738,2025-06-12T07:48:00,Android,Delhi,444.82,39.0
S006236,U03739,2025-01-26T07:38:00,Android,Hyderabad,754.35,39.0
S006237,U03739,2025-06-24T12:20:00,Android,Hyderabad,1128.23,0.0
S006238,U03739,2025-06-24T17:09:00,Android,Hyderabad,1131.54,39.0
S006239,U03740,2025-01-30T12:03:00,Android,Delhi,974.42,0.0
S006240,U03740,2025-02-14T19:18:00,Android,Delhi,500.37,59.0
S006241,U03741,2025-01-10T15:11:00,Android,Kolkata,1002.32,19.0
S006242,U03741,2025-04-01T21:43:00,Android,Kolkata,628.99,49.0
S006243,U03742,2025-05-10T11:04:00,iOS,Hyderabad,420.61,19.0
S006244,U03742,2025-01-30T21:10:00,iOS,Hyderabad,661.46,29.0
S006245,U03743,2025-02-18T10:44:00,Android,Bengaluru,923.38,39.0
S006246,U03744,2025-05-04T08:26:00,iOS,Hyderabad,1357.88,0.0
S006247,U03745,2025-06-30T22:54:00,Android,Hyderabad,621.62,29.0
S006248,U03746,2025-03-13T11:48:00,Android,Mumbai,567.1,19.0
S006249,U03746,2025-06-19T13:36:00,Android,Mumbai,1040.62,0.0
S006250,U03747,2025-04-11T16:47:00,iOS,Mumbai,565.75,59.0
S006251,U03747,2025-05-18T07:31:00,iOS,Mumbai,778.34,19.0
S006252,U03748,2025-03-07T11:57:00,iOS,Hyderabad,1370.47,19.0
S006253,U03749,2025-05-11T10:10:00,Android,Delhi,685.73,49.0
S006254,U03750,2025-06-25T10:56:00,Android,Bengaluru,725.86,39.0
S006255,U03750,2025-01-14T09:32:00,Android,Bengaluru,639.63,29.0
S006256,U03751,2025-01-04T08:44:00,Android,Delhi,666.78,69.0
S006257,U03751,2025-03-30T08:44:00,Android,Delhi,1136.26,29.0
S006258,U03752,2025-03-21T20:50:00,Android,Delhi,636.67,0.0
S006259,U03752,2025-06-28T18:31:00,Android,Delhi,791.64,49.0
S006260,U03752,2025-06-11T08:29:00,Android,Delhi,983.93,0.0
S006261,U03753,2025-01-28T17:37:00,iOS,Hyderabad,1074.69,0.0
S006262,U03753,2025-05-23T10:39:00,iOS,Hyderabad,704.96,49.0
S006263,U03754,2025-03-01T07:15:00,Android,Bengaluru,887.85,49.0
S006264,U03754,2025-03-10T14:24:00,Android,Bengaluru,228.63,59.0
S006265,U03754,2025-03-13T18:49:00,Android,Bengaluru,800.47,29.0
S006266,U03755,2025-02-05T07:13:00,Android,Mumbai,1176.0,0.0
S006267,U03756,2025-03-31T19:38:00,iOS,Delhi,781.12,49.0
S006268,U03757,2025-05-08T13:06:00,Android,Hyderabad,1478.35,0.0
S006269,U03757,2025-06-17T11:45:00,Android,Hyderabad,677.28,49.0
S006270,U03758,2025-05-01T14:48:00,iOS,Mumbai,643.01,39.0
S006271,U03758,2025-06-09T10:52:00,iOS,Mumbai,1917.21,19.0
S006272,U03758,2025-04-25T15:43:00,iOS,Mumbai,763.65,39.0
S006273,U03759,2025-04-16T07:58:00,Android,Kolkata,1296.26,0.0
S006274,U03759,2025-02-15T22:58:00,Android,Kolkata,1042.69,0.0
S006275,U03759,2025-01-06T07:22:00,Android,Kolkata,549.2,0.0
S006276,U03760,2025-05-11T22:58:00,Android,Kolkata,877.84,19.0
S006277,U03760,2025-03-16T09:59:00,Android,Kolkata,532.32,69.0
S006278,U03761,2025-04-30T15:28:00,Android,Bengaluru,953.04,0.0
S006279,U03761,2025-01-06T11:07:00,Android,Bengaluru,915.48,0.0
S006280,U03761,2025-01-30T07:58:00,Android,Bengaluru,627.4,0.0
S006281,U03762,2025-02-19T15:01:00,Android,Hyderabad,421.15,59.0
S006282,U03763,2025-02-18T09:43:00,iOS,Bengaluru,847.76,0.0
S006283,U03764,2025-03-07T22:20:00,Android,Hyderabad,307.53,69.0
S006284,U03765,2025-03-13T19:55:00,Android,Mumbai,581.09,59.0
S006285,U03766,2025-06-17T07:02:00,Android,Delhi,1286.34,0.0
S006286,U03766,2025-02-24T09:59:00,Android,Delhi,427.92,19.0
S006287,U03766,2025-05-15T22:26:00,Android,Delhi,507.52,49.0
S006288,U03767,2025-04-15T12:24:00,Android,Bengaluru,486.02,29.0
S006289,U03768,2025-02-12T20:35:00,Android,Delhi,502.21,39.0
S006290,U03768,2025-04-01T12:43:00,Android,Delhi,603.51,39.0
S006291,U03769,2025-06-18T18:50:00,Android,Hyderabad,546.73,19.0
S006292,U03770,2025-06-08T10:09:00,Android,Hyderabad,1217.32,0.0
S006293,U03770,2025-01-24T16:34:00,Android,Hyderabad,1045.3,0.0
S006294,U03771,2025-05-11T21:22:00,iOS,Bengaluru,667.78,0.0
S006295,U03772,2025-06-17T15:00:00,Android,Delhi,969.19,0.0
S006296,U03772,2025-01-07T11:32:00,Android,Delhi,320.35,39.0
S006297,U03773,2025-04-18T07:42:00,Android,Delhi,788.53,39.0
S006298,U03773,2025-02-19T14:30:00,Android,Delhi,477.9,49.0
S006299,U03774,2025-06-15T08:38:00,Android,Mumbai,1450.01,0.0
S006300,U03775,2025-03-11T21:53:00,iOS,Bengaluru,759.59,39.0
S006301,U03775,2025-01-11T15:07:00,iOS,Bengaluru,894.42,49.0
S006302,U03775,2025-01-27T18:44:00,iOS,Bengaluru,348.52,59.0
S006303,U03776,2025-05-11T19:05:00,Android,Delhi,657.04,0.0
S006304,U03777,2025-03-21T09:25:00,Android,Kolkata,389.16,39.0
S006305,U03777,2025-01-30T19:37:00,Android,Kolkata,777.69,0.0
S006306,U03777,2025-03-27T16:17:00,Android,Kolkata,456.63,29.0
S006307,U03777,2025-02-04T20:47:00,Android,Kolkata,832.86,39.0
S006308,U03778,2025-02-06T07:54:00,Android,Delhi,853.53,0.0
S006309,U03779,2025-02-23T16:55:00,Android,Hyderabad,693.94,19.0
S006310,U03779,2025-03-06T07:07:00,Android,Hyderabad,996.25,0.0
S006311,U03780,2025-04-12T09:03:00,Android,Mumbai,576.21,29.0
S006312,U03780,2025-03-11T20:10:00,Android,Mumbai,446.67,39.0
S006313,U03781,2025-05-19T15:14:00,Android,Delhi,379.6,49.0
S006314,U03782,2025-01-10T22:51:00,iOS,Mumbai,547.72,59.0
S006315,U03782,2025-03-21T21:05:00,iOS,Mumbai,424.29,39.0
S006316,U03783,2025-02-24T17:27:00,Android,Bengaluru,681.7,0.0
S006317,U03784,2025-03-28T12:51:00,iOS,Bengaluru,527.95,29.0
S006318,U03785,2025-06-17T11:55:00,Android,Kolkata,1353.0,0.0
S006319,U03786,2025-02-05T14:44:00,Android,Kolkata,637.99,19.0
S006320,U03786,2025-05-18T13:51:00,Android,Kolkata,353.47,29.0
S006321,U03787,2025-06-09T15:37:00,Android,Hyderabad,348.39,0.0
S006322,U03788,2025-04-17T11:55:00,Android,Bengaluru,480.42,29.0
S006323,U03789,2025-06-28T20:39:00,iOS,Bengaluru,1451.53,0.0
S006324,U03789,2025-06-21T07:55:00,iOS,Bengaluru,934.24,59.0
S006325,U03789,2025-06-02T19:48:00,iOS,Bengaluru,428.85,29.0
S006326,U03790,2025-04-07T08:10:00,Android,Bengaluru,847.52,29.0
S006327,U03790,2025-05-19T17:10:00,Android,Bengaluru,994.58,0.0
S006328,U03791,2025-01-12T12:05:00,iOS,Kolkata,502.21,19.0
S006329,U03792,2025-06-10T22:08:00,Android,Hyderabad,512.61,0.0
S006330,U03793,2025-04-08T09:19:00,Android,Mumbai,644.94,19.0
S006331,U03793,2025-01-22T10:30:00,Android,Mumbai,831.7,49.0
S006332,U03794,2025-02-17T22:04:00,Android,Kolkata,449.81,19.0
S006333,U03795,2025-03-20T13:06:00,Android,Bengaluru,1101.7,29.0
S006334,U03795,2025-03-31T17:51:00,Android,Bengaluru,589.74,49.0
S006335,U03795,2025-05-28T11:55:00,Android,Bengaluru,1207.45,29.0
S006336,U03796,2025-05-24T16:11:00,Android,Mumbai,784.89,49.0
S006337,U03796,2025-03-29T19:04:00,Android,Mumbai,684.45,29.0
S006338,U03796,2025-02-16T22:14:00,Android,Mumbai,800.32,39.0
S006339,U03797,2025-05-04T15:15:00,iOS,Bengaluru,466.92,49.0
S006340,U03798,2025-02-12T07:37:00,Android,Delhi,826.57,29.0
S006341,U03799,2025-02-16T14:34:00,Android,Kolkata,610.97,69.0
S006342,U03800,2025-06-26T08:10:00,iOS,Kolkata,662.83,59.0
S006343,U03801,2025-03-05T18:42:00,Android,Bengaluru,514.3,39.0
S006344,U03802,2025-01-15T12:48:00,iOS,Bengaluru,611.46,59.0
S006345,U03803,2025-01-04T18:18:00,Android,Mumbai,462.08,19.0
S006346,U03804,2025-05-10T12:54:00,iOS,Bengaluru,510.43,0.0
S006347,U03805,2025-01-27T09:42:00,Android,Mumbai,659.19,69.0
S006348,U03806,2025-04-15T18:29:00,iOS,Mumbai,551.92,59.0
S006349,U03807,2025-05-06T13:23:00,Android,Delhi,929.13,0.0
S006350,U03808,2025-05-01T09:06:00,iOS,Delhi,1029.74,39.0
S006351,U03808,2025-01-31T17:53:00,iOS,Delhi,1632.5,59.0
S006352,U03808,2025-01-13T16:54:00,iOS,Delhi,1006.66,0.0
S006353,U03809,2025-01-17T15:44:00,Android,Bengaluru,1015.45,39.0
S006354,U03809,2025-06-20T15:50:00,Android,Bengaluru,793.02,0.0
S006355,U03810,2025-02-22T11:53:00,iOS,Kolkata,604.44,39.0
S006356,U03810,2025-06-14T18:37:00,iOS,Kolkata,612.66,59.0
S006357,U03811,2025-02-28T12:06:00,iOS,Delhi,786.16,29.0
S006358,U03812,2025-01-21T22:50:00,iOS,Mumbai,1088.4,0.0
S006359,U03813,2025-05-16T12:15:00,Android,Delhi,1526.82,49.0
S006360,U03813,2025-02-24T08:12:00,Android,Delhi,989.15,39.0
S006361,U03813,2025-06-21T20:24:00,Android,Delhi,413.43,69.0
S006362,U03813,2025-05-08T21:11:00,Android,Delhi,367.31,39.0
S006363,U03814,2025-04-17T13:53:00,Android,Hyderabad,540.09,59.0
S006364,U03815,2025-05-20T11:24:00,iOS,Bengaluru,213.58,39.0
S006365,U03816,2025-03-06T15:44:00,Android,Bengaluru,321.41,0.0
S006366,U03817,2025-05-26T18:08:00,Android,Hyderabad,483.43,39.0
S006367,U03817,2025-02-05T07:20:00,Android,Hyderabad,467.56,49.0
S006368,U03817,2025-01-02T17:00:00,Android,Hyderabad,769.98,39.0
S006369,U03818,2025-04-03T10:11:00,Android,Hyderabad,522.37,49.0
S006370,U03819,2025-02-05T22:43:00,Android,Delhi,1173.03,0.0
S006371,U03820,2025-01-14T07:32:00,Android,Delhi,613.25,59.0
S006372,U03821,2025-05-17T11:15:00,Android,Kolkata,685.01,39.0
S006373,U03821,2025-04-05T14:33:00,Android,Kolkata,1638.87,0.0
S006374,U03822,2025-04-18T08:05:00,Android,Bengaluru,689.59,69.0
S006375,U03822,2025-05-23T19:24:00,Android,Bengaluru,673.11,59.0
S006376,U03823,2025-06-02T16:55:00,Android,Bengaluru,664.31,49.0
S006377,U03824,2025-04-27T11:57:00,iOS,Delhi,933.67,49.0
S006378,U03825,2025-04-25T17:55:00,Android,Delhi,802.71,39.0
S006379,U03825,2025-04-05T11:46:00,Android,Delhi,2293.8,49.0
S006380,U03825,2025-04-03T13:04:00,Android,Delhi,1080.89,39.0
S006381,U03825,2025-03-13T15:47:00,Android,Delhi,824.35,29.0
S006382,U03826,2025-05-27T16:35:00,iOS,Mumbai,711.98,29.0
S006383,U03827,2025-06-07T11:53:00,Android,Hyderabad,854.56,49.0
S006384,U03827,2025-04-11T12:51:00,Android,Hyderabad,1428.99,0.0
S006385,U03828,2025-01-07T16:39:00,Android,Mumbai,1028.45,0.0
S006386,U03829,2025-03-15T11:45:00,Android,Mumbai,631.98,69.0
S006387,U03829,2025-02-06T19:16:00,Android,Mumbai,827.91,29.0
S006388,U03830,2025-03-04T08:33:00,Android,Delhi,1020.03,0.0
S006389,U03830,2025-06-15T07:07:00,Android,Delhi,862.62,19.0
S006390,U03831,2025-01-14T18:59:00,Android,Hyderabad,875.71,59.0
S006391,U03832,2025-06-17T12:42:00,Android,Bengaluru,1254.77,69.0
S006392,U03833,2025-03-22T10:50:00,Android,Delhi,1144.3,59.0
S006393,U03834,2025-06-13T22:02:00,Android,Hyderabad,719.12,49.0
S006394,U03835,2025-03-13T18:51:00,Android,Delhi,1205.24,0.0
S006395,U03836,2025-01-17T12:31:00,iOS,Bengaluru,857.81,29.0
S006396,U03836,2025-05-06T10:19:00,iOS,Bengaluru,1324.63,0.0
S006397,U03837,2025-04-09T09:09:00,Android,Delhi,462.09,49.0
S006398,U03837,2025-03-27T13:58:00,Android,Delhi,852.61,49.0
S006399,U03837,2025-02-23T09:08:00,Android,Delhi,1063.49,0.0
S006400,U03838,2025-04-14T10:47:00,Android,Hyderabad,626.22,49.0
S006401,U03838,2025-04-09T15:32:00,Android,Hyderabad,1247.48,0.0
S006402,U03839,2025-05-06T14:29:00,Android,Bengaluru,528.96,29.0
S006403,U03839,2025-01-11T18:51:00,Android,Bengaluru,533.65,19.0
S006404,U03839,2025-04-14T22:55:00,Android,Bengaluru,747.05,0.0
S006405,U03839,2025-05-05T14:30:00,Android,Bengaluru,977.88,0.0
S006406,U03840,2025-01-25T17:59:00,iOS,Hyderabad,1496.52,59.0
S006407,U03841,2025-02-06T22:55:00,Android,Hyderabad,431.21,39.0
S006408,U03842,2025-05-26T18:15:00,Android,Mumbai,662.35,29.0
S006409,U03843,2025-01-11T13:19:00,iOS,Bengaluru,535.36,49.0
S006410,U03844,2025-01-06T20:23:00,Android,Hyderabad,509.25,69.0
S006411,U03845,2025-03-06T12:53:00,iOS,Bengaluru,754.53,49.0
S006412,U03845,2025-05-15T09:53:00,iOS,Bengaluru,820.0,29.0
S006413,U03845,2025-01-08T11:45:00,iOS,Bengaluru,1294.7,0.0
S006414,U03845,2025-02-13T18:45:00,iOS,Bengaluru,659.04,39.0
S006415,U03846,2025-04-28T09:00:00,Android,Kolkata,660.42,59.0
S006416,U03847,2025-04-23T09:31:00,iOS,Hyderabad,788.26,29.0
S006417,U03848,2025-01-14T21:36:00,Android,Bengaluru,623.22,69.0
S006418,U03849,2025-05-07T09:50:00,Android,Hyderabad,717.99,39.0
S006419,U03849,2025-03-03T13:10:00,Android,Hyderabad,821.49,39.0
S006420,U03850,2025-04-24T17:41:00,Android,Mumbai,497.5,49.0
S006421,U03850,2025-01-28T16:20:00,Android,Mumbai,564.41,69.0
S006422,U03851,2025-01-26T15:48:00,Android,Delhi,725.48,59.0
S006423,U03851,2025-05-15T18:40:00,Android,Delhi,729.41,29.0
S006424,U03852,2025-02-09T21:15:00,Android,Delhi,502.89,29.0
S006425,U03853,2025-02-15T20:22:00,Android,Mumbai,1032.22,39.0
S006426,U03853,2025-06-26T20:50:00,Android,Mumbai,798.61,29.0
S006427,U03853,2025-06-23T21:57:00,Android,Mumbai,825.59,49.0
S006428,U03854,2025-02-21T22:35:00,Android,Hyderabad,606.0,69.0
S006429,U03854,2025-04-28T12:10:00,Android,Hyderabad,654.45,59.0
S006430,U03855,2025-06-29T19:48:00,iOS,Kolkata,724.71,19.0
S006431,U03855,2025-05-01T14:49:00,iOS,Kolkata,585.79,39.0
S006432,U03856,2025-05-08T13:51:00,Android,Delhi,433.24,39.0
S006433,U03856,2025-01-11T07:48:00,Android,Delhi,1002.34,49.0
S006434,U03856,2025-04-10T19:49:00,Android,Delhi,594.22,39.0
S006435,U03857,2025-02-10T07:22:00,iOS,Mumbai,662.14,29.0
S006436,U03857,2025-04-22T16:35:00,iOS,Mumbai,917.5,0.0
S006437,U03857,2025-04-24T07:42:00,iOS,Mumbai,2046.25,39.0
S006438,U03858,2025-05-20T09:58:00,Android,Hyderabad,650.37,49.0
S006439,U03859,2025-02-09T11:06:00,Android,Mumbai,831.2,39.0
S006440,U03860,2025-06-24T12:20:00,Android,Mumbai,599.01,29.0
S006441,U03861,2025-01-05T10:33:00,iOS,Delhi,598.92,39.0
S006442,U03862,2025-03-03T18:25:00,iOS,Hyderabad,917.92,0.0
S006443,U03862,2025-05-30T11:58:00,iOS,Hyderabad,399.9,39.0
S006444,U03863,2025-02-07T13:03:00,Android,Delhi,730.66,0.0
S006445,U03863,2025-03-28T18:51:00,Android,Delhi,462.98,49.0
S006446,U03863,2025-06-30T09:41:00,Android,Delhi,508.54,49.0
S006447,U03864,2025-05-01T14:30:00,Android,Bengaluru,1268.53,0.0
S006448,U03865,2025-03-29T07:17:00,iOS,Mumbai,636.85,19.0
S006449,U03866,2025-03-21T15:45:00,Android,Delhi,373.11,49.0
S006450,U03867,2025-05-01T07:56:00,Android,Bengaluru,876.15,0.0
S006451,U03868,2025-05-21T19:21:00,Android,Bengaluru,1155.32,0.0
S006452,U03869,2025-05-08T18:35:00,Android,Hyderabad,741.27,0.0
S006453,U03870,2025-01-04T07:55:00,iOS,Kolkata,542.23,0.0
S006454,U03871,2025-06-04T08:04:00,iOS,Delhi,456.48,59.0
S006455,U03872,2025-03-05T22:30:00,iOS,Bengaluru,1007.28,0.0
S006456,U03873,2025-02-04T09:38:00,Android,Hyderabad,795.49,39.0
S006457,U03873,2025-01-20T16:47:00,Android,Hyderabad,641.18,59.0
S006458,U03873,2025-03-13T14:22:00,Android,Hyderabad,916.18,0.0
S006459,U03874,2025-01-25T17:48:00,Android,Delhi,769.25,59.0
S006460,U03874,2025-05-21T09:26:00,Android,Delhi,765.61,59.0
S006461,U03875,2025-06-07T16:13:00,Android,Kolkata,415.59,0.0
S006462,U03875,2025-02-16T19:49:00,Android,Kolkata,1375.85,29.0
S006463,U03875,2025-02-23T21:57:00,Android,Kolkata,1191.68,0.0
S006464,U03875,2025-03-04T12:15:00,Android,Kolkata,595.92,39.0
S006465,U03876,2025-02-19T20:53:00,Android,Mumbai,519.09,49.0
S006466,U03877,2025-05-25T09:33:00,Android,Bengaluru,748.83,39.0
S006467,U03878,2025-05-23T12:07:00,iOS,Mumbai,772.55,69.0
S006468,U03879,2025-05-14T21:21:00,Android,Delhi,779.22,49.0
S006469,U03880,2025-01-29T18:39:00,Android,Hyderabad,1064.61,69.0
S006470,U03881,2025-03-04T07:22:00,Android,Bengaluru,261.91,59.0
S006471,U03882,2025-05-19T10:21:00,Android,Hyderabad,612.93,69.0
S006472,U03883,2025-04-10T07:53:00,Android,Hyderabad,1124.17,0.0
S006473,U03883,2025-04-21T18:10:00,Android,Hyderabad,684.61,29.0
S006474,U03883,2025-06-23T22:38:00,Android,Hyderabad,650.77,29.0
S006475,U03884,2025-05-25T15:56:00,Android,Kolkata,920.83,59.0
S006476,U03885,2025-01-17T17:34:00,Android,Kolkata,792.33,59.0
S006477,U03885,2025-02-12T11:21:00,Android,Kolkata,349.21,69.0
S006478,U03886,2025-03-23T20:46:00,Android,Bengaluru,416.14,59.0
S006479,U03886,2025-03-14T19:24:00,Android,Bengaluru,745.99,39.0
S006480,U03886,2025-02-11T09:46:00,Android,Bengaluru,817.85,19.0
S006481,U03887,2025-05-05T18:39:00,iOS,Mumbai,933.57,0.0
S006482,U03888,2025-04-16T20:16:00,Android,Hyderabad,460.55,29.0
S006483,U03888,2025-06-09T07:30:00,Android,Hyderabad,773.95,49.0
S006484,U03888,2025-03-20T10:19:00,Android,Hyderabad,1472.92,0.0
S006485,U03888,2025-02-25T15:48:00,Android,Hyderabad,1298.4,59.0
S006486,U03889,2025-05-13T13:48:00,iOS,Delhi,1062.15,0.0
S006487,U03889,2025-03-31T19:53:00,iOS,Delhi,630.3,19.0
S006488,U03890,2025-04-27T20:54:00,Android,Bengaluru,536.89,59.0
S006489,U03891,2025-06-02T22:34:00,Android,Delhi,405.73,39.0
S006490,U03892,2025-06-06T16:20:00,Android,Bengaluru,620.62,49.0
S006491,U03893,2025-04-29T08:45:00,iOS,Kolkata,611.9,19.0
S006492,U03894,2025-05-14T08:36:00,Android,Delhi,563.23,49.0
S006493,U03895,2025-04-22T19:32:00,Android,Hyderabad,791.0,69.0
S006494,U03896,2025-02-26T09:39:00,iOS,Kolkata,719.54,59.0
S006495,U03896,2025-05-25T14:47:00,iOS,Kolkata,1060.03,29.0
S006496,U03897,2025-05-17T07:46:00,iOS,Delhi,360.76,39.0
S006497,U03898,2025-02-08T21:01:00,Android,Hyderabad,578.96,29.0
S006498,U03899,2025-03-31T09:21:00,iOS,Bengaluru,578.52,19.0
S006499,U03899,2025-03-11T17:47:00,iOS,Bengaluru,643.69,49.0
S006500,U03900,2025-05-14T19:47:00,Android,Bengaluru,442.01,39.0
S006501,U03900,2025-03-22T22:59:00,Android,Bengaluru,1452.98,0.0
S006502,U03901,2025-03-08T10:53:00,Android,Bengaluru,641.63,59.0
S006503,U03902,2025-02-22T12:59:00,Android,Delhi,924.57,0.0
S006504,U03903,2025-04-14T14:56:00,iOS,Delhi,748.13,39.0
S006505,U03903,2025-03-09T13:30:00,iOS,Delhi,487.16,49.0
S006506,U03904,2025-02-21T12:18:00,Android,Delhi,826.52,19.0
S006507,U03905,2025-02-27T13:57:00,iOS,Bengaluru,1585.05,49.0
S006508,U03906,2025-04-22T20:20:00,Android,Bengaluru,797.66,49.0
S006509,U03906,2025-01-16T19:27:00,Android,Bengaluru,597.04,0.0
S006510,U03907,2025-04-06T18:50:00,Android,Mumbai,813.81,0.0
S006511,U03907,2025-03-31T12:10:00,Android,Mumbai,984.46,0.0
S006512,U03907,2025-03-05T21:17:00,Android,Mumbai,1011.56,0.0
S006513,U03908,2025-04-25T15:01:00,Android,Bengaluru,1566.98,0.0
S006514,U03908,2025-03-07T22:44:00,Android,Bengaluru,903.19,0.0
S006515,U03909,2025-03-01T13:30:00,iOS,Hyderabad,924.9,0.0
S006516,U03910,2025-04-02T17:12:00,iOS,Kolkata,832.62,19.0
S006517,U03910,2025-06-14T18:24:00,iOS,Kolkata,945.07,19.0
S006518,U03911,2025-06-27T21:25:00,iOS,Hyderabad,614.93,29.0
S006519,U03911,2025-01-04T09:32:00,iOS,Hyderabad,567.95,29.0
S006520,U03912,2025-03-31T07:57:00,iOS,Mumbai,457.5,49.0
S006521,U03913,2025-01-01T12:46:00,Android,Mumbai,830.01,29.0
S006522,U03914,2025-01-24T08:52:00,iOS,Mumbai,964.14,0.0
S006523,U03914,2025-04-19T09:05:00,iOS,Mumbai,636.04,49.0
S006524,U03915,2025-02-17T15:59:00,Android,Kolkata,487.66,59.0
S006525,U03916,2025-04-05T17:05:00,Android,Kolkata,606.84,29.0
S006526,U03916,2025-03-15T16:16:00,Android,Kolkata,510.41,69.0
S006527,U03917,2025-02-18T08:51:00,Android,Delhi,370.24,59.0
S006528,U03918,2025-03-04T19:54:00,Android,Mumbai,505.34,29.0
S006529,U03918,2025-02-05T16:44:00,Android,Mumbai,664.99,49.0
S006530,U03919,2025-03-15T18:32:00,Android,Hyderabad,1027.96,19.0
S006531,U03919,2025-04-06T16:57:00,Android,Hyderabad,615.84,39.0
S006532,U03920,2025-02-16T21:39:00,Android,Bengaluru,562.58,29.0
S006533,U03921,2025-06-09T13:43:00,Android,Mumbai,489.72,49.0
S006534,U03921,2025-01-08T17:03:00,Android,Mumbai,435.01,29.0
S006535,U03921,2025-06-14T07:22:00,Android,Mumbai,306.11,69.0
S006536,U03922,2025-03-06T19:22:00,iOS,Mumbai,550.72,0.0
S006537,U03923,2025-04-29T16:11:00,iOS,Hyderabad,1296.63,0.0
S006538,U03924,2025-01-22T15:30:00,Android,Delhi,1468.58,19.0
S006539,U03924,2025-03-05T11:57:00,Android,Delhi,1030.81,0.0
S006540,U03925,2025-01-22T14:28:00,iOS,Delhi,778.16,19.0
S006541,U03926,2025-06-04T13:54:00,Android,Bengaluru,977.99,0.0
S006542,U03927,2025-04-10T08:01:00,Android,Mumbai,784.26,39.0
S006543,U03928,2025-06-22T09:27:00,iOS,Kolkata,651.97,49.0
S006544,U03929,2025-01-26T08:17:00,Android,Kolkata,671.44,29.0
S006545,U03929,2025-05-22T18:01:00,Android,Kolkata,618.26,39.0
S006546,U03930,2025-05-23T14:40:00,iOS,Delhi,650.09,39.0
S006547,U03930,2025-03-08T20:26:00,iOS,Delhi,489.29,39.0
S006548,U03930,2025-02-28T10:33:00,iOS,Delhi,1074.23,0.0
S006549,U03931,2025-02-07T12:09:00,Android,Bengaluru,295.6,49.0
S006550,U03932,2025-06-27T14:04:00,Android,Hyderabad,957.72,0.0
S006551,U03932,2025-05-15T14:45:00,Android,Hyderabad,1047.62,0.0
S006552,U03932,2025-02-21T13:43:00,Android,Hyderabad,1195.57,0.0
S006553,U03933,2025-02-12T18:33:00,Android,Hyderabad,651.68,39.0
S006554,U03934,2025-01-17T18:51:00,iOS,Mumbai,1428.44,0.0
S006555,U03934,2025-04-01T09:24:00,iOS,Mumbai,513.57,29.0
S006556,U03935,2025-03-14T21:49:00,Android,Delhi,648.32,39.0
S006557,U03935,2025-04-30T21:00:00,Android,Delhi,1110.54,49.0
S006558,U03936,2025-01-23T22:19:00,Android,Bengaluru,671.41,49.0
S006559,U03937,2025-05-13T22:15:00,Android,Hyderabad,657.03,49.0
S006560,U03938,2025-05-02T17:05:00,Android,Mumbai,1105.45,0.0
S006561,U03938,2025-01-13T13:17:00,Android,Mumbai,1009.64,19.0
S006562,U03938,2025-01-21T11:28:00,Android,Mumbai,641.85,29.0
S006563,U03939,2025-04-28T11:15:00,Android,Delhi,623.87,39.0
S006564,U03940,2025-03-27T14:47:00,iOS,Kolkata,766.5,19.0
S006565,U03941,2025-03-31T20:02:00,Android,Mumbai,532.2,39.0
S006566,U03941,2025-01-07T20:36:00,Android,Mumbai,388.37,0.0
S006567,U03942,2025-04-17T09:41:00,Android,Kolkata,1041.46,0.0
S006568,U03943,2025-02-09T16:12:00,Android,Delhi,1177.79,0.0
S006569,U03944,2025-02-14T19:47:00,Android,Delhi,895.94,39.0
S006570,U03944,2025-03-27T14:50:00,Android,Delhi,983.76,0.0
S006571,U03945,2025-06-02T19:20:00,iOS,Kolkata,360.31,49.0
S006572,U03946,2025-06-25T20:19:00,iOS,Kolkata,385.12,39.0
S006573,U03947,2025-03-14T14:59:00,Android,Kolkata,410.85,0.0
S006574,U03948,2025-04-08T13:46:00,Android,Hyderabad,1299.46,49.0
S006575,U03948,2025-01-20T14:27:00,Android,Hyderabad,585.29,0.0
S006576,U03949,2025-05-21T07:34:00,Android,Delhi,580.96,69.0
S006577,U03949,2025-06-18T10:02:00,Android,Delhi,697.76,39.0
S006578,U03949,2025-01-25T20:52:00,Android,Delhi,523.81,49.0
S006579,U03950,2025-03-22T09:02:00,iOS,Bengaluru,706.67,49.0
S006580,U03950,2025-05-02T22:02:00,iOS,Bengaluru,381.71,39.0
S006581,U03951,2025-03-08T14:09:00,iOS,Delhi,365.56,39.0
S006582,U03952,2025-05-31T19:17:00,iOS,Kolkata,742.36,39.0
S006583,U03952,2025-05-17T11:19:00,iOS,Kolkata,1099.63,0.0
S006584,U03953,2025-05-29T21:36:00,Android,Delhi,451.37,29.0
S006585,U03953,2025-05-02T19:17:00,Android,Delhi,950.73,0.0
S006586,U03954,2025-01-11T12:23:00,Android,Hyderabad,1264.95,0.0
S006587,U03954,2025-02-09T16:09:00,Android,Hyderabad,867.22,19.0
S006588,U03955,2025-03-12T11:13:00,iOS,Kolkata,399.19,39.0
S006589,U03956,2025-03-08T12:13:00,Android,Kolkata,642.72,29.0
S006590,U03956,2025-06-26T19:42:00,Android,Kolkata,1012.25,29.0
S006591,U03957,2025-02-13T18:05:00,Android,Kolkata,474.23,0.0
S006592,U03958,2025-05-02T09:27:00,iOS,Mumbai,622.52,49.0
S006593,U03958,2025-05-17T14:31:00,iOS,Mumbai,797.09,39.0
S006594,U03958,2025-01-16T12:56:00,iOS,Mumbai,652.73,59.0
S006595,U03959,2025-01-26T18:11:00,iOS,Mumbai,551.95,29.0
S006596,U03960,2025-03-20T07:52:00,Android,Kolkata,344.17,19.0
S006597,U03961,2025-01-06T13:16:00,Android,Bengaluru,961.23,39.0
S006598,U03961,2025-03-27T22:16:00,Android,Bengaluru,1070.82,69.0
S006599,U03962,2025-06-09T18:05:00,iOS,Bengaluru,593.72,39.0
S006600,U03963,2025-03-23T22:49:00,Android,Kolkata,506.19,0.0
S006601,U03963,2025-06-23T17:55:00,Android,Kolkata,379.1,39.0
S006602,U03963,2025-05-24T11:00:00,Android,Kolkata,1285.39,0.0
S006603,U03964,2025-02-17T17:56:00,iOS,Hyderabad,473.28,29.0
S006604,U03965,2025-05-17T16:26:00,Android,Mumbai,1126.08,39.0
S006605,U03966,2025-05-25T21:16:00,iOS,Bengaluru,701.17,0.0
S006606,U03967,2025-01-02T17:59:00,iOS,Mumbai,395.2,39.0
S006607,U03968,2025-05-04T17:52:00,Android,Kolkata,945.81,0.0
S006608,U03969,2025-01-30T12:27:00,Android,Mumbai,872.65,19.0
S006609,U03969,2025-01-11T14:07:00,Android,Mumbai,1159.53,0.0
S006610,U03970,2025-02-16T07:41:00,Android,Delhi,755.3,19.0
S006611,U03971,2025-02-25T22:08:00,iOS,Mumbai,582.8,59.0
S006612,U03971,2025-05-10T20:38:00,iOS,Mumbai,993.34,49.0
S006613,U03972,2025-01-04T17:17:00,Android,Kolkata,557.76,29.0
S006614,U03973,2025-05-18T18:14:00,Android,Kolkata,475.81,19.0
S006615,U03973,2025-06-24T08:36:00,Android,Kolkata,948.24,39.0
S006616,U03974,2025-01-10T10:10:00,iOS,Delhi,502.51,19.0
S006617,U03975,2025-04-03T20:33:00,iOS,Mumbai,471.5,0.0
S006618,U03976,2025-04-16T15:56:00,iOS,Delhi,724.47,39.0
S006619,U03977,2025-01-27T20:52:00,Android,Delhi,398.49,59.0
S006620,U03977,2025-04-06T20:50:00,Android,Delhi,730.28,49.0
S006621,U03978,2025-01-02T16:51:00,iOS,Bengaluru,987.65,0.0
S006622,U03979,2025-06-15T21:11:00,iOS,Mumbai,341.36,49.0
S006623,U03979,2025-01-21T14:49:00,iOS,Mumbai,528.58,29.0
S006624,U03980,2025-02-01T21:58:00,Android,Mumbai,844.01,19.0
S006625,U03980,2025-04-05T18:37:00,Android,Mumbai,547.06,0.0
S006626,U03981,2025-04-20T17:18:00,iOS,Delhi,803.23,29.0
S006627,U03982,2025-06-29T09:59:00,Android,Delhi,569.69,19.0
S006628,U03983,2025-04-19T21:38:00,iOS,Bengaluru,1054.25,0.0
S006629,U03984,2025-01-26T19:11:00,iOS,Bengaluru,741.68,19.0
S006630,U03985,2025-02-20T22:26:00,Android,Hyderabad,918.75,0.0
S006631,U03986,2025-01-16T08:34:00,Android,Bengaluru,744.13,29.0
S006632,U03987,2025-05-14T12:17:00,Android,Bengaluru,1210.2,0.0
S006633,U03988,2025-03-12T07:07:00,Android,Kolkata,889.57,0.0
S006634,U03989,2025-01-15T19:56:00,Android,Bengaluru,758.91,49.0
S006635,U03989,2025-06-05T21:22:00,Android,Bengaluru,765.2,69.0
S006636,U03990,2025-06-11T20:40:00,iOS,Kolkata,661.64,69.0
S006637,U03991,2025-02-13T20:51:00,Android,Mumbai,805.69,49.0
S006638,U03991,2025-06-14T14:52:00,Android,Mumbai,852.26,59.0
S006639,U03992,2025-04-18T16:46:00,Android,Hyderabad,380.53,59.0
S006640,U03993,2025-06-02T15:39:00,Android,Mumbai,619.05,59.0
S006641,U03993,2025-03-19T19:03:00,Android,Mumbai,441.55,39.0
S006642,U03994,2025-03-05T10:40:00,Android,Bengaluru,686.31,29.0
S006643,U03994,2025-04-27T13:49:00,Android,Bengaluru,756.67,0.0
S006644,U03995,2025-05-01T07:04:00,Android,Hyderabad,456.57,39.0
S006645,U03996,2025-03-02T15:51:00,Android,Hyderabad,634.87,19.0
S006646,U03997,2025-05-21T19:16:00,Android,Delhi,586.9,69.0
S006647,U03998,2025-03-17T22:33:00,Android,Hyderabad,803.53,49.0
S006648,U03999,2025-03-26T21:12:00,iOS,Mumbai,924.03,49.0
S006649,U04000,2025-01-17T14:06:00,Android,Kolkata,492.74,19.0
S006650,U04000,2025-01-23T17:38:00,Android,Kolkata,366.2,0.0
S006651,U04001,2025-05-20T18:14:00,Android,Hyderabad,840.08,0.0
S006652,U04001,2025-02-18T19:17:00,Android,Hyderabad,494.94,39.0
S006653,U04002,2025-05-10T13:57:00,iOS,Bengaluru,424.5,19.0
S006654,U04003,2025-04-11T18:24:00,iOS,Kolkata,579.71,49.0
S006655,U04003,2025-06-10T21:17:00,iOS,Kolkata,986.93,0.0
S006656,U04003,2025-01-09T13:44:00,iOS,Kolkata,1800.2,0.0
S006657,U04003,2025-06-01T13:33:00,iOS,Kolkata,799.62,39.0
S006658,U04004,2025-06-09T10:37:00,Android,Kolkata,1313.43,0.0
S006659,U04005,2025-01-27T08:47:00,iOS,Hyderabad,368.54,19.0
S006660,U04006,2025-03-27T15:40:00,iOS,Bengaluru,564.7,59.0
S006661,U04007,2025-06-15T10:58:00,iOS,Hyderabad,951.9,0.0
S006662,U04008,2025-01-20T22:07:00,Android,Mumbai,595.37,0.0
S006663,U04009,2025-05-18T11:48:00,Android,Delhi,416.41,0.0
S006664,U04010,2025-05-25T07:05:00,Android,Kolkata,481.97,49.0
S006665,U04011,2025-01-29T14:16:00,iOS,Mumbai,565.59,29.0
S006666,U04012,2025-06-06T14:35:00,iOS,Hyderabad,599.65,69.0
S006667,U04013,2025-05-14T10:20:00,Android,Mumbai,512.85,49.0
S006668,U04013,2025-04-01T14:10:00,Android,Mumbai,586.14,29.0
S006669,U04013,2025-02-15T21:19:00,Android,Mumbai,1201.43,39.0
S006670,U04014,2025-03-01T10:03:00,Android,Delhi,774.1,39.0
S006671,U04015,2025-06-04T13:59:00,Android,Kolkata,945.12,0.0
S006672,U04016,2025-06-28T18:22:00,Android,Mumbai,399.01,69.0
S006673,U04016,2025-05-28T11:41:00,Android,Mumbai,772.3,39.0
S006674,U04017,2025-01-19T12:20:00,iOS,Mumbai,453.0,59.0
S006675,U04017,2025-04-23T20:00:00,iOS,Mumbai,1747.94,0.0
S006676,U04018,2025-05-16T21:14:00,Android,Delhi,603.36,49.0
S006677,U04019,2025-04-13T08:50:00,Android,Bengaluru,381.38,19.0
S006678,U04020,2025-06-28T22:22:00,Android,Hyderabad,1766.68,0.0
S006679,U04021,2025-01-26T13:35:00,iOS,Delhi,428.69,39.0
S006680,U04022,2025-01-30T07:42:00,iOS,Kolkata,1249.39,0.0
S006681,U04023,2025-06-16T14:47:00,Android,Kolkata,519.24,39.0
S006682,U04024,2025-05-04T22:08:00,Android,Hyderabad,521.77,19.0
S006683,U04024,2025-05-20T15:16:00,Android,Hyderabad,1311.62,0.0
S006684,U04025,2025-06-11T20:49:00,iOS,Bengaluru,1165.52,0.0
S006685,U04025,2025-03-28T21:34:00,iOS,Bengaluru,413.6,59.0
S006686,U04026,2025-01-03T11:53:00,iOS,Hyderabad,904.81,0.0
S006687,U04027,2025-01-02T14:35:00,Android,Bengaluru,649.0,29.0
S006688,U04027,2025-06-25T10:36:00,Android,Bengaluru,863.65,29.0
S006689,U04027,2025-05-24T15:39:00,Android,Bengaluru,752.65,39.0
S006690,U04027,2025-02-01T22:38:00,Android,Bengaluru,626.6,39.0
S006691,U04028,2025-02-27T15:09:00,Android,Hyderabad,846.63,59.0
S006692,U04029,2025-05-20T13:34:00,Android,Mumbai,891.16,29.0
S006693,U04030,2025-03-24T13:01:00,Android,Kolkata,716.83,29.0
S006694,U04030,2025-04-03T11:26:00,Android,Kolkata,576.56,39.0
S006695,U04030,2025-05-30T18:18:00,Android,Kolkata,1072.52,0.0
S006696,U04031,2025-06-06T20:03:00,Android,Delhi,829.23,49.0
S006697,U04031,2025-05-19T07:22:00,Android,Delhi,1176.16,59.0
S006698,U04032,2025-01-16T20:56:00,iOS,Delhi,575.74,19.0
S006699,U04033,2025-06-24T18:35:00,Android,Kolkata,493.37,0.0
S006700,U04034,2025-04-30T22:35:00,iOS,Mumbai,764.94,49.0
S006701,U04035,2025-03-05T21:43:00,Android,Kolkata,522.17,59.0
S006702,U04035,2025-03-13T12:39:00,Android,Kolkata,426.61,39.0
S006703,U04036,2025-04-27T20:45:00,Android,Kolkata,947.1,0.0
S006704,U04037,2025-05-25T17:01:00,Android,Mumbai,471.77,59.0
S006705,U04037,2025-03-22T13:42:00,Android,Mumbai,1170.29,19.0
S006706,U04038,2025-04-08T14:08:00,Android,Delhi,627.64,49.0
S006707,U04039,2025-02-11T12:13:00,iOS,Mumbai,917.1,0.0
S006708,U04039,2025-01-29T18:21:00,iOS,Mumbai,705.93,49.0
S006709,U04040,2025-02-14T16:54:00,Android,Hyderabad,920.87,0.0
S006710,U04041,2025-02-15T10:05:00,Android,Kolkata,587.13,19.0
S006711,U04042,2025-03-06T22:39:00,iOS,Delhi,824.84,19.0
S006712,U04042,2025-06-21T08:20:00,iOS,Delhi,947.1,0.0
S006713,U04043,2025-05-07T10:16:00,Android,Hyderabad,562.18,69.0
S006714,U04043,2025-01-19T13:09:00,Android,Hyderabad,619.75,0.0
S006715,U04044,2025-04-25T12:30:00,Android,Delhi,569.86,39.0
S006716,U04044,2025-01-27T07:54:00,Android,Delhi,603.42,0.0
S006717,U04044,2025-06-10T17:36:00,Android,Delhi,859.68,29.0
S006718,U04045,2025-02-23T18:01:00,iOS,Mumbai,320.11,19.0
S006719,U04045,2025-03-14T10:55:00,iOS,Mumbai,912.79,39.0
S006720,U04046,2025-04-18T11:18:00,Android,Hyderabad,846.44,29.0
S006721,U04047,2025-02-27T11:34:00,Android,Kolkata,747.8,49.0
S006722,U04047,2025-04-16T11:52:00,Android,Kolkata,627.22,39.0
S006723,U04048,2025-03-08T09:03:00,Android,Delhi,336.87,49.0
S006724,U04049,2025-02-13T11:03:00,Android,Delhi,973.16,29.0
S006725,U04049,2025-05-03T22:36:00,Android,Delhi,350.55,59.0
S006726,U04049,2025-02-27T11:14:00,Android,Delhi,338.74,0.0
S006727,U04050,2025-06-01T08:51:00,Android,Bengaluru,552.52,49.0
S006728,U04050,2025-01-04T20:04:00,Android,Bengaluru,1153.94,19.0
S006729,U04051,2025-06-23T14:33:00,iOS,Bengaluru,576.49,29.0
S006730,U04051,2025-03-20T09:41:00,iOS,Bengaluru,832.69,39.0
S006731,U04051,2025-05-26T12:01:00,iOS,Bengaluru,553.65,39.0
S006732,U04052,2025-06-08T20:44:00,Android,Delhi,980.71,29.0
S006733,U04053,2025-05-27T12:13:00,iOS,Kolkata,716.67,39.0
S006734,U04054,2025-06-25T18:55:00,Android,Delhi,601.16,39.0
S006735,U04054,2025-06-23T21:17:00,Android,Delhi,854.68,49.0
S006736,U04055,2025-04-12T15:01:00,Android,Delhi,818.59,59.0
S006737,U04055,2025-03-13T12:41:00,Android,Delhi,594.91,49.0
S006738,U04056,2025-03-14T16:32:00,Android,Hyderabad,383.66,39.0
S006739,U04056,2025-04-25T10:19:00,Android,Hyderabad,532.43,29.0
S006740,U04056,2025-01-09T20:23:00,Android,Hyderabad,819.79,49.0
S006741,U04056,2025-02-11T14:42:00,Android,Hyderabad,581.73,39.0
S006742,U04057,2025-03-03T14:58:00,Android,Bengaluru,701.13,59.0
S006743,U04057,2025-06-16T16:29:00,Android,Bengaluru,884.82,29.0
S006744,U04058,2025-05-18T14:02:00,Android,Bengaluru,667.85,69.0
S006745,U04058,2025-04-27T17:39:00,Android,Bengaluru,766.03,59.0
S006746,U04059,2025-01-20T08:34:00,iOS,Kolkata,1307.39,0.0
S006747,U04059,2025-04-29T17:08:00,iOS,Kolkata,997.27,59.0
S006748,U04060,2025-04-18T14:00:00,iOS,Bengaluru,1647.55,49.0
S006749,U04060,2025-02-27T18:27:00,iOS,Bengaluru,526.33,0.0
S006750,U04060,2025-02-20T15:47:00,iOS,Bengaluru,788.47,49.0
S006751,U04061,2025-03-05T16:15:00,iOS,Delhi,539.62,0.0
S006752,U04061,2025-06-18T07:24:00,iOS,Delhi,1399.8,0.0
S006753,U04061,2025-02-19T19:34:00,iOS,Delhi,581.43,29.0
S006754,U04062,2025-03-22T11:11:00,Android,Mumbai,462.24,19.0
S006755,U04062,2025-06-11T12:25:00,Android,Mumbai,755.99,59.0
S006756,U04063,2025-01-08T12:43:00,iOS,Bengaluru,964.26,0.0
S006757,U04064,2025-04-14T12:43:00,Android,Delhi,1273.54,39.0
S006758,U04065,2025-01-26T13:26:00,iOS,Bengaluru,407.9,29.0
S006759,U04066,2025-04-11T11:58:00,iOS,Delhi,1159.65,39.0
S006760,U04066,2025-03-03T12:31:00,iOS,Delhi,627.25,0.0
S006761,U04067,2025-01-15T11:03:00,Android,Kolkata,549.51,0.0
S006762,U04068,2025-02-21T08:30:00,Android,Delhi,566.29,49.0
S006763,U04069,2025-03-15T11:52:00,iOS,Delhi,570.54,39.0
S006764,U04069,2025-06-08T22:57:00,iOS,Delhi,791.78,19.0
S006765,U04070,2025-02-25T15:04:00,Android,Delhi,596.4,39.0
S006766,U04071,2025-05-11T16:03:00,Android,Kolkata,449.65,29.0
S006767,U04072,2025-05-05T16:00:00,iOS,Bengaluru,869.29,59.0
S006768,U04072,2025-03-12T16:57:00,iOS,Bengaluru,781.31,0.0
S006769,U04073,2025-05-26T11:28:00,Android,Kolkata,477.12,29.0
S006770,U04073,2025-02-24T18:50:00,Android,Kolkata,573.86,29.0
S006771,U04074,2025-02-01T07:50:00,Android,Delhi,740.82,19.0
S006772,U04075,2025-04-28T10:59:00,Android,Kolkata,521.67,39.0
S006773,U04076,2025-02-20T19:25:00,iOS,Delhi,512.07,39.0
S006774,U04076,2025-01-31T15:32:00,iOS,Delhi,596.42,59.0
S006775,U04077,2025-06-01T20:50:00,Android,Bengaluru,615.65,59.0
S006776,U04077,2025-06-21T09:02:00,Android,Bengaluru,674.76,29.0
S006777,U04078,2025-02-11T09:13:00,Android,Mumbai,759.44,59.0
S006778,U04078,2025-02-09T13:25:00,Android,Mumbai,1034.89,39.0
S006779,U04079,2025-05-03T13:43:00,Android,Bengaluru,742.91,19.0
S006780,U04079,2025-05-12T08:03:00,Android,Bengaluru,667.58,39.0
S006781,U04079,2025-01-18T07:00:00,Android,Bengaluru,887.23,59.0
S006782,U04080,2025-05-06T09:13:00,iOS,Hyderabad,646.09,39.0
S006783,U04081,2025-06-27T15:05:00,iOS,Mumbai,455.84,69.0
S006784,U04082,2025-01-13T15:49:00,Android,Hyderabad,528.67,29.0
S006785,U04083,2025-03-12T11:48:00,iOS,Bengaluru,1338.76,49.0
S006786,U04083,2025-04-29T07:13:00,iOS,Bengaluru,1170.78,0.0
S006787,U04083,2025-05-20T18:57:00,iOS,Bengaluru,643.0,29.0
S006788,U04083,2025-06-22T13:14:00,iOS,Bengaluru,1282.38,0.0
S006789,U04084,2025-05-28T16:32:00,Android,Hyderabad,404.61,39.0
S006790,U04085,2025-02-25T10:58:00,iOS,Delhi,680.24,69.0
S006791,U04086,2025-06-26T16:39:00,Android,Kolkata,601.17,49.0
S006792,U04086,2025-01-05T16:43:00,Android,Kolkata,285.41,29.0
S006793,U04087,2025-04-18T13:21:00,Android,Hyderabad,824.29,0.0
S006794,U04088,2025-01-31T10:55:00,iOS,Mumbai,1371.13,0.0
S006795,U04088,2025-02-10T15:33:00,iOS,Mumbai,1010.8,0.0
S006796,U04089,2025-06-09T10:32:00,Android,Kolkata,581.43,49.0
S006797,U04090,2025-01-19T07:13:00,Android,Mumbai,949.84,0.0
S006798,U04091,2025-04-30T15:13:00,iOS,Mumbai,921.1,0.0
S006799,U04092,2025-02-03T19:28:00,Android,Bengaluru,756.37,39.0
S006800,U04093,2025-02-01T18:02:00,Android,Mumbai,638.16,49.0
S006801,U04093,2025-06-22T21:30:00,Android,Mumbai,785.12,29.0
S006802,U04094,2025-01-22T20:07:00,Android,Delhi,421.51,39.0
S006803,U04095,2025-01-06T16:43:00,Android,Bengaluru,801.61,0.0
S006804,U04095,2025-05-13T07:27:00,Android,Bengaluru,1105.45,0.0
S006805,U04096,2025-01-09T10:12:00,Android,Hyderabad,823.23,59.0
S006806,U04097,2025-01-23T14:46:00,Android,Bengaluru,581.92,0.0
S006807,U04097,2025-04-08T17:50:00,Android,Bengaluru,491.84,29.0
S006808,U04097,2025-04-20T17:50:00,Android,Bengaluru,537.35,19.0
S006809,U04098,2025-06-13T13:14:00,Android,Mumbai,704.09,49.0
S006810,U04098,2025-03-03T14:46:00,Android,Mumbai,408.4,39.0
S006811,U04099,2025-02-14T15:06:00,iOS,Bengaluru,704.37,29.0
S006812,U04099,2025-03-04T19:16:00,iOS,Bengaluru,1105.09,0.0
S006813,U04099,2025-05-18T16:57:00,iOS,Bengaluru,516.2,59.0
S006814,U04100,2025-06-01T22:44:00,Android,Delhi,1014.54,0.0
S006815,U04100,2025-06-09T12:51:00,Android,Delhi,854.76,39.0
S006816,U04101,2025-03-16T20:21:00,Android,Hyderabad,767.63,49.0
S006817,U04101,2025-02-25T18:42:00,Android,Hyderabad,668.54,59.0
S006818,U04102,2025-02-28T20:14:00,Android,Bengaluru,319.46,29.0
S006819,U04102,2025-04-16T15:12:00,Android,Bengaluru,658.91,19.0
S006820,U04102,2025-05-30T14:49:00,Android,Bengaluru,930.06,49.0
S006821,U04103,2025-06-06T08:39:00,Android,Mumbai,1003.01,0.0
S006822,U04103,2025-01-04T14:56:00,Android,Mumbai,858.97,29.0
S006823,U04104,2025-03-17T12:35:00,Android,Mumbai,620.26,59.0
S006824,U04104,2025-02-06T11:04:00,Android,Mumbai,448.19,29.0
S006825,U04105,2025-01-04T21:43:00,Android,Kolkata,774.5,39.0
S006826,U04106,2025-02-19T17:37:00,Android,Bengaluru,451.81,19.0
S006827,U04107,2025-03-12T14:19:00,Android,Hyderabad,590.85,29.0
S006828,U04107,2025-06-29T12:53:00,Android,Hyderabad,1600.24,39.0
S006829,U04107,2025-05-25T09:19:00,Android,Hyderabad,695.45,29.0
S006830,U04108,2025-01-26T12:47:00,Android,Delhi,708.66,49.0
S006831,U04108,2025-06-14T14:32:00,Android,Delhi,460.38,49.0
S006832,U04108,2025-06-24T14:01:00,Android,Delhi,1018.81,0.0
S006833,U04109,2025-02-10T10:42:00,Android,Delhi,670.67,0.0
S006834,U04109,2025-01-16T14:34:00,Android,Delhi,839.01,29.0
S006835,U04109,2025-06-17T13:22:00,Android,Delhi,496.09,29.0
S006836,U04110,2025-01-26T17:05:00,iOS,Delhi,919.24,0.0
S006837,U04110,2025-01-19T15:46:00,iOS,Delhi,701.76,39.0
S006838,U04111,2025-02-04T17:02:00,iOS,Delhi,606.88,29.0
S006839,U04112,2025-03-21T07:53:00,iOS,Mumbai,850.16,39.0
S006840,U04113,2025-01-28T14:32:00,Android,Bengaluru,508.97,29.0
S006841,U04113,2025-01-24T13:41:00,Android,Bengaluru,322.51,29.0
S006842,U04114,2025-05-08T08:33:00,Android,Delhi,712.67,39.0
S006843,U04114,2025-01-01T18:12:00,Android,Delhi,498.62,0.0
S006844,U04115,2025-01-08T19:48:00,Android,Mumbai,577.65,0.0
S006845,U04115,2025-06-12T14:54:00,Android,Mumbai,1170.0,0.0
S006846,U04116,2025-02-16T09:28:00,Android,Mumbai,621.64,69.0
S006847,U04117,2025-02-16T17:07:00,Android,Bengaluru,375.4,0.0
S006848,U04118,2025-05-24T10:38:00,Android,Delhi,706.01,49.0
S006849,U04118,2025-05-09T20:53:00,Android,Delhi,472.76,49.0
S006850,U04118,2025-01-27T10:22:00,Android,Delhi,2214.67,0.0
S006851,U04119,2025-03-01T17:26:00,Android,Delhi,619.3,49.0
S006852,U04119,2025-03-28T17:51:00,Android,Delhi,939.78,0.0
S006853,U04120,2025-06-16T20:15:00,Android,Mumbai,575.52,0.0
S006854,U04121,2025-04-17T20:15:00,Android,Kolkata,1409.63,69.0
S006855,U04122,2025-03-19T19:41:00,Android,Mumbai,606.63,49.0
S006856,U04123,2025-06-13T21:03:00,Android,Mumbai,281.41,59.0
S006857,U04123,2025-02-13T12:26:00,Android,Mumbai,577.11,39.0
S006858,U04124,2025-01-13T07:21:00,Android,Bengaluru,1679.0,39.0
S006859,U04125,2025-01-15T16:59:00,Android,Kolkata,1112.98,0.0
S006860,U04125,2025-03-27T14:56:00,Android,Kolkata,547.33,29.0
S006861,U04126,2025-01-17T22:05:00,Android,Delhi,719.49,39.0
S006862,U04127,2025-05-15T19:23:00,Android,Delhi,630.4,39.0
S006863,U04128,2025-04-20T07:36:00,Android,Bengaluru,1837.26,0.0
S006864,U04128,2025-06-20T11:24:00,Android,Bengaluru,876.65,39.0
S006865,U04129,2025-06-29T09:00:00,iOS,Bengaluru,736.46,49.0
S006866,U04130,2025-01-14T12:24:00,Android,Hyderabad,1224.3,49.0
S006867,U04131,2025-06-17T08:01:00,Android,Bengaluru,755.39,29.0
S006868,U04131,2025-05-26T19:50:00,Android,Bengaluru,1125.54,0.0
S006869,U04132,2025-06-13T19:52:00,Android,Delhi,865.44,59.0
S006870,U04132,2025-04-30T11:21:00,Android,Delhi,960.12,0.0
S006871,U04133,2025-02-02T07:10:00,Android,Bengaluru,541.38,59.0
S006872,U04133,2025-05-26T09:33:00,Android,Bengaluru,708.34,69.0
S006873,U04134,2025-03-04T10:06:00,Android,Kolkata,844.64,39.0
S006874,U04135,2025-04-07T13:13:00,iOS,Hyderabad,771.58,69.0
S006875,U04135,2025-01-15T12:30:00,iOS,Hyderabad,536.91,49.0
S006876,U04136,2025-03-08T10:35:00,Android,Kolkata,605.34,0.0
S006877,U04137,2025-02-02T07:48:00,Android,Kolkata,805.53,49.0
S006878,U04137,2025-01-11T09:07:00,Android,Kolkata,275.45,19.0
S006879,U04138,2025-03-28T21:03:00,iOS,Kolkata,433.23,59.0
S006880,U04138,2025-03-16T14:41:00,iOS,Kolkata,492.89,39.0
S006881,U04138,2025-06-10T14:27:00,iOS,Kolkata,849.71,29.0
S006882,U04139,2025-05-18T18:35:00,Android,Delhi,1386.97,0.0
S006883,U04139,2025-04-17T14:45:00,Android,Delhi,538.4,0.0
S006884,U04140,2025-03-31T14:52:00,Android,Bengaluru,675.75,29.0
S006885,U04141,2025-05-11T18:36:00,Android,Delhi,800.78,39.0
S006886,U04141,2025-05-19T07:19:00,Android,Delhi,1198.16,49.0
S006887,U04142,2025-04-05T19:31:00,Android,Delhi,732.63,0.0
S006888,U04143,2025-04-11T13:46:00,iOS,Hyderabad,544.9,29.0
S006889,U04144,2025-04-14T17:35:00,Android,Bengaluru,393.76,59.0
S006890,U04145,2025-02-12T17:51:00,iOS,Bengaluru,480.73,49.0
S006891,U04146,2025-03-13T14:18:00,Android,Hyderabad,489.22,49.0
S006892,U04146,2025-02-13T09:57:00,Android,Hyderabad,1226.93,0.0
S006893,U04147,2025-01-19T21:43:00,iOS,Bengaluru,547.27,0.0
S006894,U04148,2025-04-18T16:22:00,iOS,Bengaluru,875.32,39.0
S006895,U04148,2025-01-18T20:38:00,iOS,Bengaluru,429.72,0.0
S006896,U04149,2025-06-21T11:59:00,iOS,Bengaluru,530.89,0.0
S006897,U04150,2025-04-05T14:43:00,iOS,Hyderabad,468.3,19.0
S006898,U04150,2025-03-03T16:30:00,iOS,Hyderabad,841.03,29.0
S006899,U04150,2025-05-08T21:08:00,iOS,Hyderabad,957.02,49.0
S006900,U04151,2025-04-25T20:24:00,Android,Bengaluru,661.98,69.0
S006901,U04152,2025-01-10T21:16:00,Android,Bengaluru,672.66,69.0
S006902,U04152,2025-05-05T22:57:00,Android,Bengaluru,823.01,39.0
S006903,U04153,2025-02-08T17:39:00,Android,Bengaluru,267.63,49.0
S006904,U04154,2025-04-13T10:55:00,Android,Hyderabad,579.54,29.0
S006905,U04155,2025-05-11T07:46:00,Android,Bengaluru,692.67,49.0
S006906,U04156,2025-01-02T13:08:00,Android,Bengaluru,1076.25,49.0
S006907,U04157,2025-06-29T09:50:00,iOS,Kolkata,735.18,49.0
S006908,U04157,2025-06-05T15:20:00,iOS,Kolkata,732.15,0.0
S006909,U04158,2025-02-25T22:00:00,iOS,Kolkata,539.93,39.0
S006910,U04159,2025-05-17T09:35:00,iOS,Bengaluru,359.31,39.0
S006911,U04160,2025-05-23T19:11:00,Android,Delhi,438.93,29.0
S006912,U04161,2025-02-19T17:48:00,iOS,Bengaluru,544.66,19.0
S006913,U04161,2025-01-18T13:11:00,iOS,Bengaluru,356.09,49.0
S006914,U04162,2025-02-05T14:10:00,iOS,Hyderabad,377.9,29.0
S006915,U04162,2025-01-28T18:36:00,iOS,Hyderabad,556.69,69.0
S006916,U04162,2025-02-09T13:04:00,iOS,Hyderabad,700.71,19.0
S006917,U04163,2025-06-29T12:57:00,iOS,Bengaluru,1249.29,0.0
S006918,U04163,2025-03-01T20:48:00,iOS,Bengaluru,823.27,29.0
S006919,U04163,2025-02-10T08:42:00,iOS,Bengaluru,1152.1,0.0
S006920,U04163,2025-03-16T11:44:00,iOS,Bengaluru,1631.7,0.0
S006921,U04164,2025-01-29T18:51:00,iOS,Kolkata,372.24,39.0
S006922,U04164,2025-05-01T17:18:00,iOS,Kolkata,636.81,49.0
S006923,U04165,2025-06-03T12:28:00,Android,Hyderabad,524.76,29.0
S006924,U04165,2025-03-03T14:03:00,Android,Hyderabad,692.11,49.0
S006925,U04165,2025-02-10T11:26:00,Android,Hyderabad,892.9,39.0
S006926,U04166,2025-04-24T15:03:00,Android,Mumbai,1353.03,0.0
S006927,U04167,2025-03-26T18:03:00,iOS,Bengaluru,853.56,39.0
S006928,U04167,2025-04-06T08:30:00,iOS,Bengaluru,886.83,39.0
S006929,U04168,2025-06-15T08:20:00,Android,Kolkata,539.06,49.0
S006930,U04169,2025-03-27T19:07:00,iOS,Hyderabad,356.9,39.0
S006931,U04170,2025-03-20T15:18:00,iOS,Hyderabad,1096.4,39.0
S006932,U04170,2025-06-13T14:59:00,iOS,Hyderabad,400.49,69.0
S006933,U04171,2025-02-27T07:23:00,iOS,Bengaluru,691.56,29.0
S006934,U04172,2025-03-22T15:24:00,iOS,Hyderabad,1277.66,39.0
S006935,U04173,2025-02-04T20:15:00,iOS,Hyderabad,935.71,0.0
S006936,U04173,2025-01-12T18:21:00,iOS,Hyderabad,633.48,69.0
S006937,U04173,2025-04-26T19:09:00,iOS,Hyderabad,648.68,39.0
S006938,U04174,2025-05-23T14:59:00,iOS,Kolkata,984.92,29.0
S006939,U04175,2025-06-26T22:17:00,Android,Mumbai,699.71,59.0
S006940,U04176,2025-04-01T21:56:00,Android,Mumbai,733.57,69.0
S006941,U04177,2025-05-15T20:02:00,Android,Delhi,851.47,39.0
S006942,U04177,2025-01-12T12:40:00,Android,Delhi,1310.48,0.0
S006943,U04178,2025-05-24T15:06:00,Android,Hyderabad,732.15,49.0
S006944,U04178,2025-06-09T11:10:00,Android,Hyderabad,570.15,49.0
S006945,U04178,2025-05-19T19:28:00,Android,Hyderabad,545.17,39.0
S006946,U04179,2025-01-28T08:56:00,iOS,Kolkata,369.03,29.0
S006947,U04180,2025-04-28T19:22:00,iOS,Mumbai,1014.31,49.0
S006948,U04180,2025-01-24T11:53:00,iOS,Mumbai,634.0,49.0
S006949,U04181,2025-01-11T08:47:00,Android,Bengaluru,584.77,19.0
S006950,U04182,2025-05-20T19:51:00,Android,Bengaluru,222.89,69.0
S006951,U04183,2025-03-12T09:47:00,Android,Mumbai,1160.95,39.0
S006952,U04183,2025-04-03T07:38:00,Android,Mumbai,683.19,49.0
S006953,U04183,2025-06-26T12:03:00,Android,Mumbai,713.27,59.0
S006954,U04184,2025-02-13T10:56:00,iOS,Kolkata,673.54,29.0
S006955,U04185,2025-04-15T14:20:00,Android,Bengaluru,507.24,59.0
S006956,U04186,2025-04-02T08:23:00,Android,Delhi,587.53,29.0
S006957,U04186,2025-03-02T10:54:00,Android,Delhi,610.43,29.0
S006958,U04187,2025-02-17T08:39:00,Android,Kolkata,638.58,39.0
S006959,U04188,2025-04-18T22:41:00,Android,Mumbai,1200.72,29.0
S006960,U04188,2025-04-10T22:45:00,Android,Mumbai,1016.24,0.0
S006961,U04189,2025-01-21T18:09:00,Android,Bengaluru,456.85,69.0
S006962,U04189,2025-06-24T15:09:00,Android,Bengaluru,556.75,69.0
S006963,U04190,2025-03-30T09:34:00,iOS,Delhi,753.79,19.0
S006964,U04191,2025-03-16T11:46:00,iOS,Delhi,1128.47,0.0
S006965,U04191,2025-04-28T07:53:00,iOS,Delhi,831.08,49.0
S006966,U04192,2025-01-23T18:47:00,Android,Bengaluru,842.58,49.0
S006967,U04193,2025-05-02T12:58:00,Android,Mumbai,1488.32,0.0
S006968,U04194,2025-04-05T08:06:00,Android,Mumbai,697.83,49.0
S006969,U04194,2025-04-26T11:13:00,Android,Mumbai,755.68,39.0
S006970,U04194,2025-01-01T22:38:00,Android,Mumbai,942.89,0.0
S006971,U04194,2025-06-29T18:42:00,Android,Mumbai,877.1,39.0
S006972,U04195,2025-04-25T22:48:00,Android,Mumbai,415.91,39.0
S006973,U04196,2025-01-23T22:57:00,Android,Mumbai,772.01,39.0
S006974,U04197,2025-01-24T08:41:00,Android,Bengaluru,290.79,69.0
S006975,U04198,2025-04-02T18:19:00,Android,Bengaluru,542.09,29.0
S006976,U04198,2025-03-06T13:22:00,Android,Bengaluru,1176.38,0.0
S006977,U04199,2025-03-15T07:47:00,iOS,Bengaluru,346.63,49.0
S006978,U04200,2025-05-06T19:04:00,Android,Bengaluru,861.82,39.0
S006979,U04201,2025-04-03T22:12:00,iOS,Hyderabad,663.85,49.0
S006980,U04202,2025-06-12T17:56:00,Android,Bengaluru,892.33,49.0
S006981,U04203,2025-05-09T07:53:00,Android,Mumbai,1227.42,0.0
S006982,U04203,2025-02-02T08:10:00,Android,Mumbai,578.05,39.0
S006983,U04204,2025-03-28T21:43:00,Android,Bengaluru,705.94,19.0
S006984,U04204,2025-04-22T16:11:00,Android,Bengaluru,957.53,0.0
S006985,U04204,2025-03-26T10:26:00,Android,Bengaluru,833.58,39.0
S006986,U04204,2025-02-12T22:32:00,Android,Bengaluru,902.19,0.0
S006987,U04205,2025-01-24T08:21:00,Android,Bengaluru,880.66,29.0
S006988,U04205,2025-01-06T19:21:00,Android,Bengaluru,626.56,49.0
S006989,U04205,2025-02-04T12:25:00,Android,Bengaluru,578.06,39.0
S006990,U04206,2025-05-04T10:35:00,Android,Bengaluru,1452.32,0.0
S006991,U04206,2025-02-06T18:51:00,Android,Bengaluru,1205.19,0.0
S006992,U04207,2025-01-04T20:06:00,iOS,Mumbai,613.06,49.0
S006993,U04208,2025-06-05T07:22:00,iOS,Mumbai,904.98,29.0
S006994,U04208,2025-03-09T09:19:00,iOS,Mumbai,525.1,29.0
S006995,U04209,2025-06-07T11:29:00,Android,Hyderabad,744.94,19.0
S006996,U04209,2025-03-08T10:38:00,Android,Hyderabad,774.56,59.0
S006997,U04210,2025-02-19T10:09:00,Android,Bengaluru,735.82,69.0
S006998,U04210,2025-02-14T13:28:00,Android,Bengaluru,401.62,29.0
S006999,U04210,2025-06-20T12:28:00,Android,Bengaluru,562.74,29.0
S007000,U04211,2025-02-06T09:44:00,Android,Mumbai,460.26,29.0
S007001,U04211,2025-05-04T15:44:00,Android,Mumbai,1154.13,0.0
S007002,U04212,2025-06-20T15:21:00,iOS,Hyderabad,814.8,29.0
S007003,U04213,2025-03-02T22:12:00,Android,Delhi,699.38,0.0
S007004,U04214,2025-01-24T08:47:00,Android,Bengaluru,749.16,49.0
S007005,U04215,2025-02-22T07:07:00,iOS,Bengaluru,337.41,49.0
S007006,U04215,2025-06-08T07:05:00,iOS,Bengaluru,478.97,39.0
S007007,U04215,2025-06-09T11:16:00,iOS,Bengaluru,1048.5,29.0
S007008,U04216,2025-06-09T10:23:00,iOS,Bengaluru,738.01,49.0
S007009,U04217,2025-01-21T15:03:00,Android,Kolkata,393.6,49.0
S007010,U04217,2025-01-11T11:33:00,Android,Kolkata,686.82,59.0
S007011,U04218,2025-03-11T16:14:00,Android,Delhi,436.78,39.0
S007012,U04218,2025-02-12T13:39:00,Android,Delhi,1063.31,29.0
S007013,U04219,2025-06-24T18:41:00,Android,Mumbai,573.21,0.0
S007014,U04219,2025-05-18T16:22:00,Android,Mumbai,700.72,49.0
S007015,U04219,2025-03-07T17:31:00,Android,Mumbai,1494.23,0.0
S007016,U04220,2025-04-29T07:04:00,Android,Hyderabad,938.68,0.0
S007017,U04220,2025-05-19T09:49:00,Android,Hyderabad,843.71,59.0
S007018,U04221,2025-03-31T14:06:00,Android,Delhi,624.5,19.0
S007019,U04222,2025-03-06T14:31:00,iOS,Mumbai,318.86,29.0
S007020,U04223,2025-06-19T13:07:00,Android,Bengaluru,397.82,59.0
S007021,U04223,2025-02-18T10:28:00,Android,Bengaluru,543.21,29.0
S007022,U04223,2025-02-27T07:24:00,Android,Bengaluru,819.57,39.0
S007023,U04223,2025-04-15T13:31:00,Android,Bengaluru,757.08,19.0
S007024,U04224,2025-06-22T18:05:00,iOS,Mumbai,389.68,39.0
S007025,U04224,2025-03-28T11:22:00,iOS,Mumbai,685.45,69.0
S007026,U04225,2025-06-11T09:21:00,Android,Bengaluru,1440.38,39.0
S007027,U04226,2025-01-29T08:59:00,iOS,Bengaluru,794.4,69.0
S007028,U04226,2025-01-30T13:39:00,iOS,Bengaluru,1271.97,59.0
S007029,U04226,2025-02-19T09:33:00,iOS,Bengaluru,812.49,0.0
S007030,U04226,2025-03-09T07:07:00,iOS,Bengaluru,679.03,29.0
S007031,U04226,2025-05-12T14:31:00,iOS,Bengaluru,410.44,49.0
S007032,U04227,2025-01-18T14:29:00,Android,Delhi,1363.35,0.0
S007033,U04228,2025-02-23T19:07:00,Android,Hyderabad,503.25,0.0
S007034,U04229,2025-02-02T14:19:00,Android,Mumbai,676.6,69.0
S007035,U04230,2025-04-02T14:46:00,Android,Hyderabad,819.03,49.0
S007036,U04231,2025-03-17T17:55:00,Android,Bengaluru,1458.56,0.0
S007037,U04231,2025-03-10T19:36:00,Android,Bengaluru,344.21,49.0
S007038,U04232,2025-03-15T15:50:00,Android,Kolkata,348.73,19.0
S007039,U04232,2025-04-09T07:32:00,Android,Kolkata,461.72,59.0
S007040,U04232,2025-01-19T07:40:00,Android,Kolkata,956.13,0.0
S007041,U04233,2025-05-14T13:15:00,iOS,Bengaluru,635.33,59.0
S007042,U04233,2025-02-22T12:04:00,iOS,Bengaluru,714.42,59.0
S007043,U04233,2025-04-20T13:32:00,iOS,Bengaluru,569.76,39.0
S007044,U04233,2025-05-01T10:09:00,iOS,Bengaluru,842.32,49.0
S007045,U04234,2025-03-18T18:10:00,iOS,Hyderabad,456.81,39.0
S007046,U04234,2025-02-08T16:48:00,iOS,Hyderabad,1067.12,0.0
S007047,U04234,2025-04-13T18:20:00,iOS,Hyderabad,923.47,0.0
S007048,U04234,2025-05-04T10:53:00,iOS,Hyderabad,714.81,39.0
S007049,U04235,2025-03-06T18:30:00,Android,Hyderabad,422.73,19.0
S007050,U04235,2025-05-27T21:39:00,Android,Hyderabad,1325.38,0.0
S007051,U04236,2025-04-17T16:54:00,Android,Mumbai,709.64,29.0
S007052,U04237,2025-06-01T16:28:00,Android,Delhi,584.7,69.0
S007053,U04238,2025-04-15T13:21:00,Android,Hyderabad,597.59,29.0
S007054,U04238,2025-06-09T17:27:00,Android,Hyderabad,603.02,19.0
S007055,U04238,2025-05-25T21:03:00,Android,Hyderabad,500.26,49.0
S007056,U04239,2025-03-24T07:39:00,Android,Hyderabad,899.14,69.0
S007057,U04240,2025-01-01T15:11:00,Android,Bengaluru,370.36,19.0
S007058,U04240,2025-06-26T15:01:00,Android,Bengaluru,1092.17,0.0
S007059,U04240,2025-05-08T13:38:00,Android,Bengaluru,737.72,49.0
S007060,U04241,2025-01-13T18:40:00,Android,Hyderabad,744.62,0.0
S007061,U04242,2025-02-09T17:13:00,Android,Bengaluru,1146.25,0.0
S007062,U04242,2025-06-16T16:48:00,Android,Bengaluru,1291.42,39.0
S007063,U04243,2025-01-31T10:21:00,Android,Mumbai,566.17,69.0
S007064,U04244,2025-01-27T18:25:00,Android,Mumbai,636.34,39.0
S007065,U04245,2025-04-19T18:44:00,Android,Hyderabad,551.06,39.0
S007066,U04245,2025-01-12T11:58:00,Android,Hyderabad,607.63,39.0
S007067,U04246,2025-04-02T15:21:00,iOS,Delhi,701.89,0.0
S007068,U04247,2025-06-22T17:57:00,Android,Bengaluru,920.74,59.0
S007069,U04247,2025-02-18T09:23:00,Android,Bengaluru,826.83,39.0
S007070,U04248,2025-03-24T12:51:00,Android,Mumbai,442.95,39.0
S007071,U04249,2025-01-01T11:18:00,iOS,Bengaluru,1073.83,19.0
S007072,U04250,2025-05-07T11:30:00,Android,Mumbai,1340.35,29.0
S007073,U04251,2025-01-21T11:19:00,Android,Delhi,520.47,29.0
S007074,U04252,2025-05-27T11:36:00,Android,Hyderabad,710.03,39.0
S007075,U04253,2025-03-19T11:01:00,Android,Bengaluru,1031.91,0.0
S007076,U04253,2025-03-23T18:29:00,Android,Bengaluru,746.82,29.0
S007077,U04254,2025-05-06T08:45:00,Android,Bengaluru,874.5,39.0
S007078,U04255,2025-01-19T09:36:00,iOS,Delhi,781.49,39.0
S007079,U04256,2025-03-07T13:42:00,Android,Bengaluru,346.06,29.0
S007080,U04257,2025-06-26T08:42:00,Android,Bengaluru,589.14,39.0
S007081,U04258,2025-04-21T12:59:00,Android,Delhi,658.26,59.0
S007082,U04259,2025-01-23T10:01:00,Android,Mumbai,541.42,29.0
S007083,U04260,2025-06-29T19:56:00,iOS,Delhi,449.68,39.0
S007084,U04261,2025-03-20T16:09:00,Android,Mumbai,1054.04,0.0
S007085,U04261,2025-02-01T19:18:00,Android,Mumbai,1426.45,0.0
S007086,U04262,2025-06-19T16:21:00,iOS,Kolkata,906.54,0.0
S007087,U04263,2025-03-06T19:39:00,Android,Mumbai,528.42,39.0
S007088,U04264,2025-03-15T21:26:00,Android,Delhi,1488.89,0.0
S007089,U04264,2025-01-11T07:33:00,Android,Delhi,862.76,0.0
S007090,U04264,2025-04-05T22:30:00,Android,Delhi,726.8,19.0
S007091,U04265,2025-05-12T14:14:00,Android,Bengaluru,618.17,29.0
S007092,U04265,2025-01-29T12:23:00,Android,Bengaluru,1064.52,0.0
S007093,U04266,2025-02-23T09:00:00,Android,Bengaluru,260.37,59.0
S007094,U04267,2025-03-14T07:28:00,Android,Mumbai,876.57,49.0
S007095,U04268,2025-04-26T17:49:00,Android,Hyderabad,929.67,0.0
S007096,U04268,2025-01-08T21:20:00,Android,Hyderabad,910.13,0.0
S007097,U04269,2025-01-03T21:16:00,Android,Bengaluru,615.3,49.0
S007098,U04269,2025-06-13T07:45:00,Android,Bengaluru,419.25,69.0
S007099,U04270,2025-03-10T12:24:00,Android,Bengaluru,472.3,39.0
S007100,U04270,2025-01-30T09:55:00,Android,Bengaluru,425.69,49.0
S007101,U04271,2025-04-14T17:15:00,Android,Delhi,662.09,59.0
S007102,U04271,2025-05-10T09:51:00,Android,Delhi,625.22,29.0
S007103,U04271,2025-01-08T16:42:00,Android,Delhi,436.04,39.0
S007104,U04272,2025-06-24T12:51:00,iOS,Delhi,567.59,19.0
S007105,U04272,2025-06-25T15:50:00,iOS,Delhi,600.34,69.0
S007106,U04273,2025-02-08T22:26:00,Android,Kolkata,1190.4,59.0
S007107,U04273,2025-01-07T11:20:00,Android,Kolkata,809.26,29.0
S007108,U04274,2025-03-29T20:02:00,Android,Bengaluru,833.85,39.0
S007109,U04274,2025-05-01T18:37:00,Android,Bengaluru,858.04,29.0
S007110,U04274,2025-05-21T07:05:00,Android,Bengaluru,1138.95,0.0
S007111,U04275,2025-06-24T07:22:00,Android,Bengaluru,438.98,29.0
S007112,U04275,2025-04-27T21:55:00,Android,Bengaluru,321.87,19.0
S007113,U04276,2025-06-24T14:11:00,Android,Delhi,785.0,0.0
S007114,U04277,2025-03-27T12:31:00,Android,Bengaluru,768.34,59.0
S007115,U04278,2025-05-01T15:19:00,Android,Bengaluru,577.5,59.0
S007116,U04278,2025-01-29T16:56:00,Android,Bengaluru,828.3,59.0
S007117,U04278,2025-03-22T16:44:00,Android,Bengaluru,519.28,29.0
S007118,U04279,2025-05-11T10:07:00,Android,Delhi,777.39,69.0
S007119,U04280,2025-03-16T17:41:00,Android,Delhi,1054.89,0.0
S007120,U04280,2025-04-17T13:32:00,Android,Delhi,532.72,29.0
S007121,U04280,2025-03-17T12:45:00,Android,Delhi,360.16,19.0
S007122,U04281,2025-05-30T21:30:00,Android,Bengaluru,398.59,69.0
S007123,U04282,2025-01-30T21:57:00,Android,Mumbai,804.07,29.0
S007124,U04282,2025-02-13T11:59:00,Android,Mumbai,478.02,59.0
S007125,U04283,2025-04-09T15:36:00,iOS,Mumbai,430.99,49.0
S007126,U04283,2025-02-18T12:08:00,iOS,Mumbai,868.11,39.0
S007127,U04283,2025-04-06T22:06:00,iOS,Mumbai,359.69,39.0
S007128,U04284,2025-02-14T08:14:00,Android,Bengaluru,557.41,59.0
S007129,U04284,2025-02-21T14:56:00,Android,Bengaluru,764.61,39.0
S007130,U04285,2025-01-16T19:45:00,iOS,Kolkata,451.36,19.0
S007131,U04285,2025-06-22T14:50:00,iOS,Kolkata,546.25,29.0
S007132,U04285,2025-06-04T09:51:00,iOS,Kolkata,902.52,0.0
S007133,U04286,2025-05-13T11:57:00,Android,Delhi,389.46,49.0
S007134,U04287,2025-06-30T17:25:00,Android,Kolkata,700.02,49.0
S007135,U04287,2025-03-22T16:39:00,Android,Kolkata,1246.16,0.0
S007136,U04288,2025-03-07T10:25:00,iOS,Kolkata,853.5,49.0
S007137,U04288,2025-06-11T11:25:00,iOS,Kolkata,844.45,29.0
S007138,U04289,2025-01-24T09:20:00,Android,Delhi,595.64,59.0
S007139,U04289,2025-05-24T22:34:00,Android,Delhi,708.82,29.0
S007140,U04290,2025-03-28T19:17:00,iOS,Bengaluru,619.92,0.0
S007141,U04291,2025-05-21T08:00:00,Android,Hyderabad,346.14,29.0
S007142,U04291,2025-01-02T21:12:00,Android,Hyderabad,655.23,19.0
S007143,U04292,2025-06-25T19:10:00,Android,Delhi,950.14,39.0
S007144,U04292,2025-02-13T22:45:00,Android,Delhi,643.61,49.0
S007145,U04293,2025-01-20T11:18:00,iOS,Bengaluru,443.66,29.0
S007146,U04294,2025-02-23T16:27:00,Android,Mumbai,807.87,19.0
S007147,U04295,2025-04-01T10:34:00,iOS,Mumbai,836.57,59.0
S007148,U04296,2025-02-11T12:43:00,iOS,Hyderabad,944.15,0.0
S007149,U04296,2025-01-10T14:10:00,iOS,Hyderabad,436.56,39.0
S007150,U04297,2025-05-06T10:43:00,Android,Hyderabad,543.98,19.0
S007151,U04298,2025-05-01T16:57:00,Android,Kolkata,416.16,0.0
S007152,U04299,2025-03-06T11:20:00,iOS,Hyderabad,865.92,0.0
S007153,U04299,2025-06-24T18:22:00,iOS,Hyderabad,287.21,0.0
S007154,U04299,2025-02-23T08:53:00,iOS,Hyderabad,450.35,19.0
S007155,U04300,2025-01-13T22:07:00,Android,Mumbai,661.02,0.0
S007156,U04301,2025-06-07T22:49:00,iOS,Mumbai,589.66,59.0
S007157,U04302,2025-01-18T08:25:00,Android,Kolkata,739.79,19.0
S007158,U04302,2025-02-20T15:22:00,Android,Kolkata,392.25,0.0
S007159,U04302,2025-03-01T11:22:00,Android,Kolkata,1200.2,0.0
S007160,U04303,2025-01-23T15:06:00,Android,Kolkata,668.11,49.0
S007161,U04303,2025-03-11T11:02:00,Android,Kolkata,912.19,0.0
S007162,U04304,2025-02-23T08:30:00,Android,Hyderabad,581.07,49.0
S007163,U04305,2025-04-14T21:34:00,iOS,Hyderabad,890.79,39.0
S007164,U04306,2025-04-29T22:54:00,iOS,Mumbai,431.89,39.0
S007165,U04307,2025-03-04T17:49:00,Android,Bengaluru,551.96,29.0
S007166,U04307,2025-06-06T22:23:00,Android,Bengaluru,605.28,29.0
S007167,U04307,2025-05-27T08:50:00,Android,Bengaluru,555.16,0.0
S007168,U04308,2025-04-19T10:30:00,Android,Kolkata,624.57,29.0
S007169,U04309,2025-06-12T11:44:00,Android,Bengaluru,1330.0,39.0
S007170,U04309,2025-05-04T10:52:00,Android,Bengaluru,578.09,69.0
S007171,U04310,2025-05-15T16:15:00,Android,Bengaluru,655.39,39.0
S007172,U04310,2025-06-08T19:05:00,Android,Bengaluru,382.87,39.0
S007173,U04311,2025-04-01T17:41:00,Android,Delhi,560.74,69.0
S007174,U04312,2025-04-29T09:09:00,Android,Mumbai,650.14,49.0
S007175,U04312,2025-02-04T16:16:00,Android,Mumbai,538.05,59.0
S007176,U04313,2025-03-22T09:29:00,Android,Mumbai,381.98,29.0
S007177,U04313,2025-05-08T21:22:00,Android,Mumbai,515.64,19.0
S007178,U04313,2025-03-10T16:51:00,Android,Mumbai,728.43,19.0
S007179,U04314,2025-06-30T09:29:00,Android,Bengaluru,638.98,49.0
S007180,U04315,2025-05-13T10:42:00,Android,Bengaluru,458.01,39.0
S007181,U04316,2025-03-14T08:59:00,Android,Bengaluru,495.63,29.0
S007182,U04317,2025-05-24T17:01:00,Android,Delhi,1116.65,0.0
S007183,U04318,2025-06-02T15:34:00,iOS,Bengaluru,1576.31,0.0
S007184,U04319,2025-01-15T10:29:00,Android,Hyderabad,550.01,39.0
S007185,U04319,2025-04-03T15:25:00,Android,Hyderabad,909.24,0.0
S007186,U04320,2025-03-11T18:39:00,Android,Bengaluru,266.95,19.0
S007187,U04321,2025-03-14T09:10:00,iOS,Delhi,526.45,39.0
S007188,U04322,2025-04-01T11:20:00,Android,Delhi,268.31,29.0
S007189,U04323,2025-05-19T16:36:00,iOS,Mumbai,939.71,39.0
S007190,U04324,2025-04-28T11:29:00,Android,Hyderabad,591.76,39.0
S007191,U04324,2025-05-20T10:56:00,Android,Hyderabad,634.72,39.0
S007192,U04325,2025-06-22T12:44:00,Android,Bengaluru,1075.72,0.0
S007193,U04326,2025-04-18T08:56:00,Android,Delhi,974.3,0.0
S007194,U04326,2025-06-12T13:05:00,Android,Delhi,1205.01,49.0
S007195,U04326,2025-03-14T20:25:00,Android,Delhi,495.9,69.0
S007196,U04327,2025-01-27T14:47:00,Android,Hyderabad,817.21,39.0
S007197,U04328,2025-06-09T16:08:00,Android,Bengaluru,451.61,49.0
S007198,U04328,2025-06-21T12:30:00,Android,Bengaluru,863.2,39.0
S007199,U04328,2025-03-19T09:36:00,Android,Bengaluru,738.4,59.0
S007200,U04329,2025-06-28T18:43:00,Android,Hyderabad,1101.79,0.0
S007201,U04329,2025-01-13T19:07:00,Android,Hyderabad,880.71,49.0
S007202,U04330,2025-01-28T20:00:00,Android,Kolkata,739.71,29.0
S007203,U04330,2025-06-03T20:11:00,Android,Kolkata,511.19,39.0
S007204,U04331,2025-01-20T18:17:00,Android,Mumbai,795.75,29.0
S007205,U04331,2025-04-16T08:11:00,Android,Mumbai,653.26,29.0
S007206,U04332,2025-06-30T10:16:00,iOS,Kolkata,739.87,59.0
S007207,U04333,2025-05-30T20:33:00,Android,Delhi,453.98,0.0
S007208,U04334,2025-02-08T11:38:00,iOS,Delhi,590.17,29.0
S007209,U04335,2025-06-03T09:13:00,Android,Bengaluru,686.15,19.0
S007210,U04335,2025-06-02T21:40:00,Android,Bengaluru,374.66,0.0
S007211,U04336,2025-05-21T21:46:00,Android,Bengaluru,516.06,19.0
S007212,U04337,2025-03-03T08:26:00,Android,Bengaluru,1194.45,0.0
S007213,U04337,2025-04-01T08:11:00,Android,Bengaluru,665.94,0.0
S007214,U04338,2025-06-30T10:08:00,Android,Delhi,967.25,29.0
S007215,U04339,2025-03-17T16:28:00,iOS,Mumbai,1094.88,0.0
S007216,U04339,2025-05-30T13:10:00,iOS,Mumbai,549.2,39.0
S007217,U04340,2025-04-24T13:23:00,Android,Bengaluru,443.64,29.0
S007218,U04341,2025-02-11T20:23:00,Android,Mumbai,829.85,0.0
S007219,U04341,2025-01-18T22:39:00,Android,Mumbai,1017.13,29.0
S007220,U04342,2025-04-07T08:43:00,iOS,Bengaluru,421.49,39.0
S007221,U04343,2025-02-05T10:30:00,Android,Delhi,1035.32,0.0
S007222,U04344,2025-04-24T18:13:00,Android,Bengaluru,485.37,49.0
S007223,U04344,2025-04-20T22:52:00,Android,Bengaluru,364.85,49.0
S007224,U04345,2025-03-09T21:38:00,iOS,Hyderabad,544.53,29.0
S007225,U04345,2025-05-06T11:32:00,iOS,Hyderabad,1282.88,49.0
S007226,U04345,2025-02-27T09:48:00,iOS,Hyderabad,646.49,29.0
S007227,U04345,2025-03-10T20:54:00,iOS,Hyderabad,487.42,59.0
S007228,U04345,2025-04-19T15:11:00,iOS,Hyderabad,1316.79,29.0
S007229,U04346,2025-04-12T12:44:00,Android,Mumbai,861.23,39.0
S007230,U04346,2025-01-11T09:44:00,Android,Mumbai,1552.51,0.0
S007231,U04347,2025-01-04T10:35:00,Android,Hyderabad,846.3,19.0
S007232,U04347,2025-04-11T18:26:00,Android,Hyderabad,684.56,39.0
S007233,U04348,2025-06-26T15:09:00,iOS,Bengaluru,825.69,39.0
S007234,U04349,2025-06-02T18:21:00,Android,Delhi,555.3,49.0
S007235,U04349,2025-04-11T18:56:00,Android,Delhi,776.11,19.0
S007236,U04349,2025-06-16T08:04:00,Android,Delhi,821.5,49.0
S007237,U04350,2025-04-05T18:40:00,Android,Kolkata,460.63,19.0
S007238,U04350,2025-02-28T15:46:00,Android,Kolkata,1042.67,0.0
S007239,U04351,2025-04-11T15:48:00,Android,Bengaluru,1163.24,0.0
S007240,U04352,2025-05-06T11:57:00,iOS,Delhi,428.7,29.0
S007241,U04353,2025-05-28T11:18:00,Android,Bengaluru,595.34,49.0
S007242,U04353,2025-02-21T18:53:00,Android,Bengaluru,787.13,29.0
S007243,U04354,2025-01-12T13:58:00,Android,Bengaluru,1327.33,39.0
S007244,U04355,2025-04-09T07:07:00,Android,Delhi,583.18,49.0
S007245,U04356,2025-05-03T10:17:00,Android,Bengaluru,1107.61,0.0
S007246,U04356,2025-01-26T22:34:00,Android,Bengaluru,784.69,49.0
S007247,U04357,2025-04-11T08:39:00,Android,Mumbai,625.92,49.0
S007248,U04358,2025-06-20T17:49:00,Android,Kolkata,592.31,49.0
S007249,U04359,2025-06-23T18:26:00,Android,Bengaluru,628.97,29.0
S007250,U04360,2025-05-06T14:32:00,Android,Bengaluru,605.43,29.0
S007251,U04361,2025-04-08T08:28:00,Android,Hyderabad,967.83,0.0
S007252,U04362,2025-02-23T08:09:00,Android,Delhi,563.53,29.0
S007253,U04362,2025-05-17T07:52:00,Android,Delhi,502.48,59.0
S007254,U04363,2025-05-15T14:38:00,Android,Kolkata,592.35,39.0
S007255,U04363,2025-05-31T16:33:00,Android,Kolkata,857.55,0.0
S007256,U04364,2025-02-23T09:00:00,Android,Delhi,477.14,69.0
S007257,U04365,2025-05-18T12:17:00,Android,Mumbai,868.59,49.0
S007258,U04365,2025-04-24T21:19:00,Android,Mumbai,1295.4,0.0
S007259,U04365,2025-05-09T19:16:00,Android,Mumbai,399.52,39.0
S007260,U04366,2025-02-09T08:20:00,Android,Kolkata,611.82,39.0
S007261,U04367,2025-01-19T08:07:00,iOS,Bengaluru,572.71,0.0
S007262,U04368,2025-03-24T16:43:00,Android,Hyderabad,952.39,0.0
S007263,U04369,2025-06-14T16:19:00,Android,Mumbai,555.97,49.0
S007264,U04370,2025-01-09T08:49:00,Android,Hyderabad,501.59,39.0
S007265,U04371,2025-04-07T14:31:00,Android,Bengaluru,1245.3,0.0
S007266,U04372,2025-04-06T15:50:00,Android,Delhi,853.68,29.0
S007267,U04373,2025-03-02T22:55:00,iOS,Bengaluru,1051.23,0.0
S007268,U04374,2025-06-06T19:54:00,Android,Kolkata,800.61,19.0
S007269,U04375,2025-01-25T08:21:00,Android,Bengaluru,461.06,19.0
S007270,U04375,2025-03-09T14:22:00,Android,Bengaluru,615.67,0.0
S007271,U04375,2025-05-10T11:10:00,Android,Bengaluru,551.44,39.0
S007272,U04376,2025-04-04T10:25:00,Android,Bengaluru,509.51,29.0
S007273,U04377,2025-06-07T15:54:00,Android,Kolkata,489.97,59.0
S007274,U04377,2025-03-03T09:49:00,Android,Kolkata,952.6,69.0
S007275,U04378,2025-01-22T10:52:00,Android,Delhi,1176.58,0.0
S007276,U04379,2025-05-14T18:30:00,iOS,Mumbai,513.11,39.0
S007277,U04379,2025-02-01T19:42:00,iOS,Mumbai,780.98,39.0
S007278,U04379,2025-02-02T19:25:00,iOS,Mumbai,1506.55,0.0
S007279,U04379,2025-06-11T12:15:00,iOS,Mumbai,335.13,49.0
S007280,U04380,2025-04-07T13:45:00,iOS,Delhi,578.78,49.0
S007281,U04380,2025-03-11T17:37:00,iOS,Delhi,871.12,49.0
S007282,U04381,2025-06-09T17:25:00,Android,Mumbai,447.86,29.0
S007283,U04382,2025-02-16T10:40:00,Android,Bengaluru,1245.88,0.0
S007284,U04383,2025-04-30T13:50:00,Android,Delhi,828.86,19.0
S007285,U04384,2025-05-17T15:25:00,Android,Mumbai,570.49,49.0
S007286,U04384,2025-04-13T07:47:00,Android,Mumbai,704.92,49.0
S007287,U04384,2025-01-14T21:05:00,Android,Mumbai,680.89,39.0
S007288,U04385,2025-01-21T18:53:00,Android,Delhi,617.67,39.0
S007289,U04385,2025-05-16T08:15:00,Android,Delhi,1340.14,0.0
S007290,U04386,2025-06-15T07:00:00,Android,Bengaluru,586.86,0.0
S007291,U04387,2025-05-29T20:50:00,iOS,Bengaluru,265.91,39.0
S007292,U04388,2025-02-11T16:33:00,Android,Hyderabad,731.72,59.0
S007293,U04389,2025-06-13T15:48:00,iOS,Bengaluru,726.25,39.0
S007294,U04390,2025-02-13T15:21:00,iOS,Delhi,675.17,39.0
S007295,U04391,2025-01-28T09:41:00,Android,Delhi,1018.68,0.0
S007296,U04392,2025-02-22T11:36:00,Android,Delhi,1042.93,0.0
S007297,U04392,2025-05-03T09:11:00,Android,Delhi,460.49,39.0
S007298,U04393,2025-01-19T09:16:00,Android,Hyderabad,479.01,49.0
S007299,U04393,2025-05-16T13:48:00,Android,Hyderabad,727.13,39.0
S007300,U04394,2025-01-12T16:26:00,iOS,Delhi,880.45,39.0
S007301,U04394,2025-06-22T07:28:00,iOS,Delhi,793.46,39.0
S007302,U04394,2025-06-02T21:42:00,iOS,Delhi,650.79,39.0
S007303,U04395,2025-05-25T09:08:00,Android,Kolkata,753.19,29.0
S007304,U04396,2025-04-13T18:50:00,iOS,Mumbai,715.34,29.0
S007305,U04396,2025-06-24T22:32:00,iOS,Mumbai,531.67,59.0
S007306,U04397,2025-05-20T12:24:00,Android,Hyderabad,934.78,0.0
S007307,U04398,2025-06-03T19:53:00,Android,Hyderabad,1084.23,0.0
S007308,U04398,2025-03-15T09:33:00,Android,Hyderabad,1166.47,39.0
S007309,U04398,2025-06-05T15:27:00,Android,Hyderabad,940.65,59.0
S007310,U04399,2025-03-08T16:55:00,iOS,Bengaluru,439.08,29.0
S007311,U04400,2025-05-22T15:42:00,Android,Kolkata,1191.97,0.0
S007312,U04401,2025-03-03T17:52:00,iOS,Hyderabad,534.6,29.0
S007313,U04401,2025-06-24T08:55:00,iOS,Hyderabad,809.78,49.0
S007314,U04401,2025-01-12T13:37:00,iOS,Hyderabad,1024.33,0.0
S007315,U04401,2025-01-08T07:20:00,iOS,Hyderabad,707.86,49.0
S007316,U04402,2025-02-15T07:55:00,Android,Mumbai,721.81,29.0
S007317,U04402,2025-03-11T11:23:00,Android,Mumbai,523.9,39.0
S007318,U04403,2025-01-12T07:50:00,Android,Bengaluru,479.75,0.0
S007319,U04404,2025-03-24T07:52:00,Android,Bengaluru,744.65,49.0
S007320,U04404,2025-05-27T07:36:00,Android,Bengaluru,912.73,0.0
S007321,U04405,2025-06-04T18:52:00,Android,Mumbai,1846.93,0.0
S007322,U04406,2025-03-26T21:00:00,iOS,Delhi,596.22,69.0
S007323,U04406,2025-04-13T15:38:00,iOS,Delhi,821.63,0.0
S007324,U04407,2025-06-18T12:09:00,Android,Mumbai,1056.76,0.0
S007325,U04407,2025-06-15T16:28:00,Android,Mumbai,1041.13,0.0
S007326,U04408,2025-05-31T09:50:00,Android,Delhi,1246.62,19.0
S007327,U04409,2025-01-04T14:38:00,Android,Mumbai,341.57,69.0
S007328,U04409,2025-02-09T22:37:00,Android,Mumbai,947.02,0.0
S007329,U04409,2025-05-18T15:25:00,Android,Mumbai,770.14,59.0
S007330,U04410,2025-01-13T12:10:00,Android,Bengaluru,743.21,29.0
S007331,U04410,2025-03-19T22:30:00,Android,Bengaluru,812.36,39.0
S007332,U04411,2025-05-02T17:41:00,iOS,Bengaluru,533.35,69.0
S007333,U04412,2025-05-11T19:12:00,Android,Bengaluru,972.84,0.0
S007334,U04412,2025-05-05T11:44:00,Android,Bengaluru,454.57,39.0
S007335,U04413,2025-04-13T19:09:00,iOS,Hyderabad,443.11,49.0
S007336,U04413,2025-02-23T19:24:00,iOS,Hyderabad,355.97,0.0
S007337,U04413,2025-02-21T16:05:00,iOS,Hyderabad,590.43,0.0
S007338,U04413,2025-05-24T15:47:00,iOS,Hyderabad,593.29,39.0
S007339,U04413,2025-05-20T14:54:00,iOS,Hyderabad,458.51,59.0
S007340,U04414,2025-02-02T07:57:00,Android,Mumbai,765.97,59.0
S007341,U04414,2025-01-18T17:25:00,Android,Mumbai,772.11,39.0
S007342,U04415,2025-04-02T08:37:00,Android,Kolkata,987.79,0.0
S007343,U04416,2025-01-02T17:35:00,Android,Hyderabad,555.82,39.0
S007344,U04416,2025-03-22T21:22:00,Android,Hyderabad,1541.38,49.0
S007345,U04416,2025-04-18T16:34:00,Android,Hyderabad,953.25,0.0
S007346,U04417,2025-02-01T10:39:00,Android,Hyderabad,900.06,0.0
S007347,U04418,2025-03-28T09:20:00,Android,Mumbai,624.54,69.0
S007348,U04418,2025-01-24T07:21:00,Android,Mumbai,677.48,49.0
S007349,U04419,2025-02-04T18:59:00,iOS,Hyderabad,865.16,29.0
S007350,U04420,2025-03-19T13:27:00,Android,Kolkata,687.76,59.0
S007351,U04420,2025-05-13T14:43:00,Android,Kolkata,455.07,29.0
S007352,U04421,2025-06-24T18:41:00,iOS,Hyderabad,539.95,0.0
S007353,U04422,2025-01-29T09:50:00,Android,Bengaluru,1038.92,0.0
S007354,U04423,2025-02-26T20:34:00,Android,Mumbai,904.28,0.0
S007355,U04423,2025-03-18T16:03:00,Android,Mumbai,999.71,0.0
S007356,U04424,2025-02-24T20:46:00,Android,Bengaluru,487.37,69.0
S007357,U04425,2025-02-17T12:07:00,Android,Bengaluru,842.03,29.0
S007358,U04425,2025-04-30T14:46:00,Android,Bengaluru,689.27,0.0
S007359,U04426,2025-04-09T18:15:00,Android,Hyderabad,1030.33,0.0
S007360,U04426,2025-01-05T19:47:00,Android,Hyderabad,531.97,39.0
S007361,U04427,2025-01-03T17:00:00,iOS,Hyderabad,518.89,19.0
S007362,U04428,2025-03-16T15:27:00,iOS,Bengaluru,1141.08,59.0
S007363,U04429,2025-03-13T07:26:00,Android,Bengaluru,532.07,39.0
S007364,U04429,2025-04-10T22:16:00,Android,Bengaluru,741.09,29.0
S007365,U04430,2025-05-28T12:56:00,Android,Kolkata,292.37,49.0
S007366,U04431,2025-04-11T22:05:00,Android,Bengaluru,608.36,39.0
S007367,U04431,2025-02-21T19:11:00,Android,Bengaluru,851.98,39.0
S007368,U04432,2025-04-21T16:41:00,Android,Bengaluru,463.46,39.0
S007369,U04432,2025-06-23T15:12:00,Android,Bengaluru,815.42,29.0
S007370,U04433,2025-01-09T14:34:00,Android,Hyderabad,387.97,29.0
S007371,U04434,2025-05-22T18:33:00,Android,Hyderabad,445.34,39.0
S007372,U04435,2025-03-19T09:01:00,iOS,Mumbai,855.32,29.0
S007373,U04435,2025-02-10T14:43:00,iOS,Mumbai,681.7,0.0
S007374,U04436,2025-02-05T12:37:00,Android,Mumbai,507.26,59.0
S007375,U04436,2025-03-27T07:11:00,Android,Mumbai,903.52,0.0
S007376,U04437,2025-05-13T08:41:00,Android,Delhi,658.27,69.0
S007377,U04438,2025-01-10T13:06:00,iOS,Bengaluru,744.64,19.0
S007378,U04439,2025-05-30T15:43:00,Android,Hyderabad,1173.48,39.0
S007379,U04440,2025-05-26T10:46:00,Android,Hyderabad,822.54,59.0
S007380,U04441,2025-03-23T13:59:00,iOS,Delhi,693.53,49.0
S007381,U04441,2025-04-16T18:48:00,iOS,Delhi,349.95,0.0
S007382,U04441,2025-06-20T10:35:00,iOS,Delhi,867.03,69.0
S007383,U04442,2025-04-08T15:39:00,Android,Delhi,745.11,39.0
S007384,U04443,2025-02-23T14:53:00,Android,Delhi,329.38,0.0
S007385,U04444,2025-06-03T16:02:00,Android,Bengaluru,1003.52,0.0
S007386,U04445,2025-05-25T19:08:00,iOS,Delhi,356.9,49.0
S007387,U04446,2025-05-18T20:44:00,Android,Bengaluru,856.79,39.0
S007388,U04447,2025-01-12T16:01:00,Android,Hyderabad,939.98,49.0
S007389,U04448,2025-04-01T20:32:00,Android,Bengaluru,545.38,49.0
S007390,U04449,2025-01-10T14:36:00,Android,Hyderabad,544.9,49.0
S007391,U04449,2025-02-19T07:27:00,Android,Hyderabad,593.95,59.0
S007392,U04450,2025-06-07T12:33:00,Android,Mumbai,672.91,49.0
S007393,U04450,2025-01-14T18:01:00,Android,Mumbai,668.44,29.0
S007394,U04451,2025-06-30T16:53:00,Android,Hyderabad,1454.59,0.0
S007395,U04451,2025-01-26T14:17:00,Android,Hyderabad,822.51,49.0
S007396,U04451,2025-03-10T22:35:00,Android,Hyderabad,1271.62,0.0
S007397,U04452,2025-02-08T10:27:00,iOS,Kolkata,592.44,29.0
S007398,U04452,2025-06-28T16:38:00,iOS,Kolkata,580.66,19.0
S007399,U04453,2025-05-19T08:48:00,Android,Delhi,979.38,0.0
S007400,U04454,2025-06-03T19:23:00,iOS,Bengaluru,1056.86,0.0
S007401,U04455,2025-05-08T21:01:00,iOS,Hyderabad,319.47,39.0
S007402,U04456,2025-06-17T11:35:00,iOS,Bengaluru,390.92,19.0
S007403,U04457,2025-05-18T15:02:00,iOS,Bengaluru,468.97,29.0
S007404,U04458,2025-05-15T12:03:00,Android,Bengaluru,633.59,49.0
S007405,U04459,2025-06-10T15:51:00,iOS,Kolkata,546.76,29.0
S007406,U04459,2025-05-29T13:17:00,iOS,Kolkata,522.41,19.0
S007407,U04460,2025-06-17T11:02:00,Android,Bengaluru,746.11,29.0
S007408,U04460,2025-01-01T14:40:00,Android,Bengaluru,844.49,39.0
S007409,U04460,2025-05-16T16:06:00,Android,Bengaluru,721.6,19.0
S007410,U04460,2025-03-24T08:42:00,Android,Bengaluru,619.42,19.0
S007411,U04461,2025-01-25T21:58:00,Android,Mumbai,471.83,39.0
S007412,U04462,2025-05-03T11:07:00,Android,Delhi,1510.42,0.0
S007413,U04463,2025-03-27T18:01:00,Android,Mumbai,253.37,49.0
S007414,U04464,2025-06-27T15:48:00,Android,Delhi,1458.51,0.0
S007415,U04464,2025-03-14T09:47:00,Android,Delhi,1246.35,0.0
S007416,U04465,2025-05-13T19:35:00,iOS,Kolkata,354.26,49.0
S007417,U04466,2025-03-17T13:12:00,Android,Hyderabad,493.76,39.0
S007418,U04467,2025-04-07T07:57:00,Android,Delhi,653.38,59.0
S007419,U04468,2025-04-15T19:05:00,Android,Delhi,680.26,29.0
S007420,U04469,2025-05-29T13:31:00,iOS,Hyderabad,899.41,49.0
S007421,U04469,2025-04-12T16:23:00,iOS,Hyderabad,903.48,0.0
S007422,U04469,2025-05-15T17:21:00,iOS,Hyderabad,784.19,39.0
S007423,U04470,2025-05-25T22:23:00,Android,Hyderabad,568.58,39.0
S007424,U04471,2025-05-30T15:19:00,Android,Delhi,517.71,39.0
S007425,U04472,2025-06-21T08:45:00,iOS,Delhi,605.42,39.0
S007426,U04473,2025-03-01T17:36:00,iOS,Bengaluru,1068.05,0.0
S007427,U04473,2025-02-21T12:42:00,iOS,Bengaluru,595.61,49.0
S007428,U04474,2025-02-04T21:24:00,Android,Bengaluru,891.65,0.0
S007429,U04475,2025-01-22T14:47:00,Android,Bengaluru,796.3,59.0
S007430,U04476,2025-03-05T17:57:00,Android,Bengaluru,576.27,39.0
S007431,U04477,2025-03-11T12:35:00,iOS,Bengaluru,411.58,0.0
S007432,U04478,2025-04-12T19:53:00,Android,Hyderabad,1060.94,0.0
S007433,U04478,2025-01-26T17:49:00,Android,Hyderabad,604.16,69.0
S007434,U04479,2025-06-08T21:51:00,Android,Hyderabad,539.58,29.0
S007435,U04479,2025-04-30T09:02:00,Android,Hyderabad,1235.47,39.0
S007436,U04480,2025-05-08T13:02:00,Android,Hyderabad,829.58,39.0
S007437,U04480,2025-01-02T12:31:00,Android,Hyderabad,514.02,29.0
S007438,U04481,2025-01-01T11:25:00,Android,Mumbai,425.83,39.0
S007439,U04482,2025-06-19T22:31:00,Android,Mumbai,977.91,0.0
S007440,U04482,2025-05-20T14:14:00,Android,Mumbai,873.72,59.0
S007441,U04483,2025-03-13T19:20:00,Android,Bengaluru,549.95,19.0
S007442,U04483,2025-06-29T11:55:00,Android,Bengaluru,1084.82,69.0
S007443,U04483,2025-03-11T21:49:00,Android,Bengaluru,1436.86,0.0
S007444,U04484,2025-01-24T08:03:00,Android,Hyderabad,863.39,49.0
S007445,U04485,2025-04-12T20:21:00,iOS,Delhi,790.07,29.0
S007446,U04485,2025-06-27T09:41:00,iOS,Delhi,605.6,59.0
S007447,U04485,2025-06-16T12:21:00,iOS,Delhi,709.69,59.0
S007448,U04486,2025-02-18T08:42:00,Android,Mumbai,485.38,49.0
S007449,U04486,2025-05-21T20:48:00,Android,Mumbai,771.43,29.0
S007450,U04487,2025-04-07T22:41:00,iOS,Kolkata,461.61,59.0
S007451,U04487,2025-03-09T14:33:00,iOS,Kolkata,830.46,49.0
S007452,U04487,2025-03-05T20:52:00,iOS,Kolkata,979.89,0.0
S007453,U04488,2025-02-28T22:41:00,Android,Kolkata,514.58,59.0
S007454,U04489,2025-02-14T18:23:00,Android,Bengaluru,437.02,29.0
S007455,U04490,2025-04-25T20:28:00,Android,Hyderabad,695.64,29.0
S007456,U04490,2025-01-31T07:16:00,Android,Hyderabad,640.74,19.0
S007457,U04491,2025-03-06T11:03:00,Android,Bengaluru,639.54,69.0
S007458,U04492,2025-06-26T20:10:00,iOS,Bengaluru,1347.42,0.0
S007459,U04492,2025-01-17T16:58:00,iOS,Bengaluru,1011.62,0.0
S007460,U04493,2025-06-11T18:46:00,Android,Bengaluru,1390.75,0.0
S007461,U04493,2025-04-11T18:34:00,Android,Bengaluru,1253.17,0.0
S007462,U04493,2025-02-15T09:10:00,Android,Bengaluru,775.12,0.0
S007463,U04494,2025-01-14T22:16:00,iOS,Bengaluru,625.95,29.0
S007464,U04495,2025-04-24T21:50:00,Android,Hyderabad,396.73,0.0
S007465,U04496,2025-05-03T12:53:00,Android,Delhi,278.07,49.0
S007466,U04497,2025-04-01T13:19:00,Android,Bengaluru,672.51,69.0
S007467,U04497,2025-01-09T07:11:00,Android,Bengaluru,1110.72,39.0
S007468,U04498,2025-01-31T09:11:00,Android,Kolkata,766.06,39.0
S007469,U04499,2025-02-05T13:03:00,iOS,Mumbai,1168.07,0.0
S007470,U04499,2025-04-26T13:21:00,iOS,Mumbai,1505.85,0.0
S007471,U04500,2025-05-04T07:15:00,Android,Delhi,707.43,39.0
S007472,U04500,2025-02-26T10:29:00,Android,Delhi,911.35,0.0
S007473,U04500,2025-06-29T14:05:00,Android,Delhi,1336.55,0.0
S007474,U04500,2025-02-17T16:38:00,Android,Delhi,1181.8,0.0
S007475,U04501,2025-01-31T11:06:00,Android,Mumbai,863.84,39.0
S007476,U04502,2025-06-11T13:49:00,iOS,Mumbai,645.0,29.0
S007477,U04502,2025-04-01T20:10:00,iOS,Mumbai,636.33,0.0
S007478,U04503,2025-02-09T09:03:00,Android,Delhi,802.27,39.0
S007479,U04503,2025-04-18T12:05:00,Android,Delhi,1590.33,0.0
S007480,U04503,2025-01-27T19:51:00,Android,Delhi,438.54,49.0
S007481,U04504,2025-02-02T16:14:00,Android,Mumbai,652.05,19.0
S007482,U04504,2025-06-07T20:08:00,Android,Mumbai,518.13,59.0
S007483,U04505,2025-06-12T13:08:00,Android,Kolkata,897.01,69.0
S007484,U04505,2025-04-01T08:47:00,Android,Kolkata,612.2,69.0
S007485,U04506,2025-03-26T13:37:00,Android,Delhi,631.37,49.0
S007486,U04507,2025-06-05T21:56:00,iOS,Mumbai,799.96,0.0
S007487,U04508,2025-06-18T09:29:00,Android,Bengaluru,599.03,29.0
S007488,U04508,2025-03-12T16:41:00,Android,Bengaluru,701.44,39.0
S007489,U04509,2025-01-20T13:42:00,Android,Hyderabad,487.5,29.0
S007490,U04509,2025-04-13T22:40:00,Android,Hyderabad,816.57,19.0
S007491,U04510,2025-05-20T09:07:00,iOS,Delhi,718.95,39.0
S007492,U04511,2025-01-12T09:24:00,Android,Delhi,1094.42,19.0
S007493,U04511,2025-04-30T17:21:00,Android,Delhi,1382.93,29.0
S007494,U04512,2025-06-11T12:14:00,Android,Kolkata,658.85,19.0
S007495,U04513,2025-01-15T16:27:00,iOS,Mumbai,719.08,29.0
S007496,U04513,2025-02-06T09:07:00,iOS,Mumbai,641.1,49.0
S007497,U04514,2025-05-12T08:07:00,Android,Bengaluru,902.49,0.0
S007498,U04514,2025-04-09T08:13:00,Android,Bengaluru,838.0,69.0
S007499,U04515,2025-04-29T14:57:00,Android,Delhi,1153.47,0.0
S007500,U04515,2025-05-15T08:02:00,Android,Delhi,924.36,49.0
S007501,U04515,2025-03-16T15:56:00,Android,Delhi,794.71,49.0
S007502,U04516,2025-03-27T10:32:00,iOS,Delhi,510.89,39.0
S007503,U04517,2025-04-22T19:39:00,Android,Kolkata,1072.84,29.0
S007504,U04518,2025-04-11T15:24:00,iOS,Delhi,1006.82,49.0
S007505,U04518,2025-03-25T11:58:00,iOS,Delhi,700.58,39.0
S007506,U04519,2025-03-04T09:24:00,Android,Bengaluru,1101.19,0.0
S007507,U04519,2025-01-24T22:49:00,Android,Bengaluru,448.6,59.0
S007508,U04520,2025-01-28T09:14:00,Android,Mumbai,1411.29,0.0
S007509,U04521,2025-06-26T15:32:00,Android,Delhi,1250.23,19.0
S007510,U04521,2025-01-15T17:56:00,Android,Delhi,1091.64,0.0
S007511,U04522,2025-05-03T11:06:00,Android,Bengaluru,909.19,0.0
S007512,U04523,2025-03-14T11:41:00,iOS,Kolkata,710.68,49.0
S007513,U04523,2025-06-06T21:28:00,iOS,Kolkata,640.77,59.0
S007514,U04524,2025-06-10T10:15:00,Android,Bengaluru,1111.43,0.0
S007515,U04524,2025-05-23T18:09:00,Android,Bengaluru,596.8,29.0
S007516,U04524,2025-03-20T15:27:00,Android,Bengaluru,751.67,39.0
S007517,U04524,2025-03-13T12:16:00,Android,Bengaluru,773.9,39.0
S007518,U04525,2025-01-22T16:34:00,Android,Kolkata,472.8,39.0
S007519,U04525,2025-02-06T21:11:00,Android,Kolkata,1759.09,0.0
S007520,U04526,2025-03-12T21:35:00,Android,Hyderabad,861.24,39.0
S007521,U04527,2025-04-06T21:57:00,Android,Bengaluru,684.17,29.0
S007522,U04528,2025-04-29T07:21:00,Android,Hyderabad,647.62,59.0
S007523,U04528,2025-02-02T16:55:00,Android,Hyderabad,1106.98,0.0
S007524,U04529,2025-05-26T19:25:00,Android,Hyderabad,1016.26,0.0
S007525,U04530,2025-03-28T19:27:00,Android,Mumbai,870.71,49.0
S007526,U04531,2025-03-11T20:06:00,iOS,Mumbai,823.58,39.0
S007527,U04532,2025-06-02T20:04:00,iOS,Bengaluru,633.41,0.0
S007528,U04533,2025-05-08T07:50:00,Android,Bengaluru,424.62,29.0
S007529,U04533,2025-05-03T20:09:00,Android,Bengaluru,764.95,59.0
S007530,U04534,2025-06-18T20:04:00,iOS,Hyderabad,364.39,19.0
S007531,U04534,2025-05-20T20:05:00,iOS,Hyderabad,840.18,29.0
S007532,U04535,2025-03-18T12:24:00,Android,Bengaluru,807.69,49.0
S007533,U04536,2025-01-29T12:50:00,Android,Bengaluru,422.1,49.0
S007534,U04537,2025-04-21T15:46:00,Android,Mumbai,482.8,29.0
S007535,U04537,2025-06-09T11:22:00,Android,Mumbai,889.71,59.0
S007536,U04538,2025-06-23T15:53:00,iOS,Bengaluru,905.69,0.0
S007537,U04539,2025-02-19T20:18:00,Android,Hyderabad,833.71,29.0
S007538,U04539,2025-06-20T14:11:00,Android,Hyderabad,731.7,39.0
S007539,U04540,2025-02-14T19:10:00,Android,Hyderabad,586.07,0.0
S007540,U04541,2025-02-15T13:11:00,Android,Hyderabad,557.31,49.0
S007541,U04542,2025-01-01T11:16:00,Android,Bengaluru,442.55,0.0
S007542,U04542,2025-02-09T19:54:00,Android,Bengaluru,618.6,49.0
S007543,U04543,2025-02-12T18:35:00,iOS,Delhi,708.76,69.0
S007544,U04544,2025-03-09T11:52:00,Android,Hyderabad,1593.94,0.0
S007545,U04545,2025-05-13T10:15:00,iOS,Delhi,424.37,29.0
S007546,U04546,2025-06-14T16:36:00,Android,Hyderabad,592.6,19.0
S007547,U04547,2025-02-27T07:16:00,Android,Mumbai,635.16,19.0
S007548,U04548,2025-04-26T12:04:00,iOS,Delhi,1316.67,39.0
S007549,U04549,2025-01-31T14:51:00,Android,Delhi,741.03,69.0
S007550,U04549,2025-05-06T09:26:00,Android,Delhi,780.57,39.0
S007551,U04549,2025-04-13T08:27:00,Android,Delhi,476.72,19.0
S007552,U04549,2025-03-19T21:14:00,Android,Delhi,1288.06,0.0
S007553,U04550,2025-06-26T11:28:00,Android,Mumbai,576.98,39.0
S007554,U04550,2025-03-07T16:38:00,Android,Mumbai,696.55,29.0
S007555,U04551,2025-04-18T13:09:00,Android,Bengaluru,1757.14,0.0
S007556,U04551,2025-02-26T09:28:00,Android,Bengaluru,380.36,19.0
S007557,U04552,2025-01-13T10:15:00,Android,Kolkata,1206.4,0.0
S007558,U04553,2025-04-18T21:43:00,Android,Mumbai,418.91,39.0
S007559,U04553,2025-04-16T17:10:00,Android,Mumbai,580.88,49.0
S007560,U04554,2025-03-19T17:19:00,Android,Bengaluru,989.12,0.0
S007561,U04554,2025-06-08T18:25:00,Android,Bengaluru,1049.2,0.0
S007562,U04555,2025-01-17T18:29:00,iOS,Hyderabad,568.73,0.0
S007563,U04556,2025-02-12T22:23:00,iOS,Delhi,1194.73,29.0
S007564,U04556,2025-04-14T15:03:00,iOS,Delhi,517.05,39.0
S007565,U04557,2025-02-14T20:02:00,Android,Bengaluru,399.57,69.0
S007566,U04558,2025-03-24T09:21:00,Android,Kolkata,492.63,39.0
S007567,U04558,2025-04-26T10:25:00,Android,Kolkata,820.39,39.0
S007568,U04559,2025-04-14T18:40:00,Android,Hyderabad,1517.0,0.0
S007569,U04559,2025-04-02T18:23:00,Android,Hyderabad,997.88,0.0
S007570,U04560,2025-02-25T09:58:00,iOS,Mumbai,649.68,39.0
S007571,U04561,2025-04-27T21:48:00,Android,Hyderabad,665.38,69.0
S007572,U04562,2025-02-21T18:35:00,iOS,Mumbai,1603.36,0.0
S007573,U04562,2025-02-04T14:01:00,iOS,Mumbai,649.61,49.0
S007574,U04563,2025-06-07T19:11:00,Android,Delhi,559.19,39.0
S007575,U04564,2025-01-29T19:41:00,Android,Bengaluru,2049.03,59.0
S007576,U04565,2025-01-08T19:14:00,Android,Bengaluru,745.92,39.0
S007577,U04566,2025-02-19T09:24:00,Android,Delhi,520.2,49.0
S007578,U04567,2025-05-03T21:53:00,Android,Delhi,913.78,69.0
S007579,U04567,2025-03-28T21:19:00,Android,Delhi,518.79,49.0
S007580,U04568,2025-05-23T16:03:00,Android,Hyderabad,365.72,49.0
S007581,U04569,2025-03-08T15:28:00,iOS,Delhi,568.19,49.0
S007582,U04569,2025-05-23T11:36:00,iOS,Delhi,835.16,19.0
S007583,U04570,2025-03-19T19:23:00,Android,Mumbai,758.02,0.0
S007584,U04571,2025-06-19T08:58:00,iOS,Hyderabad,819.24,49.0
S007585,U04572,2025-02-14T11:17:00,Android,Kolkata,474.03,49.0
S007586,U04573,2025-03-29T20:40:00,Android,Delhi,494.23,59.0
S007587,U04574,2025-01-14T09:26:00,Android,Kolkata,715.57,29.0
S007588,U04574,2025-05-05T11:13:00,Android,Kolkata,1050.2,0.0
S007589,U04575,2025-04-29T14:33:00,Android,Hyderabad,345.58,29.0
S007590,U04575,2025-05-20T15:36:00,Android,Hyderabad,952.82,19.0
S007591,U04576,2025-05-21T14:35:00,Android,Bengaluru,912.25,0.0
S007592,U04577,2025-01-31T09:21:00,Android,Delhi,682.36,29.0
S007593,U04577,2025-01-28T12:50:00,Android,Delhi,743.77,69.0
S007594,U04578,2025-03-14T07:25:00,Android,Bengaluru,768.39,29.0
S007595,U04578,2025-01-31T20:14:00,Android,Bengaluru,681.87,0.0
S007596,U04579,2025-04-16T19:02:00,iOS,Mumbai,615.29,59.0
S007597,U04580,2025-06-23T08:36:00,Android,Mumbai,454.28,59.0
S007598,U04581,2025-03-31T15:21:00,Android,Mumbai,445.24,59.0
S007599,U04581,2025-04-21T12:01:00,Android,Mumbai,1762.09,39.0
S007600,U04581,2025-04-19T14:24:00,Android,Mumbai,1409.01,0.0
S007601,U04582,2025-06-27T07:53:00,iOS,Hyderabad,477.16,39.0
S007602,U04582,2025-05-27T19:55:00,iOS,Hyderabad,701.13,29.0
S007603,U04583,2025-04-25T16:16:00,Android,Delhi,837.81,49.0
S007604,U04584,2025-04-10T17:17:00,iOS,Delhi,726.54,39.0
S007605,U04584,2025-06-22T21:15:00,iOS,Delhi,1463.17,39.0
S007606,U04585,2025-05-13T07:01:00,Android,Kolkata,909.51,0.0
S007607,U04585,2025-03-29T13:08:00,Android,Kolkata,675.53,59.0
S007608,U04585,2025-02-12T17:16:00,Android,Kolkata,1272.12,59.0
S007609,U04586,2025-01-12T20:34:00,Android,Kolkata,1722.13,59.0
S007610,U04587,2025-01-25T07:53:00,Android,Hyderabad,462.01,19.0
S007611,U04588,2025-03-08T22:46:00,Android,Bengaluru,563.91,0.0
S007612,U04588,2025-01-07T09:34:00,Android,Bengaluru,710.82,29.0
S007613,U04589,2025-05-02T21:36:00,Android,Bengaluru,472.14,39.0
S007614,U04589,2025-05-28T11:54:00,Android,Bengaluru,939.55,0.0
S007615,U04589,2025-02-03T14:43:00,Android,Bengaluru,430.11,59.0
S007616,U04590,2025-04-22T19:44:00,Android,Bengaluru,636.81,0.0
S007617,U04590,2025-05-22T07:35:00,Android,Bengaluru,893.03,19.0
S007618,U04591,2025-03-23T14:23:00,Android,Delhi,924.01,0.0
S007619,U04592,2025-02-01T15:29:00,Android,Bengaluru,566.55,39.0
S007620,U04592,2025-06-24T13:45:00,Android,Bengaluru,509.49,39.0
S007621,U04593,2025-03-09T09:37:00,Android,Kolkata,704.58,29.0
S007622,U04594,2025-03-28T21:30:00,Android,Mumbai,773.31,39.0
S007623,U04595,2025-02-08T11:45:00,Android,Delhi,653.85,0.0
S007624,U04596,2025-03-08T20:02:00,Android,Delhi,1202.12,0.0
S007625,U04597,2025-06-23T14:39:00,Android,Delhi,359.67,39.0
S007626,U04598,2025-05-02T18:04:00,Android,Delhi,1263.66,0.0
S007627,U04598,2025-04-01T17:13:00,Android,Delhi,948.07,0.0
S007628,U04599,2025-03-04T15:02:00,Android,Hyderabad,1252.35,0.0
S007629,U04599,2025-03-02T14:54:00,Android,Hyderabad,946.29,0.0
S007630,U04600,2025-03-12T13:03:00,Android,Bengaluru,873.33,29.0
S007631,U04601,2025-05-09T11:13:00,iOS,Hyderabad,667.25,49.0
S007632,U04601,2025-04-17T07:02:00,iOS,Hyderabad,951.56,0.0
S007633,U04601,2025-03-16T10:28:00,iOS,Hyderabad,630.94,49.0
S007634,U04601,2025-02-06T15:22:00,iOS,Hyderabad,615.53,19.0
S007635,U04602,2025-03-12T22:49:00,Android,Bengaluru,1650.73,39.0
S007636,U04602,2025-02-07T11:17:00,Android,Bengaluru,709.88,69.0
S007637,U04602,2025-01-12T09:42:00,Android,Bengaluru,1527.01,0.0
S007638,U04603,2025-04-11T18:47:00,Android,Delhi,615.58,59.0
S007639,U04604,2025-03-20T13:12:00,Android,Kolkata,722.83,49.0
S007640,U04605,2025-03-18T14:17:00,Android,Bengaluru,1120.59,0.0
S007641,U04605,2025-02-06T18:04:00,Android,Bengaluru,519.59,0.0
S007642,U04605,2025-01-09T12:56:00,Android,Bengaluru,1220.19,0.0
S007643,U04605,2025-01-04T21:26:00,Android,Bengaluru,740.04,49.0
S007644,U04606,2025-06-06T19:21:00,Android,Bengaluru,585.71,19.0
S007645,U04606,2025-06-23T17:48:00,Android,Bengaluru,401.78,29.0
S007646,U04607,2025-03-06T09:25:00,iOS,Mumbai,548.14,39.0
S007647,U04607,2025-01-05T21:44:00,iOS,Mumbai,608.61,29.0
S007648,U04608,2025-05-16T16:29:00,Android,Delhi,464.26,39.0
S007649,U04608,2025-03-13T11:19:00,Android,Delhi,1119.52,49.0
S007650,U04608,2025-04-26T21:54:00,Android,Delhi,728.26,39.0
S007651,U04609,2025-06-12T21:47:00,iOS,Bengaluru,573.91,19.0
S007652,U04610,2025-05-02T20:25:00,iOS,Bengaluru,364.53,49.0
S007653,U04610,2025-01-08T22:23:00,iOS,Bengaluru,595.03,59.0
S007654,U04610,2025-06-12T20:03:00,iOS,Bengaluru,647.06,49.0
S007655,U04611,2025-06-28T08:35:00,Android,Bengaluru,1117.13,0.0
S007656,U04612,2025-01-01T14:19:00,Android,Mumbai,1273.56,0.0
S007657,U04613,2025-03-01T18:20:00,Android,Bengaluru,1012.62,0.0
S007658,U04613,2025-04-19T14:42:00,Android,Bengaluru,540.77,29.0
S007659,U04613,2025-04-03T08:53:00,Android,Bengaluru,960.82,49.0
S007660,U04613,2025-05-06T14:17:00,Android,Bengaluru,583.53,59.0
S007661,U04614,2025-06-24T13:39:00,iOS,Hyderabad,877.25,19.0
S007662,U04614,2025-04-28T15:13:00,iOS,Hyderabad,859.99,29.0
S007663,U04615,2025-05-05T11:06:00,Android,Hyderabad,487.11,39.0
S007664,U04616,2025-02-10T10:39:00,Android,Bengaluru,644.98,49.0
S007665,U04616,2025-01-30T10:38:00,Android,Bengaluru,535.01,49.0
S007666,U04617,2025-03-31T21:44:00,Android,Delhi,1002.84,0.0
S007667,U04618,2025-01-08T08:52:00,Android,Bengaluru,788.48,49.0
S007668,U04619,2025-01-06T17:04:00,Android,Delhi,1301.2,0.0
S007669,U04620,2025-06-25T16:32:00,iOS,Bengaluru,362.82,49.0
S007670,U04621,2025-05-10T15:34:00,Android,Hyderabad,707.03,19.0
S007671,U04622,2025-01-06T15:47:00,iOS,Delhi,521.31,39.0
S007672,U04622,2025-03-24T08:12:00,iOS,Delhi,840.95,19.0
S007673,U04623,2025-05-20T09:36:00,Android,Mumbai,496.73,49.0
S007674,U04623,2025-01-08T09:40:00,Android,Mumbai,679.56,0.0
S007675,U04624,2025-06-17T19:15:00,Android,Mumbai,1098.41,49.0
S007676,U04624,2025-03-28T14:25:00,Android,Mumbai,809.07,29.0
S007677,U04624,2025-04-29T11:13:00,Android,Mumbai,756.57,59.0
S007678,U04624,2025-04-07T17:02:00,Android,Mumbai,541.99,49.0
S007679,U04625,2025-02-05T18:16:00,Android,Hyderabad,683.7,29.0
S007680,U04626,2025-01-18T14:04:00,Android,Delhi,881.71,49.0
S007681,U04626,2025-06-27T12:37:00,Android,Delhi,686.55,39.0
S007682,U04626,2025-03-07T10:44:00,Android,Delhi,775.32,29.0
S007683,U04627,2025-05-23T19:22:00,Android,Bengaluru,1028.4,0.0
S007684,U04627,2025-01-28T13:36:00,Android,Bengaluru,401.81,59.0
S007685,U04627,2025-05-03T20:40:00,Android,Bengaluru,410.85,49.0
S007686,U04628,2025-06-28T17:35:00,Android,Kolkata,1200.37,0.0
S007687,U04629,2025-02-13T21:56:00,Android,Delhi,457.92,29.0
S007688,U04629,2025-02-19T20:25:00,Android,Delhi,1451.78,0.0
S007689,U04630,2025-03-10T08:51:00,iOS,Mumbai,941.93,0.0
S007690,U04631,2025-03-09T08:48:00,Android,Mumbai,402.64,49.0
S007691,U04631,2025-05-11T14:13:00,Android,Mumbai,909.12,0.0
S007692,U04632,2025-02-05T11:47:00,iOS,Mumbai,442.29,29.0
S007693,U04633,2025-04-05T17:20:00,Android,Bengaluru,798.39,0.0
S007694,U04634,2025-05-17T09:47:00,Android,Bengaluru,588.29,39.0
S007695,U04635,2025-01-29T12:27:00,iOS,Mumbai,518.71,0.0
S007696,U04636,2025-03-30T19:49:00,iOS,Mumbai,667.21,0.0
S007697,U04636,2025-05-14T18:27:00,iOS,Mumbai,640.31,39.0
S007698,U04637,2025-01-30T10:01:00,iOS,Hyderabad,604.59,69.0
S007699,U04638,2025-04-01T09:24:00,iOS,Hyderabad,581.37,69.0
S007700,U04638,2025-03-07T14:32:00,iOS,Hyderabad,1133.51,0.0
S007701,U04639,2025-03-13T10:50:00,Android,Kolkata,950.47,0.0
S007702,U04640,2025-06-20T09:18:00,iOS,Kolkata,653.65,39.0
S007703,U04641,2025-05-22T07:30:00,Android,Hyderabad,627.35,29.0
S007704,U04642,2025-01-02T15:29:00,Android,Bengaluru,477.35,29.0
S007705,U04643,2025-06-29T10:32:00,Android,Delhi,1023.81,39.0
S007706,U04644,2025-03-28T21:36:00,Android,Mumbai,495.83,39.0
S007707,U04645,2025-04-23T11:28:00,Android,Mumbai,404.68,39.0
S007708,U04646,2025-06-07T08:47:00,Android,Bengaluru,473.74,0.0
S007709,U04647,2025-02-17T11:18:00,Android,Mumbai,1315.12,0.0
S007710,U04647,2025-06-28T19:28:00,Android,Mumbai,1111.69,0.0
S007711,U04648,2025-01-30T19:29:00,iOS,Delhi,1071.71,39.0
S007712,U04649,2025-03-20T21:40:00,Android,Delhi,695.63,59.0
S007713,U04650,2025-03-22T11:38:00,Android,Hyderabad,1404.84,69.0
S007714,U04651,2025-02-09T19:35:00,Android,Delhi,994.7,59.0
S007715,U04652,2025-06-28T20:56:00,iOS,Mumbai,569.3,49.0
S007716,U04652,2025-05-24T14:41:00,iOS,Mumbai,932.47,0.0
S007717,U04653,2025-05-09T11:54:00,iOS,Mumbai,500.63,29.0
S007718,U04654,2025-05-09T18:22:00,Android,Mumbai,416.62,59.0
S007719,U04655,2025-05-19T20:31:00,iOS,Bengaluru,332.61,29.0
S007720,U04656,2025-05-15T10:31:00,Android,Mumbai,748.79,39.0
S007721,U04656,2025-01-17T15:34:00,Android,Mumbai,993.3,29.0
S007722,U04656,2025-06-24T10:39:00,Android,Mumbai,566.94,39.0
S007723,U04657,2025-03-28T17:33:00,iOS,Delhi,1147.98,0.0
S007724,U04658,2025-03-10T15:37:00,Android,Mumbai,476.17,0.0
S007725,U04659,2025-05-06T19:44:00,Android,Bengaluru,665.64,29.0
S007726,U04659,2025-01-23T10:08:00,Android,Bengaluru,1016.67,0.0
S007727,U04660,2025-05-17T20:15:00,Android,Kolkata,536.31,39.0
S007728,U04661,2025-05-25T09:04:00,Android,Hyderabad,1483.06,0.0
S007729,U04661,2025-01-24T13:59:00,Android,Hyderabad,758.52,19.0
S007730,U04662,2025-05-21T11:48:00,Android,Delhi,707.44,19.0
S007731,U04663,2025-01-30T19:51:00,Android,Delhi,1156.77,0.0
S007732,U04664,2025-05-22T12:02:00,Android,Delhi,981.64,0.0
S007733,U04665,2025-04-11T19:09:00,Android,Hyderabad,1177.45,0.0
S007734,U04665,2025-02-07T17:57:00,Android,Hyderabad,452.54,0.0
S007735,U04666,2025-02-11T09:30:00,Android,Mumbai,665.8,29.0
S007736,U04667,2025-04-05T21:07:00,Android,Hyderabad,360.44,49.0
S007737,U04668,2025-02-04T16:26:00,iOS,Kolkata,740.27,29.0
S007738,U04669,2025-05-31T19:56:00,Android,Delhi,484.65,19.0
S007739,U04669,2025-01-27T07:22:00,Android,Delhi,604.74,59.0
S007740,U04670,2025-01-16T20:22:00,Android,Mumbai,465.1,69.0
S007741,U04671,2025-01-31T16:14:00,iOS,Delhi,679.44,59.0
S007742,U04672,2025-03-16T09:11:00,Android,Mumbai,769.17,29.0
S007743,U04673,2025-01-06T13:18:00,Android,Delhi,753.06,39.0
S007744,U04674,2025-03-13T21:37:00,Android,Hyderabad,526.39,49.0
S007745,U04675,2025-05-18T20:18:00,iOS,Bengaluru,834.66,0.0
S007746,U04676,2025-06-14T19:39:00,Android,Bengaluru,973.02,29.0
S007747,U04677,2025-06-08T09:57:00,Android,Delhi,475.14,49.0
S007748,U04677,2025-06-14T22:07:00,Android,Delhi,635.65,19.0
S007749,U04678,2025-02-26T10:06:00,Android,Kolkata,519.66,49.0
S007750,U04679,2025-01-24T16:49:00,iOS,Mumbai,344.97,49.0
S007751,U04679,2025-05-01T20:27:00,iOS,Mumbai,496.69,29.0
S007752,U04680,2025-01-02T19:59:00,Android,Delhi,1185.86,0.0
S007753,U04681,2025-02-11T08:19:00,iOS,Delhi,774.14,19.0
S007754,U04681,2025-03-13T09:53:00,iOS,Delhi,276.51,49.0
S007755,U04682,2025-01-28T15:41:00,Android,Delhi,872.26,0.0
S007756,U04682,2025-05-30T22:53:00,Android,Delhi,921.38,0.0
S007757,U04682,2025-02-04T15:05:00,Android,Delhi,572.34,29.0
S007758,U04683,2025-01-11T07:55:00,Android,Kolkata,1115.75,0.0
S007759,U04683,2025-04-15T19:53:00,Android,Kolkata,645.88,49.0
S007760,U04684,2025-06-27T08:24:00,Android,Kolkata,305.14,39.0
S007761,U04685,2025-01-04T21:13:00,iOS,Hyderabad,744.6,29.0
S007762,U04685,2025-03-27T17:32:00,iOS,Hyderabad,1593.42,0.0
S007763,U04686,2025-06-19T07:21:00,Android,Hyderabad,445.41,49.0
S007764,U04686,2025-03-06T17:52:00,Android,Hyderabad,534.92,29.0
S007765,U04687,2025-03-09T15:00:00,Android,Bengaluru,1426.83,69.0
S007766,U04687,2025-04-01T10:53:00,Android,Bengaluru,790.58,69.0
S007767,U04688,2025-06-14T08:38:00,Android,Delhi,460.56,19.0
S007768,U04688,2025-01-26T21:25:00,Android,Delhi,689.62,49.0
S007769,U04689,2025-03-26T07:31:00,Android,Mumbai,2400.0,0.0
S007770,U04689,2025-01-27T08:59:00,Android,Mumbai,1429.34,0.0
S007771,U04690,2025-06-07T20:01:00,Android,Mumbai,1461.55,0.0
S007772,U04691,2025-02-10T22:28:00,Android,Bengaluru,673.77,39.0
S007773,U04692,2025-04-19T12:44:00,Android,Hyderabad,594.21,29.0
S007774,U04692,2025-04-17T17:14:00,Android,Hyderabad,757.77,29.0
S007775,U04693,2025-04-25T16:27:00,Android,Bengaluru,804.78,29.0
S007776,U04693,2025-05-06T10:25:00,Android,Bengaluru,414.12,49.0
S007777,U04694,2025-05-02T16:04:00,Android,Delhi,561.87,49.0
S007778,U04694,2025-01-09T15:24:00,Android,Delhi,1193.16,0.0
S007779,U04694,2025-03-20T18:52:00,Android,Delhi,390.66,59.0
S007780,U04695,2025-04-20T14:00:00,Android,Delhi,802.1,39.0
S007781,U04696,2025-03-31T19:51:00,iOS,Hyderabad,697.83,39.0
S007782,U04697,2025-01-14T18:51:00,Android,Hyderabad,845.65,19.0
S007783,U04698,2025-03-03T22:15:00,Android,Mumbai,748.97,59.0
S007784,U04699,2025-04-14T21:39:00,Android,Hyderabad,1064.99,0.0
S007785,U04700,2025-05-30T10:27:00,Android,Hyderabad,963.4,0.0
S007786,U04701,2025-03-01T21:26:00,Android,Delhi,742.63,29.0
S007787,U04702,2025-03-03T08:07:00,Android,Hyderabad,1019.81,0.0
S007788,U04703,2025-01-23T13:10:00,iOS,Bengaluru,938.65,59.0
S007789,U04704,2025-03-14T17:57:00,Android,Mumbai,1060.71,0.0
S007790,U04705,2025-03-02T10:44:00,Android,Bengaluru,461.56,19.0
S007791,U04706,2025-05-27T12:02:00,Android,Delhi,673.07,29.0
S007792,U04707,2025-06-29T19:58:00,Android,Mumbai,702.96,39.0
S007793,U04708,2025-06-23T16:06:00,Android,Bengaluru,586.65,0.0
S007794,U04708,2025-06-06T13:58:00,Android,Bengaluru,1374.32,0.0
S007795,U04708,2025-03-18T19:42:00,Android,Bengaluru,740.32,49.0
S007796,U04709,2025-06-24T11:41:00,iOS,Delhi,604.72,0.0
S007797,U04710,2025-02-18T21:45:00,iOS,Mumbai,747.86,49.0
S007798,U04710,2025-02-21T19:44:00,iOS,Mumbai,565.65,19.0
S007799,U04710,2025-04-19T21:23:00,iOS,Mumbai,664.39,49.0
S007800,U04711,2025-06-27T12:05:00,Android,Mumbai,501.65,29.0
S007801,U04711,2025-02-12T16:21:00,Android,Mumbai,560.24,0.0
S007802,U04711,2025-04-16T18:01:00,Android,Mumbai,682.54,39.0
S007803,U04712,2025-03-21T22:51:00,Android,Bengaluru,354.24,49.0
S007804,U04713,2025-04-18T14:13:00,Android,Bengaluru,539.79,19.0
S007805,U04713,2025-06-25T14:10:00,Android,Bengaluru,765.8,29.0
S007806,U04713,2025-04-19T13:48:00,Android,Bengaluru,1418.86,0.0
S007807,U04714,2025-01-24T12:35:00,Android,Delhi,553.65,29.0
S007808,U04714,2025-06-06T19:38:00,Android,Delhi,634.32,29.0
S007809,U04715,2025-01-11T18:04:00,Android,Hyderabad,1986.05,49.0
S007810,U04715,2025-01-07T20:54:00,Android,Hyderabad,645.23,39.0
S007811,U04715,2025-06-04T16:15:00,Android,Hyderabad,1331.2,0.0
S007812,U04716,2025-05-29T10:42:00,iOS,Kolkata,610.88,49.0
S007813,U04717,2025-02-13T18:20:00,Android,Delhi,607.5,59.0
S007814,U04718,2025-05-28T22:02:00,Android,Hyderabad,553.1,29.0
S007815,U04718,2025-05-02T14:10:00,Android,Hyderabad,768.14,39.0
S007816,U04719,2025-06-17T11:18:00,Android,Mumbai,536.55,39.0
S007817,U04720,2025-02-20T22:37:00,Android,Kolkata,591.51,49.0
S007818,U04720,2025-03-29T09:45:00,Android,Kolkata,288.89,19.0
S007819,U04721,2025-04-27T14:38:00,iOS,Bengaluru,515.55,39.0
S007820,U04722,2025-03-01T22:44:00,iOS,Mumbai,657.28,39.0
S007821,U04722,2025-03-03T11:11:00,iOS,Mumbai,710.47,49.0
S007822,U04722,2025-03-21T20:38:00,iOS,Mumbai,1138.37,0.0
S007823,U04723,2025-03-31T10:29:00,iOS,Mumbai,525.66,59.0
S007824,U04724,2025-03-27T13:53:00,iOS,Delhi,420.59,0.0
S007825,U04724,2025-02-18T18:51:00,iOS,Delhi,411.3,29.0
S007826,U04725,2025-01-13T09:49:00,Android,Bengaluru,643.68,49.0
S007827,U04726,2025-05-10T22:21:00,Android,Bengaluru,634.46,0.0
S007828,U04726,2025-03-14T22:48:00,Android,Bengaluru,628.42,49.0
S007829,U04727,2025-05-27T16:33:00,Android,Delhi,1150.8,0.0
S007830,U04727,2025-06-20T14:04:00,Android,Delhi,719.85,29.0
S007831,U04727,2025-01-24T14:33:00,Android,Delhi,995.02,0.0
S007832,U04728,2025-01-22T13:45:00,Android,Hyderabad,789.65,29.0
S007833,U04728,2025-03-15T14:28:00,Android,Hyderabad,599.49,39.0
S007834,U04729,2025-03-19T15:47:00,Android,Hyderabad,634.64,49.0
S007835,U04729,2025-05-30T10:22:00,Android,Hyderabad,872.51,19.0
S007836,U04730,2025-01-04T10:29:00,Android,Bengaluru,784.89,0.0
S007837,U04731,2025-01-27T18:27:00,iOS,Hyderabad,1280.59,49.0
S007838,U04732,2025-06-16T18:40:00,Android,Delhi,390.96,39.0
S007839,U04733,2025-01-31T15:16:00,iOS,Kolkata,727.89,69.0
S007840,U04733,2025-01-02T22:52:00,iOS,Kolkata,838.05,49.0
S007841,U04734,2025-03-20T10:21:00,iOS,Bengaluru,583.86,39.0
S007842,U04735,2025-06-05T09:09:00,iOS,Hyderabad,1015.65,0.0
S007843,U04735,2025-03-07T20:08:00,iOS,Hyderabad,652.91,29.0
S007844,U04735,2025-06-16T22:54:00,iOS,Hyderabad,741.73,19.0
S007845,U04736,2025-04-07T10:40:00,Android,Kolkata,832.18,39.0
S007846,U04737,2025-05-01T18:47:00,Android,Hyderabad,710.7,49.0
S007847,U04737,2025-05-23T20:47:00,Android,Hyderabad,765.11,29.0
S007848,U04738,2025-04-27T14:18:00,Android,Hyderabad,543.72,29.0
S007849,U04739,2025-02-14T07:11:00,Android,Delhi,652.87,69.0
S007850,U04740,2025-01-01T07:26:00,Android,Hyderabad,486.94,39.0
S007851,U04741,2025-01-24T09:42:00,iOS,Mumbai,246.74,69.0
S007852,U04742,2025-05-06T08:52:00,Android,Delhi,554.58,39.0
S007853,U04742,2025-03-06T13:27:00,Android,Delhi,755.96,49.0
S007854,U04743,2025-01-10T10:28:00,Android,Kolkata,889.43,49.0
S007855,U04743,2025-01-06T22:38:00,Android,Kolkata,445.44,59.0
S007856,U04744,2025-05-01T16:46:00,iOS,Delhi,454.31,29.0
S007857,U04745,2025-01-14T10:40:00,Android,Delhi,1177.25,0.0
S007858,U04746,2025-05-17T22:32:00,iOS,Kolkata,726.71,69.0
S007859,U04747,2025-05-08T10:14:00,Android,Delhi,646.66,49.0
S007860,U04748,2025-04-10T16:42:00,Android,Bengaluru,1286.72,0.0
S007861,U04748,2025-06-30T14:46:00,Android,Bengaluru,912.29,0.0
S007862,U04749,2025-02-08T07:47:00,Android,Delhi,1322.18,0.0
S007863,U04749,2025-04-19T18:32:00,Android,Delhi,347.41,19.0
S007864,U04749,2025-02-17T12:36:00,Android,Delhi,1094.6,0.0
S007865,U04750,2025-05-15T07:54:00,Android,Hyderabad,1416.33,0.0
S007866,U04751,2025-06-29T09:13:00,Android,Hyderabad,742.74,59.0
S007867,U04751,2025-01-19T22:53:00,Android,Hyderabad,848.87,39.0
S007868,U04752,2025-06-05T09:47:00,iOS,Bengaluru,918.89,0.0
S007869,U04753,2025-05-25T12:11:00,iOS,Mumbai,927.63,0.0
S007870,U04754,2025-05-10T07:08:00,Android,Mumbai,814.6,0.0
S007871,U04755,2025-04-15T14:24:00,Android,Mumbai,1187.11,0.0
S007872,U04755,2025-06-15T15:50:00,Android,Mumbai,1183.74,49.0
S007873,U04755,2025-04-26T09:05:00,Android,Mumbai,210.71,49.0
S007874,U04756,2025-01-18T20:54:00,Android,Mumbai,728.12,69.0
S007875,U04757,2025-06-30T15:50:00,Android,Kolkata,844.16,19.0
S007876,U04758,2025-03-04T10:04:00,Android,Delhi,1066.58,0.0
S007877,U04758,2025-01-20T15:42:00,Android,Delhi,590.37,0.0
S007878,U04758,2025-04-05T13:08:00,Android,Delhi,878.3,39.0
S007879,U04759,2025-05-24T21:32:00,Android,Delhi,710.82,0.0
S007880,U04760,2025-06-15T20:07:00,Android,Mumbai,857.87,39.0
S007881,U04760,2025-06-30T15:07:00,Android,Mumbai,776.93,29.0
S007882,U04761,2025-06-02T12:26:00,Android,Delhi,643.62,49.0
S007883,U04761,2025-05-27T08:41:00,Android,Delhi,550.02,29.0
S007884,U04762,2025-01-06T13:09:00,Android,Delhi,831.88,39.0
S007885,U04763,2025-05-18T12:55:00,iOS,Bengaluru,1374.72,0.0
S007886,U04763,2025-01-01T20:59:00,iOS,Bengaluru,884.45,39.0
S007887,U04764,2025-03-30T12:41:00,Android,Bengaluru,445.37,29.0
S007888,U04765,2025-02-18T20:46:00,Android,Kolkata,404.82,29.0
S007889,U04766,2025-02-15T10:40:00,Android,Bengaluru,498.85,0.0
S007890,U04767,2025-03-17T20:20:00,Android,Mumbai,491.1,39.0
S007891,U04767,2025-02-15T21:16:00,Android,Mumbai,610.97,19.0
S007892,U04768,2025-01-27T07:08:00,iOS,Hyderabad,977.87,49.0
S007893,U04769,2025-05-24T20:24:00,Android,Bengaluru,711.17,39.0
S007894,U04769,2025-02-20T15:54:00,Android,Bengaluru,635.55,29.0
S007895,U04770,2025-06-07T13:02:00,iOS,Bengaluru,437.52,49.0
S007896,U04771,2025-02-14T21:02:00,Android,Delhi,1240.02,0.0
S007897,U04771,2025-05-21T08:13:00,Android,Delhi,879.73,19.0
S007898,U04771,2025-06-20T12:58:00,Android,Delhi,486.55,39.0
S007899,U04772,2025-05-09T13:36:00,Android,Mumbai,705.79,19.0
S007900,U04773,2025-01-03T19:44:00,Android,Delhi,683.27,29.0
S007901,U04774,2025-01-29T20:27:00,Android,Mumbai,681.37,39.0
S007902,U04775,2025-05-20T12:08:00,Android,Bengaluru,486.72,29.0
S007903,U04775,2025-01-19T20:35:00,Android,Bengaluru,416.0,39.0
S007904,U04776,2025-01-01T16:06:00,Android,Bengaluru,869.38,19.0
S007905,U04777,2025-04-23T10:13:00,Android,Bengaluru,428.66,69.0
S007906,U04778,2025-05-19T22:39:00,Android,Delhi,748.26,39.0
S007907,U04778,2025-05-03T21:50:00,Android,Delhi,713.46,49.0
S007908,U04779,2025-04-06T10:27:00,Android,Delhi,520.47,29.0
S007909,U04780,2025-02-13T21:08:00,Android,Kolkata,868.81,29.0
S007910,U04780,2025-06-09T16:17:00,Android,Kolkata,1041.37,29.0
S007911,U04781,2025-05-28T14:43:00,Android,Bengaluru,716.02,0.0
S007912,U04782,2025-02-28T16:12:00,iOS,Mumbai,884.64,69.0
S007913,U04783,2025-02-01T12:04:00,Android,Mumbai,1071.4,0.0
S007914,U04784,2025-05-10T16:58:00,Android,Hyderabad,977.71,0.0
S007915,U04785,2025-02-28T10:04:00,Android,Mumbai,371.01,29.0
S007916,U04786,2025-04-10T08:21:00,Android,Bengaluru,1776.11,0.0
S007917,U04786,2025-01-15T19:44:00,Android,Bengaluru,1434.19,49.0
S007918,U04787,2025-01-15T20:24:00,Android,Mumbai,823.6,49.0
S007919,U04788,2025-02-02T21:28:00,Android,Delhi,745.64,69.0
S007920,U04788,2025-04-24T13:54:00,Android,Delhi,617.11,49.0
S007921,U04788,2025-04-17T10:27:00,Android,Delhi,1728.65,0.0
S007922,U04789,2025-05-16T12:35:00,iOS,Hyderabad,650.48,59.0
S007923,U04790,2025-06-09T19:40:00,iOS,Bengaluru,1029.29,0.0
S007924,U04790,2025-06-30T07:39:00,iOS,Bengaluru,835.64,29.0
S007925,U04791,2025-02-20T15:28:00,Android,Hyderabad,550.67,59.0
S007926,U04792,2025-01-26T14:07:00,iOS,Mumbai,350.11,39.0
S007927,U04793,2025-05-07T18:19:00,Android,Mumbai,1002.78,0.0
S007928,U04793,2025-03-13T14:33:00,Android,Mumbai,762.53,39.0
S007929,U04794,2025-02-24T21:17:00,iOS,Bengaluru,428.56,39.0
S007930,U04795,2025-02-05T15:35:00,Android,Mumbai,773.9,59.0
S007931,U04796,2025-05-27T09:06:00,iOS,Hyderabad,1184.9,39.0
S007932,U04797,2025-02-14T12:58:00,Android,Mumbai,603.09,49.0
S007933,U04798,2025-02-19T08:10:00,Android,Delhi,411.01,49.0
S007934,U04799,2025-02-24T17:09:00,iOS,Bengaluru,659.03,69.0
S007935,U04800,2025-04-17T13:06:00,Android,Delhi,1443.81,0.0
S007936,U04800,2025-04-16T13:50:00,Android,Delhi,780.97,39.0
S007937,U04800,2025-04-03T18:18:00,Android,Delhi,830.47,0.0
S007938,U04801,2025-03-22T21:02:00,Android,Hyderabad,500.43,29.0
S007939,U04801,2025-01-23T17:43:00,Android,Hyderabad,660.04,19.0
S007940,U04802,2025-02-16T12:38:00,Android,Delhi,476.78,39.0
S007941,U04803,2025-03-07T20:40:00,Android,Hyderabad,1620.71,0.0
S007942,U04803,2025-05-31T10:01:00,Android,Hyderabad,831.07,19.0
S007943,U04804,2025-04-20T10:37:00,Android,Hyderabad,496.92,0.0
S007944,U04805,2025-05-06T22:35:00,Android,Mumbai,730.33,19.0
S007945,U04805,2025-04-24T08:14:00,Android,Mumbai,1384.69,0.0
S007946,U04806,2025-06-09T10:38:00,Android,Mumbai,579.45,49.0
S007947,U04806,2025-03-09T19:46:00,Android,Mumbai,702.4,39.0
S007948,U04807,2025-01-01T16:41:00,iOS,Mumbai,766.08,69.0
S007949,U04808,2025-03-11T09:57:00,Android,Mumbai,650.57,29.0
S007950,U04808,2025-06-11T18:23:00,Android,Mumbai,602.65,39.0
S007951,U04809,2025-05-15T21:21:00,iOS,Bengaluru,755.91,29.0
S007952,U04809,2025-04-14T19:34:00,iOS,Bengaluru,560.86,19.0
S007953,U04810,2025-02-25T22:47:00,Android,Hyderabad,996.25,49.0
S007954,U04810,2025-05-21T20:34:00,Android,Hyderabad,754.07,29.0
S007955,U04811,2025-05-30T13:35:00,iOS,Kolkata,561.8,19.0
S007956,U04812,2025-06-29T20:43:00,iOS,Delhi,589.82,0.0
S007957,U04813,2025-06-05T19:01:00,iOS,Kolkata,1191.08,0.0
S007958,U04814,2025-06-29T13:33:00,Android,Kolkata,1161.91,0.0
S007959,U04815,2025-01-06T13:47:00,Android,Mumbai,330.91,19.0
S007960,U04815,2025-01-17T20:38:00,Android,Mumbai,695.07,0.0
S007961,U04816,2025-06-03T17:39:00,iOS,Hyderabad,651.29,39.0
S007962,U04817,2025-04-06T18:42:00,Android,Mumbai,569.65,0.0
S007963,U04818,2025-01-10T09:30:00,Android,Bengaluru,461.55,39.0
S007964,U04818,2025-01-01T18:41:00,Android,Bengaluru,316.31,39.0
S007965,U04819,2025-02-12T20:16:00,Android,Bengaluru,737.3,39.0
S007966,U04819,2025-02-13T19:30:00,Android,Bengaluru,429.13,39.0
S007967,U04820,2025-02-11T09:53:00,iOS,Delhi,547.15,39.0
S007968,U04821,2025-04-28T13:41:00,Android,Hyderabad,548.19,59.0
S007969,U04822,2025-02-21T16:40:00,Android,Delhi,430.13,39.0
S007970,U04822,2025-04-08T22:08:00,Android,Delhi,427.64,49.0
S007971,U04823,2025-01-23T11:29:00,iOS,Hyderabad,679.88,49.0
S007972,U04823,2025-03-31T13:23:00,iOS,Hyderabad,896.3,59.0
S007973,U04824,2025-01-15T07:08:00,Android,Mumbai,1001.96,0.0
S007974,U04825,2025-02-19T16:53:00,Android,Hyderabad,584.9,49.0
S007975,U04826,2025-05-04T20:58:00,Android,Delhi,979.62,59.0
S007976,U04827,2025-04-11T21:04:00,Android,Delhi,621.61,39.0
S007977,U04827,2025-01-29T13:06:00,Android,Delhi,343.27,29.0
S007978,U04828,2025-03-12T10:52:00,Android,Bengaluru,682.94,19.0
S007979,U04828,2025-05-12T12:40:00,Android,Bengaluru,1417.87,0.0
S007980,U04829,2025-05-06T11:39:00,Android,Bengaluru,1185.2,0.0
S007981,U04830,2025-06-10T11:09:00,Android,Bengaluru,731.29,49.0
S007982,U04831,2025-01-29T15:42:00,iOS,Bengaluru,872.21,39.0
S007983,U04832,2025-04-18T10:16:00,iOS,Bengaluru,442.84,0.0
S007984,U04833,2025-01-02T19:50:00,iOS,Mumbai,619.03,69.0
S007985,U04833,2025-04-28T07:40:00,iOS,Mumbai,374.01,29.0
S007986,U04834,2025-03-11T07:50:00,Android,Delhi,784.48,39.0
S007987,U04835,2025-06-11T11:54:00,Android,Delhi,256.33,49.0
S007988,U04836,2025-02-13T15:39:00,iOS,Kolkata,531.83,29.0
S007989,U04836,2025-06-08T22:32:00,iOS,Kolkata,1054.8,0.0
S007990,U04837,2025-03-18T09:24:00,Android,Mumbai,813.37,39.0
S007991,U04838,2025-03-29T16:51:00,Android,Kolkata,660.08,59.0
S007992,U04838,2025-04-28T14:32:00,Android,Kolkata,576.63,49.0
S007993,U04838,2025-02-27T18:52:00,Android,Kolkata,649.02,29.0
S007994,U04839,2025-01-02T14:29:00,Android,Mumbai,562.86,49.0
S007995,U04840,2025-04-04T21:17:00,Android,Bengaluru,878.99,49.0
S007996,U04840,2025-04-29T12:28:00,Android,Bengaluru,649.25,29.0
S007997,U04841,2025-02-03T18:50:00,Android,Kolkata,718.11,39.0
S007998,U04841,2025-03-28T10:39:00,Android,Kolkata,736.46,19.0
S007999,U04841,2025-06-01T12:02:00,Android,Kolkata,684.7,19.0
S008000,U04841,2025-01-13T20:34:00,Android,Kolkata,682.84,49.0
S008001,U04842,2025-06-08T16:04:00,Android,Hyderabad,1169.15,19.0
S008002,U04842,2025-03-17T21:21:00,Android,Hyderabad,1167.52,39.0
S008003,U04843,2025-05-07T22:59:00,Android,Mumbai,517.62,39.0
S008004,U04844,2025-01-11T22:06:00,Android,Mumbai,645.95,69.0
S008005,U04845,2025-04-20T16:40:00,Android,Delhi,310.13,19.0
S008006,U04846,2025-06-12T09:03:00,Android,Mumbai,780.43,29.0
S008007,U04847,2025-05-30T11:11:00,iOS,Hyderabad,844.66,29.0
S008008,U04848,2025-02-04T15:36:00,iOS,Mumbai,510.83,69.0
S008009,U04848,2025-01-28T07:06:00,iOS,Mumbai,1096.26,0.0
S008010,U04849,2025-06-26T10:12:00,iOS,Bengaluru,473.5,49.0
S008011,U04850,2025-02-07T07:56:00,Android,Bengaluru,923.22,19.0
S008012,U04850,2025-01-03T10:13:00,Android,Bengaluru,353.91,39.0
S008013,U04850,2025-05-01T12:17:00,Android,Bengaluru,586.1,39.0
S008014,U04850,2025-06-11T21:00:00,Android,Bengaluru,1267.76,0.0
S008015,U04851,2025-06-11T21:02:00,Android,Bengaluru,897.29,19.0
S008016,U04852,2025-06-07T19:48:00,Android,Bengaluru,527.23,39.0
S008017,U04852,2025-01-17T08:46:00,Android,Bengaluru,544.93,69.0
S008018,U04853,2025-04-03T14:53:00,Android,Delhi,1149.7,0.0
S008019,U04853,2025-01-06T08:21:00,Android,Delhi,969.04,0.0
S008020,U04854,2025-01-16T13:46:00,Android,Kolkata,656.43,39.0
S008021,U04854,2025-04-10T07:00:00,Android,Kolkata,867.91,59.0
S008022,U04855,2025-04-27T19:56:00,iOS,Bengaluru,467.48,29.0
S008023,U04856,2025-02-25T08:38:00,Android,Delhi,1264.75,19.0
S008024,U04856,2025-03-15T08:11:00,Android,Delhi,1030.79,0.0
S008025,U04856,2025-05-28T08:01:00,Android,Delhi,580.45,0.0
S008026,U04856,2025-05-15T18:42:00,Android,Delhi,742.21,19.0
S008027,U04857,2025-06-23T10:25:00,Android,Bengaluru,692.36,39.0
S008028,U04858,2025-04-11T09:21:00,iOS,Mumbai,519.02,29.0
S008029,U04859,2025-02-17T18:59:00,Android,Mumbai,826.27,19.0
S008030,U04859,2025-04-22T19:56:00,Android,Mumbai,787.09,69.0
S008031,U04860,2025-02-04T12:48:00,iOS,Mumbai,917.31,29.0
S008032,U04860,2025-02-16T16:33:00,iOS,Mumbai,514.61,39.0
S008033,U04861,2025-04-07T22:11:00,Android,Kolkata,571.74,49.0
S008034,U04862,2025-04-27T20:19:00,Android,Kolkata,731.59,29.0
S008035,U04862,2025-02-07T09:44:00,Android,Kolkata,385.39,0.0
S008036,U04862,2025-01-04T15:38:00,Android,Kolkata,687.5,29.0
S008037,U04863,2025-05-06T10:10:00,iOS,Hyderabad,575.31,29.0
S008038,U04863,2025-03-01T15:28:00,iOS,Hyderabad,503.66,39.0
S008039,U04863,2025-06-13T22:43:00,iOS,Hyderabad,388.43,39.0
S008040,U04864,2025-03-05T17:32:00,iOS,Hyderabad,1095.66,0.0
S008041,U04864,2025-04-20T16:40:00,iOS,Hyderabad,1668.61,0.0
S008042,U04865,2025-03-10T12:43:00,iOS,Delhi,1106.89,0.0
S008043,U04865,2025-02-05T18:20:00,iOS,Delhi,381.62,59.0
S008044,U04866,2025-01-31T17:07:00,Android,Mumbai,581.99,59.0
S008045,U04867,2025-04-29T07:59:00,Android,Delhi,366.48,59.0
S008046,U04868,2025-02-10T08:25:00,Android,Hyderabad,566.24,39.0
S008047,U04869,2025-02-11T15:30:00,Android,Bengaluru,634.09,59.0
S008048,U04870,2025-04-14T09:11:00,Android,Bengaluru,935.37,39.0
S008049,U04870,2025-04-19T16:04:00,Android,Bengaluru,508.31,59.0
S008050,U04871,2025-01-02T17:58:00,Android,Bengaluru,799.02,59.0
S008051,U04871,2025-03-09T17:33:00,Android,Bengaluru,630.26,29.0
S008052,U04872,2025-06-05T13:55:00,Android,Mumbai,936.12,19.0
S008053,U04872,2025-04-24T10:25:00,Android,Mumbai,483.16,59.0
S008054,U04873,2025-05-04T16:36:00,iOS,Hyderabad,765.88,39.0
S008055,U04873,2025-01-28T19:23:00,iOS,Hyderabad,525.51,59.0
S008056,U04873,2025-01-20T13:25:00,iOS,Hyderabad,1203.65,0.0
S008057,U04873,2025-03-16T09:08:00,iOS,Hyderabad,1852.96,0.0
S008058,U04874,2025-03-21T22:45:00,Android,Bengaluru,475.48,19.0
S008059,U04874,2025-01-16T07:04:00,Android,Bengaluru,1528.86,0.0
S008060,U04875,2025-06-25T11:53:00,Android,Mumbai,374.57,29.0
S008061,U04876,2025-04-29T18:42:00,Android,Delhi,842.08,19.0
S008062,U04877,2025-06-19T08:28:00,Android,Hyderabad,675.96,39.0
S008063,U04877,2025-05-20T09:00:00,Android,Hyderabad,609.18,19.0
S008064,U04878,2025-01-09T20:34:00,Android,Bengaluru,607.91,59.0
S008065,U04879,2025-06-16T12:53:00,Android,Bengaluru,1085.7,0.0
S008066,U04880,2025-01-11T19:54:00,Android,Mumbai,526.81,0.0
S008067,U04881,2025-01-26T21:37:00,Android,Mumbai,812.4,19.0
S008068,U04882,2025-05-01T19:31:00,Android,Hyderabad,261.44,19.0
S008069,U04883,2025-01-09T12:26:00,Android,Mumbai,750.44,19.0
S008070,U04883,2025-02-08T21:53:00,Android,Mumbai,652.97,69.0
S008071,U04884,2025-03-14T19:41:00,Android,Kolkata,837.51,39.0
S008072,U04885,2025-03-16T22:13:00,Android,Delhi,513.24,39.0
S008073,U04886,2025-06-21T09:27:00,Android,Delhi,824.08,39.0
S008074,U04886,2025-04-02T14:26:00,Android,Delhi,1007.68,49.0
S008075,U04887,2025-02-20T19:56:00,Android,Kolkata,554.92,29.0
S008076,U04887,2025-05-09T21:19:00,Android,Kolkata,1265.24,0.0
S008077,U04888,2025-02-04T21:29:00,Android,Bengaluru,735.58,59.0
S008078,U04889,2025-01-17T14:38:00,Android,Hyderabad,887.24,49.0
S008079,U04890,2025-02-07T18:02:00,iOS,Bengaluru,545.94,49.0
S008080,U04890,2025-02-06T16:47:00,iOS,Bengaluru,759.58,0.0
S008081,U04891,2025-02-06T10:08:00,Android,Mumbai,480.73,29.0
S008082,U04891,2025-05-27T18:07:00,Android,Mumbai,844.38,29.0
S008083,U04892,2025-01-26T09:49:00,Android,Bengaluru,655.96,59.0
S008084,U04893,2025-06-25T19:41:00,iOS,Mumbai,658.38,19.0
S008085,U04894,2025-06-02T16:04:00,Android,Hyderabad,403.68,39.0
S008086,U04895,2025-05-11T19:52:00,iOS,Bengaluru,1036.75,0.0
S008087,U04895,2025-05-08T19:25:00,iOS,Bengaluru,450.94,29.0
S008088,U04895,2025-05-16T13:03:00,iOS,Bengaluru,702.3,49.0
S008089,U04896,2025-05-12T10:19:00,Android,Bengaluru,516.2,39.0
S008090,U04897,2025-03-15T19:11:00,iOS,Delhi,711.56,59.0
S008091,U04898,2025-05-08T18:09:00,iOS,Bengaluru,934.84,0.0
S008092,U04899,2025-05-28T08:38:00,iOS,Delhi,1685.54,0.0
S008093,U04899,2025-02-10T18:39:00,iOS,Delhi,1211.83,0.0
S008094,U04899,2025-06-20T19:26:00,iOS,Delhi,1053.86,39.0
S008095,U04900,2025-01-04T22:26:00,Android,Kolkata,895.19,49.0
S008096,U04900,2025-06-27T11:39:00,Android,Kolkata,443.67,19.0
S008097,U04901,2025-06-13T16:14:00,Android,Bengaluru,779.34,19.0
S008098,U04902,2025-06-13T12:42:00,Android,Delhi,596.77,19.0
S008099,U04902,2025-06-20T18:37:00,Android,Delhi,1095.88,0.0
S008100,U04903,2025-02-07T17:03:00,Android,Delhi,453.42,49.0
S008101,U04903,2025-05-29T13:05:00,Android,Delhi,647.78,49.0
S008102,U04904,2025-02-15T08:58:00,iOS,Delhi,749.85,39.0
S008103,U04904,2025-03-12T18:42:00,iOS,Delhi,576.34,39.0
S008104,U04904,2025-06-08T12:48:00,iOS,Delhi,688.28,19.0
S008105,U04905,2025-03-12T21:14:00,Android,Delhi,1831.4,0.0
S008106,U04905,2025-02-08T16:16:00,Android,Delhi,1642.52,0.0
S008107,U04905,2025-02-27T18:46:00,Android,Delhi,1216.94,39.0
S008108,U04906,2025-03-30T10:17:00,iOS,Hyderabad,987.55,0.0
S008109,U04906,2025-06-27T14:51:00,iOS,Hyderabad,545.41,39.0
S008110,U04906,2025-06-07T07:04:00,iOS,Hyderabad,408.66,0.0
S008111,U04907,2025-03-27T12:05:00,Android,Mumbai,512.9,39.0
S008112,U04907,2025-05-08T08:44:00,Android,Mumbai,1473.98,0.0
S008113,U04908,2025-03-21T20:48:00,Android,Hyderabad,2124.84,39.0
S008114,U04909,2025-01-18T16:56:00,Android,Delhi,864.96,69.0
S008115,U04909,2025-06-01T11:55:00,Android,Delhi,944.31,29.0
S008116,U04909,2025-03-05T09:03:00,Android,Delhi,933.66,0.0
S008117,U04910,2025-06-07T15:11:00,Android,Mumbai,913.33,29.0
S008118,U04911,2025-04-11T18:22:00,Android,Kolkata,709.75,19.0
S008119,U04912,2025-05-07T17:27:00,Android,Hyderabad,592.04,59.0
S008120,U04912,2025-06-14T21:05:00,Android,Hyderabad,515.92,39.0
S008121,U04913,2025-05-09T14:55:00,iOS,Kolkata,561.2,49.0
S008122,U04914,2025-06-24T07:02:00,iOS,Delhi,644.97,39.0
S008123,U04915,2025-03-23T12:43:00,iOS,Kolkata,596.17,59.0
S008124,U04915,2025-05-23T11:27:00,iOS,Kolkata,744.98,39.0
S008125,U04916,2025-04-11T10:56:00,Android,Hyderabad,1272.2,0.0
S008126,U04917,2025-06-22T08:12:00,Android,Hyderabad,898.13,49.0
S008127,U04918,2025-02-24T21:42:00,Android,Mumbai,445.53,0.0
S008128,U04918,2025-02-05T19:48:00,Android,Mumbai,691.55,49.0
S008129,U04919,2025-06-06T19:17:00,Android,Kolkata,446.35,49.0
S008130,U04920,2025-02-15T16:38:00,Android,Delhi,553.16,0.0
S008131,U04921,2025-02-14T18:40:00,iOS,Hyderabad,618.67,39.0
S008132,U04922,2025-02-12T18:41:00,Android,Hyderabad,498.66,39.0
S008133,U04922,2025-01-13T14:50:00,Android,Hyderabad,436.04,39.0
S008134,U04923,2025-05-21T22:34:00,iOS,Hyderabad,617.25,29.0
S008135,U04924,2025-01-01T13:14:00,Android,Hyderabad,870.16,39.0
S008136,U04924,2025-04-10T07:23:00,Android,Hyderabad,1015.74,0.0
S008137,U04925,2025-05-28T22:36:00,Android,Bengaluru,895.07,29.0
S008138,U04926,2025-06-11T21:12:00,Android,Delhi,908.87,59.0
S008139,U04927,2025-06-09T15:05:00,iOS,Delhi,512.42,59.0
S008140,U04927,2025-03-20T08:37:00,iOS,Delhi,710.23,29.0
S008141,U04927,2025-02-17T07:28:00,iOS,Delhi,966.79,0.0
S008142,U04927,2025-06-30T22:24:00,iOS,Delhi,472.29,69.0
S008143,U04928,2025-06-23T08:04:00,Android,Hyderabad,622.72,19.0
S008144,U04928,2025-06-14T08:15:00,Android,Hyderabad,609.66,19.0
S008145,U04928,2025-05-01T13:00:00,Android,Hyderabad,762.62,0.0
S008146,U04928,2025-02-27T12:05:00,Android,Hyderabad,648.77,29.0
S008147,U04929,2025-05-11T20:08:00,iOS,Hyderabad,737.72,0.0
S008148,U04930,2025-03-29T09:13:00,Android,Hyderabad,503.41,39.0
S008149,U04931,2025-02-22T11:14:00,iOS,Hyderabad,580.11,49.0
S008150,U04931,2025-01-13T11:22:00,iOS,Hyderabad,601.51,49.0
S008151,U04931,2025-01-30T14:02:00,iOS,Hyderabad,877.0,29.0
S008152,U04931,2025-02-08T13:10:00,iOS,Hyderabad,464.62,19.0
S008153,U04932,2025-01-08T22:23:00,Android,Mumbai,851.28,59.0
S008154,U04932,2025-01-12T15:36:00,Android,Mumbai,579.46,0.0
S008155,U04932,2025-05-29T08:53:00,Android,Mumbai,668.91,39.0
S008156,U04933,2025-03-23T22:49:00,Android,Bengaluru,621.75,29.0
S008157,U04934,2025-01-01T20:59:00,iOS,Mumbai,666.16,39.0
S008158,U04935,2025-05-31T12:33:00,iOS,Kolkata,504.33,29.0
S008159,U04935,2025-03-08T09:40:00,iOS,Kolkata,819.1,59.0
S008160,U04935,2025-06-22T18:13:00,iOS,Kolkata,538.75,39.0
S008161,U04936,2025-04-14T10:42:00,Android,Mumbai,787.43,69.0
S008162,U04936,2025-03-23T18:19:00,Android,Mumbai,481.25,39.0
S008163,U04936,2025-02-28T10:21:00,Android,Mumbai,419.03,39.0
S008164,U04937,2025-05-22T18:20:00,Android,Kolkata,816.55,19.0
S008165,U04937,2025-03-31T18:36:00,Android,Kolkata,651.28,59.0
S008166,U04938,2025-05-28T14:05:00,iOS,Kolkata,652.75,39.0
S008167,U04938,2025-03-05T21:08:00,iOS,Kolkata,1041.53,0.0
S008168,U04938,2025-05-24T19:30:00,iOS,Kolkata,323.08,19.0
S008169,U04938,2025-01-26T21:04:00,iOS,Kolkata,520.49,29.0
S008170,U04939,2025-06-16T07:16:00,Android,Delhi,1443.15,0.0
S008171,U04939,2025-01-25T18:00:00,Android,Delhi,936.82,0.0
S008172,U04940,2025-05-12T09:52:00,iOS,Hyderabad,920.79,0.0
S008173,U04940,2025-04-08T19:04:00,iOS,Hyderabad,346.92,29.0
S008174,U04941,2025-02-06T12:15:00,Android,Mumbai,654.4,69.0
S008175,U04941,2025-03-06T21:06:00,Android,Mumbai,453.74,49.0
S008176,U04942,2025-05-14T11:34:00,Android,Delhi,444.66,29.0
S008177,U04943,2025-01-16T20:51:00,Android,Bengaluru,1274.42,0.0
S008178,U04943,2025-01-19T11:10:00,Android,Bengaluru,704.67,0.0
S008179,U04944,2025-05-30T21:19:00,Android,Bengaluru,1122.44,39.0
S008180,U04945,2025-04-26T14:46:00,Android,Bengaluru,978.6,59.0
S008181,U04946,2025-01-01T21:09:00,iOS,Mumbai,1146.98,0.0
S008182,U04946,2025-03-31T15:24:00,iOS,Mumbai,1339.65,0.0
S008183,U04947,2025-03-14T15:28:00,Android,Bengaluru,393.42,39.0
S008184,U04947,2025-04-27T16:47:00,Android,Bengaluru,2064.03,0.0
S008185,U04948,2025-01-20T19:31:00,Android,Delhi,927.23,0.0
S008186,U04948,2025-03-14T09:23:00,Android,Delhi,776.26,59.0
S008187,U04948,2025-01-10T17:30:00,Android,Delhi,474.74,59.0
S008188,U04949,2025-06-08T15:50:00,Android,Mumbai,636.92,39.0
S008189,U04949,2025-06-18T11:42:00,Android,Mumbai,993.48,0.0
S008190,U04950,2025-04-09T10:15:00,iOS,Delhi,786.32,29.0
S008191,U04951,2025-02-17T07:08:00,iOS,Hyderabad,648.97,39.0
S008192,U04952,2025-05-15T15:47:00,Android,Delhi,732.71,39.0
S008193,U04952,2025-04-12T22:15:00,Android,Delhi,610.02,19.0
S008194,U04952,2025-01-23T15:11:00,Android,Delhi,408.44,39.0
S008195,U04952,2025-01-06T13:13:00,Android,Delhi,446.53,39.0
S008196,U04953,2025-06-05T12:03:00,iOS,Bengaluru,751.99,49.0
S008197,U04954,2025-03-18T22:53:00,Android,Kolkata,1252.02,39.0
S008198,U04954,2025-02-22T11:54:00,Android,Kolkata,971.83,29.0
S008199,U04955,2025-03-14T14:04:00,Android,Hyderabad,619.14,39.0
S008200,U04955,2025-01-27T10:55:00,Android,Hyderabad,859.31,49.0
S008201,U04956,2025-01-22T08:58:00,iOS,Mumbai,403.5,29.0
S008202,U04956,2025-05-16T14:41:00,iOS,Mumbai,387.7,49.0
S008203,U04957,2025-05-05T18:52:00,Android,Hyderabad,713.47,29.0
S008204,U04957,2025-06-02T19:05:00,Android,Hyderabad,521.46,39.0
S008205,U04957,2025-03-10T14:00:00,Android,Hyderabad,764.69,0.0
S008206,U04958,2025-05-05T13:11:00,Android,Bengaluru,806.71,29.0
S008207,U04959,2025-01-19T18:24:00,Android,Hyderabad,542.48,49.0
S008208,U04960,2025-02-24T13:10:00,Android,Bengaluru,895.61,29.0
S008209,U04961,2025-01-17T14:20:00,Android,Mumbai,416.81,59.0
S008210,U04962,2025-04-23T17:18:00,Android,Bengaluru,1206.04,0.0
S008211,U04962,2025-03-08T18:26:00,Android,Bengaluru,1125.49,0.0
S008212,U04963,2025-04-06T19:07:00,iOS,Hyderabad,642.33,69.0
S008213,U04964,2025-04-30T20:24:00,Android,Bengaluru,273.6,49.0
S008214,U04965,2025-01-19T21:48:00,Android,Bengaluru,1490.57,0.0
S008215,U04966,2025-03-16T22:40:00,iOS,Bengaluru,486.64,39.0
S008216,U04967,2025-03-18T18:44:00,iOS,Hyderabad,423.63,19.0
S008217,U04967,2025-06-21T14:14:00,iOS,Hyderabad,1072.47,19.0
S008218,U04968,2025-01-12T20:47:00,Android,Delhi,609.69,39.0
S008219,U04969,2025-01-06T17:33:00,Android,Mumbai,882.74,0.0
S008220,U04970,2025-01-08T09:46:00,Android,Delhi,1396.82,0.0
S008221,U04970,2025-06-04T11:22:00,Android,Delhi,848.96,59.0
S008222,U04971,2025-05-15T21:59:00,Android,Hyderabad,1227.76,0.0
S008223,U04971,2025-04-14T20:05:00,Android,Hyderabad,498.6,39.0
S008224,U04972,2025-02-19T13:55:00,Android,Bengaluru,1000.66,0.0
S008225,U04973,2025-02-16T10:18:00,Android,Kolkata,335.56,0.0
S008226,U04974,2025-06-06T17:16:00,Android,Delhi,705.52,0.0
S008227,U04974,2025-03-10T18:51:00,Android,Delhi,705.64,49.0
S008228,U04975,2025-02-07T13:03:00,Android,Bengaluru,441.17,49.0
S008229,U04975,2025-01-21T18:01:00,Android,Bengaluru,944.39,29.0
S008230,U04976,2025-01-07T15:42:00,Android,Bengaluru,621.22,29.0
S008231,U04976,2025-03-08T21:22:00,Android,Bengaluru,601.74,39.0
S008232,U04977,2025-05-12T20:19:00,Android,Bengaluru,805.04,59.0
S008233,U04978,2025-03-14T11:21:00,iOS,Delhi,444.07,39.0
S008234,U04979,2025-05-17T15:51:00,Android,Bengaluru,495.91,29.0
S008235,U04979,2025-01-11T09:12:00,Android,Bengaluru,783.74,29.0
S008236,U04980,2025-01-18T20:59:00,Android,Kolkata,785.39,19.0
S008237,U04980,2025-01-15T15:36:00,Android,Kolkata,447.23,39.0
S008238,U04981,2025-02-07T15:14:00,Android,Mumbai,892.87,19.0
S008239,U04981,2025-05-06T19:32:00,Android,Mumbai,1555.25,0.0
S008240,U04982,2025-01-15T22:17:00,Android,Bengaluru,947.93,0.0
S008241,U04982,2025-04-15T12:55:00,Android,Bengaluru,429.8,19.0
S008242,U04983,2025-01-17T21:30:00,Android,Delhi,690.5,29.0
S008243,U04983,2025-01-14T22:03:00,Android,Delhi,539.2,39.0
S008244,U04984,2025-06-14T18:00:00,Android,Bengaluru,400.77,59.0
S008245,U04985,2025-05-08T20:09:00,iOS,Bengaluru,939.85,0.0
S008246,U04986,2025-04-19T08:27:00,Android,Delhi,666.24,19.0
S008247,U04987,2025-04-04T08:44:00,Android,Bengaluru,703.87,29.0
S008248,U04987,2025-04-23T16:27:00,Android,Bengaluru,613.71,29.0
S008249,U04988,2025-04-29T09:31:00,Android,Bengaluru,330.59,69.0
S008250,U04988,2025-03-30T11:46:00,Android,Bengaluru,615.73,49.0
S008251,U04989,2025-06-05T09:06:00,Android,Kolkata,824.79,29.0
S008252,U04990,2025-02-07T10:25:00,Android,Mumbai,1092.68,0.0
S008253,U04991,2025-05-04T19:39:00,Android,Kolkata,682.36,29.0
S008254,U04992,2025-05-12T08:10:00,Android,Bengaluru,273.73,49.0
S008255,U04992,2025-06-14T09:28:00,Android,Bengaluru,866.83,29.0
S008256,U04993,2025-02-27T19:56:00,Android,Hyderabad,1095.2,19.0
S008257,U04993,2025-04-06T12:09:00,Android,Hyderabad,660.44,69.0
S008258,U04994,2025-06-14T21:10:00,iOS,Delhi,596.04,59.0
S008259,U04995,2025-01-23T21:18:00,Android,Bengaluru,1331.93,29.0
S008260,U04995,2025-04-05T21:26:00,Android,Bengaluru,585.62,29.0
S008261,U04996,2025-03-26T07:58:00,iOS,Hyderabad,599.49,39.0
S008262,U04997,2025-01-25T17:39:00,Android,Bengaluru,627.75,59.0
S008263,U04998,2025-03-29T16:03:00,Android,Delhi,533.94,0.0
S008264,U04999,2025-05-09T09:46:00,Android,Hyderabad,510.66,29.0
S008265,U05000,2025-01-30T18:08:00,Android,Mumbai,912.75,0.0
S008266,U05001,2025-05-24T12:32:00,Android,Mumbai,480.63,49.0
S008267,U05001,2025-02-14T18:20:00,Android,Mumbai,920.64,0.0
S008268,U05002,2025-02-12T07:04:00,iOS,Delhi,831.89,39.0
S008269,U05003,2025-03-07T21:19:00,iOS,Bengaluru,1127.72,59.0
S008270,U05003,2025-01-13T13:45:00,iOS,Bengaluru,963.53,0.0
S008271,U05004,2025-03-21T14:11:00,Android,Kolkata,429.33,49.0
S008272,U05004,2025-06-27T17:21:00,Android,Kolkata,371.07,29.0
S008273,U05005,2025-02-04T16:08:00,Android,Bengaluru,682.59,29.0
S008274,U05006,2025-03-15T09:43:00,iOS,Bengaluru,1143.49,0.0
S008275,U05007,2025-01-22T19:17:00,iOS,Bengaluru,858.94,49.0
S008276,U05008,2025-04-04T21:38:00,Android,Kolkata,850.8,39.0
S008277,U05009,2025-02-21T13:06:00,Android,Hyderabad,644.54,29.0
S008278,U05009,2025-01-20T14:27:00,Android,Hyderabad,545.83,19.0
S008279,U05010,2025-05-04T07:52:00,Android,Delhi,804.94,39.0
S008280,U05011,2025-01-31T16:58:00,Android,Kolkata,747.99,69.0
S008281,U05012,2025-01-05T08:52:00,Android,Bengaluru,626.08,19.0
S008282,U05013,2025-01-15T15:05:00,Android,Kolkata,759.8,49.0
S008283,U05013,2025-03-30T10:28:00,Android,Kolkata,713.44,19.0
S008284,U05014,2025-03-01T11:52:00,Android,Bengaluru,1566.97,0.0
S008285,U05014,2025-04-20T13:52:00,Android,Bengaluru,558.64,49.0
S008286,U05014,2025-04-08T19:22:00,Android,Bengaluru,1714.81,0.0
S008287,U05014,2025-02-01T15:01:00,Android,Bengaluru,981.87,0.0
S008288,U05015,2025-02-24T19:10:00,Android,Delhi,949.67,0.0
S008289,U05016,2025-02-16T08:13:00,Android,Bengaluru,1009.13,39.0
S008290,U05016,2025-04-29T11:24:00,Android,Bengaluru,526.56,29.0
S008291,U05017,2025-06-10T18:44:00,Android,Kolkata,757.82,0.0
S008292,U05018,2025-05-10T20:17:00,Android,Kolkata,593.62,29.0
S008293,U05019,2025-06-22T18:29:00,Android,Mumbai,411.95,0.0
S008294,U05019,2025-01-02T19:02:00,Android,Mumbai,541.86,49.0
S008295,U05019,2025-03-12T22:18:00,Android,Mumbai,413.96,19.0
S008296,U05020,2025-02-27T08:49:00,Android,Bengaluru,722.14,39.0
S008297,U05021,2025-01-20T07:27:00,iOS,Delhi,527.39,29.0
S008298,U05022,2025-04-09T14:16:00,Android,Delhi,823.72,19.0
S008299,U05023,2025-03-11T09:58:00,Android,Delhi,913.09,0.0
S008300,U05024,2025-03-20T18:56:00,Android,Bengaluru,747.38,39.0
S008301,U05024,2025-02-05T11:32:00,Android,Bengaluru,608.44,49.0
S008302,U05024,2025-01-03T19:52:00,Android,Bengaluru,805.36,39.0
S008303,U05025,2025-01-04T14:19:00,iOS,Mumbai,433.83,0.0
S008304,U05026,2025-05-02T09:10:00,Android,Mumbai,1053.56,0.0
S008305,U05027,2025-01-15T18:17:00,Android,Kolkata,603.09,39.0
S008306,U05027,2025-03-18T20:55:00,Android,Kolkata,371.76,49.0
S008307,U05028,2025-06-27T10:03:00,Android,Delhi,864.57,39.0
S008308,U05029,2025-06-05T21:09:00,Android,Delhi,549.14,0.0
S008309,U05030,2025-06-06T16:06:00,iOS,Mumbai,535.47,49.0
S008310,U05030,2025-01-23T17:52:00,iOS,Mumbai,563.52,0.0
S008311,U05031,2025-06-24T13:08:00,Android,Bengaluru,571.57,39.0
S008312,U05032,2025-02-19T07:08:00,iOS,Mumbai,673.78,39.0
S008313,U05033,2025-02-26T20:20:00,Android,Hyderabad,530.63,69.0
S008314,U05033,2025-05-29T22:23:00,Android,Hyderabad,689.44,59.0
S008315,U05034,2025-02-03T08:43:00,iOS,Bengaluru,963.36,0.0
S008316,U05035,2025-05-09T12:20:00,iOS,Delhi,1056.88,0.0
S008317,U05036,2025-01-14T14:40:00,Android,Kolkata,739.79,49.0
S008318,U05037,2025-02-04T11:22:00,Android,Mumbai,697.49,19.0
S008319,U05037,2025-04-02T12:26:00,Android,Mumbai,723.22,49.0
S008320,U05038,2025-01-14T13:50:00,Android,Mumbai,1176.68,0.0
S008321,U05039,2025-03-21T07:18:00,Android,Hyderabad,354.04,39.0
S008322,U05039,2025-04-21T07:43:00,Android,Hyderabad,871.45,49.0
S008323,U05040,2025-03-29T10:51:00,iOS,Mumbai,1196.81,0.0
S008324,U05040,2025-03-11T11:24:00,iOS,Mumbai,1650.93,0.0
S008325,U05040,2025-06-19T11:43:00,iOS,Mumbai,463.32,49.0
S008326,U05041,2025-01-07T17:41:00,Android,Bengaluru,1008.19,0.0
S008327,U05041,2025-06-09T14:52:00,Android,Bengaluru,699.81,59.0
S008328,U05042,2025-03-24T12:46:00,Android,Hyderabad,933.97,0.0
S008329,U05042,2025-06-25T16:50:00,Android,Hyderabad,905.74,0.0
S008330,U05042,2025-03-14T12:42:00,Android,Hyderabad,745.23,29.0
S008331,U05043,2025-06-08T13:58:00,Android,Kolkata,1006.61,0.0
S008332,U05044,2025-05-26T07:15:00,Android,Bengaluru,827.28,39.0
S008333,U05044,2025-02-21T17:23:00,Android,Bengaluru,379.46,29.0
S008334,U05045,2025-02-11T12:22:00,Android,Bengaluru,285.94,29.0
S008335,U05046,2025-06-11T15:54:00,iOS,Hyderabad,897.17,69.0
S008336,U05046,2025-05-08T11:29:00,iOS,Hyderabad,594.64,49.0
S008337,U05046,2025-02-28T10:02:00,iOS,Hyderabad,330.59,19.0
S008338,U05047,2025-03-30T10:39:00,Android,Mumbai,604.72,49.0
S008339,U05048,2025-02-21T14:12:00,Android,Delhi,877.78,29.0
S008340,U05048,2025-06-28T14:15:00,Android,Delhi,479.32,39.0
S008341,U05048,2025-01-01T20:51:00,Android,Delhi,558.53,59.0
S008342,U05049,2025-03-20T08:00:00,Android,Mumbai,307.4,39.0
S008343,U05050,2025-04-28T14:09:00,Android,Hyderabad,1202.31,0.0
S008344,U05051,2025-02-10T15:38:00,Android,Mumbai,308.23,39.0
S008345,U05052,2025-03-30T10:25:00,Android,Bengaluru,438.45,39.0
S008346,U05052,2025-01-21T22:19:00,Android,Bengaluru,987.48,0.0
S008347,U05053,2025-02-15T16:39:00,Android,Bengaluru,505.3,39.0
S008348,U05053,2025-01-18T11:40:00,Android,Bengaluru,623.73,49.0
S008349,U05053,2025-04-13T17:41:00,Android,Bengaluru,782.46,49.0
S008350,U05054,2025-03-17T10:14:00,Android,Delhi,502.47,39.0
S008351,U05055,2025-04-19T16:10:00,Android,Kolkata,895.88,49.0
S008352,U05055,2025-02-25T10:02:00,Android,Kolkata,448.6,39.0
S008353,U05055,2025-04-14T22:01:00,Android,Kolkata,818.27,59.0
S008354,U05055,2025-02-14T22:32:00,Android,Kolkata,716.05,0.0
S008355,U05056,2025-02-06T13:46:00,Android,Mumbai,530.9,0.0
S008356,U05057,2025-03-06T07:11:00,Android,Delhi,1106.22,0.0
S008357,U05058,2025-05-01T08:11:00,Android,Kolkata,1062.64,29.0
S008358,U05058,2025-02-09T13:57:00,Android,Kolkata,484.17,29.0
S008359,U05058,2025-06-16T22:00:00,Android,Kolkata,761.07,49.0
S008360,U05058,2025-06-12T07:01:00,Android,Kolkata,807.93,49.0
S008361,U05059,2025-03-23T08:56:00,Android,Delhi,971.89,0.0
S008362,U05059,2025-02-20T11:44:00,Android,Delhi,1474.63,0.0
S008363,U05060,2025-05-30T14:46:00,Android,Mumbai,1529.97,0.0
S008364,U05061,2025-06-20T14:37:00,Android,Bengaluru,995.47,49.0
S008365,U05062,2025-02-10T09:19:00,iOS,Hyderabad,784.42,49.0
S008366,U05063,2025-05-17T14:49:00,Android,Hyderabad,941.66,0.0
S008367,U05063,2025-05-28T20:01:00,Android,Hyderabad,652.73,59.0
S008368,U05064,2025-04-10T09:51:00,iOS,Hyderabad,555.29,49.0
S008369,U05064,2025-04-11T16:49:00,iOS,Hyderabad,426.78,59.0
S008370,U05065,2025-04-17T15:21:00,Android,Delhi,609.96,19.0
S008371,U05066,2025-04-18T17:58:00,Android,Delhi,707.78,19.0
S008372,U05066,2025-01-01T21:45:00,Android,Delhi,563.68,39.0
S008373,U05067,2025-01-20T16:44:00,Android,Bengaluru,414.81,19.0
S008374,U05067,2025-01-02T07:30:00,Android,Bengaluru,805.77,49.0
S008375,U05067,2025-04-26T15:22:00,Android,Bengaluru,1036.96,19.0
S008376,U05067,2025-01-20T09:36:00,Android,Bengaluru,783.09,49.0
S008377,U05068,2025-01-02T11:46:00,iOS,Kolkata,881.97,19.0
S008378,U05069,2025-06-16T15:11:00,iOS,Bengaluru,497.95,59.0
S008379,U05070,2025-03-22T22:07:00,Android,Mumbai,1048.12,39.0
S008380,U05070,2025-02-27T20:06:00,Android,Mumbai,584.49,29.0
S008381,U05071,2025-02-20T21:09:00,Android,Hyderabad,1185.22,49.0
S008382,U05072,2025-02-06T09:00:00,iOS,Bengaluru,493.29,39.0
S008383,U05072,2025-01-21T11:41:00,iOS,Bengaluru,1147.19,0.0
S008384,U05073,2025-03-16T12:56:00,iOS,Delhi,414.56,49.0
S008385,U05074,2025-03-14T08:34:00,iOS,Bengaluru,455.45,39.0
S008386,U05075,2025-04-05T20:55:00,Android,Mumbai,1065.94,0.0
S008387,U05076,2025-05-19T08:11:00,Android,Kolkata,1114.99,0.0
S008388,U05077,2025-02-25T13:21:00,Android,Delhi,727.66,49.0
S008389,U05078,2025-03-01T15:38:00,iOS,Kolkata,341.93,49.0
S008390,U05079,2025-04-05T10:27:00,Android,Bengaluru,784.38,49.0
S008391,U05080,2025-04-25T12:10:00,Android,Delhi,1835.99,29.0
S008392,U05081,2025-04-20T08:34:00,Android,Kolkata,847.23,19.0
S008393,U05082,2025-01-22T15:16:00,Android,Kolkata,510.97,19.0
S008394,U05083,2025-03-03T13:15:00,iOS,Delhi,923.87,0.0
S008395,U05084,2025-02-13T14:07:00,Android,Mumbai,627.42,0.0
S008396,U05085,2025-06-20T13:03:00,iOS,Kolkata,864.62,19.0
S008397,U05085,2025-03-21T07:40:00,iOS,Kolkata,542.41,49.0
S008398,U05086,2025-03-16T22:05:00,Android,Hyderabad,669.38,39.0
S008399,U05087,2025-05-25T18:45:00,Android,Mumbai,907.7,0.0
S008400,U05087,2025-04-30T08:14:00,Android,Mumbai,655.78,39.0
S008401,U05088,2025-04-26T09:50:00,Android,Bengaluru,553.34,19.0
S008402,U05088,2025-04-11T14:49:00,Android,Bengaluru,591.85,0.0
S008403,U05089,2025-06-23T12:28:00,Android,Bengaluru,590.12,49.0
S008404,U05089,2025-01-15T09:48:00,Android,Bengaluru,832.9,49.0
S008405,U05089,2025-06-28T12:31:00,Android,Bengaluru,1088.31,0.0
S008406,U05089,2025-02-25T12:55:00,Android,Bengaluru,369.64,49.0
S008407,U05090,2025-04-13T10:45:00,Android,Mumbai,484.98,19.0
S008408,U05091,2025-02-17T07:32:00,iOS,Mumbai,518.9,29.0
S008409,U05092,2025-03-26T12:34:00,Android,Bengaluru,1164.81,0.0
S008410,U05092,2025-04-22T11:01:00,Android,Bengaluru,557.12,0.0
S008411,U05093,2025-05-26T09:32:00,Android,Delhi,465.39,29.0
S008412,U05094,2025-05-01T19:01:00,Android,Delhi,431.52,69.0
S008413,U05095,2025-01-17T12:32:00,Android,Mumbai,473.4,29.0
S008414,U05096,2025-04-20T12:43:00,Android,Delhi,934.41,0.0
S008415,U05097,2025-03-31T14:15:00,Android,Delhi,608.49,59.0
S008416,U05097,2025-06-25T09:16:00,Android,Delhi,541.0,29.0
S008417,U05098,2025-01-17T07:01:00,Android,Bengaluru,567.0,0.0
S008418,U05099,2025-02-21T18:21:00,Android,Kolkata,875.42,49.0
S008419,U05099,2025-05-25T08:06:00,Android,Kolkata,482.31,59.0
S008420,U05099,2025-04-23T18:31:00,Android,Kolkata,459.32,59.0
S008421,U05100,2025-06-02T15:38:00,Android,Mumbai,860.59,49.0
S008422,U05101,2025-04-18T07:13:00,Android,Bengaluru,1583.01,39.0
S008423,U05102,2025-02-18T22:53:00,Android,Delhi,548.31,49.0
S008424,U05102,2025-06-28T13:39:00,Android,Delhi,992.76,0.0
S008425,U05103,2025-04-13T12:07:00,Android,Delhi,1158.56,29.0
S008426,U05104,2025-05-21T20:26:00,Android,Mumbai,420.91,29.0
S008427,U05105,2025-06-16T15:20:00,Android,Mumbai,873.84,49.0
S008428,U05105,2025-06-17T08:21:00,Android,Mumbai,545.75,69.0
S008429,U05106,2025-02-09T17:57:00,Android,Mumbai,539.92,39.0
S008430,U05107,2025-02-19T11:01:00,Android,Hyderabad,493.53,0.0
S008431,U05108,2025-02-11T13:17:00,Android,Bengaluru,565.62,29.0
S008432,U05109,2025-04-04T20:12:00,iOS,Delhi,545.09,39.0
S008433,U05109,2025-04-09T11:09:00,iOS,Delhi,621.09,49.0
S008434,U05110,2025-01-16T13:21:00,Android,Bengaluru,1441.77,0.0
S008435,U05110,2025-03-07T15:08:00,Android,Bengaluru,918.86,29.0
S008436,U05110,2025-06-26T11:42:00,Android,Bengaluru,664.0,59.0
S008437,U05111,2025-05-30T11:45:00,Android,Delhi,197.96,49.0
S008438,U05112,2025-01-04T20:48:00,Android,Delhi,816.26,39.0
S008439,U05112,2025-05-27T15:40:00,Android,Delhi,658.17,39.0
S008440,U05112,2025-01-03T21:27:00,Android,Delhi,785.76,59.0
S008441,U05113,2025-05-03T13:13:00,Android,Hyderabad,710.14,29.0
S008442,U05114,2025-05-28T10:16:00,Android,Bengaluru,986.17,0.0
S008443,U05114,2025-02-02T08:40:00,Android,Bengaluru,1494.3,0.0
S008444,U05115,2025-06-11T08:06:00,Android,Mumbai,459.77,29.0
S008445,U05115,2025-01-05T17:56:00,Android,Mumbai,1147.23,0.0
S008446,U05116,2025-01-13T21:41:00,Android,Delhi,692.93,29.0
S008447,U05117,2025-06-07T16:23:00,Android,Delhi,689.19,29.0
S008448,U05117,2025-02-12T13:57:00,Android,Delhi,957.77,29.0
S008449,U05117,2025-04-04T16:23:00,Android,Delhi,589.13,29.0
S008450,U05118,2025-05-25T07:30:00,Android,Hyderabad,918.56,0.0
S008451,U05118,2025-06-15T11:53:00,Android,Hyderabad,558.09,19.0
S008452,U05119,2025-04-16T07:30:00,Android,Bengaluru,468.78,39.0
S008453,U05119,2025-02-02T17:27:00,Android,Bengaluru,489.25,69.0
S008454,U05120,2025-03-31T22:21:00,Android,Delhi,731.89,59.0
S008455,U05120,2025-01-03T20:01:00,Android,Delhi,1175.8,49.0
S008456,U05121,2025-05-24T12:47:00,Android,Delhi,441.84,39.0
S008457,U05121,2025-05-07T11:33:00,Android,Delhi,838.86,49.0
S008458,U05121,2025-01-23T21:23:00,Android,Delhi,1101.89,0.0
S008459,U05121,2025-03-06T17:54:00,Android,Delhi,641.8,49.0
S008460,U05121,2025-04-20T10:55:00,Android,Delhi,1125.15,0.0
S008461,U05122,2025-06-09T09:30:00,Android,Hyderabad,617.49,59.0
S008462,U05123,2025-05-04T20:01:00,iOS,Bengaluru,602.01,19.0
S008463,U05124,2025-05-02T09:29:00,Android,Kolkata,449.22,59.0
S008464,U05125,2025-01-03T14:12:00,Android,Kolkata,565.88,49.0
S008465,U05126,2025-06-13T19:14:00,iOS,Hyderabad,653.83,39.0
S008466,U05127,2025-05-11T19:50:00,Android,Delhi,492.88,69.0
S008467,U05128,2025-03-13T12:32:00,Android,Mumbai,400.09,69.0
S008468,U05129,2025-03-05T15:43:00,Android,Bengaluru,827.32,0.0
S008469,U05129,2025-02-28T07:54:00,Android,Bengaluru,1046.87,0.0
S008470,U05129,2025-05-01T12:44:00,Android,Bengaluru,284.92,19.0
S008471,U05129,2025-03-23T08:55:00,Android,Bengaluru,837.63,29.0
S008472,U05130,2025-05-14T17:59:00,Android,Kolkata,763.44,19.0
S008473,U05130,2025-04-01T09:19:00,Android,Kolkata,716.85,59.0
S008474,U05131,2025-04-20T08:30:00,Android,Mumbai,1142.93,0.0
S008475,U05131,2025-01-27T10:10:00,Android,Mumbai,395.64,19.0
S008476,U05132,2025-05-07T07:40:00,iOS,Bengaluru,363.32,0.0
S008477,U05132,2025-05-17T08:49:00,iOS,Bengaluru,735.89,39.0
S008478,U05133,2025-05-26T13:22:00,iOS,Delhi,677.85,29.0
S008479,U05134,2025-01-05T07:42:00,Android,Hyderabad,814.6,39.0
S008480,U05134,2025-06-30T13:31:00,Android,Hyderabad,486.17,49.0
S008481,U05135,2025-06-17T09:04:00,Android,Kolkata,1590.89,0.0
S008482,U05135,2025-01-22T12:13:00,Android,Kolkata,448.08,59.0
S008483,U05136,2025-03-14T13:25:00,iOS,Mumbai,566.94,59.0
S008484,U05136,2025-05-23T16:50:00,iOS,Mumbai,682.01,39.0
S008485,U05137,2025-05-30T16:48:00,iOS,Mumbai,1010.22,0.0
S008486,U05138,2025-03-06T08:16:00,iOS,Hyderabad,656.89,59.0
S008487,U05139,2025-02-07T12:16:00,Android,Hyderabad,881.04,19.0
S008488,U05140,2025-06-20T17:05:00,Android,Hyderabad,312.43,0.0
S008489,U05140,2025-04-08T19:20:00,Android,Hyderabad,1629.3,49.0
S008490,U05140,2025-03-09T08:36:00,Android,Hyderabad,496.75,49.0
S008491,U05140,2025-04-24T14:16:00,Android,Hyderabad,493.74,59.0
S008492,U05141,2025-01-04T11:18:00,Android,Delhi,844.0,59.0
S008493,U05141,2025-03-27T17:01:00,Android,Delhi,792.34,19.0
S008494,U05142,2025-02-13T17:35:00,iOS,Mumbai,1484.15,0.0
S008495,U05143,2025-03-28T17:56:00,Android,Hyderabad,441.83,69.0
S008496,U05143,2025-02-26T20:56:00,Android,Hyderabad,1101.43,0.0
S008497,U05144,2025-03-26T19:51:00,iOS,Bengaluru,778.37,69.0
S008498,U05145,2025-01-26T13:10:00,Android,Delhi,733.87,49.0
S008499,U05146,2025-04-15T21:53:00,iOS,Bengaluru,1054.46,0.0
S008500,U05146,2025-06-28T15:05:00,iOS,Bengaluru,670.87,0.0
S008501,U05147,2025-01-22T14:10:00,Android,Delhi,1337.69,0.0
S008502,U05148,2025-02-14T20:39:00,iOS,Hyderabad,2400.0,0.0
S008503,U05149,2025-05-29T08:50:00,Android,Bengaluru,697.16,39.0
S008504,U05149,2025-06-27T20:15:00,Android,Bengaluru,1058.08,0.0
S008505,U05150,2025-04-16T20:23:00,Android,Mumbai,288.33,0.0
S008506,U05151,2025-03-15T17:58:00,Android,Bengaluru,1019.07,0.0
S008507,U05151,2025-01-23T20:37:00,Android,Bengaluru,525.38,59.0
S008508,U05152,2025-01-22T14:33:00,iOS,Kolkata,415.68,49.0
S008509,U05153,2025-01-17T13:59:00,Android,Hyderabad,1137.58,0.0
S008510,U05153,2025-05-20T15:06:00,Android,Hyderabad,573.34,59.0
S008511,U05154,2025-05-25T20:36:00,Android,Mumbai,822.56,49.0
S008512,U05155,2025-06-15T16:27:00,iOS,Hyderabad,884.51,19.0
S008513,U05156,2025-03-11T16:10:00,iOS,Bengaluru,701.51,0.0
S008514,U05156,2025-02-10T22:17:00,iOS,Bengaluru,527.09,59.0
S008515,U05157,2025-02-22T21:51:00,Android,Hyderabad,813.39,29.0
S008516,U05158,2025-05-15T10:24:00,iOS,Hyderabad,940.06,0.0
S008517,U05158,2025-02-21T18:09:00,iOS,Hyderabad,788.78,29.0
S008518,U05158,2025-06-05T13:22:00,iOS,Hyderabad,1038.33,69.0
S008519,U05159,2025-05-12T15:28:00,Android,Bengaluru,771.73,39.0
S008520,U05160,2025-01-29T16:09:00,Android,Kolkata,645.55,39.0
S008521,U05161,2025-02-25T10:38:00,Android,Bengaluru,891.36,0.0
S008522,U05162,2025-02-09T12:57:00,iOS,Mumbai,695.92,39.0
S008523,U05163,2025-03-04T20:50:00,Android,Bengaluru,791.35,29.0
S008524,U05164,2025-05-06T08:31:00,Android,Hyderabad,1138.02,0.0
S008525,U05165,2025-01-16T19:17:00,Android,Bengaluru,620.52,29.0
S008526,U05165,2025-02-12T08:49:00,Android,Bengaluru,904.22,0.0
S008527,U05165,2025-01-08T19:01:00,Android,Bengaluru,1093.21,0.0
S008528,U05166,2025-05-28T07:23:00,Android,Bengaluru,763.84,69.0
S008529,U05166,2025-02-08T19:49:00,Android,Bengaluru,517.87,39.0
S008530,U05167,2025-03-10T20:15:00,iOS,Delhi,671.83,59.0
S008531,U05167,2025-03-25T11:24:00,iOS,Delhi,608.23,49.0
S008532,U05168,2025-04-15T09:02:00,Android,Kolkata,451.99,49.0
S008533,U05169,2025-01-22T08:00:00,iOS,Delhi,496.54,39.0
S008534,U05170,2025-03-01T17:42:00,Android,Mumbai,351.82,19.0
S008535,U05171,2025-05-01T19:14:00,iOS,Mumbai,698.29,19.0
S008536,U05171,2025-04-10T17:47:00,iOS,Mumbai,450.64,39.0
S008537,U05171,2025-06-07T17:06:00,iOS,Mumbai,507.78,29.0
S008538,U05172,2025-01-13T08:47:00,iOS,Hyderabad,872.34,49.0
S008539,U05172,2025-06-01T07:52:00,iOS,Hyderabad,987.78,0.0
S008540,U05173,2025-01-31T10:07:00,Android,Delhi,549.82,49.0
S008541,U05174,2025-02-23T13:26:00,Android,Mumbai,561.39,59.0
S008542,U05175,2025-02-04T09:38:00,iOS,Kolkata,726.72,49.0
S008543,U05175,2025-06-01T13:14:00,iOS,Kolkata,608.02,39.0
S008544,U05176,2025-02-19T11:23:00,Android,Delhi,850.56,69.0
S008545,U05177,2025-01-23T22:15:00,Android,Delhi,778.74,39.0
S008546,U05177,2025-01-27T12:56:00,Android,Delhi,600.8,29.0
S008547,U05178,2025-02-25T09:02:00,Android,Kolkata,350.86,29.0
S008548,U05179,2025-03-03T09:01:00,iOS,Delhi,758.27,0.0
S008549,U05180,2025-04-12T19:11:00,Android,Delhi,505.5,39.0
S008550,U05181,2025-02-15T18:34:00,Android,Delhi,1289.59,0.0
S008551,U05181,2025-05-28T11:49:00,Android,Delhi,582.92,69.0
S008552,U05182,2025-02-10T12:33:00,Android,Hyderabad,725.09,69.0
S008553,U05183,2025-03-03T19:43:00,Android,Kolkata,392.83,49.0
S008554,U05184,2025-01-26T07:49:00,Android,Mumbai,571.76,0.0
S008555,U05185,2025-05-29T11:32:00,iOS,Mumbai,999.81,49.0
S008556,U05186,2025-05-14T11:33:00,Android,Delhi,772.19,19.0
S008557,U05186,2025-02-28T08:21:00,Android,Delhi,513.82,39.0
S008558,U05186,2025-03-23T16:35:00,Android,Delhi,859.76,39.0
S008559,U05186,2025-03-22T14:10:00,Android,Delhi,1145.82,0.0
S008560,U05187,2025-02-04T19:53:00,iOS,Bengaluru,327.62,39.0
S008561,U05188,2025-06-01T09:37:00,iOS,Bengaluru,690.25,49.0
S008562,U05189,2025-06-06T09:35:00,Android,Bengaluru,738.77,49.0
S008563,U05190,2025-02-16T18:17:00,Android,Bengaluru,982.09,0.0
S008564,U05191,2025-04-18T15:57:00,iOS,Mumbai,1991.78,69.0
S008565,U05191,2025-06-07T16:21:00,iOS,Mumbai,435.1,19.0
S008566,U05192,2025-05-19T17:44:00,Android,Bengaluru,801.48,39.0
S008567,U05192,2025-03-17T11:45:00,Android,Bengaluru,750.28,19.0
S008568,U05193,2025-01-14T08:13:00,Android,Bengaluru,1349.91,0.0
S008569,U05194,2025-03-16T22:13:00,iOS,Delhi,582.4,39.0
S008570,U05195,2025-06-14T18:33:00,iOS,Bengaluru,709.41,29.0
S008571,U05195,2025-03-27T09:23:00,iOS,Bengaluru,608.99,29.0
S008572,U05195,2025-02-20T14:08:00,iOS,Bengaluru,775.41,39.0
S008573,U05196,2025-03-30T13:18:00,Android,Bengaluru,394.71,69.0
S008574,U05196,2025-06-17T13:23:00,Android,Bengaluru,984.79,0.0
S008575,U05197,2025-01-24T22:10:00,Android,Bengaluru,750.66,39.0
S008576,U05197,2025-06-10T21:36:00,Android,Bengaluru,474.85,39.0
S008577,U05198,2025-01-24T18:59:00,Android,Bengaluru,533.76,49.0
S008578,U05198,2025-01-23T13:56:00,Android,Bengaluru,921.69,49.0
S008579,U05198,2025-03-30T16:29:00,Android,Bengaluru,900.53,0.0
S008580,U05199,2025-03-03T10:43:00,iOS,Mumbai,748.11,19.0
S008581,U05199,2025-01-05T20:27:00,iOS,Mumbai,847.53,19.0
S008582,U05200,2025-04-23T13:52:00,Android,Hyderabad,719.65,39.0
S008583,U05201,2025-05-01T16:11:00,iOS,Hyderabad,770.85,0.0
S008584,U05202,2025-04-23T09:09:00,Android,Hyderabad,612.38,59.0
S008585,U05203,2025-04-05T22:26:00,Android,Mumbai,583.14,49.0
S008586,U05204,2025-05-03T18:59:00,Android,Kolkata,742.41,19.0
S008587,U05205,2025-03-02T22:25:00,Android,Mumbai,453.93,49.0
S008588,U05206,2025-04-02T08:05:00,iOS,Mumbai,823.52,39.0
S008589,U05207,2025-01-06T10:38:00,Android,Delhi,856.61,19.0
S008590,U05208,2025-03-01T13:53:00,iOS,Delhi,488.27,39.0
S008591,U05209,2025-03-26T21:31:00,Android,Delhi,344.09,19.0
S008592,U05210,2025-01-19T14:17:00,iOS,Bengaluru,781.93,29.0
S008593,U05211,2025-03-03T10:44:00,iOS,Hyderabad,363.53,59.0
S008594,U05212,2025-05-14T07:58:00,Android,Bengaluru,820.48,19.0
S008595,U05212,2025-01-16T07:25:00,Android,Bengaluru,688.63,0.0
S008596,U05213,2025-01-02T11:01:00,iOS,Mumbai,2055.11,49.0
S008597,U05213,2025-03-11T17:01:00,iOS,Mumbai,682.98,39.0
S008598,U05214,2025-06-14T08:58:00,Android,Kolkata,1347.83,29.0
S008599,U05214,2025-03-07T09:51:00,Android,Kolkata,405.19,59.0
S008600,U05214,2025-03-28T14:11:00,Android,Kolkata,445.47,19.0
S008601,U05214,2025-03-07T19:39:00,Android,Kolkata,1221.1,0.0
S008602,U05214,2025-03-31T19:41:00,Android,Kolkata,569.21,39.0
S008603,U05215,2025-04-06T16:38:00,Android,Mumbai,855.29,39.0
S008604,U05216,2025-02-10T21:16:00,iOS,Bengaluru,482.03,39.0
S008605,U05216,2025-05-12T13:47:00,iOS,Bengaluru,602.11,19.0
S008606,U05217,2025-05-15T12:57:00,iOS,Delhi,390.34,49.0
S008607,U05218,2025-03-11T17:24:00,Android,Delhi,231.78,29.0
S008608,U05218,2025-06-21T16:56:00,Android,Delhi,429.37,29.0
S008609,U05219,2025-06-11T17:10:00,iOS,Kolkata,718.27,59.0
S008610,U05220,2025-05-13T20:05:00,Android,Hyderabad,635.83,69.0
S008611,U05220,2025-06-14T21:57:00,Android,Hyderabad,784.12,49.0
S008612,U05221,2025-06-29T09:03:00,Android,Hyderabad,479.18,29.0
S008613,U05221,2025-06-17T21:44:00,Android,Hyderabad,992.73,0.0
S008614,U05222,2025-01-19T18:26:00,Android,Mumbai,1031.44,0.0
S008615,U05222,2025-01-23T19:12:00,Android,Mumbai,808.02,59.0
S008616,U05223,2025-06-30T08:34:00,Android,Hyderabad,798.34,59.0
S008617,U05223,2025-02-26T08:08:00,Android,Hyderabad,946.2,0.0
S008618,U05224,2025-03-17T14:04:00,Android,Hyderabad,878.67,49.0
S008619,U05225,2025-05-11T20:08:00,Android,Bengaluru,797.98,39.0
S008620,U05226,2025-02-19T19:18:00,Android,Bengaluru,810.22,49.0
S008621,U05227,2025-06-06T14:22:00,Android,Bengaluru,1309.21,19.0
S008622,U05228,2025-02-09T19:16:00,Android,Mumbai,395.08,19.0
S008623,U05229,2025-01-28T16:26:00,iOS,Kolkata,540.15,29.0
S008624,U05229,2025-01-17T21:44:00,iOS,Kolkata,390.05,59.0
S008625,U05230,2025-01-28T09:06:00,Android,Mumbai,1490.49,0.0
S008626,U05231,2025-01-10T17:19:00,Android,Mumbai,991.07,0.0
S008627,U05231,2025-02-13T19:04:00,Android,Mumbai,836.02,49.0
S008628,U05231,2025-03-07T18:46:00,Android,Mumbai,616.61,59.0
S008629,U05232,2025-03-02T15:35:00,iOS,Kolkata,1090.94,0.0
S008630,U05232,2025-05-09T21:58:00,iOS,Kolkata,1421.46,0.0
S008631,U05232,2025-06-13T20:01:00,iOS,Kolkata,1210.52,0.0
S008632,U05232,2025-03-12T08:20:00,iOS,Kolkata,820.62,29.0
S008633,U05233,2025-06-12T21:35:00,Android,Bengaluru,422.89,49.0
S008634,U05234,2025-06-02T17:42:00,iOS,Bengaluru,262.38,49.0
S008635,U05235,2025-05-02T11:01:00,iOS,Kolkata,659.89,49.0
S008636,U05235,2025-01-24T10:36:00,iOS,Kolkata,1129.62,0.0
S008637,U05235,2025-05-27T21:28:00,iOS,Kolkata,567.69,39.0
S008638,U05236,2025-04-04T22:44:00,Android,Kolkata,657.73,29.0
S008639,U05236,2025-06-14T08:41:00,Android,Kolkata,1136.4,0.0
S008640,U05236,2025-03-20T21:32:00,Android,Kolkata,642.39,29.0
S008641,U05237,2025-05-09T17:24:00,Android,Hyderabad,1073.84,0.0
S008642,U05238,2025-03-15T08:25:00,Android,Bengaluru,733.6,39.0
S008643,U05239,2025-01-13T16:05:00,Android,Kolkata,702.29,59.0
S008644,U05239,2025-01-04T12:31:00,Android,Kolkata,460.91,29.0
S008645,U05239,2025-04-17T19:37:00,Android,Kolkata,530.52,19.0
S008646,U05240,2025-05-30T14:06:00,Android,Hyderabad,1650.02,0.0
S008647,U05240,2025-05-10T11:58:00,Android,Hyderabad,1024.01,29.0
S008648,U05240,2025-03-21T15:09:00,Android,Hyderabad,415.81,19.0
S008649,U05241,2025-01-05T17:52:00,Android,Mumbai,1640.67,0.0
S008650,U05241,2025-03-09T11:09:00,Android,Mumbai,495.59,39.0
S008651,U05242,2025-05-22T08:22:00,iOS,Bengaluru,489.91,59.0
S008652,U05243,2025-04-28T20:37:00,Android,Mumbai,441.52,19.0
S008653,U05244,2025-04-19T17:01:00,iOS,Hyderabad,671.21,39.0
S008654,U05245,2025-04-06T11:33:00,Android,Kolkata,725.71,19.0
S008655,U05246,2025-03-15T17:21:00,Android,Mumbai,515.75,59.0
S008656,U05246,2025-05-06T14:01:00,Android,Mumbai,505.06,49.0
S008657,U05246,2025-04-04T07:24:00,Android,Mumbai,736.07,29.0
S008658,U05247,2025-02-28T08:06:00,Android,Mumbai,787.25,49.0
S008659,U05247,2025-05-13T12:11:00,Android,Mumbai,1065.46,59.0
S008660,U05248,2025-06-26T09:18:00,Android,Hyderabad,808.57,49.0
S008661,U05249,2025-05-16T13:57:00,Android,Mumbai,1226.8,29.0
S008662,U05249,2025-06-13T12:49:00,Android,Mumbai,515.57,0.0
S008663,U05250,2025-04-19T15:14:00,Android,Delhi,761.0,0.0
S008664,U05251,2025-01-12T17:40:00,Android,Bengaluru,605.11,29.0
S008665,U05252,2025-03-24T08:30:00,Android,Bengaluru,852.45,69.0
S008666,U05252,2025-03-27T19:19:00,Android,Bengaluru,579.24,69.0
S008667,U05253,2025-04-11T19:23:00,Android,Hyderabad,1003.08,0.0
S008668,U05254,2025-03-20T09:42:00,Android,Bengaluru,430.45,19.0
S008669,U05254,2025-04-03T12:36:00,Android,Bengaluru,712.4,29.0
S008670,U05254,2025-06-28T22:58:00,Android,Bengaluru,695.67,39.0
S008671,U05255,2025-01-26T15:52:00,Android,Bengaluru,993.29,0.0
S008672,U05256,2025-04-05T12:15:00,Android,Kolkata,667.17,69.0
S008673,U05257,2025-01-20T20:55:00,Android,Hyderabad,855.46,19.0
S008674,U05257,2025-03-19T21:01:00,Android,Hyderabad,658.67,19.0
S008675,U05258,2025-03-23T07:37:00,Android,Bengaluru,723.45,19.0
S008676,U05259,2025-05-04T09:32:00,iOS,Delhi,532.64,29.0
S008677,U05260,2025-05-02T09:09:00,Android,Hyderabad,518.11,39.0
S008678,U05260,2025-05-31T14:55:00,Android,Hyderabad,426.33,29.0
S008679,U05261,2025-01-30T13:57:00,Android,Delhi,363.04,19.0
S008680,U05261,2025-05-12T07:20:00,Android,Delhi,361.92,0.0
S008681,U05262,2025-02-15T11:59:00,Android,Delhi,997.9,0.0
S008682,U05262,2025-05-12T11:20:00,Android,Delhi,777.68,49.0
S008683,U05262,2025-02-16T16:48:00,Android,Delhi,1050.88,0.0
S008684,U05263,2025-06-04T14:34:00,Android,Delhi,812.45,69.0
S008685,U05264,2025-06-21T18:37:00,Android,Bengaluru,884.75,39.0
S008686,U05264,2025-05-03T09:57:00,Android,Bengaluru,938.86,0.0
S008687,U05265,2025-04-19T21:42:00,Android,Hyderabad,647.7,29.0
S008688,U05266,2025-02-06T22:38:00,iOS,Bengaluru,531.44,49.0
S008689,U05267,2025-05-18T18:30:00,iOS,Mumbai,639.49,0.0
S008690,U05268,2025-06-28T14:40:00,Android,Bengaluru,866.86,49.0
S008691,U05268,2025-01-07T14:14:00,Android,Bengaluru,999.9,39.0
S008692,U05269,2025-05-21T16:12:00,Android,Bengaluru,893.16,19.0
S008693,U05269,2025-04-28T15:48:00,Android,Bengaluru,624.22,59.0
S008694,U05269,2025-04-30T15:23:00,Android,Bengaluru,711.72,69.0
S008695,U05270,2025-06-30T21:45:00,Android,Bengaluru,1958.68,29.0
S008696,U05271,2025-06-21T13:39:00,Android,Kolkata,1175.57,19.0
S008697,U05271,2025-02-03T14:45:00,Android,Kolkata,1688.02,59.0
S008698,U05271,2025-05-17T11:27:00,Android,Kolkata,1166.26,0.0
S008699,U05272,2025-01-20T16:42:00,Android,Bengaluru,920.77,29.0
S008700,U05272,2025-01-11T11:53:00,Android,Bengaluru,419.36,39.0
S008701,U05273,2025-01-15T15:15:00,iOS,Delhi,1376.83,0.0
S008702,U05274,2025-05-19T13:05:00,Android,Bengaluru,574.26,59.0
S008703,U05274,2025-01-07T07:52:00,Android,Bengaluru,908.33,0.0
S008704,U05274,2025-01-25T09:27:00,Android,Bengaluru,1344.94,0.0
S008705,U05275,2025-05-12T17:24:00,Android,Hyderabad,1020.18,0.0
S008706,U05276,2025-02-26T17:41:00,Android,Delhi,488.43,69.0
S008707,U05276,2025-02-03T17:51:00,Android,Delhi,888.11,39.0
S008708,U05276,2025-02-28T17:07:00,Android,Delhi,943.45,0.0
S008709,U05277,2025-06-03T21:27:00,Android,Kolkata,1186.71,0.0
S008710,U05278,2025-03-06T15:18:00,Android,Mumbai,774.85,49.0
S008711,U05278,2025-05-17T13:05:00,Android,Mumbai,958.71,69.0
S008712,U05278,2025-04-04T10:00:00,Android,Mumbai,709.97,29.0
S008713,U05279,2025-02-17T19:47:00,Android,Mumbai,360.82,69.0
S008714,U05280,2025-02-28T13:17:00,Android,Mumbai,448.15,29.0
S008715,U05280,2025-06-05T11:50:00,Android,Mumbai,1043.41,0.0
S008716,U05280,2025-06-14T13:58:00,Android,Mumbai,452.1,49.0
S008717,U05281,2025-02-06T10:37:00,Android,Bengaluru,2021.87,49.0
S008718,U05281,2025-03-30T21:10:00,Android,Bengaluru,569.38,39.0
S008719,U05281,2025-06-12T16:29:00,Android,Bengaluru,2170.29,0.0
S008720,U05281,2025-06-26T16:04:00,Android,Bengaluru,455.95,39.0
S008721,U05282,2025-04-05T17:58:00,Android,Kolkata,409.93,59.0
S008722,U05283,2025-03-01T12:41:00,iOS,Kolkata,1464.68,0.0
S008723,U05283,2025-05-31T10:48:00,iOS,Kolkata,699.79,29.0
S008724,U05283,2025-05-21T20:55:00,iOS,Kolkata,814.14,29.0
S008725,U05283,2025-02-20T18:20:00,iOS,Kolkata,1051.44,19.0
S008726,U05284,2025-05-06T18:02:00,Android,Delhi,570.87,49.0
S008727,U05284,2025-06-15T12:06:00,Android,Delhi,530.5,0.0
S008728,U05285,2025-05-03T21:32:00,Android,Mumbai,593.61,39.0
S008729,U05286,2025-03-25T19:03:00,iOS,Bengaluru,1561.69,0.0
S008730,U05286,2025-03-31T13:25:00,iOS,Bengaluru,528.43,29.0
S008731,U05287,2025-05-25T13:42:00,Android,Mumbai,865.11,69.0
S008732,U05288,2025-01-01T21:26:00,Android,Hyderabad,747.81,49.0
S008733,U05289,2025-01-08T15:21:00,Android,Kolkata,580.37,29.0
S008734,U05290,2025-06-28T10:09:00,Android,Delhi,448.36,39.0
S008735,U05291,2025-05-18T15:19:00,Android,Hyderabad,1080.23,0.0
S008736,U05292,2025-05-16T15:37:00,iOS,Hyderabad,1106.77,39.0
S008737,U05293,2025-04-23T18:26:00,Android,Bengaluru,584.44,49.0
S008738,U05293,2025-05-18T15:06:00,Android,Bengaluru,291.74,59.0
S008739,U05294,2025-06-07T22:22:00,Android,Mumbai,1971.79,0.0
S008740,U05294,2025-04-15T18:32:00,Android,Mumbai,1164.71,0.0
S008741,U05294,2025-01-18T15:32:00,Android,Mumbai,832.35,59.0
S008742,U05295,2025-01-25T13:29:00,Android,Mumbai,912.64,49.0
S008743,U05295,2025-02-23T08:11:00,Android,Mumbai,812.59,0.0
S008744,U05296,2025-05-17T21:04:00,Android,Hyderabad,683.21,29.0
S008745,U05296,2025-01-31T12:46:00,Android,Hyderabad,855.74,29.0
S008746,U05297,2025-06-12T18:23:00,Android,Kolkata,355.79,39.0
S008747,U05298,2025-05-26T11:15:00,Android,Bengaluru,710.22,69.0
S008748,U05298,2025-05-02T11:04:00,Android,Bengaluru,350.41,59.0
S008749,U05299,2025-02-21T09:44:00,Android,Bengaluru,675.73,69.0
S008750,U05299,2025-05-27T10:36:00,Android,Bengaluru,1019.75,49.0
S008751,U05300,2025-03-03T08:45:00,iOS,Bengaluru,614.06,39.0
S008752,U05301,2025-05-03T19:28:00,Android,Bengaluru,893.75,39.0
S008753,U05302,2025-01-02T08:41:00,iOS,Delhi,933.35,0.0
S008754,U05303,2025-02-03T11:29:00,iOS,Kolkata,870.68,29.0
S008755,U05303,2025-02-22T22:40:00,iOS,Kolkata,937.78,39.0
S008756,U05303,2025-04-16T13:24:00,iOS,Kolkata,590.95,69.0
S008757,U05303,2025-02-09T22:54:00,iOS,Kolkata,907.84,39.0
S008758,U05304,2025-01-16T12:58:00,iOS,Delhi,454.99,49.0
S008759,U05305,2025-06-05T09:40:00,iOS,Mumbai,626.45,49.0
S008760,U05306,2025-01-07T21:50:00,Android,Delhi,750.65,39.0
S008761,U05306,2025-06-18T17:23:00,Android,Delhi,983.06,0.0
S008762,U05306,2025-06-10T11:53:00,Android,Delhi,636.06,59.0
S008763,U05306,2025-04-26T21:55:00,Android,Delhi,667.95,59.0
S008764,U05306,2025-03-17T17:58:00,Android,Delhi,636.51,69.0
S008765,U05306,2025-05-05T21:30:00,Android,Delhi,1292.55,0.0
S008766,U05307,2025-03-02T13:15:00,Android,Delhi,527.69,29.0
S008767,U05307,2025-01-11T18:03:00,Android,Delhi,902.82,0.0
S008768,U05307,2025-06-27T11:11:00,Android,Delhi,1376.91,0.0
S008769,U05308,2025-01-20T13:34:00,Android,Hyderabad,363.06,49.0
S008770,U05309,2025-01-31T11:18:00,Android,Mumbai,543.56,39.0
S008771,U05310,2025-01-31T10:44:00,Android,Delhi,1232.17,39.0
S008772,U05311,2025-02-21T19:24:00,Android,Kolkata,687.5,39.0
S008773,U05312,2025-04-10T14:33:00,iOS,Mumbai,795.66,29.0
S008774,U05313,2025-01-17T17:01:00,iOS,Bengaluru,730.69,29.0
S008775,U05314,2025-02-08T08:33:00,Android,Mumbai,422.73,69.0
S008776,U05314,2025-02-02T15:16:00,Android,Mumbai,1126.14,0.0
S008777,U05314,2025-04-13T14:07:00,Android,Mumbai,789.13,59.0
S008778,U05315,2025-02-17T19:25:00,Android,Mumbai,718.41,29.0
S008779,U05316,2025-06-25T21:30:00,Android,Delhi,583.61,29.0
S008780,U05316,2025-05-31T22:17:00,Android,Delhi,395.07,49.0
S008781,U05317,2025-01-03T07:09:00,Android,Hyderabad,528.12,59.0
S008782,U05317,2025-03-27T22:10:00,Android,Hyderabad,755.18,29.0
S008783,U05318,2025-01-27T14:29:00,Android,Mumbai,892.36,29.0
S008784,U05318,2025-05-18T22:16:00,Android,Mumbai,1059.79,0.0
S008785,U05319,2025-02-15T07:58:00,Android,Delhi,415.98,49.0
S008786,U05320,2025-05-26T22:52:00,Android,Hyderabad,371.84,39.0
S008787,U05320,2025-02-18T07:49:00,Android,Hyderabad,566.99,59.0
S008788,U05321,2025-06-22T18:18:00,Android,Delhi,431.09,29.0
S008789,U05322,2025-05-02T18:58:00,Android,Delhi,902.42,0.0
S008790,U05322,2025-04-14T17:52:00,Android,Delhi,856.13,19.0
S008791,U05323,2025-01-20T14:06:00,Android,Bengaluru,571.96,69.0
S008792,U05324,2025-05-17T08:37:00,Android,Delhi,499.5,29.0
S008793,U05325,2025-02-17T10:21:00,iOS,Delhi,440.07,29.0
S008794,U05325,2025-03-11T21:38:00,iOS,Delhi,952.65,0.0
S008795,U05326,2025-02-16T21:37:00,Android,Bengaluru,732.73,29.0
S008796,U05327,2025-01-30T10:03:00,iOS,Mumbai,898.31,29.0
S008797,U05328,2025-04-05T14:15:00,Android,Bengaluru,674.3,39.0
S008798,U05329,2025-05-24T19:22:00,Android,Bengaluru,287.04,19.0
S008799,U05330,2025-02-27T11:05:00,iOS,Mumbai,763.41,19.0
S008800,U05330,2025-04-15T21:42:00,iOS,Mumbai,912.87,0.0
S008801,U05331,2025-01-19T16:19:00,iOS,Delhi,893.83,49.0
S008802,U05332,2025-02-06T18:12:00,Android,Mumbai,851.6,0.0
S008803,U05332,2025-05-29T11:43:00,Android,Mumbai,984.13,59.0
S008804,U05333,2025-06-07T14:58:00,iOS,Hyderabad,730.46,59.0
S008805,U05334,2025-06-07T15:48:00,Android,Delhi,1189.8,0.0
S008806,U05335,2025-06-06T18:11:00,iOS,Bengaluru,394.41,19.0
S008807,U05336,2025-03-09T07:30:00,Android,Mumbai,756.81,29.0
S008808,U05336,2025-03-18T17:42:00,Android,Mumbai,898.33,69.0
S008809,U05337,2025-03-21T13:19:00,iOS,Bengaluru,701.62,39.0
S008810,U05338,2025-02-06T08:26:00,iOS,Mumbai,620.53,0.0
S008811,U05339,2025-06-02T13:13:00,iOS,Hyderabad,541.85,39.0
S008812,U05340,2025-01-04T12:21:00,iOS,Mumbai,1221.61,0.0
S008813,U05341,2025-04-03T21:29:00,Android,Delhi,677.19,39.0
S008814,U05342,2025-01-06T17:03:00,Android,Kolkata,543.66,59.0
S008815,U05342,2025-05-15T11:26:00,Android,Kolkata,1078.43,59.0
S008816,U05343,2025-02-10T14:05:00,Android,Bengaluru,1681.12,0.0
S008817,U05343,2025-05-30T21:46:00,Android,Bengaluru,796.75,29.0
S008818,U05343,2025-03-02T15:35:00,Android,Bengaluru,987.48,29.0
S008819,U05343,2025-03-23T07:00:00,Android,Bengaluru,673.53,0.0
S008820,U05344,2025-01-25T22:56:00,iOS,Kolkata,541.65,39.0
S008821,U05344,2025-04-30T16:22:00,iOS,Kolkata,510.25,69.0
S008822,U05345,2025-06-20T17:30:00,Android,Hyderabad,579.1,39.0
S008823,U05346,2025-02-22T18:50:00,Android,Delhi,517.19,49.0
S008824,U05347,2025-03-14T07:20:00,iOS,Bengaluru,574.94,29.0
S008825,U05347,2025-01-01T22:26:00,iOS,Bengaluru,1008.06,0.0
S008826,U05348,2025-04-09T14:47:00,Android,Bengaluru,447.52,19.0
S008827,U05348,2025-04-23T21:34:00,Android,Bengaluru,1227.48,0.0
S008828,U05348,2025-03-20T07:51:00,Android,Bengaluru,693.44,19.0
S008829,U05349,2025-02-04T20:30:00,iOS,Kolkata,907.7,0.0
S008830,U05350,2025-05-21T08:03:00,iOS,Bengaluru,698.41,29.0
S008831,U05350,2025-04-02T19:50:00,iOS,Bengaluru,542.91,0.0
S008832,U05351,2025-06-28T09:49:00,Android,Kolkata,1303.61,0.0
S008833,U05351,2025-05-20T13:34:00,Android,Kolkata,741.54,29.0
S008834,U05351,2025-04-02T20:48:00,Android,Kolkata,1022.64,0.0
S008835,U05352,2025-04-10T13:02:00,Android,Mumbai,772.78,59.0
S008836,U05353,2025-01-11T21:05:00,Android,Delhi,893.75,49.0
S008837,U05354,2025-04-07T21:41:00,Android,Mumbai,930.39,0.0
S008838,U05355,2025-06-26T15:18:00,iOS,Bengaluru,984.89,0.0
S008839,U05355,2025-05-05T07:00:00,iOS,Bengaluru,548.36,59.0
S008840,U05356,2025-01-27T10:00:00,Android,Delhi,699.26,0.0
S008841,U05356,2025-01-09T08:30:00,Android,Delhi,405.98,49.0
S008842,U05357,2025-02-07T13:15:00,Android,Kolkata,668.38,0.0
S008843,U05358,2025-05-07T07:44:00,Android,Bengaluru,545.26,39.0
S008844,U05359,2025-02-20T12:01:00,iOS,Kolkata,533.13,19.0
S008845,U05359,2025-06-01T10:59:00,iOS,Kolkata,739.26,39.0
S008846,U05359,2025-06-04T10:05:00,iOS,Kolkata,671.45,49.0
S008847,U05360,2025-03-12T19:33:00,Android,Kolkata,1000.76,19.0
S008848,U05360,2025-03-25T11:22:00,Android,Kolkata,1899.5,0.0
S008849,U05361,2025-02-06T22:25:00,iOS,Bengaluru,752.55,39.0
S008850,U05361,2025-04-24T10:26:00,iOS,Bengaluru,712.33,29.0
S008851,U05362,2025-05-15T21:57:00,iOS,Mumbai,965.88,29.0
S008852,U05363,2025-01-20T10:00:00,Android,Bengaluru,651.97,39.0
S008853,U05364,2025-03-24T22:02:00,Android,Mumbai,480.38,19.0
S008854,U05364,2025-06-20T13:52:00,Android,Mumbai,711.68,19.0
S008855,U05365,2025-01-28T08:52:00,Android,Kolkata,639.03,39.0
S008856,U05365,2025-03-19T22:33:00,Android,Kolkata,932.63,0.0
S008857,U05365,2025-01-03T09:23:00,Android,Kolkata,622.36,19.0
S008858,U05366,2025-04-14T08:22:00,iOS,Kolkata,660.7,39.0
S008859,U05367,2025-04-25T22:21:00,Android,Kolkata,566.35,59.0
S008860,U05368,2025-01-11T15:06:00,iOS,Bengaluru,1492.51,0.0
S008861,U05369,2025-05-14T13:49:00,iOS,Mumbai,1039.15,0.0
S008862,U05370,2025-04-29T18:23:00,Android,Bengaluru,707.56,49.0
S008863,U05371,2025-01-17T12:58:00,Android,Kolkata,1081.05,0.0
S008864,U05371,2025-05-21T11:27:00,Android,Kolkata,679.15,29.0
S008865,U05372,2025-04-15T13:28:00,iOS,Bengaluru,586.6,39.0
S008866,U05372,2025-03-07T14:54:00,iOS,Bengaluru,1117.68,0.0
S008867,U05373,2025-04-06T13:15:00,iOS,Bengaluru,659.15,59.0
S008868,U05373,2025-01-31T15:19:00,iOS,Bengaluru,809.65,39.0
S008869,U05374,2025-06-01T19:14:00,Android,Bengaluru,846.35,49.0
S008870,U05374,2025-03-22T15:14:00,Android,Bengaluru,936.45,0.0
S008871,U05375,2025-05-28T11:28:00,Android,Bengaluru,630.76,29.0
S008872,U05376,2025-05-21T14:52:00,Android,Bengaluru,924.24,0.0
S008873,U05377,2025-03-24T10:59:00,Android,Bengaluru,865.98,39.0
S008874,U05378,2025-04-19T22:53:00,iOS,Kolkata,380.9,59.0
S008875,U05379,2025-06-29T16:55:00,Android,Hyderabad,560.17,29.0
S008876,U05379,2025-06-06T21:29:00,Android,Hyderabad,930.63,0.0
S008877,U05380,2025-01-14T07:42:00,iOS,Bengaluru,772.96,19.0
S008878,U05380,2025-05-26T20:16:00,iOS,Bengaluru,738.26,29.0
S008879,U05381,2025-05-21T21:15:00,Android,Hyderabad,632.42,0.0
S008880,U05382,2025-02-20T22:22:00,iOS,Delhi,1310.65,0.0
S008881,U05383,2025-01-28T08:52:00,Android,Hyderabad,873.85,59.0
S008882,U05384,2025-06-24T10:29:00,iOS,Delhi,902.33,0.0
S008883,U05385,2025-02-11T21:13:00,Android,Mumbai,977.98,29.0
S008884,U05386,2025-01-13T18:03:00,iOS,Delhi,735.14,19.0
S008885,U05386,2025-02-26T22:22:00,iOS,Delhi,924.33,0.0
S008886,U05387,2025-05-17T13:10:00,Android,Bengaluru,807.15,39.0
S008887,U05388,2025-05-14T19:34:00,Android,Mumbai,932.36,0.0
S008888,U05388,2025-05-12T09:57:00,Android,Mumbai,573.21,39.0
S008889,U05389,2025-06-08T11:47:00,Android,Hyderabad,365.57,69.0
S008890,U05390,2025-06-21T11:58:00,Android,Hyderabad,841.22,59.0
S008891,U05390,2025-01-02T22:04:00,Android,Hyderabad,1394.23,0.0
S008892,U05391,2025-03-08T22:20:00,Android,Delhi,551.2,29.0
S008893,U05391,2025-03-23T13:54:00,Android,Delhi,484.64,0.0
S008894,U05392,2025-05-22T21:50:00,Android,Mumbai,801.01,49.0
S008895,U05393,2025-05-22T19:57:00,Android,Hyderabad,769.63,29.0
S008896,U05393,2025-03-06T19:56:00,Android,Hyderabad,1141.36,0.0
S008897,U05393,2025-03-28T07:02:00,Android,Hyderabad,1341.12,0.0
S008898,U05394,2025-05-22T14:55:00,Android,Bengaluru,705.93,29.0
S008899,U05395,2025-05-09T07:56:00,Android,Bengaluru,795.53,39.0
S008900,U05396,2025-01-11T12:18:00,Android,Delhi,770.8,69.0
S008901,U05396,2025-03-04T08:32:00,Android,Delhi,645.59,19.0
S008902,U05397,2025-04-20T22:22:00,Android,Bengaluru,652.74,49.0
S008903,U05398,2025-04-28T22:41:00,Android,Delhi,719.61,39.0
S008904,U05398,2025-02-23T19:57:00,Android,Delhi,647.28,49.0
S008905,U05399,2025-03-28T20:18:00,iOS,Bengaluru,739.79,29.0
S008906,U05400,2025-06-03T08:00:00,Android,Mumbai,380.41,59.0
S008907,U05401,2025-06-03T21:51:00,Android,Mumbai,566.68,29.0
S008908,U05401,2025-02-03T18:33:00,Android,Mumbai,568.74,59.0
S008909,U05401,2025-02-23T07:45:00,Android,Mumbai,538.0,29.0
S008910,U05402,2025-06-15T11:11:00,iOS,Hyderabad,483.62,29.0
S008911,U05402,2025-03-26T18:41:00,iOS,Hyderabad,1350.87,29.0
S008912,U05403,2025-04-11T22:58:00,iOS,Mumbai,1114.51,49.0
S008913,U05404,2025-01-02T14:17:00,Android,Delhi,824.29,39.0
S008914,U05404,2025-04-14T15:07:00,Android,Delhi,765.78,0.0
S008915,U05405,2025-05-28T09:13:00,Android,Kolkata,1316.76,0.0
S008916,U05406,2025-06-28T15:13:00,iOS,Hyderabad,1020.13,0.0
S008917,U05406,2025-01-26T12:51:00,iOS,Hyderabad,1116.31,0.0
S008918,U05406,2025-03-15T13:08:00,iOS,Hyderabad,1061.13,0.0
S008919,U05407,2025-06-22T09:05:00,iOS,Mumbai,736.04,49.0
S008920,U05408,2025-04-20T10:02:00,Android,Bengaluru,752.2,19.0
S008921,U05408,2025-03-23T15:28:00,Android,Bengaluru,340.59,29.0
S008922,U05409,2025-02-14T07:29:00,Android,Mumbai,417.57,69.0
S008923,U05410,2025-01-15T07:42:00,iOS,Mumbai,579.92,29.0
S008924,U05411,2025-01-01T13:53:00,iOS,Hyderabad,1347.4,69.0
S008925,U05412,2025-01-31T08:47:00,Android,Hyderabad,841.72,69.0
S008926,U05413,2025-03-31T10:12:00,Android,Kolkata,738.32,59.0
S008927,U05414,2025-05-14T10:00:00,Android,Kolkata,540.13,19.0
S008928,U05415,2025-06-07T17:41:00,Android,Mumbai,550.21,49.0
S008929,U05416,2025-05-27T10:58:00,Android,Kolkata,697.83,49.0
S008930,U05417,2025-05-24T10:33:00,Android,Kolkata,463.33,49.0
S008931,U05418,2025-05-21T08:23:00,Android,Bengaluru,764.8,69.0
S008932,U05418,2025-03-01T18:46:00,Android,Bengaluru,1030.19,29.0
S008933,U05418,2025-06-24T22:26:00,Android,Bengaluru,513.1,0.0
S008934,U05419,2025-04-17T16:03:00,Android,Mumbai,518.36,69.0
S008935,U05420,2025-05-11T17:22:00,iOS,Bengaluru,924.02,0.0
S008936,U05421,2025-06-29T09:32:00,iOS,Delhi,628.6,19.0
S008937,U05421,2025-03-17T15:43:00,iOS,Delhi,503.79,39.0
S008938,U05422,2025-06-17T20:18:00,iOS,Delhi,1139.82,49.0
S008939,U05423,2025-03-09T22:25:00,iOS,Mumbai,711.09,69.0
S008940,U05423,2025-06-27T10:01:00,iOS,Mumbai,978.05,0.0
S008941,U05424,2025-06-26T14:22:00,iOS,Bengaluru,599.43,29.0
S008942,U05425,2025-03-20T19:00:00,Android,Bengaluru,1397.89,49.0
S008943,U05426,2025-03-14T12:57:00,Android,Bengaluru,358.13,39.0
S008944,U05427,2025-04-21T19:57:00,iOS,Mumbai,783.56,59.0
S008945,U05427,2025-01-22T08:33:00,iOS,Mumbai,654.3,59.0
S008946,U05427,2025-01-28T08:09:00,iOS,Mumbai,368.39,29.0
S008947,U05428,2025-05-28T14:27:00,Android,Kolkata,740.47,29.0
S008948,U05429,2025-05-26T09:30:00,Android,Kolkata,913.85,0.0
S008949,U05429,2025-01-09T22:37:00,Android,Kolkata,604.73,69.0
S008950,U05429,2025-01-17T18:09:00,Android,Kolkata,279.42,39.0
S008951,U05430,2025-03-07T20:58:00,iOS,Delhi,2199.43,0.0
S008952,U05431,2025-06-10T17:49:00,Android,Delhi,1210.24,49.0
S008953,U05432,2025-04-28T19:39:00,iOS,Hyderabad,467.29,49.0
S008954,U05432,2025-01-08T10:40:00,iOS,Hyderabad,1157.72,0.0
S008955,U05433,2025-06-10T18:57:00,Android,Bengaluru,1189.8,0.0
S008956,U05434,2025-05-06T08:33:00,Android,Kolkata,829.29,19.0
S008957,U05435,2025-02-23T17:27:00,iOS,Hyderabad,530.34,49.0
S008958,U05436,2025-06-10T09:18:00,iOS,Mumbai,597.12,39.0
S008959,U05437,2025-04-23T17:40:00,Android,Bengaluru,459.24,49.0
S008960,U05438,2025-04-25T12:00:00,Android,Bengaluru,635.35,49.0
S008961,U05439,2025-04-15T21:47:00,Android,Mumbai,560.29,39.0
S008962,U05440,2025-06-01T08:57:00,Android,Delhi,972.67,0.0
S008963,U05440,2025-01-24T09:24:00,Android,Delhi,649.48,69.0
S008964,U05440,2025-04-08T09:16:00,Android,Delhi,708.98,59.0
S008965,U05441,2025-03-28T22:04:00,Android,Hyderabad,1703.84,0.0
S008966,U05442,2025-02-23T16:14:00,Android,Mumbai,331.77,19.0
S008967,U05442,2025-04-07T11:29:00,Android,Mumbai,673.05,29.0
S008968,U05443,2025-03-19T15:44:00,Android,Delhi,1472.71,49.0
S008969,U05444,2025-04-04T11:00:00,Android,Bengaluru,946.22,0.0
S008970,U05444,2025-05-29T13:08:00,Android,Bengaluru,873.74,19.0
S008971,U05445,2025-04-10T17:19:00,Android,Mumbai,801.34,39.0
S008972,U05446,2025-04-19T19:39:00,Android,Bengaluru,436.66,29.0
S008973,U05446,2025-06-14T07:07:00,Android,Bengaluru,739.58,69.0
S008974,U05447,2025-05-30T12:35:00,Android,Mumbai,656.0,49.0
S008975,U05447,2025-06-30T09:58:00,Android,Mumbai,794.4,49.0
S008976,U05448,2025-03-02T09:27:00,Android,Mumbai,430.38,29.0
S008977,U05449,2025-02-15T13:58:00,iOS,Hyderabad,515.71,29.0
S008978,U05449,2025-04-23T09:21:00,iOS,Hyderabad,652.56,59.0
S008979,U05450,2025-01-13T18:44:00,iOS,Delhi,350.3,59.0
S008980,U05450,2025-05-05T10:32:00,iOS,Delhi,610.0,39.0
S008981,U05451,2025-03-12T22:43:00,iOS,Delhi,574.42,29.0
S008982,U05452,2025-02-20T07:35:00,Android,Hyderabad,785.11,19.0
S008983,U05453,2025-01-10T10:16:00,iOS,Hyderabad,839.9,19.0
S008984,U05453,2025-06-12T16:57:00,iOS,Hyderabad,833.57,0.0
S008985,U05453,2025-03-14T22:09:00,iOS,Hyderabad,630.39,39.0
S008986,U05454,2025-06-09T16:28:00,Android,Hyderabad,1368.35,0.0
S008987,U05455,2025-05-14T08:16:00,Android,Mumbai,1183.09,0.0
S008988,U05455,2025-03-03T21:24:00,Android,Mumbai,438.39,39.0
S008989,U05456,2025-04-07T19:59:00,iOS,Kolkata,698.89,39.0
S008990,U05457,2025-05-01T13:26:00,Android,Bengaluru,420.18,0.0
S008991,U05458,2025-05-10T07:11:00,iOS,Delhi,841.68,59.0
S008992,U05459,2025-05-30T11:28:00,Android,Hyderabad,627.7,39.0
S008993,U05460,2025-05-18T13:22:00,Android,Bengaluru,520.03,29.0
S008994,U05461,2025-06-20T13:58:00,Android,Hyderabad,1045.03,0.0
S008995,U05462,2025-02-03T17:58:00,iOS,Delhi,445.6,49.0
S008996,U05463,2025-05-30T14:55:00,Android,Bengaluru,838.38,19.0
S008997,U05464,2025-04-10T08:44:00,Android,Bengaluru,851.78,39.0
S008998,U05464,2025-04-09T13:56:00,Android,Bengaluru,929.08,0.0
S008999,U05464,2025-04-28T07:59:00,Android,Bengaluru,913.0,0.0
S009000,U05465,2025-06-29T15:48:00,Android,Hyderabad,890.12,39.0
S009001,U05465,2025-05-04T11:18:00,Android,Hyderabad,576.78,19.0
S009002,U05466,2025-06-03T14:20:00,iOS,Hyderabad,712.52,29.0
S009003,U05467,2025-04-13T14:50:00,Android,Delhi,988.46,0.0
S009004,U05468,2025-01-12T07:47:00,iOS,Bengaluru,901.86,29.0
S009005,U05468,2025-04-16T16:48:00,iOS,Bengaluru,1142.05,0.0
S009006,U05469,2025-05-05T10:02:00,Android,Bengaluru,634.21,49.0
S009007,U05470,2025-05-02T12:25:00,Android,Bengaluru,580.13,39.0
S009008,U05471,2025-05-19T07:02:00,Android,Hyderabad,300.12,69.0
S009009,U05471,2025-06-08T11:29:00,Android,Hyderabad,571.55,59.0
S009010,U05471,2025-03-26T20:32:00,Android,Hyderabad,356.6,29.0
S009011,U05472,2025-01-15T22:53:00,iOS,Bengaluru,570.96,0.0
S009012,U05473,2025-06-12T14:24:00,Android,Bengaluru,749.38,39.0
S009013,U05473,2025-01-08T10:34:00,Android,Bengaluru,768.24,39.0
S009014,U05473,2025-04-25T22:21:00,Android,Bengaluru,499.3,19.0
S009015,U05473,2025-02-20T20:54:00,Android,Bengaluru,1300.35,29.0
S009016,U05474,2025-02-10T19:13:00,Android,Bengaluru,469.76,29.0
S009017,U05474,2025-04-15T12:35:00,Android,Bengaluru,373.8,29.0
S009018,U05475,2025-01-19T15:55:00,Android,Mumbai,355.8,69.0
S009019,U05475,2025-01-14T15:41:00,Android,Mumbai,543.88,59.0
S009020,U05476,2025-05-31T19:01:00,iOS,Hyderabad,573.79,59.0
S009021,U05477,2025-05-18T22:35:00,Android,Mumbai,541.42,0.0
S009022,U05477,2025-02-14T10:40:00,Android,Mumbai,724.76,0.0
S009023,U05478,2025-01-21T19:28:00,Android,Mumbai,901.74,0.0
S009024,U05478,2025-06-18T11:37:00,Android,Mumbai,537.15,49.0
S009025,U05479,2025-03-09T22:07:00,Android,Kolkata,712.57,49.0
S009026,U05479,2025-03-04T10:32:00,Android,Kolkata,375.04,39.0
S009027,U05479,2025-06-13T22:36:00,Android,Kolkata,1512.46,0.0
S009028,U05479,2025-02-15T21:22:00,Android,Kolkata,984.47,0.0
S009029,U05479,2025-06-25T15:14:00,Android,Kolkata,578.9,49.0
S009030,U05480,2025-01-01T18:42:00,Android,Delhi,686.04,49.0
S009031,U05480,2025-03-25T22:45:00,Android,Delhi,242.66,19.0
S009032,U05481,2025-04-11T13:00:00,iOS,Kolkata,1169.62,0.0
S009033,U05481,2025-03-09T12:17:00,iOS,Kolkata,942.24,0.0
S009034,U05482,2025-06-15T16:36:00,Android,Mumbai,1006.51,69.0
S009035,U05483,2025-05-28T19:19:00,iOS,Bengaluru,730.24,69.0
S009036,U05483,2025-02-27T11:17:00,iOS,Bengaluru,374.36,19.0
S009037,U05484,2025-02-02T21:48:00,iOS,Hyderabad,598.2,69.0
S009038,U05485,2025-01-29T07:02:00,Android,Mumbai,589.15,49.0
S009039,U05485,2025-06-16T09:41:00,Android,Mumbai,1172.76,0.0
S009040,U05485,2025-06-17T09:31:00,Android,Mumbai,460.83,39.0
S009041,U05486,2025-05-09T22:55:00,iOS,Mumbai,630.11,59.0
S009042,U05487,2025-01-15T09:01:00,Android,Bengaluru,719.41,19.0
S009043,U05487,2025-05-09T17:19:00,Android,Bengaluru,569.43,39.0
S009044,U05488,2025-04-05T13:13:00,Android,Delhi,1320.85,0.0
S009045,U05489,2025-05-13T13:21:00,Android,Kolkata,588.97,19.0
S009046,U05489,2025-05-28T19:14:00,Android,Kolkata,737.88,39.0
S009047,U05490,2025-06-26T22:43:00,iOS,Bengaluru,299.14,69.0
S009048,U05490,2025-06-13T14:57:00,iOS,Bengaluru,736.13,49.0
S009049,U05490,2025-03-17T08:26:00,iOS,Bengaluru,1097.33,29.0
S009050,U05490,2025-06-14T18:54:00,iOS,Bengaluru,668.16,39.0
S009051,U05491,2025-04-20T12:07:00,Android,Bengaluru,813.15,29.0
S009052,U05492,2025-05-24T07:46:00,iOS,Bengaluru,590.82,0.0
S009053,U05492,2025-04-19T19:15:00,iOS,Bengaluru,576.25,39.0
S009054,U05493,2025-03-02T13:54:00,Android,Mumbai,599.0,49.0
S009055,U05494,2025-06-24T07:38:00,Android,Hyderabad,1130.02,29.0
S009056,U05495,2025-01-02T16:31:00,iOS,Mumbai,926.17,0.0
S009057,U05496,2025-04-16T21:33:00,Android,Kolkata,681.48,19.0
S009058,U05497,2025-03-27T14:58:00,Android,Delhi,426.74,49.0
S009059,U05497,2025-01-10T12:31:00,Android,Delhi,544.35,59.0
S009060,U05498,2025-02-25T11:06:00,iOS,Delhi,982.77,19.0
S009061,U05498,2025-06-17T18:25:00,iOS,Delhi,672.3,29.0
S009062,U05498,2025-03-09T08:32:00,iOS,Delhi,529.18,39.0
S009063,U05498,2025-01-22T07:33:00,iOS,Delhi,608.19,29.0
S009064,U05499,2025-06-20T08:27:00,Android,Bengaluru,621.86,19.0
S009065,U05500,2025-02-26T07:48:00,iOS,Bengaluru,348.14,19.0
S009066,U05501,2025-01-03T20:22:00,iOS,Hyderabad,429.96,19.0
S009067,U05501,2025-05-02T12:08:00,iOS,Hyderabad,620.46,49.0
S009068,U05502,2025-01-03T12:26:00,Android,Bengaluru,1343.26,0.0
S009069,U05502,2025-06-28T13:33:00,Android,Bengaluru,706.29,19.0
S009070,U05503,2025-04-15T11:58:00,Android,Bengaluru,892.65,39.0
S009071,U05504,2025-05-24T21:03:00,iOS,Kolkata,565.79,39.0
S009072,U05505,2025-04-18T11:25:00,iOS,Mumbai,868.06,59.0
S009073,U05505,2025-01-03T08:00:00,iOS,Mumbai,788.35,39.0
S009074,U05505,2025-01-06T18:04:00,iOS,Mumbai,679.55,39.0
S009075,U05506,2025-02-08T17:17:00,Android,Bengaluru,491.31,49.0
S009076,U05507,2025-01-12T20:59:00,Android,Hyderabad,661.28,29.0
S009077,U05508,2025-04-12T16:36:00,Android,Mumbai,844.95,39.0
S009078,U05509,2025-02-24T16:28:00,Android,Hyderabad,793.05,49.0
S009079,U05509,2025-03-28T20:22:00,Android,Hyderabad,798.29,29.0
S009080,U05509,2025-06-08T21:49:00,Android,Hyderabad,1042.32,49.0
S009081,U05509,2025-06-19T17:44:00,Android,Hyderabad,740.09,19.0
S009082,U05509,2025-04-01T17:07:00,Android,Hyderabad,952.41,19.0
S009083,U05510,2025-01-29T17:09:00,Android,Hyderabad,480.23,49.0
S009084,U05511,2025-03-16T13:49:00,Android,Bengaluru,466.54,19.0
S009085,U05512,2025-04-24T16:17:00,Android,Bengaluru,581.11,49.0
S009086,U05513,2025-06-15T08:48:00,Android,Bengaluru,608.9,19.0
S009087,U05514,2025-05-05T22:29:00,iOS,Hyderabad,610.07,39.0
S009088,U05515,2025-04-23T09:15:00,Android,Mumbai,1060.23,0.0
S009089,U05516,2025-06-05T07:34:00,Android,Hyderabad,983.94,0.0
S009090,U05516,2025-04-08T20:35:00,Android,Hyderabad,1344.83,0.0
S009091,U05517,2025-02-25T18:07:00,Android,Mumbai,922.64,0.0
S009092,U05518,2025-04-09T07:42:00,Android,Delhi,983.71,0.0
S009093,U05518,2025-03-22T17:21:00,Android,Delhi,1144.26,39.0
S009094,U05519,2025-04-24T11:28:00,iOS,Bengaluru,610.59,49.0
S009095,U05520,2025-06-28T19:10:00,Android,Bengaluru,707.07,69.0
S009096,U05520,2025-01-24T19:08:00,Android,Bengaluru,412.53,69.0
S009097,U05521,2025-04-20T07:18:00,Android,Delhi,587.31,39.0
S009098,U05522,2025-02-04T07:50:00,iOS,Mumbai,814.76,29.0
S009099,U05523,2025-01-11T19:41:00,Android,Kolkata,541.93,49.0
S009100,U05524,2025-05-03T09:08:00,Android,Bengaluru,1006.73,0.0
S009101,U05524,2025-06-02T10:19:00,Android,Bengaluru,1082.65,0.0
S009102,U05524,2025-02-13T19:09:00,Android,Bengaluru,973.51,29.0
S009103,U05524,2025-06-16T20:23:00,Android,Bengaluru,599.97,49.0
S009104,U05524,2025-02-18T19:31:00,Android,Bengaluru,562.19,19.0
S009105,U05525,2025-03-21T18:58:00,iOS,Mumbai,479.44,59.0
S009106,U05526,2025-03-12T21:26:00,iOS,Bengaluru,1082.68,29.0
S009107,U05526,2025-05-29T22:50:00,iOS,Bengaluru,718.22,29.0
S009108,U05527,2025-03-12T20:28:00,Android,Hyderabad,570.51,39.0
S009109,U05528,2025-02-26T22:05:00,Android,Bengaluru,551.36,49.0
S009110,U05529,2025-05-01T18:11:00,Android,Mumbai,1178.79,39.0
S009111,U05530,2025-04-27T13:34:00,Android,Bengaluru,915.3,0.0
S009112,U05531,2025-03-20T14:30:00,Android,Bengaluru,501.63,19.0
S009113,U05531,2025-01-15T09:30:00,Android,Bengaluru,944.55,0.0
S009114,U05532,2025-05-15T07:05:00,iOS,Mumbai,1559.29,0.0
S009115,U05532,2025-05-04T21:40:00,iOS,Mumbai,1231.14,0.0
S009116,U05533,2025-02-19T18:02:00,Android,Delhi,1469.91,0.0
S009117,U05534,2025-04-12T09:34:00,iOS,Delhi,869.65,39.0
S009118,U05535,2025-05-18T16:06:00,iOS,Delhi,386.93,59.0
S009119,U05536,2025-06-11T11:23:00,iOS,Kolkata,835.14,29.0
S009120,U05536,2025-05-16T16:11:00,iOS,Kolkata,1068.49,0.0
S009121,U05536,2025-04-27T15:19:00,iOS,Kolkata,422.81,49.0
S009122,U05537,2025-03-09T21:15:00,iOS,Delhi,1041.95,49.0
S009123,U05537,2025-01-02T08:06:00,iOS,Delhi,334.28,39.0
S009124,U05538,2025-03-08T13:48:00,Android,Mumbai,715.52,59.0
S009125,U05538,2025-03-06T14:06:00,Android,Mumbai,510.07,29.0
S009126,U05538,2025-06-04T08:17:00,Android,Mumbai,440.57,49.0
S009127,U05539,2025-06-01T12:38:00,Android,Hyderabad,394.86,69.0
S009128,U05540,2025-05-30T20:55:00,Android,Mumbai,272.33,0.0
S009129,U05540,2025-06-24T09:45:00,Android,Mumbai,449.43,49.0
S009130,U05541,2025-02-01T13:22:00,Android,Delhi,779.55,49.0
S009131,U05542,2025-05-18T11:15:00,Android,Mumbai,637.79,59.0
S009132,U05542,2025-02-18T08:02:00,Android,Mumbai,328.8,29.0
S009133,U05543,2025-04-14T21:23:00,iOS,Bengaluru,389.14,39.0
S009134,U05543,2025-05-13T18:19:00,iOS,Bengaluru,1636.27,0.0
S009135,U05543,2025-05-17T18:19:00,iOS,Bengaluru,826.71,29.0
S009136,U05544,2025-05-01T20:03:00,Android,Mumbai,632.05,0.0
S009137,U05544,2025-06-09T19:16:00,Android,Mumbai,1101.24,19.0
S009138,U05544,2025-02-05T08:38:00,Android,Mumbai,926.01,0.0
S009139,U05545,2025-01-02T08:51:00,Android,Delhi,586.06,0.0
S009140,U05545,2025-02-23T18:57:00,Android,Delhi,930.69,39.0
S009141,U05546,2025-03-15T20:27:00,iOS,Hyderabad,1219.61,0.0
S009142,U05547,2025-06-25T11:33:00,Android,Hyderabad,2188.28,39.0
S009143,U05548,2025-01-18T22:31:00,Android,Bengaluru,651.25,49.0
S009144,U05548,2025-01-15T17:03:00,Android,Bengaluru,1072.46,0.0
S009145,U05548,2025-01-30T10:42:00,Android,Bengaluru,994.14,0.0
S009146,U05549,2025-03-13T21:05:00,Android,Bengaluru,640.69,19.0
S009147,U05549,2025-04-20T17:14:00,Android,Bengaluru,830.46,49.0
S009148,U05549,2025-04-16T17:05:00,Android,Bengaluru,1105.44,0.0
S009149,U05550,2025-06-04T08:45:00,Android,Delhi,333.42,59.0
S009150,U05551,2025-02-25T19:48:00,iOS,Mumbai,636.43,59.0
S009151,U05552,2025-04-12T10:48:00,Android,Delhi,320.06,19.0
S009152,U05552,2025-01-26T21:01:00,Android,Delhi,509.13,39.0
S009153,U05552,2025-06-14T18:21:00,Android,Delhi,512.35,49.0
S009154,U05553,2025-02-02T09:19:00,Android,Mumbai,1422.87,29.0
S009155,U05554,2025-02-23T08:42:00,Android,Mumbai,826.41,29.0
S009156,U05555,2025-05-04T07:11:00,Android,Kolkata,609.51,29.0
S009157,U05555,2025-02-15T21:38:00,Android,Kolkata,573.18,29.0
S009158,U05555,2025-06-24T08:56:00,Android,Kolkata,506.02,49.0
S009159,U05555,2025-04-20T20:08:00,Android,Kolkata,1671.2,29.0
S009160,U05556,2025-01-26T16:31:00,Android,Delhi,872.94,59.0
S009161,U05556,2025-02-02T10:45:00,Android,Delhi,350.03,39.0
S009162,U05556,2025-05-22T07:12:00,Android,Delhi,541.94,29.0
S009163,U05557,2025-06-20T14:36:00,Android,Bengaluru,774.81,29.0
S009164,U05558,2025-06-20T22:17:00,iOS,Delhi,417.61,59.0
S009165,U05559,2025-05-14T12:10:00,iOS,Mumbai,800.67,59.0
S009166,U05559,2025-04-29T18:59:00,iOS,Mumbai,807.94,29.0
S009167,U05560,2025-02-14T21:10:00,Android,Bengaluru,741.59,29.0
S009168,U05561,2025-01-06T10:52:00,Android,Delhi,723.41,39.0
S009169,U05561,2025-03-11T07:36:00,Android,Delhi,773.72,39.0
S009170,U05562,2025-02-05T09:26:00,iOS,Delhi,995.68,29.0
S009171,U05563,2025-04-18T16:17:00,Android,Hyderabad,1482.42,0.0
S009172,U05564,2025-01-05T19:37:00,Android,Kolkata,755.14,0.0
S009173,U05564,2025-02-19T18:21:00,Android,Kolkata,605.53,19.0
S009174,U05565,2025-06-12T13:53:00,Android,Delhi,488.93,49.0
S009175,U05565,2025-01-19T13:58:00,Android,Delhi,850.37,39.0
S009176,U05565,2025-02-23T09:20:00,Android,Delhi,565.61,0.0
S009177,U05566,2025-03-21T21:02:00,Android,Bengaluru,526.5,49.0
S009178,U05566,2025-04-01T18:58:00,Android,Bengaluru,697.35,39.0
S009179,U05567,2025-01-21T20:31:00,iOS,Delhi,876.27,29.0
S009180,U05567,2025-02-26T21:34:00,iOS,Delhi,689.93,29.0
S009181,U05568,2025-02-01T21:13:00,Android,Delhi,1229.52,0.0
S009182,U05569,2025-03-24T19:27:00,iOS,Kolkata,514.08,29.0
S009183,U05570,2025-01-16T12:37:00,iOS,Delhi,1650.71,0.0
S009184,U05570,2025-01-20T18:51:00,iOS,Delhi,1036.63,0.0
S009185,U05571,2025-03-07T17:08:00,iOS,Mumbai,466.96,39.0
S009186,U05571,2025-03-08T15:15:00,iOS,Mumbai,537.04,49.0
S009187,U05572,2025-06-12T11:19:00,iOS,Kolkata,504.59,29.0
S009188,U05573,2025-04-19T17:19:00,iOS,Mumbai,744.79,59.0
S009189,U05574,2025-02-21T14:17:00,Android,Bengaluru,983.14,59.0
S009190,U05574,2025-05-25T07:01:00,Android,Bengaluru,1723.67,0.0
S009191,U05575,2025-03-29T07:04:00,iOS,Mumbai,641.42,39.0
S009192,U05576,2025-04-04T08:12:00,Android,Delhi,1356.15,0.0
S009193,U05576,2025-06-16T11:58:00,Android,Delhi,711.96,39.0
S009194,U05577,2025-06-08T21:49:00,iOS,Delhi,500.94,39.0
S009195,U05577,2025-04-27T17:54:00,iOS,Delhi,538.8,39.0
S009196,U05577,2025-01-07T08:53:00,iOS,Delhi,837.69,59.0
S009197,U05578,2025-05-10T09:50:00,Android,Kolkata,1074.5,0.0
S009198,U05578,2025-02-07T15:08:00,Android,Kolkata,407.11,0.0
S009199,U05579,2025-03-15T22:35:00,Android,Delhi,511.76,29.0
S009200,U05580,2025-04-12T21:02:00,Android,Delhi,850.11,29.0
S009201,U05580,2025-04-27T22:48:00,Android,Delhi,949.83,0.0
S009202,U05581,2025-02-28T20:39:00,Android,Bengaluru,742.27,0.0
S009203,U05582,2025-05-09T22:27:00,Android,Bengaluru,786.08,19.0
S009204,U05583,2025-03-23T18:41:00,Android,Mumbai,646.52,69.0
S009205,U05584,2025-01-18T13:16:00,Android,Hyderabad,636.74,59.0
S009206,U05585,2025-01-12T11:33:00,Android,Mumbai,1345.83,0.0
S009207,U05586,2025-06-17T20:57:00,Android,Delhi,1351.31,0.0
S009208,U05586,2025-03-27T08:08:00,Android,Delhi,664.14,49.0
S009209,U05587,2025-02-22T17:35:00,Android,Bengaluru,756.79,29.0
S009210,U05587,2025-03-13T10:51:00,Android,Bengaluru,962.0,0.0
S009211,U05588,2025-02-25T15:39:00,Android,Delhi,701.43,29.0
S009212,U05588,2025-05-16T22:03:00,Android,Delhi,339.23,39.0
S009213,U05589,2025-03-23T12:00:00,Android,Mumbai,1074.05,0.0
S009214,U05589,2025-02-17T15:33:00,Android,Mumbai,610.11,19.0
S009215,U05590,2025-01-02T20:21:00,Android,Hyderabad,1102.37,0.0
S009216,U05590,2025-03-26T21:08:00,Android,Hyderabad,1829.56,39.0
S009217,U05590,2025-05-03T17:21:00,Android,Hyderabad,1271.17,39.0
S009218,U05590,2025-02-22T22:16:00,Android,Hyderabad,556.37,39.0
S009219,U05590,2025-02-07T22:14:00,Android,Hyderabad,549.2,39.0
S009220,U05591,2025-01-26T08:44:00,Android,Mumbai,1438.51,0.0
S009221,U05592,2025-04-07T19:38:00,iOS,Kolkata,1053.05,0.0
S009222,U05592,2025-04-21T22:03:00,iOS,Kolkata,1065.8,0.0
S009223,U05593,2025-06-02T07:27:00,Android,Hyderabad,599.37,29.0
S009224,U05593,2025-05-27T10:16:00,Android,Hyderabad,1046.5,0.0
S009225,U05594,2025-04-25T18:39:00,Android,Delhi,1131.9,39.0
S009226,U05594,2025-03-25T13:27:00,Android,Delhi,584.24,19.0
S009227,U05595,2025-04-16T10:45:00,Android,Mumbai,702.63,0.0
S009228,U05595,2025-05-06T12:48:00,Android,Mumbai,729.05,39.0
S009229,U05595,2025-06-07T13:33:00,Android,Mumbai,1244.02,49.0
S009230,U05596,2025-06-19T09:41:00,iOS,Hyderabad,1136.01,59.0
S009231,U05596,2025-03-22T16:54:00,iOS,Hyderabad,523.96,29.0
S009232,U05597,2025-04-23T09:16:00,Android,Kolkata,588.3,49.0
S009233,U05597,2025-01-27T12:31:00,Android,Kolkata,637.43,0.0
S009234,U05598,2025-02-14T09:25:00,Android,Delhi,386.99,59.0
S009235,U05599,2025-06-05T12:40:00,Android,Mumbai,426.58,29.0
S009236,U05599,2025-05-08T12:38:00,Android,Mumbai,806.66,19.0
S009237,U05600,2025-06-17T22:15:00,Android,Delhi,424.61,49.0
S009238,U05601,2025-02-05T17:00:00,Android,Hyderabad,978.2,0.0
S009239,U05602,2025-02-13T20:48:00,iOS,Kolkata,962.22,0.0
S009240,U05603,2025-02-26T11:22:00,iOS,Kolkata,728.27,39.0
S009241,U05603,2025-02-27T21:27:00,iOS,Kolkata,645.47,69.0
S009242,U05604,2025-06-10T08:45:00,Android,Bengaluru,743.04,39.0
S009243,U05604,2025-06-23T07:25:00,Android,Bengaluru,661.08,49.0
S009244,U05605,2025-02-04T16:09:00,Android,Bengaluru,609.66,29.0
S009245,U05606,2025-05-30T12:43:00,Android,Hyderabad,849.77,0.0
S009246,U05607,2025-01-16T20:06:00,iOS,Mumbai,1014.48,0.0
S009247,U05608,2025-06-17T22:24:00,iOS,Kolkata,697.03,19.0
S009248,U05609,2025-02-06T12:52:00,Android,Delhi,477.98,29.0
S009249,U05609,2025-02-16T21:20:00,Android,Delhi,692.44,29.0
S009250,U05610,2025-04-02T17:04:00,Android,Hyderabad,649.39,0.0
S009251,U05610,2025-05-28T20:32:00,Android,Hyderabad,2327.28,0.0
S009252,U05611,2025-06-12T17:25:00,Android,Hyderabad,271.52,69.0
S009253,U05612,2025-02-23T07:37:00,iOS,Bengaluru,636.28,29.0
S009254,U05613,2025-06-29T17:17:00,Android,Bengaluru,349.38,49.0
S009255,U05613,2025-04-26T13:46:00,Android,Bengaluru,499.08,39.0
S009256,U05614,2025-02-05T13:22:00,Android,Hyderabad,1328.18,0.0
S009257,U05614,2025-04-07T18:35:00,Android,Hyderabad,829.58,49.0
S009258,U05615,2025-04-13T14:20:00,Android,Bengaluru,624.68,69.0
S009259,U05615,2025-06-13T16:47:00,Android,Bengaluru,846.62,59.0
S009260,U05615,2025-04-08T12:43:00,Android,Bengaluru,701.6,29.0
S009261,U05616,2025-06-06T08:35:00,Android,Hyderabad,387.86,49.0
S009262,U05616,2025-05-24T09:45:00,Android,Hyderabad,602.07,19.0
S009263,U05617,2025-01-27T13:06:00,iOS,Mumbai,1288.25,0.0
S009264,U05618,2025-03-17T20:11:00,Android,Delhi,981.19,0.0
S009265,U05619,2025-03-04T14:41:00,Android,Delhi,782.13,59.0
S009266,U05619,2025-04-28T07:47:00,Android,Delhi,583.66,39.0
S009267,U05619,2025-02-01T21:28:00,Android,Delhi,812.07,29.0
S009268,U05619,2025-02-07T13:12:00,Android,Delhi,450.78,0.0
S009269,U05620,2025-05-02T15:26:00,Android,Kolkata,463.23,29.0
S009270,U05621,2025-02-06T11:24:00,Android,Hyderabad,552.8,39.0
S009271,U05622,2025-02-09T07:46:00,Android,Hyderabad,544.04,39.0
S009272,U05623,2025-03-17T16:03:00,iOS,Hyderabad,630.76,59.0
S009273,U05624,2025-04-20T09:22:00,Android,Mumbai,1388.04,39.0
S009274,U05625,2025-01-25T08:23:00,Android,Kolkata,1226.18,0.0
S009275,U05626,2025-01-05T22:00:00,Android,Mumbai,725.41,69.0
S009276,U05626,2025-04-22T17:38:00,Android,Mumbai,1922.46,0.0
S009277,U05626,2025-03-08T17:47:00,Android,Mumbai,563.22,59.0
S009278,U05627,2025-02-27T18:05:00,Android,Mumbai,1126.96,0.0
S009279,U05628,2025-04-08T22:16:00,iOS,Delhi,388.27,19.0
S009280,U05629,2025-06-29T11:19:00,Android,Delhi,862.4,39.0
S009281,U05630,2025-06-19T08:13:00,iOS,Hyderabad,560.27,19.0
S009282,U05630,2025-05-18T21:16:00,iOS,Hyderabad,568.83,29.0
S009283,U05631,2025-05-18T19:00:00,iOS,Delhi,839.13,39.0
S009284,U05632,2025-06-13T08:27:00,iOS,Hyderabad,522.3,59.0
S009285,U05633,2025-01-06T19:51:00,Android,Kolkata,688.74,19.0
S009286,U05633,2025-04-07T17:47:00,Android,Kolkata,388.5,49.0
S009287,U05634,2025-01-24T09:46:00,Android,Delhi,373.88,39.0
S009288,U05635,2025-02-24T18:36:00,iOS,Bengaluru,840.72,69.0
S009289,U05635,2025-04-01T19:33:00,iOS,Bengaluru,449.54,29.0
S009290,U05636,2025-05-29T09:57:00,iOS,Mumbai,773.38,59.0
S009291,U05637,2025-04-12T19:31:00,Android,Bengaluru,576.22,0.0
S009292,U05638,2025-03-19T22:49:00,iOS,Hyderabad,488.56,59.0
S009293,U05638,2025-01-23T12:14:00,iOS,Hyderabad,655.4,29.0
S009294,U05639,2025-02-28T21:08:00,Android,Mumbai,1235.65,0.0
S009295,U05640,2025-01-18T17:15:00,Android,Mumbai,1356.52,29.0
S009296,U05640,2025-05-09T21:35:00,Android,Mumbai,642.95,39.0
S009297,U05641,2025-06-22T17:54:00,Android,Mumbai,1036.99,0.0
S009298,U05641,2025-05-21T14:45:00,Android,Mumbai,797.25,39.0
S009299,U05642,2025-04-14T22:36:00,Android,Mumbai,493.1,0.0
S009300,U05642,2025-04-12T12:14:00,Android,Mumbai,1088.88,0.0
S009301,U05642,2025-04-27T21:35:00,Android,Mumbai,579.2,29.0
S009302,U05642,2025-01-10T17:42:00,Android,Mumbai,1285.29,0.0
S009303,U05643,2025-01-26T09:29:00,Android,Delhi,1028.71,0.0
S009304,U05644,2025-03-10T20:40:00,Android,Delhi,565.33,59.0
S009305,U05645,2025-02-01T12:53:00,Android,Delhi,633.99,29.0
S009306,U05645,2025-01-03T13:02:00,Android,Delhi,1285.21,0.0
S009307,U05646,2025-03-18T19:12:00,Android,Kolkata,402.68,49.0
S009308,U05646,2025-04-22T22:17:00,Android,Kolkata,464.07,49.0
S009309,U05647,2025-03-06T14:28:00,iOS,Bengaluru,1217.7,29.0
S009310,U05647,2025-02-26T16:14:00,iOS,Bengaluru,733.86,39.0
S009311,U05647,2025-05-29T20:50:00,iOS,Bengaluru,587.7,39.0
S009312,U05647,2025-02-19T18:00:00,iOS,Bengaluru,743.46,39.0
S009313,U05648,2025-04-08T13:36:00,Android,Delhi,537.99,0.0
S009314,U05649,2025-03-07T19:49:00,Android,Bengaluru,622.19,59.0
S009315,U05649,2025-05-12T11:27:00,Android,Bengaluru,784.77,69.0
S009316,U05649,2025-04-04T22:46:00,Android,Bengaluru,433.16,0.0
S009317,U05650,2025-04-04T16:53:00,Android,Delhi,742.53,39.0
S009318,U05651,2025-02-11T11:27:00,Android,Bengaluru,1029.36,0.0
S009319,U05652,2025-06-01T16:30:00,Android,Hyderabad,596.77,49.0
S009320,U05653,2025-02-13T07:54:00,Android,Bengaluru,868.04,19.0
S009321,U05654,2025-01-14T13:59:00,iOS,Mumbai,972.68,0.0
S009322,U05654,2025-04-02T19:01:00,iOS,Mumbai,1105.28,0.0
S009323,U05655,2025-05-09T21:14:00,Android,Delhi,792.16,29.0
S009324,U05656,2025-03-30T11:08:00,Android,Delhi,524.1,19.0
S009325,U05657,2025-02-05T16:10:00,Android,Bengaluru,591.11,59.0
S009326,U05658,2025-01-28T08:03:00,Android,Hyderabad,544.29,29.0
S009327,U05658,2025-04-26T19:21:00,Android,Hyderabad,457.44,39.0
S009328,U05658,2025-04-27T21:31:00,Android,Hyderabad,761.48,29.0
S009329,U05658,2025-06-30T22:41:00,Android,Hyderabad,830.24,49.0
S009330,U05659,2025-05-07T18:20:00,Android,Kolkata,1099.52,39.0
S009331,U05660,2025-01-21T18:13:00,Android,Bengaluru,951.75,39.0
S009332,U05660,2025-02-14T14:41:00,Android,Bengaluru,611.61,19.0
S009333,U05661,2025-01-05T13:57:00,Android,Kolkata,1153.44,0.0
S009334,U05662,2025-05-03T14:23:00,iOS,Delhi,563.47,39.0
S009335,U05663,2025-02-19T13:14:00,Android,Mumbai,606.78,59.0
S009336,U05664,2025-04-05T07:44:00,Android,Hyderabad,903.13,0.0
S009337,U05665,2025-05-23T17:41:00,Android,Bengaluru,759.89,49.0
S009338,U05666,2025-01-01T08:44:00,Android,Delhi,1779.46,0.0
S009339,U05666,2025-03-09T12:03:00,Android,Delhi,858.53,49.0
S009340,U05667,2025-01-11T08:51:00,iOS,Bengaluru,843.58,49.0
S009341,U05668,2025-06-01T10:00:00,Android,Hyderabad,723.44,59.0
S009342,U05669,2025-04-11T15:50:00,iOS,Delhi,490.43,29.0
S009343,U05670,2025-01-03T11:07:00,Android,Kolkata,798.97,19.0
S009344,U05671,2025-03-22T15:33:00,Android,Delhi,1255.52,69.0
S009345,U05671,2025-06-08T12:43:00,Android,Delhi,532.76,39.0
S009346,U05672,2025-03-29T16:57:00,Android,Kolkata,570.83,0.0
S009347,U05672,2025-01-22T11:07:00,Android,Kolkata,405.5,59.0
S009348,U05672,2025-01-12T12:29:00,Android,Kolkata,1034.9,0.0
S009349,U05673,2025-04-29T21:38:00,iOS,Bengaluru,1150.18,29.0
S009350,U05674,2025-01-10T11:39:00,Android,Mumbai,564.04,39.0
S009351,U05674,2025-06-18T12:11:00,Android,Mumbai,761.77,19.0
S009352,U05675,2025-03-25T10:44:00,iOS,Delhi,861.37,69.0
S009353,U05676,2025-04-11T13:10:00,Android,Bengaluru,629.71,49.0
S009354,U05676,2025-03-01T14:34:00,Android,Bengaluru,1066.3,0.0
S009355,U05676,2025-05-10T11:43:00,Android,Bengaluru,601.14,19.0
S009356,U05677,2025-06-30T21:57:00,Android,Bengaluru,473.78,19.0
S009357,U05678,2025-02-04T18:27:00,Android,Mumbai,788.11,39.0
S009358,U05678,2025-05-24T12:22:00,Android,Mumbai,765.75,49.0
S009359,U05679,2025-06-02T09:24:00,Android,Bengaluru,569.17,49.0
S009360,U05679,2025-02-15T13:19:00,Android,Bengaluru,877.23,59.0
S009361,U05679,2025-01-30T15:56:00,Android,Bengaluru,553.23,39.0
S009362,U05680,2025-03-04T19:52:00,Android,Mumbai,683.18,39.0
S009363,U05681,2025-06-07T09:51:00,Android,Kolkata,542.8,59.0
S009364,U05681,2025-06-08T11:56:00,Android,Kolkata,607.19,69.0
S009365,U05681,2025-05-27T15:19:00,Android,Kolkata,1391.04,0.0
S009366,U05682,2025-04-25T12:00:00,iOS,Delhi,1150.06,39.0
S009367,U05683,2025-05-17T10:12:00,Android,Bengaluru,752.39,59.0
S009368,U05684,2025-03-01T12:18:00,Android,Bengaluru,1172.98,39.0
S009369,U05684,2025-05-18T07:39:00,Android,Bengaluru,431.18,49.0
S009370,U05685,2025-04-28T08:45:00,Android,Bengaluru,1061.77,49.0
S009371,U05686,2025-04-19T07:47:00,Android,Delhi,1508.5,0.0
S009372,U05687,2025-02-10T19:34:00,Android,Hyderabad,1456.18,0.0
S009373,U05688,2025-01-20T08:21:00,Android,Delhi,652.12,19.0
S009374,U05688,2025-02-21T17:58:00,Android,Delhi,523.57,39.0
S009375,U05689,2025-04-07T09:29:00,Android,Bengaluru,560.31,49.0
S009376,U05690,2025-05-26T12:08:00,Android,Mumbai,977.05,0.0
S009377,U05691,2025-01-08T11:21:00,Android,Delhi,892.79,0.0
S009378,U05692,2025-06-20T09:08:00,iOS,Mumbai,889.72,59.0
S009379,U05693,2025-02-28T12:11:00,Android,Kolkata,1076.52,0.0
S009380,U05694,2025-05-21T17:00:00,Android,Delhi,725.72,39.0
S009381,U05694,2025-05-07T08:55:00,Android,Delhi,457.94,69.0
S009382,U05694,2025-05-31T20:36:00,Android,Delhi,521.22,39.0
S009383,U05695,2025-06-30T09:39:00,iOS,Mumbai,485.21,39.0
S009384,U05695,2025-03-03T21:40:00,iOS,Mumbai,925.9,0.0
S009385,U05695,2025-02-12T21:43:00,iOS,Mumbai,2042.22,0.0
S009386,U05696,2025-06-08T19:14:00,Android,Hyderabad,929.02,0.0
S009387,U05697,2025-06-20T10:29:00,Android,Hyderabad,807.07,29.0
S009388,U05698,2025-04-05T15:24:00,Android,Hyderabad,564.87,49.0
S009389,U05698,2025-02-17T14:29:00,Android,Hyderabad,1081.54,0.0
S009390,U05698,2025-02-08T15:27:00,Android,Hyderabad,502.47,39.0
S009391,U05699,2025-04-08T17:28:00,Android,Hyderabad,1032.13,0.0
S009392,U05700,2025-05-09T09:23:00,Android,Mumbai,773.13,19.0
S009393,U05701,2025-02-08T17:34:00,Android,Mumbai,1191.26,0.0
S009394,U05701,2025-03-17T20:36:00,Android,Mumbai,829.3,29.0
S009395,U05702,2025-03-12T20:03:00,Android,Hyderabad,417.46,29.0
S009396,U05702,2025-04-04T18:34:00,Android,Hyderabad,1100.07,0.0
S009397,U05703,2025-02-13T14:56:00,Android,Hyderabad,929.18,0.0
S009398,U05704,2025-06-11T21:20:00,Android,Mumbai,1370.91,0.0
S009399,U05705,2025-01-14T08:40:00,Android,Delhi,548.92,49.0
S009400,U05705,2025-01-08T21:49:00,Android,Delhi,538.79,29.0
S009401,U05705,2025-06-26T15:27:00,Android,Delhi,1183.54,0.0
S009402,U05706,2025-06-09T16:36:00,Android,Hyderabad,1017.99,19.0
S009403,U05706,2025-03-17T15:51:00,Android,Hyderabad,709.21,0.0
S009404,U05707,2025-04-03T16:04:00,Android,Bengaluru,592.15,19.0
S009405,U05707,2025-03-16T16:34:00,Android,Bengaluru,1057.24,0.0
S009406,U05707,2025-03-10T19:01:00,Android,Bengaluru,512.4,0.0
S009407,U05708,2025-06-11T20:34:00,iOS,Bengaluru,777.51,49.0
S009408,U05708,2025-05-18T13:27:00,iOS,Bengaluru,780.25,19.0
S009409,U05709,2025-02-20T13:50:00,Android,Delhi,521.18,29.0
S009410,U05709,2025-03-24T11:44:00,Android,Delhi,683.54,49.0
S009411,U05710,2025-04-04T20:28:00,iOS,Bengaluru,825.92,49.0
S009412,U05710,2025-03-22T08:13:00,iOS,Bengaluru,368.16,19.0
S009413,U05711,2025-03-21T17:27:00,Android,Mumbai,1040.72,49.0
S009414,U05712,2025-05-02T12:20:00,Android,Bengaluru,327.52,39.0
S009415,U05712,2025-04-04T10:52:00,Android,Bengaluru,367.7,49.0
S009416,U05713,2025-01-17T21:55:00,Android,Mumbai,991.65,0.0
S009417,U05714,2025-02-11T09:39:00,Android,Mumbai,694.78,19.0
S009418,U05715,2025-05-17T08:53:00,Android,Bengaluru,721.57,49.0
S009419,U05715,2025-01-03T13:17:00,Android,Bengaluru,772.49,39.0
S009420,U05716,2025-05-08T22:31:00,Android,Bengaluru,711.72,19.0
S009421,U05717,2025-03-31T14:06:00,iOS,Mumbai,311.36,49.0
S009422,U05717,2025-04-01T11:23:00,iOS,Mumbai,725.27,39.0
S009423,U05718,2025-03-27T18:05:00,iOS,Hyderabad,482.8,29.0
S009424,U05718,2025-02-06T16:10:00,iOS,Hyderabad,964.6,0.0
S009425,U05719,2025-05-07T17:09:00,iOS,Delhi,660.73,19.0
S009426,U05719,2025-04-26T19:55:00,iOS,Delhi,766.37,29.0
S009427,U05720,2025-05-04T15:30:00,Android,Bengaluru,800.95,19.0
S009428,U05721,2025-05-08T14:57:00,Android,Delhi,870.71,19.0
S009429,U05721,2025-04-10T22:57:00,Android,Delhi,787.52,39.0
S009430,U05721,2025-06-30T21:53:00,Android,Delhi,982.84,0.0
S009431,U05722,2025-01-12T09:28:00,iOS,Bengaluru,917.09,0.0
S009432,U05723,2025-06-05T18:29:00,Android,Bengaluru,656.54,49.0
S009433,U05723,2025-02-13T07:59:00,Android,Bengaluru,388.76,39.0
S009434,U05724,2025-04-30T22:30:00,Android,Kolkata,543.77,59.0
S009435,U05725,2025-03-25T19:46:00,Android,Bengaluru,1106.25,0.0
S009436,U05725,2025-02-17T13:27:00,Android,Bengaluru,1158.6,0.0
S009437,U05725,2025-01-09T22:06:00,Android,Bengaluru,630.58,69.0
S009438,U05726,2025-01-29T20:55:00,Android,Bengaluru,679.08,39.0
S009439,U05726,2025-06-15T18:39:00,Android,Bengaluru,1087.56,0.0
S009440,U05726,2025-03-18T08:07:00,Android,Bengaluru,823.89,59.0
S009441,U05726,2025-05-28T13:01:00,Android,Bengaluru,473.12,59.0
S009442,U05727,2025-01-24T22:13:00,Android,Kolkata,593.35,39.0
S009443,U05727,2025-02-06T22:39:00,Android,Kolkata,802.39,39.0
S009444,U05728,2025-01-22T19:32:00,Android,Mumbai,443.95,29.0
S009445,U05729,2025-05-26T12:19:00,Android,Delhi,873.12,19.0
S009446,U05729,2025-06-09T16:43:00,Android,Delhi,1046.58,49.0
S009447,U05729,2025-05-21T11:19:00,Android,Delhi,481.67,29.0
S009448,U05729,2025-03-24T08:46:00,Android,Delhi,366.2,29.0
S009449,U05730,2025-01-17T15:18:00,iOS,Mumbai,603.02,19.0
S009450,U05731,2025-05-05T21:10:00,Android,Kolkata,670.23,0.0
S009451,U05732,2025-06-21T14:51:00,Android,Bengaluru,779.1,29.0
S009452,U05732,2025-05-10T13:15:00,Android,Bengaluru,802.18,49.0
S009453,U05733,2025-02-18T15:12:00,Android,Bengaluru,1948.16,59.0
S009454,U05733,2025-05-07T11:43:00,Android,Bengaluru,1156.48,69.0
S009455,U05733,2025-01-07T21:22:00,Android,Bengaluru,750.08,39.0
S009456,U05734,2025-04-02T11:37:00,iOS,Kolkata,834.77,39.0
S009457,U05735,2025-06-06T14:01:00,Android,Hyderabad,731.4,49.0
S009458,U05735,2025-06-03T07:34:00,Android,Hyderabad,561.04,29.0
S009459,U05735,2025-01-30T18:36:00,Android,Hyderabad,652.69,39.0
S009460,U05736,2025-05-10T22:29:00,Android,Kolkata,474.72,19.0
S009461,U05737,2025-02-17T21:49:00,Android,Delhi,412.69,29.0
S009462,U05737,2025-06-17T09:39:00,Android,Delhi,749.17,29.0
S009463,U05738,2025-02-09T17:57:00,iOS,Kolkata,876.07,49.0
S009464,U05738,2025-03-03T11:55:00,iOS,Kolkata,441.99,19.0
S009465,U05738,2025-05-06T12:04:00,iOS,Kolkata,755.22,59.0
S009466,U05739,2025-01-25T11:23:00,Android,Delhi,684.16,29.0
S009467,U05740,2025-04-19T09:34:00,Android,Hyderabad,596.12,39.0
S009468,U05741,2025-03-03T17:44:00,Android,Kolkata,603.77,49.0
S009469,U05742,2025-04-29T22:49:00,iOS,Bengaluru,1604.01,0.0
S009470,U05742,2025-04-15T15:47:00,iOS,Bengaluru,661.4,39.0
S009471,U05743,2025-01-01T20:20:00,Android,Bengaluru,1607.04,39.0
S009472,U05743,2025-03-28T21:22:00,Android,Bengaluru,786.79,59.0
S009473,U05743,2025-02-27T21:50:00,Android,Bengaluru,621.5,29.0
S009474,U05744,2025-06-18T07:16:00,Android,Mumbai,1350.27,0.0
S009475,U05745,2025-03-26T21:43:00,Android,Hyderabad,1164.52,0.0
S009476,U05745,2025-01-23T18:04:00,Android,Hyderabad,2400.0,0.0
S009477,U05745,2025-01-28T10:01:00,Android,Hyderabad,928.75,0.0
S009478,U05746,2025-04-24T09:43:00,Android,Bengaluru,518.08,0.0
S009479,U05746,2025-03-15T16:58:00,Android,Bengaluru,1184.96,19.0
S009480,U05746,2025-04-20T10:43:00,Android,Bengaluru,557.62,19.0
S009481,U05747,2025-04-15T22:07:00,Android,Hyderabad,573.58,39.0
S009482,U05747,2025-03-20T18:06:00,Android,Hyderabad,731.26,29.0
S009483,U05748,2025-03-19T14:51:00,Android,Delhi,934.98,39.0
S009484,U05749,2025-03-11T20:28:00,Android,Delhi,623.79,29.0
S009485,U05750,2025-02-01T08:20:00,iOS,Delhi,755.65,39.0
S009486,U05750,2025-05-11T08:56:00,iOS,Delhi,848.49,19.0
S009487,U05751,2025-02-20T09:57:00,Android,Kolkata,504.81,59.0
S009488,U05752,2025-04-20T16:12:00,iOS,Bengaluru,1145.56,0.0
S009489,U05753,2025-01-29T20:19:00,Android,Mumbai,686.88,0.0
S009490,U05753,2025-02-22T22:22:00,Android,Mumbai,798.29,29.0
S009491,U05754,2025-04-17T15:52:00,iOS,Bengaluru,829.67,49.0
S009492,U05754,2025-03-26T09:34:00,iOS,Bengaluru,701.2,49.0
S009493,U05755,2025-05-05T20:22:00,Android,Kolkata,676.63,59.0
S009494,U05756,2025-05-10T19:47:00,Android,Hyderabad,638.04,49.0
S009495,U05757,2025-02-28T16:28:00,Android,Bengaluru,437.28,59.0
S009496,U05758,2025-05-04T07:43:00,Android,Delhi,1498.35,49.0
S009497,U05759,2025-02-28T18:24:00,Android,Delhi,583.65,59.0
S009498,U05759,2025-06-13T19:10:00,Android,Delhi,390.42,49.0
S009499,U05759,2025-03-29T19:19:00,Android,Delhi,338.49,29.0
S009500,U05760,2025-06-20T21:36:00,Android,Delhi,552.63,29.0
S009501,U05760,2025-04-01T13:23:00,Android,Delhi,596.24,49.0
S009502,U05760,2025-01-20T12:46:00,Android,Delhi,621.99,49.0
S009503,U05761,2025-02-22T20:02:00,iOS,Hyderabad,687.82,0.0
S009504,U05762,2025-05-08T07:26:00,Android,Mumbai,561.24,39.0
S009505,U05762,2025-01-06T17:11:00,Android,Mumbai,984.31,0.0
S009506,U05763,2025-04-25T14:48:00,Android,Delhi,456.61,29.0
S009507,U05763,2025-06-13T21:06:00,Android,Delhi,555.45,59.0
S009508,U05764,2025-04-09T17:05:00,iOS,Hyderabad,511.96,59.0
S009509,U05764,2025-01-13T09:39:00,iOS,Hyderabad,1010.61,0.0
S009510,U05764,2025-05-14T10:23:00,iOS,Hyderabad,1169.49,0.0
S009511,U05765,2025-03-14T11:03:00,Android,Delhi,840.78,59.0
S009512,U05766,2025-03-24T22:45:00,iOS,Bengaluru,653.67,39.0
S009513,U05767,2025-05-30T15:25:00,Android,Bengaluru,550.26,59.0
S009514,U05768,2025-04-09T22:45:00,Android,Delhi,356.56,29.0
S009515,U05769,2025-04-03T18:44:00,iOS,Mumbai,582.2,39.0
S009516,U05770,2025-06-22T08:13:00,Android,Bengaluru,627.76,69.0
S009517,U05770,2025-01-03T18:02:00,Android,Bengaluru,306.29,39.0
S009518,U05770,2025-03-27T21:45:00,Android,Bengaluru,833.94,19.0
S009519,U05771,2025-03-10T16:02:00,Android,Mumbai,793.83,39.0
S009520,U05771,2025-03-18T07:51:00,Android,Mumbai,529.14,19.0
S009521,U05772,2025-02-27T16:13:00,Android,Delhi,1160.14,0.0
S009522,U05772,2025-05-20T21:42:00,Android,Delhi,250.01,29.0
S009523,U05773,2025-05-01T07:50:00,Android,Hyderabad,850.77,59.0
S009524,U05774,2025-02-23T15:14:00,Android,Bengaluru,519.15,59.0
S009525,U05775,2025-05-06T19:19:00,Android,Delhi,548.33,29.0
S009526,U05776,2025-04-05T08:33:00,Android,Bengaluru,650.08,59.0
S009527,U05776,2025-05-28T21:52:00,Android,Bengaluru,697.1,29.0
S009528,U05777,2025-06-12T15:04:00,Android,Delhi,555.06,59.0
S009529,U05777,2025-03-21T15:42:00,Android,Delhi,732.62,0.0
S009530,U05777,2025-06-07T08:05:00,Android,Delhi,1291.54,0.0
S009531,U05778,2025-01-08T09:54:00,Android,Bengaluru,612.01,69.0
S009532,U05779,2025-06-20T22:48:00,Android,Delhi,973.68,49.0
S009533,U05780,2025-05-31T12:36:00,Android,Hyderabad,1057.28,0.0
S009534,U05781,2025-05-10T18:54:00,iOS,Bengaluru,662.25,39.0
S009535,U05782,2025-03-13T08:39:00,Android,Hyderabad,745.03,19.0
S009536,U05782,2025-05-17T20:53:00,Android,Hyderabad,682.51,19.0
S009537,U05783,2025-05-07T16:23:00,Android,Mumbai,900.67,0.0
S009538,U05784,2025-02-21T09:58:00,Android,Mumbai,653.43,39.0
S009539,U05785,2025-03-26T13:20:00,Android,Mumbai,516.37,69.0
S009540,U05786,2025-04-04T21:23:00,Android,Delhi,388.07,69.0
S009541,U05787,2025-01-30T21:33:00,Android,Hyderabad,924.09,69.0
S009542,U05788,2025-05-07T11:43:00,iOS,Hyderabad,407.67,39.0
S009543,U05789,2025-02-06T07:19:00,iOS,Hyderabad,433.56,59.0
S009544,U05790,2025-01-27T16:08:00,Android,Delhi,628.59,39.0
S009545,U05791,2025-03-08T14:59:00,Android,Mumbai,651.72,29.0
S009546,U05791,2025-05-08T19:37:00,Android,Mumbai,1130.23,0.0
S009547,U05792,2025-04-03T16:29:00,Android,Bengaluru,619.77,0.0
S009548,U05792,2025-04-07T09:22:00,Android,Bengaluru,719.45,39.0
S009549,U05793,2025-04-27T14:57:00,iOS,Mumbai,687.0,19.0
S009550,U05793,2025-01-03T20:39:00,iOS,Mumbai,712.53,39.0
S009551,U05794,2025-05-07T14:14:00,Android,Bengaluru,1568.71,49.0
S009552,U05795,2025-01-12T21:32:00,iOS,Bengaluru,515.44,39.0
S009553,U05796,2025-04-14T20:50:00,Android,Mumbai,918.65,0.0
S009554,U05797,2025-03-05T20:53:00,Android,Kolkata,767.55,39.0
S009555,U05798,2025-05-14T20:18:00,Android,Bengaluru,990.85,0.0
S009556,U05798,2025-01-16T08:53:00,Android,Bengaluru,1246.9,0.0
S009557,U05798,2025-06-20T15:27:00,Android,Bengaluru,634.56,49.0
S009558,U05798,2025-04-10T15:59:00,Android,Bengaluru,1095.95,0.0
S009559,U05799,2025-05-08T13:38:00,Android,Mumbai,1370.74,49.0
S009560,U05799,2025-04-28T18:11:00,Android,Mumbai,1311.68,0.0
S009561,U05799,2025-03-26T09:09:00,Android,Mumbai,849.46,0.0
S009562,U05800,2025-06-09T18:46:00,Android,Mumbai,551.94,29.0
S009563,U05801,2025-02-15T12:31:00,Android,Kolkata,504.56,39.0
S009564,U05801,2025-02-27T16:14:00,Android,Kolkata,751.22,39.0
S009565,U05802,2025-01-19T21:50:00,Android,Mumbai,1102.15,0.0
S009566,U05802,2025-01-24T17:47:00,Android,Mumbai,472.5,59.0
S009567,U05802,2025-03-15T21:55:00,Android,Mumbai,1436.7,0.0
S009568,U05803,2025-01-17T15:02:00,Android,Bengaluru,860.24,49.0
S009569,U05803,2025-04-11T19:42:00,Android,Bengaluru,534.84,69.0
S009570,U05804,2025-03-14T16:01:00,Android,Bengaluru,568.87,49.0
S009571,U05805,2025-01-01T14:45:00,Android,Mumbai,881.9,39.0
S009572,U05806,2025-01-12T07:54:00,Android,Bengaluru,1048.24,0.0
S009573,U05807,2025-06-09T15:00:00,Android,Kolkata,862.85,39.0
S009574,U05807,2025-01-07T13:06:00,Android,Kolkata,766.55,39.0
S009575,U05808,2025-05-02T13:00:00,Android,Kolkata,724.82,49.0
S009576,U05808,2025-04-09T15:57:00,Android,Kolkata,1040.96,19.0
S009577,U05809,2025-01-05T17:37:00,Android,Kolkata,547.03,29.0
S009578,U05810,2025-01-25T21:10:00,Android,Delhi,553.87,69.0
S009579,U05810,2025-05-19T18:48:00,Android,Delhi,517.02,49.0
S009580,U05810,2025-01-21T17:40:00,Android,Delhi,1100.1,49.0
S009581,U05811,2025-04-05T16:23:00,Android,Hyderabad,511.75,39.0
S009582,U05812,2025-05-11T15:10:00,iOS,Mumbai,1050.94,29.0
S009583,U05813,2025-06-27T22:35:00,Android,Bengaluru,1287.34,0.0
S009584,U05813,2025-06-10T07:58:00,Android,Bengaluru,507.94,39.0
S009585,U05813,2025-02-20T11:31:00,Android,Bengaluru,1678.88,0.0
S009586,U05814,2025-02-07T13:15:00,Android,Delhi,592.65,19.0
S009587,U05814,2025-03-03T08:15:00,Android,Delhi,950.64,0.0
S009588,U05814,2025-04-10T08:37:00,Android,Delhi,1049.83,69.0
S009589,U05815,2025-01-19T14:25:00,Android,Bengaluru,226.04,39.0
S009590,U05816,2025-05-22T16:28:00,Android,Delhi,596.17,59.0
S009591,U05817,2025-06-25T13:01:00,Android,Kolkata,860.74,19.0
S009592,U05818,2025-05-29T18:57:00,Android,Hyderabad,363.76,49.0
S009593,U05819,2025-06-06T11:23:00,iOS,Delhi,377.89,49.0
S009594,U05820,2025-03-10T22:38:00,iOS,Mumbai,591.57,49.0
S009595,U05820,2025-02-06T14:41:00,iOS,Mumbai,291.87,29.0
S009596,U05820,2025-06-15T17:14:00,iOS,Mumbai,739.25,39.0
S009597,U05821,2025-06-26T09:56:00,iOS,Bengaluru,372.55,0.0
S009598,U05822,2025-02-15T14:12:00,Android,Delhi,795.91,19.0
S009599,U05823,2025-01-04T12:11:00,Android,Bengaluru,491.83,0.0
S009600,U05823,2025-05-02T08:32:00,Android,Bengaluru,531.05,39.0
S009601,U05824,2025-04-07T07:43:00,iOS,Mumbai,375.82,59.0
S009602,U05825,2025-03-20T17:07:00,Android,Mumbai,266.86,29.0
S009603,U05825,2025-05-28T20:58:00,Android,Mumbai,549.08,29.0
S009604,U05826,2025-01-20T10:11:00,Android,Hyderabad,831.73,39.0
S009605,U05827,2025-01-08T10:08:00,iOS,Kolkata,714.82,39.0
S009606,U05828,2025-05-29T16:44:00,Android,Bengaluru,680.1,39.0
S009607,U05829,2025-05-17T15:35:00,Android,Hyderabad,449.96,49.0
S009608,U05829,2025-06-24T07:15:00,Android,Hyderabad,780.35,59.0
S009609,U05830,2025-01-01T20:00:00,iOS,Bengaluru,889.9,49.0
S009610,U05831,2025-01-05T08:03:00,Android,Delhi,825.88,29.0
S009611,U05832,2025-04-10T20:47:00,iOS,Mumbai,1095.34,0.0
S009612,U05833,2025-02-10T14:25:00,Android,Bengaluru,1710.85,29.0
S009613,U05834,2025-05-27T18:51:00,Android,Bengaluru,802.44,19.0
S009614,U05834,2025-06-08T09:00:00,Android,Bengaluru,1149.84,0.0
S009615,U05834,2025-03-31T13:47:00,Android,Bengaluru,725.93,0.0
S009616,U05834,2025-03-11T17:34:00,Android,Bengaluru,439.19,59.0
S009617,U05834,2025-06-18T18:56:00,Android,Bengaluru,519.25,39.0
S009618,U05835,2025-04-25T18:42:00,iOS,Delhi,553.94,39.0
S009619,U05836,2025-02-27T13:11:00,iOS,Bengaluru,769.87,0.0
S009620,U05837,2025-03-19T13:51:00,iOS,Kolkata,1255.32,0.0
S009621,U05837,2025-05-18T20:11:00,iOS,Kolkata,692.32,29.0
S009622,U05838,2025-06-04T14:12:00,Android,Delhi,1816.53,49.0
S009623,U05839,2025-01-28T15:59:00,Android,Mumbai,768.13,39.0
S009624,U05840,2025-03-29T15:34:00,Android,Kolkata,638.97,29.0
S009625,U05841,2025-02-22T09:32:00,Android,Mumbai,572.82,0.0
S009626,U05842,2025-01-17T08:43:00,iOS,Delhi,492.89,59.0
S009627,U05843,2025-03-14T09:02:00,iOS,Kolkata,715.38,29.0
S009628,U05844,2025-01-12T14:43:00,Android,Bengaluru,714.34,59.0
S009629,U05845,2025-02-07T15:44:00,iOS,Bengaluru,744.88,39.0
S009630,U05845,2025-06-23T10:20:00,iOS,Bengaluru,735.34,29.0
S009631,U05846,2025-05-28T17:05:00,Android,Mumbai,590.49,69.0
S009632,U05846,2025-03-23T10:38:00,Android,Mumbai,792.78,39.0
S009633,U05846,2025-02-24T19:45:00,Android,Mumbai,637.74,39.0
S009634,U05847,2025-05-29T16:52:00,iOS,Delhi,1647.22,0.0
S009635,U05847,2025-03-16T22:12:00,iOS,Delhi,981.54,0.0
S009636,U05848,2025-03-10T19:26:00,Android,Hyderabad,488.48,39.0
S009637,U05849,2025-01-17T20:10:00,Android,Bengaluru,784.8,59.0
S009638,U05850,2025-01-07T07:33:00,Android,Mumbai,1189.58,49.0
S009639,U05851,2025-01-17T07:14:00,Android,Hyderabad,866.6,29.0
S009640,U05851,2025-02-25T15:07:00,Android,Hyderabad,817.57,39.0
S009641,U05852,2025-05-18T07:44:00,iOS,Kolkata,622.8,39.0
S009642,U05852,2025-03-20T08:57:00,iOS,Kolkata,1157.05,0.0
S009643,U05853,2025-01-10T22:24:00,Android,Bengaluru,489.67,49.0
S009644,U05854,2025-03-09T12:22:00,iOS,Bengaluru,689.93,29.0
S009645,U05854,2025-06-30T20:41:00,iOS,Bengaluru,1090.01,29.0
S009646,U05855,2025-03-10T18:02:00,Android,Kolkata,816.57,29.0
S009647,U05856,2025-04-28T17:29:00,Android,Mumbai,782.01,49.0
S009648,U05857,2025-06-20T12:00:00,Android,Bengaluru,829.34,59.0
S009649,U05857,2025-02-02T11:32:00,Android,Bengaluru,298.44,59.0
S009650,U05857,2025-01-16T15:46:00,Android,Bengaluru,609.4,39.0
S009651,U05857,2025-02-15T07:10:00,Android,Bengaluru,548.46,59.0
S009652,U05858,2025-06-11T18:40:00,iOS,Bengaluru,437.03,59.0
S009653,U05859,2025-01-19T12:03:00,iOS,Hyderabad,948.13,0.0
S009654,U05859,2025-01-11T19:28:00,iOS,Hyderabad,662.24,69.0
S009655,U05860,2025-04-25T11:01:00,Android,Mumbai,630.57,59.0
S009656,U05861,2025-06-01T13:33:00,Android,Mumbai,729.67,29.0
S009657,U05861,2025-05-16T17:32:00,Android,Mumbai,1343.54,0.0
S009658,U05861,2025-03-19T19:13:00,Android,Mumbai,927.64,19.0
S009659,U05862,2025-04-12T11:45:00,Android,Kolkata,707.79,69.0
S009660,U05862,2025-04-29T21:23:00,Android,Kolkata,458.1,49.0
S009661,U05863,2025-05-10T17:35:00,iOS,Bengaluru,672.58,59.0
S009662,U05863,2025-03-13T10:03:00,iOS,Bengaluru,1049.87,19.0
S009663,U05863,2025-05-04T18:56:00,iOS,Bengaluru,951.03,49.0
S009664,U05864,2025-02-17T13:11:00,iOS,Bengaluru,1063.59,39.0
S009665,U05865,2025-04-26T20:49:00,iOS,Mumbai,998.52,0.0
S009666,U05866,2025-06-07T11:00:00,Android,Kolkata,561.34,69.0
S009667,U05867,2025-04-03T11:27:00,iOS,Delhi,803.2,49.0
S009668,U05868,2025-06-29T17:32:00,Android,Hyderabad,779.74,0.0
S009669,U05868,2025-05-14T11:41:00,Android,Hyderabad,793.62,59.0
S009670,U05869,2025-04-27T10:43:00,iOS,Bengaluru,887.87,29.0
S009671,U05869,2025-06-30T21:50:00,iOS,Bengaluru,410.31,29.0
S009672,U05870,2025-05-29T08:54:00,Android,Bengaluru,917.63,0.0
S009673,U05871,2025-06-30T10:12:00,Android,Kolkata,723.47,19.0
S009674,U05871,2025-02-28T17:53:00,Android,Kolkata,847.5,19.0
S009675,U05872,2025-06-25T20:04:00,Android,Bengaluru,648.79,19.0
S009676,U05872,2025-03-24T19:39:00,Android,Bengaluru,679.19,29.0
S009677,U05873,2025-04-27T22:27:00,iOS,Bengaluru,1336.4,39.0
S009678,U05874,2025-06-28T08:26:00,Android,Hyderabad,934.27,0.0
S009679,U05875,2025-05-10T08:49:00,Android,Delhi,616.4,19.0
S009680,U05875,2025-04-03T17:23:00,Android,Delhi,893.47,0.0
S009681,U05876,2025-03-16T22:17:00,iOS,Delhi,1090.65,0.0
S009682,U05877,2025-05-12T07:04:00,iOS,Hyderabad,492.96,0.0
S009683,U05877,2025-05-04T13:14:00,iOS,Hyderabad,818.97,19.0
S009684,U05877,2025-03-20T10:41:00,iOS,Hyderabad,898.42,59.0
S009685,U05878,2025-05-19T15:30:00,Android,Bengaluru,928.17,19.0
S009686,U05879,2025-04-03T11:44:00,Android,Mumbai,831.69,29.0
S009687,U05879,2025-05-21T11:15:00,Android,Mumbai,633.15,59.0
S009688,U05880,2025-02-11T08:12:00,Android,Delhi,475.29,49.0
S009689,U05881,2025-04-14T16:43:00,Android,Bengaluru,821.9,19.0
S009690,U05882,2025-01-15T21:42:00,Android,Hyderabad,385.36,49.0
S009691,U05883,2025-06-25T20:06:00,Android,Delhi,604.06,39.0
S009692,U05884,2025-05-15T16:17:00,Android,Kolkata,717.57,69.0
S009693,U05885,2025-03-26T22:02:00,Android,Kolkata,630.8,39.0
S009694,U05886,2025-02-20T15:05:00,Android,Hyderabad,318.37,49.0
S009695,U05887,2025-04-06T18:26:00,Android,Delhi,844.62,39.0
S009696,U05887,2025-03-14T21:02:00,Android,Delhi,1090.33,0.0
S009697,U05888,2025-02-14T07:01:00,Android,Bengaluru,666.53,69.0
S009698,U05889,2025-04-01T17:17:00,Android,Kolkata,456.61,19.0
S009699,U05889,2025-03-19T17:34:00,Android,Kolkata,784.38,29.0
S009700,U05889,2025-05-25T13:06:00,Android,Kolkata,755.34,19.0
S009701,U05889,2025-02-17T19:39:00,Android,Kolkata,1026.07,19.0
S009702,U05889,2025-04-11T21:37:00,Android,Kolkata,1066.44,39.0
S009703,U05889,2025-03-28T12:28:00,Android,Kolkata,339.06,39.0
S009704,U05889,2025-05-27T17:35:00,Android,Kolkata,1186.37,69.0
S009705,U05890,2025-04-07T12:05:00,Android,Delhi,588.69,0.0
S009706,U05891,2025-05-03T15:14:00,Android,Hyderabad,652.03,29.0
S009707,U05891,2025-03-12T11:55:00,Android,Hyderabad,979.77,0.0
S009708,U05892,2025-05-07T21:09:00,iOS,Hyderabad,1569.77,0.0
S009709,U05892,2025-02-14T19:30:00,iOS,Hyderabad,834.83,19.0
S009710,U05893,2025-01-31T19:42:00,iOS,Delhi,430.81,49.0
S009711,U05893,2025-03-27T08:07:00,iOS,Delhi,1733.28,0.0
S009712,U05894,2025-04-29T13:22:00,Android,Bengaluru,1316.34,19.0
S009713,U05895,2025-06-15T14:11:00,Android,Mumbai,494.71,59.0
S009714,U05895,2025-06-22T11:37:00,Android,Mumbai,659.81,49.0
S009715,U05896,2025-04-12T21:12:00,iOS,Mumbai,691.95,49.0
S009716,U05897,2025-04-21T09:23:00,Android,Delhi,417.73,39.0
S009717,U05898,2025-06-27T21:54:00,Android,Mumbai,1077.44,0.0
S009718,U05898,2025-04-05T19:43:00,Android,Mumbai,899.16,19.0
S009719,U05899,2025-03-21T17:31:00,Android,Hyderabad,380.87,19.0
S009720,U05900,2025-02-22T11:59:00,Android,Delhi,539.22,39.0
S009721,U05900,2025-05-08T08:15:00,Android,Delhi,341.47,39.0
S009722,U05901,2025-02-03T09:51:00,Android,Bengaluru,614.7,49.0
S009723,U05901,2025-01-10T08:20:00,Android,Bengaluru,818.07,39.0
S009724,U05901,2025-02-05T13:20:00,Android,Bengaluru,564.3,39.0
S009725,U05902,2025-03-12T15:41:00,Android,Hyderabad,503.85,39.0
S009726,U05903,2025-06-24T07:36:00,iOS,Hyderabad,496.07,0.0
S009727,U05904,2025-02-01T13:21:00,Android,Kolkata,470.33,29.0
S009728,U05905,2025-05-24T18:25:00,Android,Bengaluru,688.76,39.0
S009729,U05906,2025-02-25T10:02:00,iOS,Kolkata,841.72,39.0
S009730,U05906,2025-05-28T13:58:00,iOS,Kolkata,863.58,0.0
S009731,U05907,2025-06-28T22:32:00,Android,Hyderabad,393.63,59.0
S009732,U05907,2025-01-19T20:01:00,Android,Hyderabad,1416.78,0.0
S009733,U05907,2025-03-26T12:25:00,Android,Hyderabad,1284.65,0.0
S009734,U05907,2025-03-11T19:22:00,Android,Hyderabad,1003.27,0.0
S009735,U05908,2025-03-06T18:11:00,Android,Hyderabad,1350.56,0.0
S009736,U05909,2025-02-01T19:57:00,iOS,Delhi,772.51,39.0
S009737,U05909,2025-02-21T14:47:00,iOS,Delhi,1474.5,0.0
S009738,U05910,2025-03-26T14:45:00,Android,Bengaluru,1097.67,0.0
S009739,U05911,2025-04-13T11:48:00,Android,Mumbai,772.34,39.0
S009740,U05911,2025-05-12T16:53:00,Android,Mumbai,642.01,39.0
S009741,U05911,2025-04-23T18:38:00,Android,Mumbai,648.51,49.0
S009742,U05911,2025-03-08T08:39:00,Android,Mumbai,1112.85,59.0
S009743,U05911,2025-02-20T12:39:00,Android,Mumbai,549.8,39.0
S009744,U05911,2025-06-02T11:46:00,Android,Mumbai,636.45,19.0
S009745,U05912,2025-05-06T11:58:00,Android,Delhi,543.0,29.0
S009746,U05912,2025-01-09T20:23:00,Android,Delhi,749.39,29.0
S009747,U05912,2025-06-27T21:57:00,Android,Delhi,894.61,0.0
S009748,U05913,2025-01-09T16:15:00,Android,Delhi,621.96,39.0
S009749,U05914,2025-06-20T18:47:00,iOS,Kolkata,779.72,69.0
S009750,U05915,2025-03-26T12:52:00,Android,Bengaluru,1205.3,0.0
S009751,U05916,2025-05-07T21:22:00,iOS,Kolkata,576.07,39.0
S009752,U05916,2025-05-31T15:12:00,iOS,Kolkata,988.84,0.0
S009753,U05917,2025-01-31T19:43:00,Android,Mumbai,1045.27,39.0
S009754,U05917,2025-05-13T07:47:00,Android,Mumbai,534.65,59.0
S009755,U05918,2025-01-17T09:37:00,iOS,Hyderabad,660.0,29.0
S009756,U05919,2025-06-20T14:56:00,Android,Delhi,1503.45,49.0
S009757,U05919,2025-06-26T12:29:00,Android,Delhi,999.88,69.0
S009758,U05920,2025-01-07T18:43:00,iOS,Mumbai,737.08,59.0
S009759,U05921,2025-06-27T11:47:00,Android,Mumbai,832.51,29.0
S009760,U05922,2025-03-19T18:05:00,iOS,Kolkata,698.53,59.0
S009761,U05923,2025-06-01T21:27:00,iOS,Bengaluru,888.64,29.0
S009762,U05923,2025-02-20T11:07:00,iOS,Bengaluru,827.9,19.0
S009763,U05924,2025-03-15T20:41:00,Android,Bengaluru,1688.38,69.0
S009764,U05924,2025-03-29T10:59:00,Android,Bengaluru,440.34,29.0
S009765,U05925,2025-06-06T16:20:00,Android,Kolkata,700.92,39.0
S009766,U05925,2025-04-18T16:05:00,Android,Kolkata,1025.01,0.0
S009767,U05925,2025-01-09T18:14:00,Android,Kolkata,604.2,39.0
S009768,U05925,2025-01-25T14:33:00,Android,Kolkata,936.47,0.0
S009769,U05925,2025-02-16T13:26:00,Android,Kolkata,759.18,39.0
S009770,U05925,2025-04-07T18:13:00,Android,Kolkata,1214.6,0.0
S009771,U05925,2025-05-24T14:46:00,Android,Kolkata,1159.27,0.0
S009772,U05926,2025-04-05T07:33:00,Android,Bengaluru,829.76,49.0
S009773,U05926,2025-03-13T12:35:00,Android,Bengaluru,481.72,19.0
S009774,U05927,2025-02-18T21:56:00,Android,Mumbai,748.43,49.0
S009775,U05927,2025-06-05T16:55:00,Android,Mumbai,514.01,29.0
S009776,U05927,2025-02-02T13:30:00,Android,Mumbai,1076.68,39.0
S009777,U05928,2025-03-06T21:34:00,Android,Bengaluru,662.47,39.0
S009778,U05928,2025-05-28T14:40:00,Android,Bengaluru,780.44,19.0
S009779,U05929,2025-01-10T18:58:00,Android,Bengaluru,554.35,49.0
S009780,U05929,2025-01-20T13:19:00,Android,Bengaluru,571.15,29.0
S009781,U05929,2025-05-28T16:11:00,Android,Bengaluru,1291.64,0.0
S009782,U05929,2025-05-14T11:09:00,Android,Bengaluru,963.37,0.0
S009783,U05929,2025-01-16T15:19:00,Android,Bengaluru,702.24,69.0
S009784,U05930,2025-06-04T07:28:00,iOS,Mumbai,799.86,19.0
S009785,U05931,2025-06-26T11:46:00,iOS,Mumbai,1200.13,0.0
S009786,U05931,2025-03-04T17:42:00,iOS,Mumbai,704.03,59.0
S009787,U05931,2025-05-13T22:04:00,iOS,Mumbai,834.59,39.0
S009788,U05931,2025-03-26T17:49:00,iOS,Mumbai,815.14,29.0
S009789,U05932,2025-03-04T22:11:00,Android,Mumbai,445.71,49.0
S009790,U05933,2025-04-20T07:33:00,Android,Delhi,483.71,39.0
S009791,U05933,2025-06-06T11:11:00,Android,Delhi,516.12,19.0
S009792,U05934,2025-04-17T08:47:00,Android,Hyderabad,819.28,19.0
S009793,U05934,2025-03-19T20:56:00,Android,Hyderabad,620.63,29.0
S009794,U05934,2025-05-17T22:22:00,Android,Hyderabad,1111.31,0.0
S009795,U05935,2025-03-01T13:15:00,iOS,Kolkata,434.46,0.0
S009796,U05936,2025-01-04T11:09:00,iOS,Delhi,761.92,49.0
S009797,U05937,2025-05-06T12:46:00,Android,Delhi,726.93,39.0
S009798,U05937,2025-03-14T10:15:00,Android,Delhi,712.1,29.0
S009799,U05938,2025-04-20T15:23:00,Android,Delhi,826.44,39.0
S009800,U05939,2025-06-28T12:11:00,Android,Hyderabad,984.53,0.0
S009801,U05939,2025-03-15T21:06:00,Android,Hyderabad,1117.24,0.0
S009802,U05940,2025-06-14T13:51:00,Android,Delhi,890.87,49.0
S009803,U05941,2025-06-23T20:31:00,iOS,Mumbai,612.92,39.0
S009804,U05941,2025-02-21T12:35:00,iOS,Mumbai,525.19,39.0
S009805,U05942,2025-02-07T19:03:00,Android,Delhi,1453.02,59.0
S009806,U05942,2025-04-09T18:08:00,Android,Delhi,602.89,19.0
S009807,U05943,2025-03-07T08:51:00,Android,Mumbai,415.92,39.0
S009808,U05943,2025-06-19T16:57:00,Android,Mumbai,657.13,59.0
S009809,U05943,2025-04-29T19:02:00,Android,Mumbai,877.99,39.0
S009810,U05943,2025-04-25T13:17:00,Android,Mumbai,390.04,49.0
S009811,U05944,2025-03-21T20:45:00,Android,Hyderabad,826.27,29.0
S009812,U05944,2025-03-02T15:43:00,Android,Hyderabad,922.44,0.0
S009813,U05944,2025-02-11T08:31:00,Android,Hyderabad,537.82,59.0
S009814,U05944,2025-05-01T09:17:00,Android,Hyderabad,676.02,49.0
S009815,U05945,2025-04-30T07:29:00,Android,Mumbai,901.23,0.0
S009816,U05946,2025-06-18T18:35:00,Android,Delhi,484.16,49.0
S009817,U05946,2025-06-16T12:14:00,Android,Delhi,462.69,39.0
S009818,U05947,2025-05-20T07:26:00,Android,Delhi,657.21,39.0
S009819,U05948,2025-06-22T11:34:00,Android,Mumbai,1822.99,0.0
S009820,U05948,2025-01-25T17:33:00,Android,Mumbai,516.23,39.0
S009821,U05949,2025-05-04T19:34:00,Android,Delhi,1171.77,0.0
S009822,U05950,2025-03-20T16:13:00,iOS,Hyderabad,547.5,39.0
S009823,U05951,2025-04-19T12:10:00,iOS,Delhi,750.52,29.0
S009824,U05952,2025-02-13T14:52:00,Android,Bengaluru,912.03,29.0
S009825,U05953,2025-02-03T15:51:00,Android,Bengaluru,450.31,49.0
S009826,U05954,2025-01-28T07:38:00,iOS,Mumbai,469.08,49.0
S009827,U05955,2025-05-30T20:32:00,iOS,Kolkata,490.66,59.0
S009828,U05956,2025-04-28T18:23:00,iOS,Delhi,927.91,0.0
S009829,U05957,2025-03-15T07:43:00,Android,Delhi,449.26,69.0
S009830,U05958,2025-06-11T15:55:00,Android,Delhi,834.38,29.0
S009831,U05958,2025-04-26T07:48:00,Android,Delhi,830.67,69.0
S009832,U05959,2025-06-11T10:27:00,Android,Kolkata,1217.32,59.0
S009833,U05960,2025-04-02T09:09:00,iOS,Hyderabad,647.13,29.0
S009834,U05960,2025-05-01T11:26:00,iOS,Hyderabad,489.22,19.0
S009835,U05961,2025-03-04T21:09:00,Android,Bengaluru,1168.37,0.0
S009836,U05962,2025-06-29T13:35:00,Android,Mumbai,834.83,0.0
S009837,U05962,2025-02-01T14:35:00,Android,Mumbai,1065.49,0.0
S009838,U05963,2025-05-31T18:15:00,iOS,Hyderabad,573.99,39.0
S009839,U05964,2025-02-06T17:27:00,iOS,Hyderabad,423.49,39.0
S009840,U05965,2025-04-19T15:22:00,Android,Mumbai,651.57,39.0
S009841,U05966,2025-06-10T08:08:00,Android,Hyderabad,604.89,0.0
S009842,U05966,2025-06-05T14:06:00,Android,Hyderabad,382.66,59.0
S009843,U05967,2025-04-04T11:55:00,Android,Mumbai,670.28,49.0
S009844,U05967,2025-04-01T16:23:00,Android,Mumbai,396.7,39.0
S009845,U05968,2025-02-13T15:15:00,Android,Bengaluru,1341.19,0.0
S009846,U05968,2025-02-11T17:50:00,Android,Bengaluru,881.59,59.0
S009847,U05969,2025-06-25T19:48:00,Android,Bengaluru,621.4,69.0
S009848,U05970,2025-02-17T17:11:00,Android,Delhi,585.75,59.0
S009849,U05970,2025-01-24T10:08:00,Android,Delhi,1112.82,0.0
S009850,U05970,2025-02-10T20:01:00,Android,Delhi,1255.22,0.0
S009851,U05971,2025-06-03T20:17:00,iOS,Bengaluru,575.44,49.0
S009852,U05971,2025-03-21T13:09:00,iOS,Bengaluru,1173.94,39.0
S009853,U05972,2025-06-01T22:49:00,iOS,Delhi,830.76,39.0
S009854,U05973,2025-01-15T13:21:00,iOS,Hyderabad,305.8,29.0
S009855,U05974,2025-06-10T11:15:00,iOS,Hyderabad,788.78,39.0
S009856,U05974,2025-02-27T16:01:00,iOS,Hyderabad,440.79,39.0
S009857,U05975,2025-06-29T14:16:00,Android,Bengaluru,770.71,49.0
S009858,U05975,2025-04-02T11:38:00,Android,Bengaluru,732.96,59.0
S009859,U05976,2025-02-12T08:10:00,Android,Bengaluru,337.13,39.0
S009860,U05977,2025-03-09T22:09:00,Android,Mumbai,993.41,0.0
S009861,U05977,2025-01-17T17:53:00,Android,Mumbai,1047.7,0.0
S009862,U05977,2025-03-02T22:21:00,Android,Mumbai,591.64,39.0
S009863,U05978,2025-06-14T19:27:00,Android,Mumbai,924.39,0.0
S009864,U05979,2025-05-13T09:21:00,Android,Bengaluru,960.24,0.0
S009865,U05979,2025-05-07T09:55:00,Android,Bengaluru,701.56,0.0
S009866,U05980,2025-03-10T16:50:00,Android,Hyderabad,937.84,29.0
S009867,U05980,2025-01-08T09:25:00,Android,Hyderabad,2094.52,49.0
S009868,U05981,2025-05-07T13:01:00,Android,Bengaluru,588.57,59.0
S009869,U05981,2025-02-05T10:09:00,Android,Bengaluru,677.03,0.0
S009870,U05982,2025-05-03T14:50:00,Android,Bengaluru,824.67,19.0
S009871,U05983,2025-06-30T07:27:00,Android,Hyderabad,422.92,29.0
S009872,U05983,2025-03-04T08:11:00,Android,Hyderabad,449.5,0.0
S009873,U05984,2025-04-04T19:10:00,Android,Mumbai,696.15,19.0
S009874,U05985,2025-02-07T20:08:00,Android,Delhi,628.09,49.0
S009875,U05986,2025-04-24T12:17:00,Android,Hyderabad,677.81,29.0
S009876,U05987,2025-03-19T13:14:00,iOS,Kolkata,709.03,49.0
S009877,U05987,2025-02-18T07:11:00,iOS,Kolkata,1058.83,0.0
S009878,U05988,2025-06-19T12:12:00,Android,Bengaluru,718.3,49.0
S009879,U05989,2025-03-25T11:55:00,Android,Mumbai,469.09,69.0
S009880,U05989,2025-05-03T21:00:00,Android,Mumbai,1039.29,0.0
S009881,U05990,2025-04-23T10:58:00,Android,Bengaluru,1127.04,0.0
S009882,U05991,2025-06-12T20:17:00,Android,Delhi,681.87,49.0
S009883,U05992,2025-04-15T09:06:00,Android,Delhi,1046.99,39.0
S009884,U05993,2025-04-11T21:04:00,Android,Delhi,377.43,39.0
S009885,U05994,2025-02-19T16:38:00,Android,Bengaluru,598.51,49.0
S009886,U05994,2025-03-12T11:41:00,Android,Bengaluru,627.3,39.0
S009887,U05994,2025-02-08T20:52:00,Android,Bengaluru,1268.78,0.0
S009888,U05994,2025-06-19T08:47:00,Android,Bengaluru,682.08,29.0
S009889,U05995,2025-03-17T21:07:00,iOS,Hyderabad,955.11,29.0
S009890,U05995,2025-03-29T16:24:00,iOS,Hyderabad,719.83,29.0
S009891,U05995,2025-02-25T17:43:00,iOS,Hyderabad,1053.64,0.0
S009892,U05995,2025-01-21T20:39:00,iOS,Hyderabad,259.66,0.0
S009893,U05996,2025-03-04T19:39:00,iOS,Delhi,522.7,49.0
S009894,U05996,2025-05-31T16:40:00,iOS,Delhi,1277.83,0.0
S009895,U05996,2025-06-15T16:19:00,iOS,Delhi,1290.97,59.0
S009896,U05997,2025-01-20T21:55:00,Android,Kolkata,683.64,59.0
S009897,U05997,2025-03-08T17:38:00,Android,Kolkata,460.17,59.0
S009898,U05998,2025-02-10T09:27:00,iOS,Delhi,486.32,49.0
S009899,U05998,2025-02-19T18:22:00,iOS,Delhi,626.19,49.0
S009900,U05998,2025-01-24T18:32:00,iOS,Delhi,701.58,49.0
S009901,U05999,2025-01-09T20:03:00,Android,Hyderabad,624.7,49.0
S009902,U05999,2025-01-10T10:46:00,Android,Hyderabad,649.74,49.0
S009903,U05999,2025-02-08T14:16:00,Android,Hyderabad,886.6,39.0
S009904,U06000,2025-02-27T22:54:00,Android,Mumbai,1081.53,0.0
S009905,U06000,2025-06-20T09:26:00,Android,Mumbai,1189.21,0.0
S009906,U06001,2025-03-16T09:41:00,iOS,Delhi,1130.48,0.0
S009907,U06002,2025-01-06T19:26:00,iOS,Hyderabad,417.24,0.0
S009908,U06002,2025-04-08T08:01:00,iOS,Hyderabad,320.99,0.0
S009909,U06003,2025-05-09T21:36:00,Android,Hyderabad,1121.7,0.0
S009910,U06004,2025-05-19T21:00:00,Android,Mumbai,635.37,29.0
S009911,U06005,2025-01-24T14:25:00,Android,Delhi,711.51,49.0
S009912,U06006,2025-06-18T16:08:00,Android,Mumbai,547.19,49.0
S009913,U06007,2025-02-01T22:01:00,Android,Mumbai,408.49,49.0
S009914,U06007,2025-05-07T22:22:00,Android,Mumbai,1045.67,39.0
S009915,U06007,2025-03-08T13:17:00,Android,Mumbai,798.27,0.0
S009916,U06007,2025-02-07T16:36:00,Android,Mumbai,730.04,59.0
S009917,U06008,2025-01-31T21:41:00,Android,Delhi,653.87,59.0
S009918,U06009,2025-01-19T10:38:00,iOS,Hyderabad,500.39,0.0
S009919,U06009,2025-02-01T16:25:00,iOS,Hyderabad,488.99,29.0
S009920,U06010,2025-06-13T19:24:00,Android,Delhi,950.37,0.0
S009921,U06010,2025-01-08T18:32:00,Android,Delhi,894.52,39.0
S009922,U06010,2025-06-15T20:10:00,Android,Delhi,646.63,49.0
S009923,U06011,2025-05-21T12:22:00,Android,Delhi,1232.74,0.0
S009924,U06011,2025-02-15T21:36:00,Android,Delhi,1205.02,59.0
S009925,U06012,2025-05-02T20:24:00,iOS,Mumbai,740.26,59.0
S009926,U06012,2025-04-17T12:00:00,iOS,Mumbai,1288.59,0.0
S009927,U06012,2025-02-10T17:57:00,iOS,Mumbai,1086.82,19.0
S009928,U06013,2025-04-15T08:43:00,Android,Kolkata,1286.13,19.0
S009929,U06014,2025-02-01T09:09:00,Android,Delhi,803.24,49.0
S009930,U06014,2025-06-23T21:39:00,Android,Delhi,800.69,69.0
S009931,U06014,2025-04-18T16:44:00,Android,Delhi,595.73,29.0
S009932,U06015,2025-03-08T10:19:00,Android,Bengaluru,746.94,39.0
S009933,U06015,2025-04-07T16:37:00,Android,Bengaluru,180.8,49.0
S009934,U06016,2025-03-01T21:19:00,Android,Bengaluru,1201.12,0.0
S009935,U06016,2025-02-27T14:44:00,Android,Bengaluru,491.57,39.0
S009936,U06016,2025-06-15T18:28:00,Android,Bengaluru,779.89,29.0
S009937,U06016,2025-01-19T22:00:00,Android,Bengaluru,521.87,69.0
S009938,U06017,2025-03-04T20:58:00,Android,Hyderabad,701.27,29.0
S009939,U06017,2025-02-03T13:13:00,Android,Hyderabad,1140.72,69.0
S009940,U06018,2025-03-03T20:20:00,Android,Delhi,645.56,29.0
S009941,U06018,2025-05-21T17:28:00,Android,Delhi,1136.32,0.0
S009942,U06019,2025-04-08T14:02:00,Android,Delhi,706.37,29.0
S009943,U06020,2025-05-15T10:51:00,Android,Bengaluru,951.81,0.0
S009944,U06020,2025-03-20T20:42:00,Android,Bengaluru,723.03,49.0
S009945,U06020,2025-01-13T12:41:00,Android,Bengaluru,1547.42,0.0
S009946,U06021,2025-01-16T09:06:00,iOS,Kolkata,768.82,59.0
S009947,U06021,2025-05-23T17:52:00,iOS,Kolkata,599.9,0.0
S009948,U06022,2025-03-29T07:27:00,iOS,Delhi,1423.45,0.0
S009949,U06022,2025-01-26T21:18:00,iOS,Delhi,596.41,19.0
S009950,U06023,2025-06-02T20:45:00,Android,Mumbai,433.64,29.0
S009951,U06024,2025-02-11T09:56:00,Android,Bengaluru,743.09,0.0
S009952,U06024,2025-01-24T08:46:00,Android,Bengaluru,622.13,49.0
S009953,U06025,2025-02-02T08:44:00,iOS,Bengaluru,409.62,59.0
S009954,U06026,2025-02-23T13:45:00,Android,Bengaluru,551.17,49.0
S009955,U06027,2025-06-03T16:37:00,Android,Delhi,768.63,29.0
S009956,U06027,2025-01-26T12:26:00,Android,Delhi,933.85,0.0
S009957,U06028,2025-04-17T15:59:00,Android,Delhi,668.14,29.0
S009958,U06029,2025-05-23T08:58:00,Android,Bengaluru,1270.9,19.0
S009959,U06029,2025-02-02T19:13:00,Android,Bengaluru,1045.95,0.0
S009960,U06030,2025-06-13T22:53:00,Android,Delhi,1588.59,0.0
S009961,U06031,2025-04-20T08:22:00,Android,Bengaluru,509.7,0.0
S009962,U06032,2025-02-23T17:18:00,Android,Delhi,344.7,59.0
S009963,U06032,2025-04-11T17:20:00,Android,Delhi,648.86,69.0
S009964,U06032,2025-01-08T16:30:00,Android,Delhi,880.33,29.0
S009965,U06033,2025-05-29T16:55:00,iOS,Bengaluru,894.81,0.0
S009966,U06033,2025-04-23T17:10:00,iOS,Bengaluru,535.76,29.0
S009967,U06034,2025-04-10T18:48:00,Android,Bengaluru,497.52,49.0
S009968,U06035,2025-04-30T17:47:00,iOS,Bengaluru,1088.76,0.0
S009969,U06035,2025-06-22T17:57:00,iOS,Bengaluru,795.02,59.0
S009970,U06036,2025-03-14T09:56:00,Android,Hyderabad,645.05,0.0
S009971,U06036,2025-06-02T10:33:00,Android,Hyderabad,857.99,59.0
S009972,U06037,2025-06-03T08:03:00,Android,Kolkata,829.03,39.0
S009973,U06038,2025-01-04T15:33:00,Android,Mumbai,831.6,59.0
S009974,U06038,2025-04-22T14:03:00,Android,Mumbai,795.44,69.0
S009975,U06038,2025-06-25T12:14:00,Android,Mumbai,568.07,29.0
S009976,U06039,2025-05-10T09:29:00,Android,Bengaluru,996.07,29.0
S009977,U06040,2025-06-13T09:43:00,Android,Kolkata,1337.65,0.0
S009978,U06041,2025-05-24T16:50:00,iOS,Kolkata,666.83,29.0
S009979,U06042,2025-06-08T18:47:00,Android,Delhi,1073.95,0.0
S009980,U06043,2025-05-29T18:33:00,iOS,Bengaluru,547.69,59.0
S009981,U06044,2025-01-12T22:32:00,Android,Hyderabad,1631.44,59.0
S009982,U06045,2025-05-18T19:51:00,Android,Kolkata,401.6,49.0
S009983,U06045,2025-01-31T20:42:00,Android,Kolkata,915.51,0.0
S009984,U06046,2025-02-17T09:32:00,Android,Hyderabad,578.29,29.0
S009985,U06047,2025-03-25T11:24:00,iOS,Mumbai,852.17,49.0
S009986,U06048,2025-02-08T13:42:00,Android,Mumbai,982.6,0.0
S009987,U06049,2025-02-25T17:00:00,Android,Kolkata,609.64,49.0
S009988,U06050,2025-01-05T13:18:00,Android,Bengaluru,631.34,0.0
S009989,U06050,2025-03-11T16:07:00,Android,Bengaluru,504.06,39.0
S009990,U06051,2025-01-06T22:13:00,Android,Bengaluru,1225.83,0.0
S009991,U06051,2025-02-09T08:18:00,Android,Bengaluru,529.05,59.0
S009992,U06052,2025-03-14T21:27:00,Android,Hyderabad,867.58,29.0
S009993,U06052,2025-01-02T11:47:00,Android,Hyderabad,396.66,39.0
S009994,U06052,2025-04-13T22:33:00,Android,Hyderabad,559.89,19.0
S009995,U06052,2025-01-03T19:07:00,Android,Hyderabad,1234.13,29.0
S009996,U06053,2025-01-07T15:23:00,iOS,Bengaluru,986.22,0.0
S009997,U06054,2025-06-07T11:28:00,Android,Delhi,555.26,19.0
S009998,U06055,2025-05-24T18:35:00,iOS,Delhi,710.73,39.0
S009999,U06056,2025-04-07T21:16:00,Android,Bengaluru,842.94,19.0
S010000,U06057,2025-02-10T20:18:00,iOS,Bengaluru,717.26,19.0
S010001,U06057,2025-02-10T16:25:00,iOS,Bengaluru,991.12,0.0
S010002,U06058,2025-03-06T15:39:00,iOS,Mumbai,637.91,0.0
S010003,U06058,2025-04-23T10:38:00,iOS,Mumbai,771.62,39.0
S010004,U06058,2025-05-17T14:22:00,iOS,Mumbai,1085.61,0.0
S010005,U06059,2025-01-24T16:11:00,Android,Delhi,705.73,69.0
S010006,U06060,2025-02-06T15:57:00,iOS,Mumbai,1665.66,0.0
S010007,U06060,2025-03-11T11:04:00,iOS,Mumbai,757.73,29.0
S010008,U06061,2025-02-16T22:29:00,iOS,Delhi,1011.22,0.0
S010009,U06061,2025-05-06T20:09:00,iOS,Delhi,783.64,39.0
S010010,U06061,2025-05-30T20:35:00,iOS,Delhi,976.28,39.0
S010011,U06061,2025-02-28T20:28:00,iOS,Delhi,1693.91,39.0
S010012,U06062,2025-05-31T17:48:00,Android,Kolkata,376.79,69.0
S010013,U06062,2025-01-21T16:11:00,Android,Kolkata,410.82,39.0
S010014,U06063,2025-05-08T11:57:00,Android,Mumbai,882.94,0.0
S010015,U06063,2025-02-12T19:23:00,Android,Mumbai,949.38,39.0
S010016,U06064,2025-01-27T15:38:00,Android,Kolkata,1695.8,0.0
S010017,U06065,2025-06-17T21:38:00,Android,Delhi,697.29,69.0
S010018,U06065,2025-05-23T14:07:00,Android,Delhi,823.29,69.0
S010019,U06066,2025-02-05T14:16:00,Android,Bengaluru,767.98,59.0
S010020,U06066,2025-06-29T14:07:00,Android,Bengaluru,933.95,49.0
S010021,U06067,2025-04-21T20:33:00,Android,Hyderabad,763.99,29.0
S010022,U06067,2025-05-20T21:59:00,Android,Hyderabad,806.87,39.0
S010023,U06068,2025-01-31T10:04:00,Android,Hyderabad,570.4,49.0
S010024,U06069,2025-04-21T12:28:00,Android,Bengaluru,1228.59,0.0
S010025,U06070,2025-04-27T15:17:00,Android,Mumbai,394.21,19.0
S010026,U06070,2025-03-12T07:42:00,Android,Mumbai,434.27,19.0
S010027,U06071,2025-05-26T15:13:00,Android,Mumbai,924.51,0.0
S010028,U06072,2025-04-06T21:47:00,iOS,Bengaluru,679.52,39.0
S010029,U06073,2025-01-05T20:02:00,Android,Mumbai,505.91,19.0
S010030,U06074,2025-01-04T16:35:00,Android,Bengaluru,575.02,0.0
S010031,U06075,2025-01-03T07:09:00,Android,Bengaluru,571.82,0.0
S010032,U06075,2025-04-22T15:22:00,Android,Bengaluru,543.48,0.0
S010033,U06076,2025-06-19T09:37:00,iOS,Kolkata,1047.77,0.0
S010034,U06076,2025-05-07T09:06:00,iOS,Kolkata,595.22,49.0
S010035,U06077,2025-03-16T15:20:00,Android,Mumbai,572.98,29.0
S010036,U06078,2025-06-22T12:59:00,Android,Hyderabad,1266.05,0.0
S010037,U06079,2025-02-28T21:30:00,Android,Hyderabad,754.44,49.0
S010038,U06080,2025-03-28T07:48:00,Android,Kolkata,429.56,39.0
S010039,U06080,2025-01-21T10:36:00,Android,Kolkata,735.76,29.0
S010040,U06081,2025-03-15T19:17:00,Android,Delhi,1005.66,49.0
S010041,U06082,2025-01-12T14:05:00,Android,Delhi,1040.27,59.0
S010042,U06082,2025-03-19T22:08:00,Android,Delhi,889.97,19.0
S010043,U06083,2025-06-10T08:19:00,Android,Delhi,1175.68,49.0
S010044,U06083,2025-05-10T11:53:00,Android,Delhi,1316.41,0.0
S010045,U06084,2025-01-22T15:07:00,Android,Mumbai,721.24,0.0
S010046,U06085,2025-01-21T12:39:00,iOS,Mumbai,1169.97,0.0
S010047,U06086,2025-04-18T18:46:00,Android,Hyderabad,763.46,29.0
S010048,U06086,2025-01-29T18:04:00,Android,Hyderabad,807.41,69.0
S010049,U06087,2025-06-20T09:24:00,iOS,Delhi,600.26,39.0
S010050,U06088,2025-05-29T22:34:00,Android,Bengaluru,546.14,39.0
S010051,U06088,2025-03-04T11:01:00,Android,Bengaluru,662.82,59.0
S010052,U06089,2025-04-21T17:36:00,Android,Kolkata,584.05,69.0
S010053,U06090,2025-02-27T07:54:00,Android,Hyderabad,586.0,39.0
S010054,U06090,2025-05-24T09:04:00,Android,Hyderabad,1315.31,39.0
S010055,U06090,2025-03-04T09:50:00,Android,Hyderabad,552.23,39.0
S010056,U06091,2025-03-01T13:47:00,iOS,Delhi,964.76,0.0
S010057,U06092,2025-05-24T20:12:00,iOS,Hyderabad,779.96,69.0
S010058,U06092,2025-02-01T22:51:00,iOS,Hyderabad,403.24,49.0
S010059,U06093,2025-06-27T12:23:00,Android,Mumbai,649.36,29.0
S010060,U06093,2025-05-04T15:40:00,Android,Mumbai,842.65,29.0
S010061,U06094,2025-03-30T12:49:00,Android,Hyderabad,375.67,59.0
S010062,U06094,2025-04-10T08:14:00,Android,Hyderabad,1152.33,0.0
S010063,U06094,2025-03-28T14:09:00,Android,Hyderabad,446.99,39.0
S010064,U06095,2025-02-25T07:15:00,Android,Delhi,894.72,49.0
S010065,U06096,2025-03-29T09:39:00,Android,Mumbai,1085.21,0.0
S010066,U06096,2025-02-01T11:57:00,Android,Mumbai,1460.75,0.0
S010067,U06097,2025-02-19T07:17:00,iOS,Bengaluru,561.34,29.0
S010068,U06097,2025-03-26T11:36:00,iOS,Bengaluru,340.17,19.0
S010069,U06098,2025-06-04T22:03:00,Android,Bengaluru,451.7,49.0
S010070,U06098,2025-06-09T21:36:00,Android,Bengaluru,485.18,49.0
S010071,U06098,2025-06-06T18:33:00,Android,Bengaluru,727.66,0.0
S010072,U06099,2025-02-19T17:41:00,Android,Hyderabad,961.37,0.0
S010073,U06099,2025-04-14T12:30:00,Android,Hyderabad,1192.06,29.0
S010074,U06099,2025-05-07T15:32:00,Android,Hyderabad,928.27,0.0
S010075,U06099,2025-02-03T13:21:00,Android,Hyderabad,788.87,49.0
S010076,U06100,2025-04-29T11:42:00,Android,Delhi,634.14,29.0
S010077,U06100,2025-05-11T12:10:00,Android,Delhi,649.26,39.0
S010078,U06101,2025-02-02T10:51:00,Android,Bengaluru,717.95,69.0
S010079,U06101,2025-01-01T11:54:00,Android,Bengaluru,1148.72,49.0
S010080,U06102,2025-01-27T16:23:00,iOS,Bengaluru,1049.02,0.0
S010081,U06103,2025-06-27T11:39:00,Android,Delhi,1657.95,0.0
S010082,U06103,2025-06-01T22:02:00,Android,Delhi,1181.99,29.0
S010083,U06104,2025-02-05T12:29:00,iOS,Hyderabad,832.82,49.0
S010084,U06104,2025-05-17T21:23:00,iOS,Hyderabad,583.91,29.0
S010085,U06105,2025-03-08T10:05:00,Android,Delhi,716.6,29.0
S010086,U06106,2025-02-27T08:08:00,Android,Hyderabad,968.2,0.0
S010087,U06106,2025-03-27T19:17:00,Android,Hyderabad,645.65,29.0
S010088,U06106,2025-05-02T07:29:00,Android,Hyderabad,500.15,29.0
S010089,U06106,2025-01-21T10:01:00,Android,Hyderabad,1360.52,0.0
S010090,U06107,2025-01-28T11:04:00,Android,Hyderabad,846.89,19.0
S010091,U06107,2025-02-27T22:31:00,Android,Hyderabad,719.36,69.0
S010092,U06108,2025-06-27T17:42:00,Android,Delhi,1292.27,69.0
S010093,U06109,2025-05-27T17:41:00,Android,Hyderabad,804.26,49.0
S010094,U06110,2025-01-31T12:48:00,Android,Bengaluru,1244.42,0.0
S010095,U06111,2025-02-05T22:41:00,iOS,Delhi,1022.79,49.0
S010096,U06112,2025-03-01T21:58:00,Android,Bengaluru,864.1,29.0
S010097,U06112,2025-05-29T15:35:00,Android,Bengaluru,441.51,49.0
S010098,U06112,2025-01-26T12:33:00,Android,Bengaluru,1192.42,0.0
S010099,U06112,2025-03-01T15:14:00,Android,Bengaluru,477.65,69.0
S010100,U06113,2025-06-12T11:06:00,Android,Bengaluru,545.11,49.0
S010101,U06113,2025-05-24T12:10:00,Android,Bengaluru,631.54,49.0
S010102,U06114,2025-03-17T20:41:00,Android,Bengaluru,647.34,69.0
S010103,U06115,2025-04-22T10:50:00,Android,Bengaluru,473.19,39.0
S010104,U06115,2025-01-03T15:53:00,Android,Bengaluru,888.09,29.0
S010105,U06116,2025-06-05T12:17:00,Android,Hyderabad,585.96,39.0
S010106,U06117,2025-01-31T10:26:00,Android,Mumbai,583.53,19.0
S010107,U06118,2025-02-11T15:11:00,Android,Kolkata,1227.1,0.0
S010108,U06119,2025-05-21T19:28:00,Android,Mumbai,823.56,39.0
S010109,U06120,2025-01-01T16:12:00,Android,Mumbai,1204.58,0.0
S010110,U06120,2025-02-13T22:32:00,Android,Mumbai,640.09,29.0
S010111,U06121,2025-06-01T20:06:00,iOS,Bengaluru,542.62,49.0
S010112,U06122,2025-05-04T07:40:00,Android,Mumbai,500.77,49.0
S010113,U06123,2025-06-17T13:39:00,iOS,Delhi,494.57,29.0
S010114,U06123,2025-03-19T16:40:00,iOS,Delhi,1397.78,29.0
S010115,U06123,2025-02-13T11:40:00,iOS,Delhi,827.1,39.0
S010116,U06124,2025-04-25T21:14:00,Android,Kolkata,614.35,29.0
S010117,U06125,2025-06-22T08:02:00,iOS,Kolkata,1141.84,59.0
S010118,U06125,2025-02-18T16:58:00,iOS,Kolkata,890.96,19.0
S010119,U06126,2025-05-28T15:39:00,iOS,Bengaluru,504.61,59.0
S010120,U06127,2025-04-21T10:36:00,Android,Mumbai,933.37,49.0
S010121,U06127,2025-05-21T13:47:00,Android,Mumbai,1312.48,0.0
S010122,U06128,2025-01-26T21:58:00,Android,Mumbai,989.86,49.0
S010123,U06129,2025-02-06T16:35:00,Android,Mumbai,1053.93,59.0
S010124,U06130,2025-03-08T22:45:00,Android,Bengaluru,539.81,49.0
S010125,U06131,2025-02-19T20:04:00,Android,Mumbai,569.13,49.0
S010126,U06131,2025-02-26T15:55:00,Android,Mumbai,612.45,39.0
S010127,U06132,2025-05-05T11:29:00,Android,Hyderabad,395.46,19.0
S010128,U06132,2025-02-04T17:27:00,Android,Hyderabad,644.28,29.0
S010129,U06133,2025-01-18T17:25:00,iOS,Delhi,1461.17,0.0
S010130,U06134,2025-05-02T18:50:00,Android,Mumbai,737.58,0.0
S010131,U06135,2025-05-20T14:51:00,iOS,Bengaluru,453.63,49.0
S010132,U06136,2025-05-22T13:11:00,Android,Kolkata,699.04,19.0
S010133,U06137,2025-04-02T14:01:00,Android,Bengaluru,1453.51,0.0
S010134,U06138,2025-04-07T12:42:00,Android,Bengaluru,732.35,49.0
S010135,U06139,2025-01-11T12:28:00,Android,Delhi,369.77,0.0
S010136,U06140,2025-05-10T07:36:00,Android,Hyderabad,505.59,19.0
S010137,U06140,2025-02-16T20:17:00,Android,Hyderabad,895.95,59.0
S010138,U06141,2025-05-31T15:32:00,Android,Hyderabad,737.91,39.0
S010139,U06142,2025-05-24T15:32:00,Android,Bengaluru,945.83,0.0
S010140,U06142,2025-06-14T11:21:00,Android,Bengaluru,536.01,49.0
S010141,U06143,2025-03-20T12:16:00,Android,Bengaluru,444.22,59.0
S010142,U06143,2025-02-21T10:22:00,Android,Bengaluru,414.72,59.0
S010143,U06144,2025-04-01T16:09:00,iOS,Hyderabad,1902.54,69.0
S010144,U06144,2025-05-09T22:26:00,iOS,Hyderabad,1116.82,59.0
S010145,U06144,2025-05-30T12:02:00,iOS,Hyderabad,485.29,49.0
S010146,U06144,2025-06-06T14:13:00,iOS,Hyderabad,860.5,39.0
S010147,U06145,2025-05-26T19:32:00,Android,Delhi,698.0,39.0
S010148,U06146,2025-01-25T15:56:00,iOS,Bengaluru,639.81,39.0
S010149,U06146,2025-02-01T14:30:00,iOS,Bengaluru,768.92,0.0
S010150,U06146,2025-04-20T16:37:00,iOS,Bengaluru,954.48,0.0
S010151,U06147,2025-04-11T14:10:00,Android,Kolkata,431.89,29.0
S010152,U06147,2025-01-04T22:51:00,Android,Kolkata,491.44,49.0
S010153,U06147,2025-02-15T16:15:00,Android,Kolkata,512.58,29.0
S010154,U06147,2025-06-08T16:54:00,Android,Kolkata,767.06,69.0
S010155,U06148,2025-06-05T07:26:00,Android,Bengaluru,961.67,39.0
S010156,U06149,2025-06-26T22:02:00,Android,Mumbai,713.46,59.0
S010157,U06149,2025-06-27T13:40:00,Android,Mumbai,502.44,19.0
S010158,U06150,2025-04-26T15:47:00,iOS,Bengaluru,819.83,59.0
S010159,U06151,2025-06-07T22:16:00,Android,Hyderabad,558.31,29.0
S010160,U06152,2025-01-19T10:54:00,Android,Hyderabad,641.19,39.0
S010161,U06152,2025-04-20T19:28:00,Android,Hyderabad,739.53,29.0
S010162,U06153,2025-01-20T08:33:00,iOS,Delhi,820.73,59.0
S010163,U06154,2025-02-08T20:12:00,iOS,Mumbai,354.14,39.0
S010164,U06155,2025-05-02T09:26:00,iOS,Kolkata,526.11,29.0
S010165,U06156,2025-01-08T20:37:00,iOS,Hyderabad,545.23,39.0
S010166,U06156,2025-02-06T17:00:00,iOS,Hyderabad,394.04,49.0
S010167,U06157,2025-02-05T16:18:00,Android,Delhi,355.96,69.0
S010168,U06158,2025-05-06T08:55:00,iOS,Delhi,690.69,29.0
S010169,U06158,2025-01-25T13:35:00,iOS,Delhi,975.52,59.0
S010170,U06159,2025-01-31T20:28:00,Android,Kolkata,464.27,19.0
S010171,U06160,2025-05-08T11:07:00,iOS,Bengaluru,285.78,49.0
S010172,U06160,2025-06-21T17:47:00,iOS,Bengaluru,537.62,39.0
S010173,U06160,2025-01-08T10:31:00,iOS,Bengaluru,571.28,69.0
S010174,U06161,2025-03-26T11:19:00,Android,Bengaluru,506.79,59.0
S010175,U06161,2025-04-02T21:41:00,Android,Bengaluru,498.26,39.0
S010176,U06162,2025-02-21T20:10:00,Android,Bengaluru,534.53,59.0
S010177,U06162,2025-02-21T11:44:00,Android,Bengaluru,858.09,59.0
S010178,U06163,2025-01-13T16:46:00,Android,Hyderabad,775.41,39.0
S010179,U06164,2025-05-28T12:47:00,iOS,Bengaluru,1024.54,0.0
S010180,U06164,2025-05-11T07:17:00,iOS,Bengaluru,547.83,0.0
S010181,U06164,2025-03-15T12:59:00,iOS,Bengaluru,1721.51,0.0
S010182,U06165,2025-05-23T16:59:00,Android,Delhi,956.88,0.0
S010183,U06166,2025-04-02T22:43:00,iOS,Mumbai,576.19,29.0
S010184,U06166,2025-04-04T21:04:00,iOS,Mumbai,860.7,29.0
S010185,U06167,2025-02-26T10:54:00,Android,Bengaluru,788.89,49.0
S010186,U06167,2025-02-25T09:06:00,Android,Bengaluru,590.15,59.0
S010187,U06168,2025-04-30T18:07:00,Android,Delhi,745.36,39.0
S010188,U06169,2025-04-17T07:20:00,Android,Delhi,389.38,29.0
S010189,U06170,2025-03-31T19:15:00,Android,Bengaluru,365.0,49.0
S010190,U06170,2025-03-28T17:20:00,Android,Bengaluru,559.01,69.0
S010191,U06171,2025-05-27T16:07:00,Android,Kolkata,607.24,29.0
S010192,U06171,2025-01-22T20:31:00,Android,Kolkata,482.58,49.0
S010193,U06172,2025-04-09T10:39:00,iOS,Bengaluru,603.25,39.0
S010194,U06172,2025-05-26T08:11:00,iOS,Bengaluru,365.22,29.0
S010195,U06172,2025-05-10T08:05:00,iOS,Bengaluru,1162.81,0.0
S010196,U06173,2025-06-08T16:40:00,Android,Hyderabad,804.27,49.0
S010197,U06174,2025-02-26T15:04:00,Android,Delhi,565.29,39.0
S010198,U06175,2025-02-03T21:21:00,Android,Bengaluru,422.55,49.0
S010199,U06176,2025-04-14T15:54:00,iOS,Bengaluru,535.36,0.0
S010200,U06176,2025-01-30T20:40:00,iOS,Bengaluru,731.77,29.0
S010201,U06176,2025-03-07T22:27:00,iOS,Bengaluru,717.93,39.0
S010202,U06177,2025-06-28T21:47:00,Android,Mumbai,603.24,49.0
S010203,U06178,2025-01-03T15:46:00,iOS,Delhi,556.61,39.0
S010204,U06178,2025-03-13T17:26:00,iOS,Delhi,981.06,0.0
S010205,U06179,2025-06-04T17:01:00,Android,Bengaluru,242.76,19.0
S010206,U06180,2025-02-06T07:34:00,iOS,Kolkata,1026.81,0.0
S010207,U06180,2025-04-13T22:57:00,iOS,Kolkata,689.62,69.0
S010208,U06180,2025-03-18T11:06:00,iOS,Kolkata,523.15,39.0
S010209,U06181,2025-06-25T15:57:00,Android,Delhi,637.03,49.0
S010210,U06181,2025-03-21T08:30:00,Android,Delhi,1549.16,0.0
S010211,U06182,2025-04-02T19:39:00,iOS,Kolkata,811.26,19.0
S010212,U06183,2025-06-19T14:50:00,iOS,Bengaluru,978.6,0.0
S010213,U06183,2025-04-20T13:42:00,iOS,Bengaluru,607.95,0.0
S010214,U06183,2025-01-20T22:33:00,iOS,Bengaluru,561.6,39.0
S010215,U06184,2025-03-27T11:05:00,iOS,Bengaluru,1043.13,0.0
S010216,U06185,2025-02-10T13:32:00,Android,Mumbai,554.86,29.0
S010217,U06185,2025-05-19T15:02:00,Android,Mumbai,777.3,49.0
S010218,U06186,2025-02-03T10:01:00,iOS,Delhi,596.77,39.0
S010219,U06186,2025-05-05T08:12:00,iOS,Delhi,937.32,0.0
S010220,U06187,2025-04-30T08:15:00,Android,Bengaluru,980.85,0.0
S010221,U06188,2025-01-05T19:43:00,Android,Bengaluru,606.56,39.0
S010222,U06189,2025-03-02T12:00:00,Android,Bengaluru,1003.97,0.0
S010223,U06190,2025-03-02T22:47:00,Android,Hyderabad,1008.58,39.0
S010224,U06191,2025-05-23T16:12:00,Android,Delhi,739.12,49.0
S010225,U06191,2025-05-17T11:04:00,Android,Delhi,801.5,39.0
S010226,U06191,2025-06-07T19:44:00,Android,Delhi,296.86,29.0
S010227,U06192,2025-04-04T21:21:00,Android,Kolkata,611.91,39.0
S010228,U06192,2025-06-11T16:46:00,Android,Kolkata,688.4,59.0
S010229,U06193,2025-05-03T22:34:00,Android,Bengaluru,604.93,49.0
S010230,U06194,2025-05-28T09:16:00,Android,Delhi,762.93,69.0
S010231,U06195,2025-04-30T14:00:00,Android,Delhi,512.14,59.0
S010232,U06196,2025-04-10T13:33:00,Android,Mumbai,558.55,29.0
S010233,U06197,2025-01-22T17:03:00,Android,Kolkata,548.2,59.0
S010234,U06197,2025-01-14T19:50:00,Android,Kolkata,732.47,49.0
S010235,U06198,2025-05-22T18:39:00,Android,Hyderabad,537.63,29.0
S010236,U06198,2025-01-12T13:47:00,Android,Hyderabad,713.41,39.0
S010237,U06199,2025-02-27T15:03:00,Android,Bengaluru,404.0,0.0
S010238,U06200,2025-03-19T18:10:00,iOS,Delhi,502.7,19.0
S010239,U06200,2025-04-05T17:44:00,iOS,Delhi,365.04,49.0
S010240,U06200,2025-05-23T14:31:00,iOS,Delhi,1282.16,0.0
S010241,U06201,2025-03-20T13:00:00,Android,Hyderabad,998.39,0.0
S010242,U06201,2025-02-01T15:08:00,Android,Hyderabad,753.57,69.0
S010243,U06201,2025-03-16T09:46:00,Android,Hyderabad,729.78,39.0
S010244,U06202,2025-06-19T08:13:00,Android,Bengaluru,580.45,59.0
S010245,U06203,2025-01-16T16:05:00,iOS,Mumbai,743.16,59.0
S010246,U06204,2025-05-22T08:47:00,iOS,Bengaluru,643.17,49.0
S010247,U06204,2025-01-04T10:27:00,iOS,Bengaluru,444.32,49.0
S010248,U06205,2025-05-25T20:04:00,Android,Delhi,882.8,59.0
S010249,U06206,2025-01-30T13:50:00,iOS,Delhi,819.66,0.0
S010250,U06206,2025-02-02T09:10:00,iOS,Delhi,1130.07,0.0
S010251,U06207,2025-01-08T10:25:00,iOS,Delhi,539.71,49.0
S010252,U06208,2025-05-11T12:16:00,Android,Kolkata,881.03,49.0
S010253,U06209,2025-03-27T07:25:00,Android,Mumbai,816.77,29.0
S010254,U06210,2025-05-17T21:43:00,Android,Kolkata,1018.88,0.0
S010255,U06210,2025-02-18T19:12:00,Android,Kolkata,862.7,59.0
S010256,U06211,2025-06-28T11:20:00,iOS,Hyderabad,828.07,29.0
S010257,U06212,2025-01-13T16:41:00,Android,Delhi,656.13,39.0
S010258,U06212,2025-06-07T07:31:00,Android,Delhi,490.24,39.0
S010259,U06213,2025-01-12T08:29:00,Android,Mumbai,477.18,69.0
S010260,U06213,2025-02-27T22:09:00,Android,Mumbai,539.92,19.0
S010261,U06214,2025-06-08T21:49:00,iOS,Delhi,409.81,49.0
S010262,U06214,2025-04-16T11:52:00,iOS,Delhi,649.16,59.0
S010263,U06215,2025-05-06T13:35:00,iOS,Hyderabad,631.9,39.0
S010264,U06216,2025-06-29T14:26:00,Android,Bengaluru,510.97,29.0
S010265,U06217,2025-02-03T19:20:00,iOS,Kolkata,392.29,39.0
S010266,U06218,2025-06-19T07:57:00,iOS,Mumbai,661.89,29.0
S010267,U06219,2025-04-30T11:01:00,iOS,Mumbai,436.45,29.0
S010268,U06219,2025-01-07T15:27:00,iOS,Mumbai,960.72,0.0
S010269,U06220,2025-05-23T20:54:00,iOS,Mumbai,720.72,0.0
S010270,U06221,2025-04-19T14:33:00,Android,Mumbai,589.43,69.0
S010271,U06222,2025-04-27T15:49:00,iOS,Mumbai,591.6,0.0
S010272,U06223,2025-02-15T11:18:00,Android,Mumbai,775.03,49.0
S010273,U06223,2025-02-25T19:51:00,Android,Mumbai,889.82,49.0
S010274,U06223,2025-01-20T11:58:00,Android,Mumbai,692.34,59.0
S010275,U06224,2025-05-06T16:16:00,iOS,Bengaluru,915.29,19.0
S010276,U06225,2025-04-22T07:44:00,iOS,Mumbai,761.99,49.0
S010277,U06225,2025-06-15T10:36:00,iOS,Mumbai,341.18,0.0
S010278,U06225,2025-04-01T18:04:00,iOS,Mumbai,540.41,39.0
S010279,U06226,2025-01-21T10:19:00,iOS,Delhi,478.19,69.0
S010280,U06227,2025-02-26T07:17:00,iOS,Mumbai,355.01,49.0
S010281,U06227,2025-06-27T10:26:00,iOS,Mumbai,447.72,49.0
S010282,U06228,2025-04-01T08:00:00,iOS,Mumbai,499.3,0.0
S010283,U06229,2025-04-18T19:54:00,Android,Bengaluru,682.94,0.0
S010284,U06229,2025-06-07T20:05:00,Android,Bengaluru,854.48,39.0
S010285,U06230,2025-05-05T16:00:00,Android,Hyderabad,648.47,39.0
S010286,U06231,2025-01-30T17:02:00,Android,Delhi,911.04,0.0
S010287,U06232,2025-05-19T07:51:00,iOS,Mumbai,464.48,19.0
S010288,U06233,2025-04-18T07:46:00,Android,Mumbai,619.75,19.0
S010289,U06234,2025-01-15T18:54:00,Android,Mumbai,699.99,39.0
S010290,U06234,2025-03-28T13:04:00,Android,Mumbai,996.8,59.0
S010291,U06235,2025-05-27T13:39:00,Android,Hyderabad,611.96,29.0
S010292,U06236,2025-02-18T07:28:00,Android,Bengaluru,435.04,39.0
S010293,U06237,2025-05-25T19:43:00,Android,Bengaluru,198.57,49.0
S010294,U06238,2025-03-09T20:36:00,iOS,Mumbai,1318.76,0.0
S010295,U06238,2025-02-05T17:09:00,iOS,Mumbai,677.28,0.0
S010296,U06239,2025-01-15T10:13:00,iOS,Bengaluru,899.52,0.0
S010297,U06239,2025-04-07T13:06:00,iOS,Bengaluru,1061.3,0.0
S010298,U06239,2025-02-02T22:42:00,iOS,Bengaluru,1142.67,0.0
S010299,U06240,2025-06-03T17:53:00,Android,Bengaluru,676.09,49.0
S010300,U06241,2025-03-19T15:21:00,iOS,Bengaluru,568.18,59.0
S010301,U06241,2025-02-08T14:47:00,iOS,Bengaluru,921.52,39.0
S010302,U06242,2025-03-10T21:54:00,Android,Delhi,1211.84,0.0
S010303,U06243,2025-02-27T08:40:00,Android,Kolkata,742.14,29.0
S010304,U06243,2025-04-18T16:26:00,Android,Kolkata,560.45,69.0
S010305,U06243,2025-05-06T16:00:00,Android,Kolkata,548.91,49.0
S010306,U06244,2025-06-25T12:22:00,Android,Bengaluru,370.1,29.0
S010307,U06245,2025-02-12T10:32:00,iOS,Delhi,746.54,39.0
S010308,U06245,2025-02-01T21:55:00,iOS,Delhi,881.73,19.0
S010309,U06246,2025-02-14T07:19:00,Android,Kolkata,583.19,49.0
S010310,U06247,2025-01-14T11:53:00,Android,Kolkata,505.01,49.0
S010311,U06247,2025-04-05T21:11:00,Android,Kolkata,1567.83,0.0
S010312,U06247,2025-02-17T14:47:00,Android,Kolkata,991.53,0.0
S010313,U06247,2025-05-26T22:39:00,Android,Kolkata,1105.2,39.0
S010314,U06248,2025-02-08T15:33:00,Android,Bengaluru,784.6,39.0
S010315,U06248,2025-03-07T22:36:00,Android,Bengaluru,873.18,49.0
S010316,U06248,2025-03-04T07:07:00,Android,Bengaluru,764.65,59.0
S010317,U06249,2025-01-17T17:30:00,Android,Kolkata,1097.63,19.0
S010318,U06249,2025-03-26T10:09:00,Android,Kolkata,743.21,39.0
S010319,U06250,2025-03-04T15:55:00,Android,Bengaluru,671.4,19.0
S010320,U06251,2025-04-10T07:00:00,Android,Hyderabad,1382.41,0.0
S010321,U06251,2025-04-19T13:07:00,Android,Hyderabad,677.6,19.0
S010322,U06251,2025-05-25T14:31:00,Android,Hyderabad,1179.44,0.0
S010323,U06251,2025-06-10T09:23:00,Android,Hyderabad,584.31,49.0
S010324,U06251,2025-05-09T09:05:00,Android,Hyderabad,494.33,19.0
S010325,U06252,2025-06-03T09:27:00,iOS,Bengaluru,657.81,39.0
S010326,U06252,2025-05-09T12:16:00,iOS,Bengaluru,542.27,29.0
S010327,U06252,2025-02-16T11:59:00,iOS,Bengaluru,702.01,49.0
S010328,U06253,2025-02-10T07:30:00,Android,Delhi,506.97,29.0
S010329,U06253,2025-06-04T15:48:00,Android,Delhi,1171.08,19.0
S010330,U06254,2025-02-09T21:18:00,Android,Bengaluru,943.38,59.0
S010331,U06255,2025-01-20T16:24:00,Android,Hyderabad,657.07,39.0
S010332,U06256,2025-03-28T11:15:00,Android,Bengaluru,560.27,39.0
S010333,U06256,2025-06-15T17:25:00,Android,Bengaluru,265.96,59.0
S010334,U06256,2025-04-28T14:47:00,Android,Bengaluru,782.85,59.0
S010335,U06256,2025-05-09T22:58:00,Android,Bengaluru,1011.93,0.0
S010336,U06257,2025-05-04T19:32:00,iOS,Delhi,927.55,0.0
S010337,U06258,2025-04-24T18:29:00,Android,Hyderabad,515.34,59.0
S010338,U06258,2025-04-05T13:49:00,Android,Hyderabad,412.31,39.0
S010339,U06259,2025-02-26T19:11:00,Android,Bengaluru,432.06,29.0
S010340,U06260,2025-06-30T09:38:00,iOS,Kolkata,730.89,29.0
S010341,U06261,2025-03-23T14:17:00,iOS,Delhi,1065.67,0.0
S010342,U06261,2025-01-31T22:11:00,iOS,Delhi,726.19,59.0
S010343,U06261,2025-04-14T22:56:00,iOS,Delhi,596.79,69.0
S010344,U06261,2025-05-11T07:28:00,iOS,Delhi,555.51,39.0
S010345,U06262,2025-03-14T22:23:00,Android,Bengaluru,371.0,39.0
S010346,U06263,2025-03-30T20:09:00,Android,Bengaluru,855.48,39.0
S010347,U06263,2025-05-22T19:37:00,Android,Bengaluru,782.1,19.0
S010348,U06264,2025-03-20T10:52:00,iOS,Delhi,381.51,49.0
S010349,U06264,2025-01-01T19:54:00,iOS,Delhi,730.46,39.0
S010350,U06264,2025-05-17T21:26:00,iOS,Delhi,782.38,49.0
S010351,U06265,2025-04-14T19:31:00,Android,Bengaluru,966.77,0.0
S010352,U06266,2025-02-13T10:31:00,iOS,Mumbai,513.22,39.0
S010353,U06266,2025-01-17T19:38:00,iOS,Mumbai,456.75,39.0
S010354,U06267,2025-03-08T16:07:00,Android,Mumbai,823.39,49.0
S010355,U06268,2025-02-18T17:29:00,iOS,Delhi,506.88,19.0
S010356,U06269,2025-02-24T22:06:00,Android,Delhi,505.57,59.0
S010357,U06270,2025-02-01T22:22:00,Android,Hyderabad,874.46,59.0
S010358,U06271,2025-05-14T11:57:00,iOS,Delhi,519.37,59.0
S010359,U06272,2025-01-28T20:19:00,Android,Mumbai,516.02,49.0
S010360,U06273,2025-04-03T13:01:00,Android,Kolkata,904.72,0.0
S010361,U06273,2025-05-14T14:28:00,Android,Kolkata,1409.95,0.0
S010362,U06273,2025-05-25T21:42:00,Android,Kolkata,860.74,0.0
S010363,U06274,2025-03-18T16:43:00,Android,Bengaluru,680.6,0.0
S010364,U06275,2025-03-31T10:52:00,iOS,Mumbai,695.05,49.0
S010365,U06276,2025-03-22T13:16:00,Android,Kolkata,493.85,29.0
S010366,U06276,2025-03-24T15:54:00,Android,Kolkata,1007.65,0.0
S010367,U06277,2025-06-18T21:21:00,Android,Mumbai,639.41,19.0
S010368,U06278,2025-01-08T21:58:00,Android,Kolkata,347.9,0.0
S010369,U06278,2025-02-14T12:43:00,Android,Kolkata,595.45,39.0
S010370,U06279,2025-03-02T10:01:00,Android,Delhi,1245.95,0.0
S010371,U06280,2025-01-07T19:09:00,iOS,Mumbai,859.0,49.0
S010372,U06280,2025-01-24T08:23:00,iOS,Mumbai,769.59,0.0
S010373,U06281,2025-06-12T12:37:00,Android,Delhi,1781.61,69.0
S010374,U06281,2025-02-22T11:34:00,Android,Delhi,733.28,19.0
S010375,U06281,2025-01-13T19:02:00,Android,Delhi,1746.38,0.0
S010376,U06282,2025-01-04T15:53:00,Android,Bengaluru,1178.59,0.0
S010377,U06282,2025-03-12T11:19:00,Android,Bengaluru,1035.48,0.0
S010378,U06283,2025-03-04T13:07:00,Android,Kolkata,634.73,0.0
S010379,U06284,2025-06-23T09:10:00,Android,Bengaluru,1315.17,0.0
S010380,U06284,2025-02-14T17:12:00,Android,Bengaluru,447.01,19.0
S010381,U06285,2025-03-06T09:08:00,Android,Kolkata,595.69,69.0
S010382,U06285,2025-02-20T17:33:00,Android,Kolkata,838.97,29.0
S010383,U06285,2025-05-12T22:12:00,Android,Kolkata,982.18,0.0
S010384,U06286,2025-04-03T07:42:00,Android,Mumbai,388.59,49.0
S010385,U06286,2025-01-24T18:23:00,Android,Mumbai,928.47,0.0
S010386,U06287,2025-02-05T17:15:00,iOS,Kolkata,418.3,49.0
S010387,U06288,2025-02-08T18:50:00,iOS,Kolkata,880.73,69.0
S010388,U06288,2025-02-17T18:57:00,iOS,Kolkata,588.57,29.0
S010389,U06288,2025-02-22T16:57:00,iOS,Kolkata,577.64,39.0
S010390,U06289,2025-02-24T15:24:00,iOS,Mumbai,777.51,39.0
S010391,U06289,2025-05-29T11:04:00,iOS,Mumbai,884.93,29.0
S010392,U06290,2025-02-03T09:28:00,Android,Kolkata,595.36,19.0
S010393,U06290,2025-05-01T15:21:00,Android,Kolkata,992.41,69.0
S010394,U06291,2025-05-09T07:29:00,iOS,Hyderabad,607.06,49.0
S010395,U06291,2025-06-24T08:56:00,iOS,Hyderabad,649.83,59.0
S010396,U06292,2025-05-31T17:55:00,Android,Mumbai,1380.62,0.0
S010397,U06292,2025-05-11T21:41:00,Android,Mumbai,549.56,39.0
S010398,U06293,2025-05-13T08:29:00,Android,Mumbai,815.26,19.0
S010399,U06293,2025-05-20T10:38:00,Android,Mumbai,1199.31,0.0
S010400,U06293,2025-03-30T15:21:00,Android,Mumbai,730.67,0.0
S010401,U06294,2025-01-25T17:50:00,Android,Bengaluru,473.17,49.0
S010402,U06295,2025-06-03T17:17:00,Android,Bengaluru,558.02,29.0
S010403,U06296,2025-06-12T08:34:00,Android,Bengaluru,424.47,0.0
S010404,U06297,2025-04-13T13:21:00,Android,Delhi,474.43,29.0
S010405,U06297,2025-01-17T07:52:00,Android,Delhi,1000.38,0.0
S010406,U06297,2025-02-03T07:40:00,Android,Delhi,938.44,29.0
S010407,U06298,2025-06-21T18:47:00,iOS,Bengaluru,425.0,0.0
S010408,U06298,2025-04-09T21:09:00,iOS,Bengaluru,499.36,19.0
S010409,U06299,2025-06-29T20:31:00,iOS,Mumbai,688.09,49.0
S010410,U06300,2025-06-19T10:46:00,Android,Mumbai,661.41,49.0
S010411,U06300,2025-04-24T17:09:00,Android,Mumbai,392.29,29.0
S010412,U06301,2025-06-03T21:52:00,iOS,Mumbai,768.76,49.0
S010413,U06301,2025-05-02T12:00:00,iOS,Mumbai,1402.57,0.0
S010414,U06302,2025-01-07T12:15:00,Android,Kolkata,846.57,29.0
S010415,U06303,2025-02-11T08:29:00,Android,Kolkata,529.92,39.0
S010416,U06304,2025-05-06T16:02:00,iOS,Kolkata,657.44,69.0
S010417,U06305,2025-04-05T16:46:00,Android,Mumbai,976.43,29.0
S010418,U06306,2025-01-30T16:42:00,Android,Bengaluru,604.36,39.0
S010419,U06306,2025-03-02T19:54:00,Android,Bengaluru,701.64,69.0
S010420,U06307,2025-06-24T11:31:00,Android,Kolkata,410.29,39.0
S010421,U06307,2025-06-19T14:09:00,Android,Kolkata,919.67,0.0
S010422,U06307,2025-04-12T16:29:00,Android,Kolkata,577.86,39.0
S010423,U06308,2025-05-14T19:35:00,Android,Bengaluru,808.87,59.0
S010424,U06309,2025-05-18T07:19:00,iOS,Bengaluru,920.64,0.0
S010425,U06310,2025-05-21T09:12:00,Android,Delhi,948.28,0.0
S010426,U06310,2025-05-14T09:33:00,Android,Delhi,1054.99,0.0
S010427,U06311,2025-01-29T08:09:00,Android,Mumbai,1253.89,0.0
S010428,U06311,2025-04-12T13:20:00,Android,Mumbai,735.95,59.0
S010429,U06312,2025-02-04T22:10:00,Android,Hyderabad,826.68,29.0
S010430,U06313,2025-05-14T10:55:00,Android,Bengaluru,1177.87,0.0
S010431,U06313,2025-01-08T15:03:00,Android,Bengaluru,756.97,19.0
S010432,U06313,2025-06-27T12:58:00,Android,Bengaluru,407.86,39.0
S010433,U06314,2025-06-21T15:33:00,Android,Hyderabad,605.03,59.0
S010434,U06315,2025-06-24T10:44:00,iOS,Bengaluru,864.36,19.0
S010435,U06315,2025-02-10T12:13:00,iOS,Bengaluru,416.49,29.0
S010436,U06316,2025-04-27T20:18:00,Android,Delhi,917.81,0.0
S010437,U06316,2025-01-07T16:15:00,Android,Delhi,886.15,19.0
S010438,U06317,2025-02-06T14:00:00,iOS,Delhi,736.44,59.0
S010439,U06318,2025-03-17T13:44:00,Android,Delhi,806.59,59.0
S010440,U06319,2025-04-03T09:34:00,Android,Hyderabad,724.97,39.0
S010441,U06319,2025-01-02T08:40:00,Android,Hyderabad,643.67,39.0
S010442,U06320,2025-03-23T18:27:00,Android,Bengaluru,651.96,39.0
S010443,U06320,2025-03-22T19:30:00,Android,Bengaluru,380.62,49.0
S010444,U06321,2025-04-09T17:26:00,Android,Bengaluru,387.15,19.0
S010445,U06322,2025-01-03T18:09:00,iOS,Bengaluru,517.62,29.0
S010446,U06323,2025-06-22T16:54:00,iOS,Hyderabad,438.88,49.0
S010447,U06324,2025-03-22T11:06:00,Android,Kolkata,350.4,29.0
S010448,U06325,2025-05-10T22:23:00,iOS,Mumbai,528.27,0.0
S010449,U06325,2025-05-08T16:57:00,iOS,Mumbai,1101.72,0.0
S010450,U06325,2025-05-18T17:05:00,iOS,Mumbai,534.23,0.0
S010451,U06326,2025-01-08T12:18:00,iOS,Mumbai,476.83,29.0
S010452,U06326,2025-02-11T08:56:00,iOS,Mumbai,779.65,49.0
S010453,U06327,2025-04-22T11:03:00,Android,Kolkata,902.94,0.0
S010454,U06328,2025-04-10T21:04:00,Android,Bengaluru,1007.58,0.0
S010455,U06328,2025-01-04T22:12:00,Android,Bengaluru,663.18,39.0
S010456,U06328,2025-05-05T19:13:00,Android,Bengaluru,1199.18,0.0
S010457,U06329,2025-05-09T08:59:00,iOS,Bengaluru,369.28,59.0
S010458,U06330,2025-04-22T08:35:00,iOS,Mumbai,701.98,29.0
S010459,U06331,2025-04-17T11:13:00,Android,Delhi,773.52,19.0
S010460,U06332,2025-03-23T19:46:00,Android,Delhi,644.09,49.0
S010461,U06332,2025-01-02T19:58:00,Android,Delhi,443.63,19.0
S010462,U06333,2025-05-30T14:25:00,Android,Delhi,692.94,29.0
S010463,U06334,2025-03-04T19:22:00,Android,Delhi,883.16,19.0
S010464,U06335,2025-03-17T15:35:00,Android,Mumbai,461.17,29.0
S010465,U06335,2025-06-25T09:54:00,Android,Mumbai,755.61,0.0
S010466,U06336,2025-04-01T13:49:00,Android,Delhi,563.94,49.0
S010467,U06337,2025-05-06T16:35:00,Android,Bengaluru,543.67,39.0
S010468,U06338,2025-05-11T16:06:00,Android,Kolkata,617.67,69.0
S010469,U06338,2025-01-23T21:18:00,Android,Kolkata,1395.34,0.0
S010470,U06339,2025-03-12T15:04:00,Android,Hyderabad,593.1,19.0
S010471,U06340,2025-01-22T09:30:00,Android,Bengaluru,571.92,39.0
S010472,U06340,2025-01-12T14:10:00,Android,Bengaluru,573.52,69.0
S010473,U06341,2025-04-04T10:08:00,Android,Bengaluru,1540.32,0.0
S010474,U06341,2025-01-31T18:39:00,Android,Bengaluru,920.44,0.0
S010475,U06341,2025-06-05T16:54:00,Android,Bengaluru,1152.68,0.0
S010476,U06342,2025-01-15T08:22:00,iOS,Bengaluru,575.97,59.0
S010477,U06343,2025-06-23T17:57:00,iOS,Bengaluru,974.56,0.0
S010478,U06343,2025-05-26T14:57:00,iOS,Bengaluru,860.29,49.0
S010479,U06344,2025-03-24T13:18:00,Android,Bengaluru,714.17,49.0
S010480,U06345,2025-06-22T14:08:00,iOS,Bengaluru,945.82,0.0
S010481,U06346,2025-02-13T22:11:00,iOS,Hyderabad,611.97,69.0
S010482,U06346,2025-05-16T16:52:00,iOS,Hyderabad,701.31,59.0
S010483,U06347,2025-03-04T12:18:00,Android,Hyderabad,719.32,49.0
S010484,U06347,2025-06-02T14:05:00,Android,Hyderabad,556.71,49.0
S010485,U06347,2025-05-13T12:38:00,Android,Hyderabad,942.0,0.0
S010486,U06348,2025-01-17T17:11:00,iOS,Hyderabad,1568.88,0.0
S010487,U06348,2025-03-28T21:08:00,iOS,Hyderabad,544.86,39.0
S010488,U06349,2025-01-09T20:04:00,Android,Mumbai,1319.05,39.0
S010489,U06350,2025-05-15T13:53:00,Android,Hyderabad,678.36,0.0
S010490,U06351,2025-02-14T07:06:00,iOS,Hyderabad,704.41,19.0
S010491,U06351,2025-01-17T07:24:00,iOS,Hyderabad,1007.55,0.0
S010492,U06351,2025-06-21T21:34:00,iOS,Hyderabad,896.73,49.0
S010493,U06352,2025-03-25T16:38:00,Android,Kolkata,2400.0,0.0
S010494,U06352,2025-06-09T09:53:00,Android,Kolkata,531.75,19.0
S010495,U06353,2025-06-18T17:45:00,Android,Hyderabad,909.33,0.0
S010496,U06354,2025-05-12T07:24:00,Android,Hyderabad,1436.91,59.0
S010497,U06355,2025-04-09T16:09:00,Android,Hyderabad,695.62,19.0
S010498,U06356,2025-01-27T15:45:00,Android,Mumbai,871.87,49.0
S010499,U06356,2025-01-27T15:50:00,Android,Mumbai,651.32,59.0
S010500,U06357,2025-02-24T07:48:00,Android,Bengaluru,1282.08,0.0
S010501,U06358,2025-03-13T12:23:00,iOS,Bengaluru,428.9,69.0
S010502,U06358,2025-01-07T12:46:00,iOS,Bengaluru,1105.39,0.0
S010503,U06359,2025-06-01T16:44:00,Android,Delhi,759.95,39.0
S010504,U06360,2025-02-10T10:59:00,iOS,Bengaluru,821.9,0.0
S010505,U06360,2025-05-20T18:53:00,iOS,Bengaluru,539.44,39.0
S010506,U06360,2025-02-19T22:32:00,iOS,Bengaluru,778.32,39.0
S010507,U06361,2025-01-15T11:20:00,Android,Bengaluru,726.16,39.0
S010508,U06361,2025-06-05T19:47:00,Android,Bengaluru,535.25,59.0
S010509,U06362,2025-05-25T11:02:00,Android,Bengaluru,991.0,0.0
S010510,U06362,2025-05-01T11:59:00,Android,Bengaluru,770.7,39.0
S010511,U06363,2025-01-13T12:59:00,iOS,Delhi,704.61,49.0
S010512,U06363,2025-02-06T09:45:00,iOS,Delhi,840.4,39.0
S010513,U06364,2025-03-24T16:55:00,Android,Kolkata,687.47,19.0
S010514,U06365,2025-01-26T09:34:00,Android,Delhi,714.48,29.0
S010515,U06365,2025-06-14T17:13:00,Android,Delhi,658.77,69.0
S010516,U06366,2025-06-06T12:21:00,iOS,Bengaluru,513.78,39.0
S010517,U06366,2025-05-03T09:20:00,iOS,Bengaluru,827.51,49.0
S010518,U06367,2025-01-04T17:29:00,Android,Delhi,713.06,39.0
S010519,U06367,2025-01-18T07:32:00,Android,Delhi,884.16,39.0
S010520,U06367,2025-05-17T19:43:00,Android,Delhi,1163.59,0.0
S010521,U06368,2025-03-31T16:53:00,Android,Delhi,655.9,39.0
S010522,U06368,2025-06-01T17:55:00,Android,Delhi,464.9,39.0
S010523,U06369,2025-02-02T21:33:00,iOS,Mumbai,914.88,0.0
S010524,U06369,2025-01-06T11:32:00,iOS,Mumbai,803.5,29.0
S010525,U06370,2025-04-13T08:42:00,Android,Mumbai,1324.48,0.0
S010526,U06370,2025-02-05T18:09:00,Android,Mumbai,706.25,49.0
S010527,U06371,2025-06-27T21:25:00,Android,Bengaluru,1039.82,0.0
S010528,U06371,2025-04-13T21:07:00,Android,Bengaluru,446.62,39.0
S010529,U06372,2025-02-16T16:00:00,Android,Mumbai,348.93,49.0
S010530,U06372,2025-03-07T21:37:00,Android,Mumbai,714.79,19.0
S010531,U06373,2025-03-17T08:34:00,Android,Bengaluru,478.32,49.0
S010532,U06374,2025-01-20T18:41:00,Android,Mumbai,435.64,39.0
S010533,U06375,2025-01-26T07:17:00,Android,Kolkata,707.2,29.0
S010534,U06376,2025-06-01T22:55:00,Android,Kolkata,1134.69,0.0
S010535,U06377,2025-03-13T16:10:00,iOS,Bengaluru,507.03,49.0
S010536,U06377,2025-05-15T08:21:00,iOS,Bengaluru,415.78,0.0
S010537,U06377,2025-06-25T21:48:00,iOS,Bengaluru,901.7,0.0
S010538,U06378,2025-06-02T22:25:00,iOS,Hyderabad,594.1,39.0
S010539,U06379,2025-01-01T18:06:00,Android,Hyderabad,645.6,39.0
S010540,U06380,2025-06-30T16:55:00,Android,Kolkata,864.23,49.0
S010541,U06381,2025-06-30T14:31:00,Android,Bengaluru,1110.82,39.0
S010542,U06381,2025-04-10T20:54:00,Android,Bengaluru,477.45,29.0
S010543,U06382,2025-02-10T07:26:00,iOS,Delhi,1132.97,0.0
S010544,U06383,2025-05-07T22:01:00,Android,Bengaluru,1198.25,0.0
S010545,U06383,2025-06-29T12:10:00,Android,Bengaluru,816.34,49.0
S010546,U06383,2025-01-18T15:45:00,Android,Bengaluru,622.11,59.0
S010547,U06384,2025-01-08T07:51:00,iOS,Bengaluru,315.02,29.0
S010548,U06384,2025-03-11T07:44:00,iOS,Bengaluru,835.76,0.0
S010549,U06385,2025-02-17T09:41:00,Android,Mumbai,891.3,29.0
S010550,U06385,2025-04-29T19:58:00,Android,Mumbai,1276.97,29.0
S010551,U06386,2025-03-19T15:53:00,iOS,Delhi,930.57,0.0
S010552,U06386,2025-01-13T18:48:00,iOS,Delhi,412.26,49.0
S010553,U06386,2025-02-05T17:09:00,iOS,Delhi,726.82,0.0
S010554,U06386,2025-04-07T18:25:00,iOS,Delhi,668.88,0.0
S010555,U06387,2025-03-15T09:16:00,iOS,Bengaluru,1305.34,0.0
S010556,U06388,2025-01-17T19:44:00,Android,Hyderabad,987.47,0.0
S010557,U06389,2025-05-20T12:13:00,Android,Mumbai,757.72,0.0
S010558,U06390,2025-03-19T20:23:00,Android,Kolkata,926.16,0.0
S010559,U06391,2025-03-30T13:22:00,Android,Hyderabad,639.61,0.0
S010560,U06392,2025-03-19T12:59:00,iOS,Kolkata,465.78,69.0
S010561,U06393,2025-03-01T12:24:00,Android,Hyderabad,618.1,29.0
S010562,U06394,2025-02-12T16:43:00,Android,Bengaluru,565.98,0.0
S010563,U06395,2025-05-03T22:58:00,iOS,Bengaluru,777.34,69.0
S010564,U06395,2025-01-25T14:48:00,iOS,Bengaluru,897.1,69.0
S010565,U06395,2025-01-13T08:05:00,iOS,Bengaluru,744.05,49.0
S010566,U06395,2025-01-19T12:32:00,iOS,Bengaluru,720.85,29.0
S010567,U06395,2025-04-20T20:05:00,iOS,Bengaluru,831.79,19.0
S010568,U06395,2025-02-18T18:17:00,iOS,Bengaluru,1642.76,0.0
S010569,U06396,2025-05-20T09:03:00,iOS,Kolkata,680.95,39.0
S010570,U06396,2025-03-09T18:40:00,iOS,Kolkata,596.54,49.0
S010571,U06397,2025-02-21T16:30:00,Android,Bengaluru,462.81,29.0
S010572,U06397,2025-06-15T08:16:00,Android,Bengaluru,1286.09,0.0
S010573,U06398,2025-03-06T08:59:00,iOS,Delhi,809.37,49.0
S010574,U06399,2025-01-08T07:25:00,Android,Mumbai,588.69,39.0
S010575,U06400,2025-06-09T10:23:00,Android,Bengaluru,837.24,49.0
S010576,U06401,2025-06-20T10:36:00,Android,Bengaluru,868.18,39.0
S010577,U06401,2025-01-10T08:43:00,Android,Bengaluru,671.8,49.0
S010578,U06402,2025-03-09T07:41:00,Android,Delhi,715.76,19.0
S010579,U06402,2025-03-14T09:03:00,Android,Delhi,849.23,59.0
S010580,U06403,2025-04-22T10:00:00,Android,Delhi,434.77,49.0
S010581,U06404,2025-05-31T15:57:00,Android,Mumbai,577.0,69.0
S010582,U06405,2025-05-31T21:35:00,Android,Bengaluru,1037.61,0.0
S010583,U06406,2025-05-26T14:59:00,iOS,Mumbai,345.08,29.0
S010584,U06406,2025-05-21T07:03:00,iOS,Mumbai,1436.35,29.0
S010585,U06406,2025-05-16T22:42:00,iOS,Mumbai,747.37,29.0
S010586,U06407,2025-01-14T20:33:00,Android,Bengaluru,1057.2,49.0
S010587,U06407,2025-01-04T19:51:00,Android,Bengaluru,792.05,59.0
S010588,U06408,2025-02-09T08:58:00,Android,Mumbai,599.28,69.0
S010589,U06408,2025-04-14T07:57:00,Android,Mumbai,824.39,0.0
S010590,U06409,2025-04-08T19:10:00,Android,Bengaluru,886.32,69.0
S010591,U06410,2025-05-04T19:50:00,Android,Bengaluru,680.23,59.0
S010592,U06411,2025-05-06T10:47:00,Android,Hyderabad,790.62,0.0
S010593,U06411,2025-05-16T16:44:00,Android,Hyderabad,373.78,0.0
S010594,U06412,2025-02-17T09:31:00,Android,Bengaluru,919.96,29.0
S010595,U06413,2025-04-06T07:52:00,Android,Hyderabad,815.92,39.0
S010596,U06414,2025-05-01T19:27:00,iOS,Delhi,728.31,59.0
S010597,U06414,2025-01-27T12:28:00,iOS,Delhi,1213.58,0.0
S010598,U06414,2025-02-13T09:51:00,iOS,Delhi,1222.77,0.0
S010599,U06414,2025-04-15T07:32:00,iOS,Delhi,937.27,49.0
S010600,U06415,2025-05-01T22:11:00,Android,Bengaluru,826.84,49.0
S010601,U06416,2025-01-06T11:05:00,Android,Delhi,697.86,19.0
S010602,U06416,2025-01-07T10:28:00,Android,Delhi,384.24,49.0
S010603,U06417,2025-05-19T17:43:00,iOS,Kolkata,627.7,39.0
S010604,U06417,2025-03-16T17:49:00,iOS,Kolkata,615.84,29.0
S010605,U06417,2025-01-05T07:55:00,iOS,Kolkata,796.6,39.0
S010606,U06418,2025-05-25T21:59:00,iOS,Delhi,654.37,39.0
S010607,U06419,2025-05-27T20:45:00,Android,Bengaluru,514.98,29.0
S010608,U06419,2025-03-09T17:41:00,Android,Bengaluru,1011.79,0.0
S010609,U06420,2025-01-03T12:50:00,iOS,Mumbai,591.79,29.0
S010610,U06421,2025-05-30T19:50:00,Android,Delhi,297.58,0.0
S010611,U06421,2025-06-15T16:11:00,Android,Delhi,485.64,29.0
S010612,U06422,2025-06-23T07:05:00,Android,Hyderabad,636.77,69.0
S010613,U06423,2025-03-17T17:16:00,iOS,Kolkata,858.46,49.0
S010614,U06424,2025-06-12T08:26:00,Android,Mumbai,720.65,49.0
S010615,U06425,2025-04-02T21:43:00,iOS,Delhi,577.04,29.0
S010616,U06425,2025-04-16T07:05:00,iOS,Delhi,1485.57,0.0
S010617,U06426,2025-06-21T22:33:00,Android,Delhi,421.9,59.0
S010618,U06427,2025-06-20T17:55:00,iOS,Kolkata,997.04,0.0
S010619,U06428,2025-03-19T16:14:00,iOS,Mumbai,814.48,39.0
S010620,U06429,2025-06-30T13:00:00,Android,Bengaluru,588.91,59.0
S010621,U06430,2025-05-06T17:30:00,Android,Kolkata,877.65,0.0
S010622,U06431,2025-06-19T15:00:00,Android,Kolkata,610.22,0.0
S010623,U06431,2025-02-26T08:51:00,Android,Kolkata,691.7,39.0
S010624,U06432,2025-04-13T16:23:00,iOS,Delhi,659.77,59.0
S010625,U06433,2025-03-15T10:12:00,Android,Delhi,1250.99,0.0
S010626,U06434,2025-03-19T18:03:00,iOS,Hyderabad,597.66,39.0
S010627,U06434,2025-03-05T18:48:00,iOS,Hyderabad,908.38,29.0
S010628,U06434,2025-01-11T15:50:00,iOS,Hyderabad,558.16,29.0
S010629,U06434,2025-05-23T13:42:00,iOS,Hyderabad,873.12,59.0
S010630,U06435,2025-04-04T14:23:00,Android,Hyderabad,1938.63,69.0
S010631,U06436,2025-05-22T18:44:00,Android,Mumbai,589.94,59.0
S010632,U06437,2025-01-30T13:17:00,iOS,Delhi,533.29,49.0
S010633,U06438,2025-06-02T15:16:00,iOS,Delhi,530.33,0.0
S010634,U06439,2025-06-20T09:41:00,Android,Delhi,613.2,69.0
S010635,U06440,2025-02-11T22:25:00,Android,Bengaluru,902.52,39.0
S010636,U06440,2025-05-16T07:36:00,Android,Bengaluru,771.17,59.0
S010637,U06441,2025-03-08T15:23:00,iOS,Hyderabad,1337.63,0.0
S010638,U06442,2025-03-24T10:23:00,iOS,Bengaluru,753.95,49.0
S010639,U06442,2025-03-12T11:32:00,iOS,Bengaluru,660.32,0.0
S010640,U06443,2025-02-08T19:11:00,Android,Delhi,930.04,0.0
S010641,U06444,2025-01-20T10:35:00,Android,Hyderabad,966.76,0.0
S010642,U06445,2025-01-26T09:29:00,Android,Delhi,1304.06,0.0
S010643,U06446,2025-02-06T19:26:00,Android,Delhi,431.42,0.0
S010644,U06447,2025-04-17T20:52:00,Android,Kolkata,506.28,0.0
S010645,U06448,2025-06-10T14:46:00,Android,Bengaluru,963.01,29.0
S010646,U06449,2025-02-27T08:34:00,iOS,Kolkata,649.02,0.0
S010647,U06449,2025-06-20T13:30:00,iOS,Kolkata,361.3,29.0
S010648,U06449,2025-01-19T17:14:00,iOS,Kolkata,771.58,39.0
S010649,U06449,2025-06-03T13:36:00,iOS,Kolkata,840.73,29.0
S010650,U06450,2025-02-02T10:37:00,Android,Bengaluru,1297.86,0.0
S010651,U06451,2025-03-27T13:04:00,iOS,Delhi,559.73,29.0
S010652,U06452,2025-03-29T11:48:00,Android,Mumbai,292.14,39.0
S010653,U06452,2025-06-19T18:12:00,Android,Mumbai,499.23,39.0
S010654,U06453,2025-04-16T17:56:00,Android,Delhi,1239.99,0.0
S010655,U06453,2025-05-24T07:13:00,Android,Delhi,839.16,49.0
S010656,U06453,2025-02-17T16:43:00,Android,Delhi,507.42,29.0
S010657,U06454,2025-03-29T07:27:00,Android,Mumbai,993.23,0.0
S010658,U06455,2025-03-15T16:04:00,Android,Bengaluru,506.34,39.0
S010659,U06455,2025-05-28T18:16:00,Android,Bengaluru,752.59,0.0
S010660,U06456,2025-03-29T20:06:00,Android,Mumbai,442.85,69.0
S010661,U06457,2025-06-05T09:19:00,iOS,Bengaluru,502.12,39.0
S010662,U06458,2025-02-03T18:11:00,iOS,Hyderabad,931.17,0.0
S010663,U06458,2025-03-14T12:00:00,iOS,Hyderabad,377.09,0.0
S010664,U06458,2025-02-06T09:22:00,iOS,Hyderabad,987.08,0.0
S010665,U06459,2025-03-14T14:59:00,iOS,Mumbai,281.37,39.0
S010666,U06459,2025-02-05T07:20:00,iOS,Mumbai,1121.36,0.0
S010667,U06460,2025-06-06T17:58:00,iOS,Mumbai,685.61,59.0
S010668,U06460,2025-03-12T15:04:00,iOS,Mumbai,1327.8,0.0
S010669,U06461,2025-04-16T10:22:00,iOS,Bengaluru,454.93,19.0
S010670,U06462,2025-03-22T15:16:00,Android,Mumbai,908.84,0.0
S010671,U06463,2025-05-12T10:01:00,Android,Mumbai,1445.42,0.0
S010672,U06463,2025-03-24T08:34:00,Android,Mumbai,616.62,49.0
S010673,U06463,2025-02-22T14:47:00,Android,Mumbai,732.38,49.0
S010674,U06464,2025-05-16T15:42:00,Android,Delhi,911.16,19.0
S010675,U06465,2025-01-21T19:51:00,Android,Mumbai,926.08,0.0
S010676,U06466,2025-05-27T07:15:00,Android,Bengaluru,1657.92,29.0
S010677,U06466,2025-02-13T11:41:00,Android,Bengaluru,893.08,39.0
S010678,U06466,2025-04-19T22:18:00,Android,Bengaluru,851.37,29.0
S010679,U06467,2025-01-06T09:41:00,iOS,Bengaluru,370.8,29.0
S010680,U06467,2025-03-18T07:53:00,iOS,Bengaluru,1062.35,0.0
S010681,U06468,2025-06-14T14:08:00,Android,Hyderabad,999.28,0.0
S010682,U06469,2025-04-25T22:34:00,iOS,Bengaluru,960.9,0.0
S010683,U06469,2025-05-13T20:44:00,iOS,Bengaluru,1153.07,29.0
S010684,U06470,2025-04-27T07:39:00,Android,Bengaluru,669.24,29.0
S010685,U06470,2025-02-26T17:54:00,Android,Bengaluru,1174.61,0.0
S010686,U06470,2025-03-03T15:10:00,Android,Bengaluru,937.75,0.0
S010687,U06470,2025-04-20T14:21:00,Android,Bengaluru,807.05,49.0
S010688,U06470,2025-05-08T18:50:00,Android,Bengaluru,1144.51,39.0
S010689,U06471,2025-04-28T18:55:00,iOS,Mumbai,605.99,39.0
S010690,U06472,2025-04-26T19:19:00,iOS,Hyderabad,1273.26,49.0
S010691,U06472,2025-01-19T11:06:00,iOS,Hyderabad,1760.21,69.0
S010692,U06473,2025-05-02T20:00:00,Android,Bengaluru,605.02,39.0
S010693,U06473,2025-04-17T11:06:00,Android,Bengaluru,371.38,0.0
S010694,U06473,2025-05-26T12:43:00,Android,Bengaluru,1027.52,0.0
S010695,U06473,2025-05-06T09:57:00,Android,Bengaluru,648.26,0.0
S010696,U06474,2025-01-12T14:28:00,iOS,Bengaluru,504.27,39.0
S010697,U06475,2025-04-15T16:39:00,iOS,Delhi,390.36,49.0
S010698,U06476,2025-01-10T09:51:00,iOS,Mumbai,690.28,0.0
S010699,U06477,2025-04-21T14:27:00,iOS,Delhi,933.96,59.0
S010700,U06477,2025-02-14T07:15:00,iOS,Delhi,628.04,59.0
S010701,U06477,2025-01-08T17:06:00,iOS,Delhi,1320.18,0.0
S010702,U06478,2025-01-31T19:07:00,Android,Mumbai,923.79,0.0
S010703,U06479,2025-06-09T08:06:00,Android,Hyderabad,632.32,59.0
S010704,U06479,2025-05-26T17:23:00,Android,Hyderabad,569.07,0.0
S010705,U06480,2025-03-24T17:14:00,Android,Kolkata,1063.11,0.0
S010706,U06480,2025-05-30T12:33:00,Android,Kolkata,408.3,29.0
S010707,U06481,2025-03-29T16:14:00,Android,Delhi,877.11,29.0
S010708,U06481,2025-01-12T07:14:00,Android,Delhi,883.1,29.0
S010709,U06482,2025-06-19T08:34:00,Android,Bengaluru,623.05,39.0
S010710,U06483,2025-05-11T14:16:00,Android,Delhi,546.24,0.0
S010711,U06483,2025-01-03T20:09:00,Android,Delhi,1892.85,0.0
S010712,U06484,2025-03-21T10:53:00,Android,Bengaluru,684.69,29.0
S010713,U06485,2025-04-24T09:36:00,iOS,Delhi,694.04,59.0
S010714,U06485,2025-02-08T16:17:00,iOS,Delhi,878.47,59.0
S010715,U06486,2025-02-22T12:31:00,iOS,Kolkata,1408.89,0.0
S010716,U06486,2025-06-11T17:43:00,iOS,Kolkata,1256.32,0.0
S010717,U06487,2025-01-16T12:02:00,iOS,Delhi,599.17,59.0
S010718,U06488,2025-05-17T11:51:00,Android,Bengaluru,2094.19,0.0
S010719,U06488,2025-05-12T22:05:00,Android,Bengaluru,430.47,19.0
S010720,U06488,2025-05-03T09:14:00,Android,Bengaluru,607.38,39.0
S010721,U06489,2025-01-22T11:15:00,Android,Mumbai,678.5,0.0
S010722,U06490,2025-06-05T15:50:00,Android,Kolkata,642.59,39.0
S010723,U06491,2025-06-19T17:03:00,Android,Bengaluru,552.55,49.0
S010724,U06492,2025-05-12T09:34:00,Android,Hyderabad,951.75,0.0
S010725,U06492,2025-04-30T19:50:00,Android,Hyderabad,807.44,29.0
S010726,U06493,2025-05-22T12:44:00,Android,Hyderabad,333.0,49.0
S010727,U06493,2025-06-29T20:55:00,Android,Hyderabad,673.4,49.0
S010728,U06494,2025-04-28T12:08:00,iOS,Delhi,946.56,0.0
S010729,U06495,2025-06-18T20:13:00,Android,Mumbai,667.53,39.0
S010730,U06495,2025-03-03T07:11:00,Android,Mumbai,849.65,69.0
S010731,U06495,2025-04-25T19:13:00,Android,Mumbai,1045.29,0.0
S010732,U06496,2025-05-04T15:03:00,iOS,Delhi,756.4,49.0
S010733,U06497,2025-02-11T21:50:00,iOS,Delhi,1123.13,0.0
S010734,U06498,2025-06-07T20:24:00,iOS,Delhi,1000.91,0.0
S010735,U06499,2025-06-22T18:00:00,Android,Bengaluru,1092.55,69.0
S010736,U06499,2025-04-14T22:54:00,Android,Bengaluru,896.02,0.0
S010737,U06500,2025-02-20T14:09:00,Android,Hyderabad,555.49,49.0
S010738,U06500,2025-01-07T12:31:00,Android,Hyderabad,504.68,49.0
S010739,U06500,2025-01-24T07:28:00,Android,Hyderabad,802.98,49.0
S010740,U06500,2025-03-07T18:44:00,Android,Hyderabad,782.56,49.0
S010741,U06501,2025-04-22T17:40:00,iOS,Hyderabad,417.18,29.0
S010742,U06501,2025-04-06T19:13:00,iOS,Hyderabad,605.06,19.0
S010743,U06502,2025-01-16T15:01:00,Android,Delhi,931.91,59.0
S010744,U06503,2025-03-17T19:26:00,Android,Mumbai,1551.63,0.0
S010745,U06504,2025-02-12T08:57:00,iOS,Bengaluru,1351.48,59.0
S010746,U06504,2025-05-10T11:35:00,iOS,Bengaluru,511.04,59.0
S010747,U06505,2025-05-20T19:07:00,iOS,Bengaluru,562.59,39.0
S010748,U06505,2025-03-13T19:39:00,iOS,Bengaluru,1607.14,49.0
S010749,U06505,2025-04-28T19:08:00,iOS,Bengaluru,614.98,49.0
S010750,U06505,2025-01-30T08:22:00,iOS,Bengaluru,916.29,0.0
S010751,U06505,2025-02-08T21:49:00,iOS,Bengaluru,741.7,59.0
S010752,U06506,2025-02-20T21:41:00,iOS,Mumbai,518.05,0.0
S010753,U06507,2025-04-24T13:19:00,Android,Bengaluru,1192.09,0.0
S010754,U06507,2025-05-04T11:35:00,Android,Bengaluru,1144.43,39.0
S010755,U06508,2025-06-21T10:08:00,Android,Hyderabad,475.57,29.0
S010756,U06509,2025-02-14T07:18:00,iOS,Delhi,740.39,0.0
S010757,U06510,2025-04-16T15:33:00,Android,Hyderabad,791.05,0.0
S010758,U06510,2025-05-25T20:48:00,Android,Hyderabad,601.28,29.0
S010759,U06510,2025-06-17T08:40:00,Android,Hyderabad,991.95,0.0
S010760,U06511,2025-04-04T16:55:00,Android,Delhi,808.69,49.0
S010761,U06511,2025-04-28T18:09:00,Android,Delhi,435.56,59.0
S010762,U06511,2025-03-09T14:39:00,Android,Delhi,812.9,69.0
S010763,U06512,2025-06-07T14:16:00,Android,Delhi,982.86,0.0
S010764,U06513,2025-02-26T13:05:00,Android,Hyderabad,793.31,29.0
S010765,U06514,2025-04-06T13:42:00,Android,Mumbai,1148.66,0.0
S010766,U06514,2025-05-05T15:01:00,Android,Mumbai,1144.09,0.0
S010767,U06515,2025-06-02T17:13:00,iOS,Bengaluru,553.28,69.0
S010768,U06516,2025-01-23T07:21:00,Android,Hyderabad,504.62,19.0
S010769,U06517,2025-04-20T07:14:00,Android,Delhi,611.31,29.0
S010770,U06518,2025-01-17T11:55:00,iOS,Bengaluru,734.98,19.0
S010771,U06518,2025-05-13T17:40:00,iOS,Bengaluru,1555.96,49.0
S010772,U06519,2025-05-30T07:43:00,iOS,Delhi,332.79,39.0
S010773,U06520,2025-04-17T21:09:00,Android,Mumbai,600.59,0.0
S010774,U06521,2025-04-28T07:59:00,iOS,Mumbai,727.81,39.0
S010775,U06522,2025-03-27T12:10:00,Android,Hyderabad,690.41,49.0
S010776,U06523,2025-01-28T20:40:00,Android,Mumbai,458.35,19.0
S010777,U06524,2025-05-05T10:28:00,Android,Bengaluru,679.67,49.0
S010778,U06524,2025-02-02T11:35:00,Android,Bengaluru,686.23,0.0
S010779,U06525,2025-04-23T19:08:00,Android,Delhi,569.74,49.0
S010780,U06526,2025-04-19T08:33:00,iOS,Bengaluru,1028.54,0.0
S010781,U06527,2025-04-20T11:36:00,iOS,Hyderabad,801.49,69.0
S010782,U06528,2025-05-22T13:40:00,Android,Bengaluru,536.28,19.0
S010783,U06528,2025-06-18T18:38:00,Android,Bengaluru,447.65,49.0
S010784,U06528,2025-04-21T13:56:00,Android,Bengaluru,692.44,39.0
S010785,U06529,2025-04-03T08:12:00,Android,Mumbai,740.84,19.0
S010786,U06530,2025-04-28T13:36:00,iOS,Mumbai,649.26,19.0
S010787,U06531,2025-01-21T15:26:00,Android,Hyderabad,1209.12,0.0
S010788,U06531,2025-05-05T13:07:00,Android,Hyderabad,1168.16,0.0
S010789,U06532,2025-01-29T11:07:00,Android,Bengaluru,695.98,29.0
S010790,U06532,2025-04-07T18:01:00,Android,Bengaluru,701.04,49.0
S010791,U06532,2025-01-16T22:06:00,Android,Bengaluru,1021.16,59.0
S010792,U06533,2025-02-10T18:53:00,Android,Bengaluru,1085.86,49.0
S010793,U06534,2025-04-11T21:43:00,Android,Kolkata,383.99,39.0
S010794,U06535,2025-02-08T17:13:00,Android,Mumbai,629.59,0.0
S010795,U06536,2025-03-22T22:53:00,Android,Delhi,497.21,59.0
S010796,U06537,2025-05-08T22:20:00,Android,Hyderabad,794.77,29.0
S010797,U06537,2025-05-11T07:21:00,Android,Hyderabad,877.62,49.0
S010798,U06537,2025-04-16T16:20:00,Android,Hyderabad,476.4,59.0
S010799,U06537,2025-05-22T19:46:00,Android,Hyderabad,729.71,29.0
S010800,U06538,2025-01-07T07:34:00,Android,Kolkata,601.85,49.0
S010801,U06538,2025-02-06T20:17:00,Android,Kolkata,881.39,39.0
S010802,U06538,2025-03-11T11:53:00,Android,Kolkata,592.22,39.0
S010803,U06539,2025-03-29T11:18:00,Android,Delhi,691.36,29.0
S010804,U06540,2025-05-15T15:38:00,Android,Kolkata,673.75,0.0
S010805,U06541,2025-01-06T09:10:00,Android,Bengaluru,529.87,49.0
S010806,U06541,2025-02-20T19:37:00,Android,Bengaluru,872.5,49.0
S010807,U06541,2025-01-10T14:35:00,Android,Bengaluru,609.37,29.0
S010808,U06541,2025-04-29T18:23:00,Android,Bengaluru,711.99,49.0
S010809,U06542,2025-04-06T11:05:00,Android,Kolkata,622.0,0.0
S010810,U06542,2025-06-16T12:20:00,Android,Kolkata,817.72,19.0
S010811,U06543,2025-04-29T22:08:00,iOS,Bengaluru,397.78,69.0
S010812,U06543,2025-01-08T15:14:00,iOS,Bengaluru,702.28,49.0
S010813,U06543,2025-02-28T21:45:00,iOS,Bengaluru,525.41,29.0
S010814,U06544,2025-01-26T22:16:00,iOS,Delhi,835.34,19.0
S010815,U06545,2025-03-08T13:24:00,Android,Bengaluru,348.06,69.0
S010816,U06546,2025-05-09T21:56:00,Android,Hyderabad,1250.36,0.0
S010817,U06546,2025-03-26T22:26:00,Android,Hyderabad,848.44,39.0
S010818,U06546,2025-01-28T08:00:00,Android,Hyderabad,1442.4,0.0
S010819,U06547,2025-02-09T21:27:00,Android,Kolkata,710.79,49.0
S010820,U06548,2025-04-06T18:12:00,Android,Delhi,942.31,0.0
S010821,U06549,2025-01-12T07:10:00,Android,Delhi,896.47,49.0
S010822,U06550,2025-05-05T10:50:00,iOS,Delhi,366.19,29.0
S010823,U06551,2025-06-09T22:53:00,Android,Bengaluru,1049.07,0.0
S010824,U06552,2025-01-07T14:34:00,Android,Hyderabad,469.19,29.0
S010825,U06552,2025-06-05T22:00:00,Android,Hyderabad,741.28,0.0
S010826,U06552,2025-01-27T20:36:00,Android,Hyderabad,426.43,29.0
S010827,U06553,2025-05-18T12:36:00,Android,Bengaluru,468.35,39.0
S010828,U06554,2025-05-31T08:12:00,Android,Kolkata,598.22,49.0
S010829,U06555,2025-02-28T14:49:00,Android,Kolkata,463.01,39.0
S010830,U06556,2025-06-07T18:47:00,Android,Bengaluru,756.13,39.0
S010831,U06556,2025-02-01T12:27:00,Android,Bengaluru,736.62,39.0
S010832,U06557,2025-03-26T13:16:00,Android,Mumbai,771.63,39.0
S010833,U06557,2025-06-01T16:08:00,Android,Mumbai,606.37,69.0
S010834,U06557,2025-03-29T15:47:00,Android,Mumbai,577.89,59.0
S010835,U06558,2025-04-13T14:36:00,iOS,Kolkata,433.48,0.0
S010836,U06558,2025-04-01T09:53:00,iOS,Kolkata,814.15,29.0
S010837,U06558,2025-06-05T19:25:00,iOS,Kolkata,321.28,59.0
S010838,U06559,2025-05-11T12:49:00,Android,Hyderabad,609.26,59.0
S010839,U06560,2025-02-03T14:17:00,Android,Hyderabad,965.19,0.0
S010840,U06560,2025-05-30T21:31:00,Android,Hyderabad,1390.78,0.0
S010841,U06561,2025-01-12T15:37:00,iOS,Bengaluru,350.71,49.0
S010842,U06561,2025-04-08T10:23:00,iOS,Bengaluru,561.22,29.0
S010843,U06561,2025-06-25T18:37:00,iOS,Bengaluru,330.67,29.0
S010844,U06561,2025-03-11T21:23:00,iOS,Bengaluru,666.34,69.0
S010845,U06562,2025-01-28T21:48:00,iOS,Bengaluru,701.86,19.0
S010846,U06563,2025-04-07T22:27:00,Android,Hyderabad,423.12,59.0
S010847,U06563,2025-02-11T19:16:00,Android,Hyderabad,841.27,29.0
S010848,U06563,2025-02-15T07:45:00,Android,Hyderabad,1256.93,0.0
S010849,U06564,2025-02-16T19:12:00,iOS,Delhi,975.95,59.0
S010850,U06564,2025-04-25T12:00:00,iOS,Delhi,1072.75,0.0
S010851,U06564,2025-06-07T08:35:00,iOS,Delhi,676.14,69.0
S010852,U06564,2025-02-28T21:24:00,iOS,Delhi,327.55,39.0
S010853,U06565,2025-05-15T22:27:00,iOS,Mumbai,570.01,29.0
S010854,U06565,2025-05-06T07:42:00,iOS,Mumbai,557.08,19.0
S010855,U06565,2025-04-21T19:28:00,iOS,Mumbai,836.16,19.0
S010856,U06566,2025-03-23T14:52:00,Android,Hyderabad,593.46,59.0
S010857,U06566,2025-01-13T12:59:00,Android,Hyderabad,1243.47,0.0
S010858,U06566,2025-06-01T20:45:00,Android,Hyderabad,1046.24,0.0
S010859,U06566,2025-02-05T17:26:00,Android,Hyderabad,661.13,29.0
S010860,U06567,2025-05-30T15:20:00,Android,Delhi,477.51,49.0
S010861,U06567,2025-03-14T14:48:00,Android,Delhi,565.3,0.0
S010862,U06567,2025-03-03T21:59:00,Android,Delhi,1693.85,69.0
S010863,U06567,2025-06-21T08:45:00,Android,Delhi,1105.88,0.0
S010864,U06568,2025-03-28T22:51:00,Android,Bengaluru,826.26,19.0
S010865,U06568,2025-06-02T08:23:00,Android,Bengaluru,663.27,49.0
S010866,U06569,2025-03-01T22:24:00,Android,Delhi,663.11,39.0
S010867,U06570,2025-02-06T14:16:00,iOS,Kolkata,829.7,49.0
S010868,U06570,2025-03-04T12:15:00,iOS,Kolkata,622.38,39.0
S010869,U06570,2025-03-31T09:15:00,iOS,Kolkata,1394.85,0.0
S010870,U06570,2025-04-01T08:48:00,iOS,Kolkata,403.22,49.0
S010871,U06571,2025-04-01T15:14:00,Android,Delhi,802.98,29.0
S010872,U06571,2025-04-21T07:56:00,Android,Delhi,787.98,59.0
S010873,U06572,2025-05-15T20:28:00,Android,Bengaluru,1073.26,19.0
S010874,U06573,2025-03-01T07:29:00,Android,Kolkata,648.55,59.0
S010875,U06573,2025-04-08T20:34:00,Android,Kolkata,1131.23,0.0
S010876,U06573,2025-06-07T09:29:00,Android,Kolkata,681.67,59.0
S010877,U06574,2025-05-11T12:17:00,iOS,Hyderabad,573.95,69.0
S010878,U06574,2025-05-07T20:56:00,iOS,Hyderabad,613.29,59.0
S010879,U06574,2025-02-24T18:19:00,iOS,Hyderabad,565.84,49.0
S010880,U06575,2025-05-24T13:24:00,Android,Mumbai,661.03,39.0
S010881,U06576,2025-03-12T20:33:00,Android,Hyderabad,839.99,49.0
S010882,U06577,2025-06-02T14:04:00,Android,Delhi,955.68,0.0
S010883,U06578,2025-05-30T07:25:00,Android,Kolkata,1122.7,0.0
S010884,U06578,2025-06-03T19:01:00,Android,Kolkata,1216.24,0.0
S010885,U06578,2025-05-30T17:28:00,Android,Kolkata,1076.14,0.0
S010886,U06578,2025-01-08T21:19:00,Android,Kolkata,1744.2,0.0
S010887,U06579,2025-02-01T11:09:00,Android,Hyderabad,591.89,39.0
S010888,U06580,2025-01-25T14:50:00,Android,Delhi,1286.74,39.0
S010889,U06580,2025-01-05T19:33:00,Android,Delhi,399.59,39.0
S010890,U06581,2025-05-18T09:39:00,Android,Delhi,793.58,39.0
S010891,U06582,2025-05-14T13:04:00,Android,Delhi,565.18,49.0
S010892,U06583,2025-04-13T13:00:00,Android,Mumbai,968.93,0.0
S010893,U06584,2025-06-07T19:38:00,Android,Mumbai,650.01,39.0
S010894,U06585,2025-03-23T12:36:00,Android,Mumbai,466.75,0.0
S010895,U06586,2025-02-22T20:24:00,Android,Kolkata,369.72,0.0
S010896,U06586,2025-05-17T07:04:00,Android,Kolkata,562.72,0.0
S010897,U06587,2025-01-27T11:17:00,Android,Delhi,920.36,59.0
S010898,U06588,2025-05-12T10:49:00,Android,Hyderabad,1815.57,0.0
S010899,U06589,2025-06-10T08:50:00,Android,Mumbai,738.12,39.0
S010900,U06590,2025-01-22T22:55:00,Android,Mumbai,1079.23,0.0
S010901,U06591,2025-01-15T17:48:00,Android,Bengaluru,749.43,39.0
S010902,U06591,2025-06-09T17:44:00,Android,Bengaluru,301.85,29.0
S010903,U06592,2025-04-13T12:00:00,Android,Mumbai,1015.47,29.0
S010904,U06592,2025-03-02T19:42:00,Android,Mumbai,510.29,29.0
S010905,U06592,2025-03-24T13:59:00,Android,Mumbai,523.91,19.0
S010906,U06592,2025-05-30T12:03:00,Android,Mumbai,774.47,29.0
S010907,U06593,2025-01-10T16:41:00,Android,Mumbai,393.41,49.0
S010908,U06594,2025-06-09T13:05:00,iOS,Bengaluru,834.67,59.0
S010909,U06594,2025-01-20T19:35:00,iOS,Bengaluru,363.77,29.0
S010910,U06594,2025-06-26T10:11:00,iOS,Bengaluru,831.43,19.0
S010911,U06595,2025-01-24T22:38:00,Android,Hyderabad,723.93,39.0
S010912,U06596,2025-02-19T19:33:00,Android,Delhi,1590.88,0.0
S010913,U06597,2025-04-17T15:09:00,iOS,Delhi,870.86,59.0
S010914,U06598,2025-03-23T18:36:00,Android,Hyderabad,914.93,19.0
S010915,U06599,2025-04-12T11:45:00,iOS,Delhi,759.69,49.0
S010916,U06600,2025-01-04T16:10:00,Android,Mumbai,475.23,39.0
S010917,U06600,2025-03-11T13:57:00,Android,Mumbai,602.42,59.0
S010918,U06601,2025-01-18T22:56:00,Android,Mumbai,822.74,0.0
S010919,U06602,2025-01-22T11:05:00,iOS,Bengaluru,429.52,69.0
S010920,U06603,2025-06-26T08:43:00,Android,Delhi,786.45,39.0
S010921,U06604,2025-06-16T18:54:00,iOS,Bengaluru,929.98,69.0
S010922,U06605,2025-06-29T19:21:00,Android,Bengaluru,638.95,29.0
S010923,U06605,2025-02-15T11:01:00,Android,Bengaluru,826.51,29.0
S010924,U06606,2025-04-01T18:38:00,Android,Mumbai,645.58,19.0
S010925,U06607,2025-05-18T10:26:00,Android,Bengaluru,854.17,69.0
S010926,U06608,2025-04-28T12:41:00,Android,Kolkata,605.55,29.0
S010927,U06608,2025-04-24T15:38:00,Android,Kolkata,830.93,29.0
S010928,U06608,2025-06-27T10:31:00,Android,Kolkata,912.43,0.0
S010929,U06609,2025-01-22T21:27:00,Android,Delhi,954.74,0.0
S010930,U06610,2025-01-22T08:13:00,iOS,Delhi,521.08,49.0
S010931,U06610,2025-06-16T11:30:00,iOS,Delhi,396.45,69.0
S010932,U06611,2025-04-23T15:31:00,Android,Kolkata,558.54,29.0
S010933,U06612,2025-06-04T21:01:00,iOS,Mumbai,541.64,19.0
S010934,U06613,2025-02-20T14:29:00,Android,Mumbai,729.54,49.0
S010935,U06614,2025-02-09T12:19:00,Android,Hyderabad,1276.38,0.0
S010936,U06615,2025-02-23T12:39:00,Android,Kolkata,735.76,19.0
S010937,U06615,2025-03-29T08:52:00,Android,Kolkata,1040.21,39.0
S010938,U06615,2025-04-09T12:37:00,Android,Kolkata,532.55,49.0
S010939,U06616,2025-04-05T20:30:00,Android,Bengaluru,447.83,69.0
S010940,U06617,2025-02-25T19:22:00,Android,Bengaluru,548.1,49.0
S010941,U06618,2025-04-05T07:28:00,iOS,Kolkata,649.61,59.0
S010942,U06618,2025-02-04T22:51:00,iOS,Kolkata,972.76,0.0
S010943,U06618,2025-02-27T07:54:00,iOS,Kolkata,651.92,29.0
S010944,U06618,2025-01-23T16:40:00,iOS,Kolkata,1724.5,0.0
S010945,U06619,2025-01-08T11:07:00,iOS,Bengaluru,731.6,0.0
S010946,U06620,2025-03-13T19:34:00,Android,Hyderabad,496.8,39.0
S010947,U06621,2025-02-11T10:04:00,Android,Mumbai,989.48,0.0
S010948,U06621,2025-04-06T22:42:00,Android,Mumbai,820.68,39.0
S010949,U06621,2025-05-20T08:44:00,Android,Mumbai,666.9,59.0
S010950,U06622,2025-02-06T18:54:00,Android,Mumbai,1207.05,0.0
S010951,U06623,2025-03-12T07:21:00,Android,Hyderabad,515.99,39.0
S010952,U06623,2025-04-28T17:47:00,Android,Hyderabad,643.63,29.0
S010953,U06624,2025-02-20T07:25:00,Android,Kolkata,333.89,0.0
S010954,U06625,2025-05-29T13:32:00,Android,Bengaluru,884.46,39.0
S010955,U06625,2025-02-18T11:03:00,Android,Bengaluru,400.6,0.0
S010956,U06626,2025-01-31T21:09:00,Android,Mumbai,328.14,19.0
S010957,U06626,2025-05-29T07:53:00,Android,Mumbai,616.64,29.0
S010958,U06627,2025-02-08T07:39:00,Android,Hyderabad,631.79,39.0
S010959,U06627,2025-02-13T12:35:00,Android,Hyderabad,759.64,49.0
S010960,U06628,2025-04-28T20:53:00,iOS,Delhi,737.88,39.0
S010961,U06629,2025-05-27T21:33:00,iOS,Kolkata,1308.92,0.0
S010962,U06630,2025-02-22T12:06:00,iOS,Delhi,736.41,59.0
S010963,U06631,2025-01-16T21:49:00,Android,Bengaluru,936.9,69.0
S010964,U06631,2025-04-12T10:29:00,Android,Bengaluru,659.8,39.0
S010965,U06632,2025-03-10T12:28:00,Android,Hyderabad,612.83,49.0
S010966,U06632,2025-03-10T13:32:00,Android,Hyderabad,815.35,69.0
S010967,U06633,2025-03-13T09:29:00,Android,Kolkata,629.48,49.0
S010968,U06633,2025-04-09T17:01:00,Android,Kolkata,528.12,49.0
S010969,U06634,2025-03-26T16:41:00,iOS,Bengaluru,879.21,0.0
S010970,U06634,2025-05-21T12:30:00,iOS,Bengaluru,475.36,49.0
S010971,U06634,2025-05-22T21:22:00,iOS,Bengaluru,1125.51,0.0
S010972,U06635,2025-01-24T12:00:00,Android,Hyderabad,560.18,0.0
S010973,U06635,2025-04-03T10:36:00,Android,Hyderabad,1072.01,0.0
S010974,U06636,2025-01-23T15:42:00,Android,Bengaluru,1213.08,0.0
S010975,U06637,2025-03-25T11:57:00,Android,Bengaluru,399.98,49.0
S010976,U06637,2025-01-12T09:23:00,Android,Bengaluru,617.6,39.0
S010977,U06638,2025-03-22T12:06:00,Android,Delhi,1204.07,0.0
S010978,U06638,2025-04-05T15:08:00,Android,Delhi,2400.0,49.0
S010979,U06639,2025-01-18T12:21:00,Android,Hyderabad,1162.09,29.0
S010980,U06640,2025-02-28T12:45:00,Android,Bengaluru,563.77,39.0
S010981,U06641,2025-03-20T07:31:00,iOS,Bengaluru,559.9,59.0
S010982,U06642,2025-03-07T17:50:00,iOS,Hyderabad,1156.84,39.0
S010983,U06642,2025-06-29T19:53:00,iOS,Hyderabad,1120.23,0.0
S010984,U06642,2025-01-14T11:26:00,iOS,Hyderabad,689.37,59.0
S010985,U06642,2025-05-02T15:09:00,iOS,Hyderabad,1079.9,0.0
S010986,U06643,2025-03-29T10:47:00,Android,Delhi,402.11,19.0
S010987,U06643,2025-06-11T10:15:00,Android,Delhi,829.74,0.0
S010988,U06644,2025-02-11T17:56:00,Android,Bengaluru,1017.09,0.0
S010989,U06644,2025-03-06T07:46:00,Android,Bengaluru,325.04,19.0
S010990,U06645,2025-05-14T13:49:00,iOS,Bengaluru,697.17,0.0
S010991,U06646,2025-02-09T09:48:00,Android,Hyderabad,526.22,39.0
S010992,U06647,2025-01-26T19:40:00,iOS,Mumbai,454.56,29.0
S010993,U06648,2025-04-09T11:57:00,iOS,Hyderabad,1016.29,0.0
S010994,U06649,2025-05-12T15:20:00,Android,Bengaluru,972.15,0.0
S010995,U06649,2025-03-04T15:18:00,Android,Bengaluru,882.8,0.0
S010996,U06649,2025-06-09T11:46:00,Android,Bengaluru,605.68,19.0
S010997,U06649,2025-06-02T16:07:00,Android,Bengaluru,974.27,0.0
S010998,U06650,2025-05-08T21:52:00,Android,Delhi,570.45,69.0
S010999,U06650,2025-03-28T13:20:00,Android,Delhi,858.65,49.0
S011000,U06651,2025-04-25T17:01:00,Android,Hyderabad,736.73,39.0
S011001,U06651,2025-03-18T09:13:00,Android,Hyderabad,862.09,49.0
S011002,U06652,2025-06-17T17:16:00,Android,Delhi,536.0,49.0
S011003,U06652,2025-06-18T07:26:00,Android,Delhi,1763.04,0.0
S011004,U06653,2025-05-12T13:31:00,iOS,Bengaluru,410.08,19.0
S011005,U06653,2025-02-25T14:29:00,iOS,Bengaluru,652.28,59.0
S011006,U06653,2025-03-26T16:18:00,iOS,Bengaluru,510.77,59.0
S011007,U06653,2025-03-25T11:03:00,iOS,Bengaluru,633.28,39.0
S011008,U06654,2025-04-24T07:26:00,Android,Delhi,509.16,69.0
S011009,U06655,2025-03-03T21:56:00,Android,Delhi,463.59,39.0
S011010,U06656,2025-01-21T17:43:00,Android,Bengaluru,271.98,0.0
S011011,U06657,2025-02-05T22:08:00,iOS,Kolkata,602.34,29.0
S011012,U06658,2025-01-03T15:09:00,Android,Mumbai,541.61,69.0
S011013,U06659,2025-06-17T16:24:00,Android,Mumbai,625.54,29.0
S011014,U06660,2025-03-25T12:55:00,Android,Bengaluru,419.95,39.0
S011015,U06660,2025-01-06T14:56:00,Android,Bengaluru,936.62,0.0
S011016,U06661,2025-02-21T19:11:00,Android,Mumbai,416.6,59.0
S011017,U06662,2025-02-17T10:37:00,Android,Mumbai,1143.1,0.0
S011018,U06662,2025-03-08T21:00:00,Android,Mumbai,1185.91,0.0
S011019,U06663,2025-06-10T15:57:00,Android,Kolkata,589.42,49.0
S011020,U06663,2025-03-30T07:13:00,Android,Kolkata,764.43,49.0
S011021,U06663,2025-03-28T14:00:00,Android,Kolkata,548.35,29.0
S011022,U06663,2025-03-31T13:49:00,Android,Kolkata,1025.99,0.0
S011023,U06664,2025-03-06T19:07:00,Android,Delhi,493.36,59.0
S011024,U06664,2025-03-10T08:30:00,Android,Delhi,907.12,0.0
S011025,U06664,2025-06-16T09:03:00,Android,Delhi,781.77,59.0
S011026,U06665,2025-01-06T09:21:00,iOS,Hyderabad,647.62,19.0
S011027,U06666,2025-01-26T22:23:00,iOS,Delhi,838.23,49.0
S011028,U06666,2025-01-27T10:26:00,iOS,Delhi,799.02,49.0
S011029,U06667,2025-03-05T20:32:00,iOS,Mumbai,372.74,0.0
S011030,U06668,2025-05-17T16:10:00,iOS,Kolkata,560.05,19.0
S011031,U06669,2025-02-10T09:21:00,Android,Mumbai,494.75,29.0
S011032,U06669,2025-04-25T07:28:00,Android,Mumbai,911.07,0.0
S011033,U06670,2025-03-20T17:48:00,Android,Hyderabad,573.63,29.0
S011034,U06671,2025-04-07T09:20:00,Android,Kolkata,841.57,69.0
S011035,U06672,2025-05-03T18:20:00,Android,Kolkata,1176.5,19.0
S011036,U06672,2025-01-18T21:24:00,Android,Kolkata,505.54,0.0
S011037,U06672,2025-05-20T07:50:00,Android,Kolkata,680.9,39.0
S011038,U06673,2025-02-15T08:51:00,iOS,Bengaluru,961.32,0.0
S011039,U06674,2025-04-16T16:28:00,Android,Bengaluru,710.79,59.0
S011040,U06674,2025-03-09T10:09:00,Android,Bengaluru,464.05,39.0
S011041,U06675,2025-03-26T16:34:00,Android,Mumbai,772.37,49.0
S011042,U06675,2025-05-27T15:11:00,Android,Mumbai,1311.01,0.0
S011043,U06676,2025-01-26T11:09:00,Android,Kolkata,552.34,19.0
S011044,U06677,2025-01-11T08:49:00,iOS,Mumbai,790.41,39.0
S011045,U06677,2025-02-03T10:55:00,iOS,Mumbai,706.66,0.0
S011046,U06678,2025-06-15T15:06:00,Android,Delhi,1064.59,0.0
S011047,U06678,2025-04-22T21:44:00,Android,Delhi,1405.46,0.0
S011048,U06678,2025-05-08T19:11:00,Android,Delhi,486.94,39.0
S011049,U06679,2025-01-27T07:30:00,Android,Mumbai,318.63,49.0
S011050,U06680,2025-04-22T21:38:00,Android,Bengaluru,861.56,59.0
S011051,U06681,2025-02-10T20:24:00,Android,Bengaluru,728.82,19.0
S011052,U06682,2025-01-12T17:14:00,iOS,Bengaluru,538.15,59.0
S011053,U06682,2025-02-13T21:35:00,iOS,Bengaluru,932.27,0.0
S011054,U06683,2025-02-04T20:08:00,Android,Bengaluru,691.14,39.0
S011055,U06684,2025-02-19T16:58:00,iOS,Hyderabad,880.11,29.0
S011056,U06684,2025-05-27T10:06:00,iOS,Hyderabad,646.19,0.0
S011057,U06684,2025-02-28T19:10:00,iOS,Hyderabad,549.89,0.0
S011058,U06685,2025-02-13T20:31:00,Android,Delhi,1294.39,0.0
S011059,U06686,2025-05-26T11:40:00,Android,Bengaluru,536.98,49.0
S011060,U06687,2025-03-25T18:36:00,iOS,Mumbai,904.63,19.0
S011061,U06687,2025-01-18T09:35:00,iOS,Mumbai,673.27,19.0
S011062,U06688,2025-02-21T09:00:00,Android,Delhi,1121.78,0.0
S011063,U06689,2025-01-21T12:39:00,Android,Delhi,422.72,49.0
S011064,U06690,2025-02-12T10:04:00,Android,Delhi,740.55,59.0
S011065,U06691,2025-02-27T21:43:00,iOS,Bengaluru,658.29,39.0
S011066,U06691,2025-02-11T14:41:00,iOS,Bengaluru,1548.84,0.0
S011067,U06692,2025-01-21T13:54:00,Android,Hyderabad,770.83,39.0
S011068,U06693,2025-05-19T10:12:00,Android,Bengaluru,601.32,29.0
S011069,U06693,2025-01-21T19:39:00,Android,Bengaluru,1126.45,0.0
S011070,U06693,2025-03-25T09:19:00,Android,Bengaluru,484.44,49.0
S011071,U06693,2025-05-24T17:15:00,Android,Bengaluru,989.98,0.0
S011072,U06694,2025-03-26T14:58:00,iOS,Bengaluru,679.13,39.0
S011073,U06695,2025-04-04T15:08:00,Android,Bengaluru,893.55,19.0
S011074,U06695,2025-01-11T18:19:00,Android,Bengaluru,944.77,0.0
S011075,U06696,2025-04-12T22:50:00,Android,Delhi,546.91,59.0
S011076,U06697,2025-06-19T08:57:00,Android,Bengaluru,1463.94,49.0
S011077,U06698,2025-01-27T22:12:00,Android,Delhi,544.78,69.0
S011078,U06699,2025-04-17T10:34:00,iOS,Bengaluru,887.56,39.0
S011079,U06699,2025-01-17T13:06:00,iOS,Bengaluru,852.91,59.0
S011080,U06699,2025-06-22T15:52:00,iOS,Bengaluru,583.6,0.0
S011081,U06700,2025-03-21T10:23:00,Android,Bengaluru,357.84,19.0
S011082,U06701,2025-01-27T13:01:00,iOS,Kolkata,597.4,49.0
S011083,U06702,2025-05-08T15:49:00,iOS,Delhi,917.02,0.0
S011084,U06703,2025-01-13T15:57:00,Android,Bengaluru,602.37,19.0
S011085,U06704,2025-05-24T17:27:00,Android,Mumbai,794.18,29.0
S011086,U06705,2025-01-02T20:09:00,Android,Bengaluru,1189.31,0.0
S011087,U06706,2025-03-09T15:12:00,iOS,Hyderabad,771.74,29.0
S011088,U06707,2025-03-21T20:44:00,Android,Bengaluru,497.62,19.0
S011089,U06707,2025-06-07T19:12:00,Android,Bengaluru,625.09,59.0
S011090,U06708,2025-06-25T18:20:00,Android,Delhi,1159.08,59.0
S011091,U06709,2025-03-19T16:18:00,iOS,Kolkata,792.11,19.0
S011092,U06710,2025-05-10T10:02:00,Android,Bengaluru,861.29,39.0
S011093,U06711,2025-04-25T18:11:00,iOS,Bengaluru,1272.65,0.0
S011094,U06712,2025-05-30T16:53:00,Android,Mumbai,456.03,0.0
S011095,U06712,2025-03-04T16:42:00,Android,Mumbai,948.36,0.0
S011096,U06712,2025-02-07T15:06:00,Android,Mumbai,745.93,69.0
S011097,U06713,2025-05-01T11:54:00,Android,Kolkata,1472.25,0.0
S011098,U06713,2025-06-01T10:00:00,Android,Kolkata,546.67,29.0
S011099,U06713,2025-05-28T18:25:00,Android,Kolkata,1165.67,0.0
S011100,U06714,2025-04-10T14:07:00,Android,Delhi,459.82,59.0
S011101,U06714,2025-02-20T21:33:00,Android,Delhi,1003.56,0.0
S011102,U06714,2025-02-24T18:02:00,Android,Delhi,563.56,39.0
S011103,U06715,2025-01-15T10:35:00,iOS,Mumbai,941.17,0.0
S011104,U06715,2025-04-20T15:11:00,iOS,Mumbai,582.19,49.0
S011105,U06715,2025-05-30T12:14:00,iOS,Mumbai,969.0,0.0
S011106,U06716,2025-02-21T13:57:00,Android,Bengaluru,1373.4,0.0
S011107,U06716,2025-04-13T08:40:00,Android,Bengaluru,892.19,39.0
S011108,U06716,2025-02-04T19:42:00,Android,Bengaluru,1173.31,0.0
S011109,U06717,2025-06-24T22:56:00,Android,Mumbai,533.14,49.0
S011110,U06717,2025-04-19T08:47:00,Android,Mumbai,417.79,59.0
S011111,U06718,2025-05-08T08:54:00,iOS,Bengaluru,647.34,39.0
S011112,U06718,2025-04-18T10:55:00,iOS,Bengaluru,661.97,49.0
S011113,U06719,2025-04-12T20:12:00,iOS,Mumbai,855.64,29.0
S011114,U06720,2025-04-25T14:42:00,Android,Bengaluru,494.45,69.0
S011115,U06721,2025-01-06T18:58:00,Android,Mumbai,946.43,0.0
S011116,U06721,2025-02-25T19:46:00,Android,Mumbai,568.52,69.0
S011117,U06721,2025-05-08T20:00:00,Android,Mumbai,462.59,29.0
S011118,U06722,2025-05-07T07:00:00,Android,Bengaluru,990.46,0.0
S011119,U06723,2025-04-10T10:49:00,Android,Hyderabad,578.71,39.0
S011120,U06724,2025-04-21T22:13:00,Android,Hyderabad,496.57,29.0
S011121,U06725,2025-06-09T09:35:00,Android,Hyderabad,911.29,0.0
S011122,U06726,2025-02-03T22:25:00,Android,Kolkata,834.66,19.0
S011123,U06727,2025-05-12T09:07:00,Android,Delhi,752.54,59.0
S011124,U06728,2025-01-09T09:43:00,Android,Mumbai,840.32,29.0
S011125,U06728,2025-03-13T19:32:00,Android,Mumbai,719.69,0.0
S011126,U06729,2025-03-02T11:36:00,iOS,Bengaluru,848.25,29.0
S011127,U06729,2025-02-03T07:49:00,iOS,Bengaluru,1170.18,0.0
S011128,U06730,2025-06-09T22:59:00,Android,Kolkata,382.74,29.0
S011129,U06730,2025-02-10T08:32:00,Android,Kolkata,797.58,59.0
S011130,U06731,2025-02-13T18:51:00,iOS,Mumbai,523.28,69.0
S011131,U06731,2025-06-06T14:21:00,iOS,Mumbai,893.74,39.0
S011132,U06731,2025-02-25T07:33:00,iOS,Mumbai,602.72,49.0
S011133,U06732,2025-05-11T12:44:00,Android,Delhi,633.68,39.0
S011134,U06732,2025-02-27T12:24:00,Android,Delhi,867.34,39.0
S011135,U06733,2025-03-05T14:09:00,iOS,Delhi,949.9,0.0
S011136,U06733,2025-02-08T19:32:00,iOS,Delhi,606.19,29.0
S011137,U06733,2025-04-02T17:32:00,iOS,Delhi,1003.26,0.0
S011138,U06734,2025-05-20T13:41:00,iOS,Hyderabad,754.83,69.0
S011139,U06735,2025-01-04T20:22:00,Android,Hyderabad,721.52,0.0
S011140,U06736,2025-04-07T12:32:00,Android,Hyderabad,840.39,29.0
S011141,U06736,2025-02-23T18:10:00,Android,Hyderabad,1494.75,19.0
S011142,U06736,2025-05-12T10:31:00,Android,Hyderabad,911.24,0.0
S011143,U06736,2025-05-08T22:06:00,Android,Hyderabad,1565.47,0.0
S011144,U06737,2025-01-19T18:28:00,Android,Mumbai,710.4,59.0
S011145,U06738,2025-03-28T15:52:00,Android,Delhi,641.24,69.0
S011146,U06739,2025-01-14T15:53:00,iOS,Kolkata,504.77,0.0
S011147,U06739,2025-05-07T22:27:00,iOS,Kolkata,1016.39,0.0
S011148,U06739,2025-03-16T11:57:00,iOS,Kolkata,942.95,49.0
S011149,U06740,2025-03-15T22:03:00,Android,Mumbai,1257.02,0.0
S011150,U06740,2025-02-23T19:36:00,Android,Mumbai,372.77,59.0
S011151,U06741,2025-02-11T10:37:00,Android,Mumbai,642.45,59.0
S011152,U06742,2025-02-13T12:08:00,iOS,Mumbai,1081.29,0.0
S011153,U06743,2025-05-26T10:29:00,Android,Mumbai,714.96,49.0
S011154,U06744,2025-06-14T22:27:00,Android,Hyderabad,730.35,49.0
S011155,U06744,2025-03-08T19:20:00,Android,Hyderabad,1183.21,39.0
S011156,U06745,2025-01-22T21:27:00,Android,Mumbai,1615.27,0.0
S011157,U06746,2025-04-19T12:32:00,iOS,Kolkata,728.23,29.0
S011158,U06747,2025-01-06T08:42:00,Android,Hyderabad,1673.12,0.0
S011159,U06747,2025-01-24T15:30:00,Android,Hyderabad,447.44,29.0
S011160,U06748,2025-05-11T21:26:00,Android,Delhi,538.16,19.0
S011161,U06748,2025-05-02T15:27:00,Android,Delhi,617.33,49.0
S011162,U06749,2025-06-17T13:56:00,Android,Bengaluru,665.18,49.0
S011163,U06750,2025-02-12T16:27:00,iOS,Mumbai,503.46,49.0
S011164,U06751,2025-05-29T11:31:00,Android,Mumbai,462.65,29.0
S011165,U06752,2025-01-17T19:42:00,iOS,Mumbai,671.74,39.0
S011166,U06753,2025-01-28T19:39:00,Android,Kolkata,553.03,29.0
S011167,U06753,2025-05-11T07:26:00,Android,Kolkata,787.54,19.0
S011168,U06753,2025-04-09T07:41:00,Android,Kolkata,704.89,0.0
S011169,U06754,2025-06-13T21:56:00,Android,Bengaluru,1009.01,0.0
S011170,U06754,2025-01-01T12:07:00,Android,Bengaluru,832.56,29.0
S011171,U06754,2025-06-22T07:22:00,Android,Bengaluru,444.42,49.0
S011172,U06754,2025-01-01T14:13:00,Android,Bengaluru,894.56,49.0
S011173,U06755,2025-03-27T20:18:00,Android,Delhi,899.38,39.0
S011174,U06756,2025-04-07T13:22:00,Android,Kolkata,852.15,0.0
S011175,U06757,2025-04-11T16:36:00,iOS,Kolkata,503.95,39.0
S011176,U06757,2025-02-10T13:46:00,iOS,Kolkata,837.82,59.0
S011177,U06758,2025-02-20T08:34:00,Android,Delhi,515.0,19.0
S011178,U06758,2025-06-07T20:40:00,Android,Delhi,1040.55,0.0
S011179,U06759,2025-05-23T07:50:00,Android,Bengaluru,582.33,19.0
S011180,U06760,2025-06-28T13:12:00,Android,Delhi,468.65,39.0
S011181,U06761,2025-02-28T15:30:00,Android,Delhi,580.38,49.0
S011182,U06762,2025-04-28T12:36:00,iOS,Mumbai,1413.03,0.0
S011183,U06763,2025-03-02T10:01:00,Android,Delhi,927.28,0.0
S011184,U06763,2025-05-13T19:07:00,Android,Delhi,829.71,19.0
S011185,U06763,2025-06-09T14:45:00,Android,Delhi,888.68,59.0
S011186,U06764,2025-06-12T21:59:00,iOS,Delhi,852.58,49.0
S011187,U06764,2025-03-25T14:32:00,iOS,Delhi,385.51,49.0
S011188,U06764,2025-05-08T09:50:00,iOS,Delhi,1024.34,0.0
S011189,U06765,2025-02-01T22:05:00,Android,Mumbai,682.18,69.0
S011190,U06766,2025-06-01T21:13:00,iOS,Mumbai,1400.06,69.0
S011191,U06767,2025-03-25T22:11:00,iOS,Mumbai,883.77,39.0
S011192,U06768,2025-03-15T22:14:00,Android,Delhi,547.62,49.0
S011193,U06769,2025-02-09T17:17:00,Android,Delhi,735.85,19.0
S011194,U06769,2025-01-23T13:40:00,Android,Delhi,547.31,49.0
S011195,U06770,2025-06-06T15:52:00,iOS,Delhi,769.81,69.0
S011196,U06771,2025-04-08T15:46:00,Android,Kolkata,509.03,59.0
S011197,U06771,2025-03-10T17:49:00,Android,Kolkata,1052.2,0.0
S011198,U06772,2025-06-23T07:23:00,Android,Delhi,787.95,19.0
S011199,U06773,2025-06-05T14:32:00,iOS,Mumbai,1053.46,0.0
S011200,U06774,2025-02-10T11:31:00,iOS,Mumbai,980.55,0.0
S011201,U06775,2025-01-01T08:10:00,iOS,Kolkata,574.86,29.0
S011202,U06776,2025-02-02T15:06:00,iOS,Delhi,727.5,49.0
S011203,U06777,2025-02-01T08:44:00,Android,Delhi,499.23,69.0
S011204,U06778,2025-06-11T11:03:00,iOS,Hyderabad,438.08,29.0
S011205,U06778,2025-05-03T15:46:00,iOS,Hyderabad,641.22,0.0
S011206,U06779,2025-02-07T21:14:00,Android,Bengaluru,702.25,29.0
S011207,U06780,2025-05-03T14:15:00,iOS,Mumbai,1438.8,0.0
S011208,U06781,2025-01-21T14:03:00,Android,Delhi,1390.08,0.0
S011209,U06782,2025-04-18T21:53:00,Android,Kolkata,1303.08,0.0
S011210,U06783,2025-06-25T18:50:00,iOS,Hyderabad,2179.95,0.0
S011211,U06784,2025-01-29T22:11:00,Android,Bengaluru,479.85,49.0
S011212,U06785,2025-06-15T08:10:00,Android,Hyderabad,793.8,0.0
S011213,U06785,2025-01-04T20:21:00,Android,Hyderabad,574.68,0.0
S011214,U06786,2025-01-07T11:04:00,Android,Hyderabad,757.3,29.0
S011215,U06787,2025-01-01T22:42:00,Android,Mumbai,554.42,29.0
S011216,U06788,2025-06-19T22:10:00,Android,Bengaluru,718.39,39.0
S011217,U06788,2025-06-06T20:45:00,Android,Bengaluru,930.29,0.0
S011218,U06789,2025-03-06T09:08:00,iOS,Bengaluru,410.27,39.0
S011219,U06790,2025-05-06T14:41:00,Android,Mumbai,856.88,29.0
S011220,U06791,2025-02-11T22:00:00,Android,Delhi,739.42,39.0
S011221,U06792,2025-06-04T21:58:00,Android,Kolkata,474.81,49.0
S011222,U06793,2025-05-10T08:37:00,iOS,Delhi,459.38,0.0
S011223,U06793,2025-06-27T09:13:00,iOS,Delhi,707.34,59.0
S011224,U06793,2025-03-10T08:31:00,iOS,Delhi,457.13,29.0
S011225,U06793,2025-03-03T17:15:00,iOS,Delhi,771.21,69.0
S011226,U06793,2025-05-06T19:25:00,iOS,Delhi,517.58,19.0
S011227,U06793,2025-05-07T20:45:00,iOS,Delhi,896.45,39.0
S011228,U06793,2025-05-22T14:37:00,iOS,Delhi,2016.18,0.0
S011229,U06794,2025-05-19T21:23:00,iOS,Mumbai,494.47,39.0
S011230,U06795,2025-04-06T10:11:00,Android,Bengaluru,594.95,49.0
S011231,U06795,2025-06-10T12:13:00,Android,Bengaluru,659.26,49.0
S011232,U06796,2025-04-11T19:06:00,Android,Mumbai,733.48,29.0
S011233,U06797,2025-01-28T12:00:00,Android,Bengaluru,849.82,39.0
S011234,U06797,2025-03-20T17:30:00,Android,Bengaluru,546.17,19.0
S011235,U06797,2025-06-30T21:19:00,Android,Bengaluru,741.56,0.0
S011236,U06798,2025-05-25T16:52:00,Android,Delhi,658.83,59.0
S011237,U06799,2025-04-10T12:17:00,Android,Bengaluru,591.95,19.0
S011238,U06800,2025-05-17T18:11:00,Android,Mumbai,328.21,29.0
S011239,U06800,2025-03-28T18:10:00,Android,Mumbai,640.48,49.0
S011240,U06800,2025-03-18T17:16:00,Android,Mumbai,283.85,0.0
S011241,U06801,2025-01-25T21:01:00,Android,Delhi,651.8,29.0
S011242,U06802,2025-03-30T09:59:00,iOS,Hyderabad,732.28,49.0
S011243,U06802,2025-06-02T11:58:00,iOS,Hyderabad,581.46,49.0
S011244,U06802,2025-05-31T18:27:00,iOS,Hyderabad,602.12,39.0
S011245,U06802,2025-01-02T08:09:00,iOS,Hyderabad,471.59,49.0
S011246,U06803,2025-06-20T15:24:00,iOS,Bengaluru,467.83,39.0
S011247,U06804,2025-03-20T21:53:00,iOS,Mumbai,645.88,19.0
S011248,U06805,2025-02-12T18:03:00,Android,Mumbai,460.1,29.0
S011249,U06806,2025-05-14T10:11:00,iOS,Bengaluru,782.06,49.0
S011250,U06807,2025-04-02T20:58:00,Android,Bengaluru,819.61,29.0
S011251,U06808,2025-04-04T21:37:00,iOS,Delhi,297.99,59.0
S011252,U06808,2025-01-07T20:14:00,iOS,Delhi,759.57,39.0
S011253,U06808,2025-05-28T16:17:00,iOS,Delhi,681.46,29.0
S011254,U06809,2025-04-01T14:21:00,Android,Mumbai,955.61,0.0
S011255,U06810,2025-01-07T14:00:00,Android,Kolkata,830.91,39.0
S011256,U06811,2025-02-11T09:35:00,Android,Bengaluru,687.62,19.0
S011257,U06812,2025-06-11T11:26:00,iOS,Hyderabad,496.31,19.0
S011258,U06813,2025-06-08T21:27:00,Android,Hyderabad,914.45,0.0
S011259,U06814,2025-06-03T09:53:00,Android,Mumbai,436.2,29.0
S011260,U06814,2025-01-13T14:41:00,Android,Mumbai,1221.06,0.0
S011261,U06815,2025-06-01T18:57:00,Android,Mumbai,733.12,49.0
S011262,U06816,2025-04-25T08:17:00,iOS,Kolkata,973.44,29.0
S011263,U06816,2025-01-17T20:18:00,iOS,Kolkata,507.34,39.0
S011264,U06817,2025-06-23T17:31:00,iOS,Mumbai,1337.85,0.0
S011265,U06817,2025-04-27T08:05:00,iOS,Mumbai,544.04,29.0
S011266,U06818,2025-01-13T08:29:00,iOS,Hyderabad,725.2,29.0
S011267,U06819,2025-01-27T16:58:00,Android,Delhi,484.07,39.0
S011268,U06820,2025-02-19T13:25:00,iOS,Hyderabad,1279.05,0.0
S011269,U06820,2025-03-28T21:07:00,iOS,Hyderabad,1734.95,39.0
S011270,U06821,2025-06-26T08:45:00,Android,Kolkata,842.86,49.0
S011271,U06821,2025-03-14T22:17:00,Android,Kolkata,1052.95,0.0
S011272,U06821,2025-05-06T16:04:00,Android,Kolkata,570.91,19.0
S011273,U06822,2025-02-06T15:09:00,Android,Kolkata,600.68,59.0
S011274,U06822,2025-02-22T11:19:00,Android,Kolkata,881.95,49.0
S011275,U06822,2025-02-10T14:19:00,Android,Kolkata,644.79,0.0
S011276,U06823,2025-04-20T20:25:00,Android,Delhi,631.03,0.0
S011277,U06824,2025-04-17T19:35:00,Android,Hyderabad,356.64,29.0
S011278,U06825,2025-06-30T13:39:00,Android,Bengaluru,1058.3,0.0
S011279,U06825,2025-05-01T09:51:00,Android,Bengaluru,843.53,49.0
S011280,U06825,2025-06-21T21:39:00,Android,Bengaluru,781.55,49.0
S011281,U06826,2025-02-11T19:20:00,Android,Mumbai,386.02,49.0
S011282,U06827,2025-05-29T08:24:00,iOS,Delhi,794.33,49.0
S011283,U06828,2025-04-08T15:07:00,iOS,Mumbai,486.59,49.0
S011284,U06828,2025-02-27T16:12:00,iOS,Mumbai,711.15,59.0
S011285,U06829,2025-03-02T07:44:00,Android,Delhi,534.41,49.0
S011286,U06830,2025-01-05T10:35:00,iOS,Bengaluru,1001.61,39.0
S011287,U06830,2025-02-26T15:54:00,iOS,Bengaluru,676.22,59.0
S011288,U06831,2025-03-28T20:49:00,Android,Bengaluru,497.16,39.0
S011289,U06832,2025-02-23T07:51:00,Android,Bengaluru,1211.81,0.0
S011290,U06832,2025-06-29T07:53:00,Android,Bengaluru,551.87,29.0
S011291,U06833,2025-04-30T18:15:00,Android,Delhi,1554.39,0.0
S011292,U06834,2025-01-28T10:41:00,Android,Hyderabad,757.65,69.0
S011293,U06835,2025-01-13T18:16:00,Android,Hyderabad,524.54,49.0
S011294,U06835,2025-02-05T07:45:00,Android,Hyderabad,1078.86,19.0
S011295,U06836,2025-05-10T18:44:00,Android,Hyderabad,1055.04,39.0
S011296,U06837,2025-03-17T20:20:00,iOS,Hyderabad,645.24,19.0
S011297,U06838,2025-03-21T17:13:00,Android,Delhi,1161.48,0.0
S011298,U06838,2025-04-27T09:13:00,Android,Delhi,1260.68,0.0
S011299,U06839,2025-05-09T17:25:00,iOS,Mumbai,479.19,39.0
S011300,U06840,2025-04-21T12:59:00,iOS,Mumbai,842.72,49.0
S011301,U06840,2025-01-29T18:52:00,iOS,Mumbai,1546.99,29.0
S011302,U06841,2025-02-02T20:48:00,Android,Bengaluru,624.55,39.0
S011303,U06842,2025-03-28T18:09:00,Android,Mumbai,1113.35,0.0
S011304,U06843,2025-06-21T20:57:00,Android,Hyderabad,580.96,29.0
S011305,U06844,2025-06-29T11:47:00,Android,Mumbai,764.52,59.0
S011306,U06844,2025-03-05T13:51:00,Android,Mumbai,716.5,49.0
S011307,U06845,2025-06-12T16:22:00,Android,Hyderabad,1093.05,0.0
S011308,U06845,2025-02-20T11:52:00,Android,Hyderabad,973.83,0.0
S011309,U06846,2025-01-12T13:38:00,Android,Bengaluru,496.26,29.0
S011310,U06846,2025-06-24T17:35:00,Android,Bengaluru,616.36,59.0
S011311,U06847,2025-01-30T07:50:00,Android,Hyderabad,1112.57,0.0
S011312,U06847,2025-05-18T22:29:00,Android,Hyderabad,403.15,19.0
S011313,U06848,2025-04-05T07:39:00,Android,Bengaluru,1010.42,0.0
S011314,U06849,2025-03-28T16:00:00,Android,Kolkata,652.14,19.0
S011315,U06850,2025-04-07T14:35:00,Android,Bengaluru,1018.57,0.0
S011316,U06850,2025-02-09T22:33:00,Android,Bengaluru,728.85,39.0
S011317,U06851,2025-05-28T08:06:00,Android,Mumbai,962.13,0.0
S011318,U06851,2025-06-18T16:26:00,Android,Mumbai,394.12,0.0
S011319,U06852,2025-04-06T11:37:00,iOS,Mumbai,738.62,19.0
S011320,U06852,2025-03-16T21:15:00,iOS,Mumbai,679.6,29.0
S011321,U06853,2025-01-21T16:17:00,Android,Delhi,1068.54,0.0
S011322,U06853,2025-04-07T09:47:00,Android,Delhi,510.21,0.0
S011323,U06854,2025-05-06T10:30:00,Android,Delhi,979.57,0.0
S011324,U06854,2025-01-18T20:59:00,Android,Delhi,802.64,0.0
S011325,U06855,2025-02-19T11:35:00,Android,Bengaluru,1104.79,39.0
S011326,U06856,2025-01-16T14:32:00,Android,Mumbai,642.65,29.0
S011327,U06857,2025-03-28T21:58:00,Android,Kolkata,509.91,0.0
S011328,U06858,2025-02-09T13:35:00,Android,Delhi,349.22,39.0
S011329,U06858,2025-01-16T18:22:00,Android,Delhi,639.31,19.0
S011330,U06858,2025-02-11T08:11:00,Android,Delhi,413.53,69.0
S011331,U06859,2025-03-21T11:36:00,Android,Mumbai,809.31,19.0
S011332,U06860,2025-04-10T19:23:00,Android,Kolkata,801.92,49.0
S011333,U06860,2025-06-03T17:53:00,Android,Kolkata,660.81,59.0
S011334,U06861,2025-03-25T07:07:00,Android,Delhi,331.0,59.0
S011335,U06862,2025-06-24T13:36:00,iOS,Hyderabad,448.87,19.0
S011336,U06862,2025-01-13T16:27:00,iOS,Hyderabad,689.03,59.0
S011337,U06862,2025-02-19T22:19:00,iOS,Hyderabad,1098.92,0.0
S011338,U06863,2025-04-20T11:35:00,Android,Delhi,1120.87,0.0
S011339,U06863,2025-03-12T20:50:00,Android,Delhi,805.48,39.0
S011340,U06864,2025-06-28T13:46:00,Android,Delhi,574.01,29.0
S011341,U06865,2025-05-17T22:04:00,Android,Bengaluru,817.57,59.0
S011342,U06866,2025-06-22T12:46:00,Android,Bengaluru,624.33,19.0
S011343,U06867,2025-05-07T12:23:00,Android,Mumbai,435.28,49.0
S011344,U06868,2025-04-07T11:30:00,Android,Hyderabad,1602.76,0.0
S011345,U06869,2025-06-09T21:39:00,Android,Bengaluru,921.0,0.0
S011346,U06870,2025-05-11T14:11:00,iOS,Kolkata,983.34,0.0
S011347,U06871,2025-03-13T22:21:00,Android,Delhi,926.88,0.0
S011348,U06871,2025-03-02T11:46:00,Android,Delhi,1046.22,69.0
S011349,U06871,2025-02-19T18:44:00,Android,Delhi,1192.3,59.0
S011350,U06872,2025-06-25T15:01:00,Android,Delhi,867.08,69.0
S011351,U06872,2025-04-11T16:43:00,Android,Delhi,1184.66,0.0
S011352,U06873,2025-02-26T10:44:00,Android,Kolkata,462.79,19.0
S011353,U06873,2025-06-29T14:17:00,Android,Kolkata,358.57,39.0
S011354,U06874,2025-02-21T08:35:00,Android,Kolkata,490.77,39.0
S011355,U06875,2025-01-15T21:28:00,Android,Mumbai,258.78,39.0
S011356,U06875,2025-04-17T14:42:00,Android,Mumbai,630.31,49.0
S011357,U06876,2025-01-28T14:42:00,Android,Delhi,539.4,19.0
S011358,U06877,2025-03-29T09:27:00,iOS,Bengaluru,654.28,39.0
S011359,U06878,2025-03-17T11:52:00,iOS,Delhi,504.06,29.0
S011360,U06879,2025-02-19T10:24:00,Android,Hyderabad,539.38,69.0
S011361,U06880,2025-03-31T16:06:00,Android,Delhi,782.98,59.0
S011362,U06881,2025-06-02T17:15:00,Android,Hyderabad,1124.89,0.0
S011363,U06882,2025-02-26T10:20:00,Android,Bengaluru,509.64,49.0
S011364,U06882,2025-04-13T20:51:00,Android,Bengaluru,1567.54,0.0
S011365,U06883,2025-06-20T18:37:00,iOS,Delhi,1328.44,59.0
S011366,U06884,2025-01-28T08:52:00,Android,Delhi,767.55,39.0
S011367,U06884,2025-02-26T07:10:00,Android,Delhi,834.04,0.0
S011368,U06884,2025-01-29T21:31:00,Android,Delhi,1286.98,0.0
S011369,U06884,2025-06-19T09:34:00,Android,Delhi,744.56,29.0
S011370,U06885,2025-02-22T13:21:00,Android,Mumbai,1458.15,0.0
S011371,U06885,2025-04-21T10:09:00,Android,Mumbai,1371.18,29.0
S011372,U06885,2025-01-04T08:54:00,Android,Mumbai,848.64,29.0
S011373,U06886,2025-05-25T15:30:00,Android,Mumbai,650.03,49.0
S011374,U06887,2025-04-11T08:15:00,Android,Kolkata,364.73,49.0
S011375,U06888,2025-02-03T21:55:00,Android,Kolkata,891.41,69.0
S011376,U06888,2025-06-07T13:28:00,Android,Kolkata,578.94,59.0
S011377,U06889,2025-05-23T18:18:00,Android,Hyderabad,683.99,39.0
S011378,U06890,2025-06-02T07:26:00,Android,Bengaluru,1675.54,0.0
S011379,U06890,2025-02-03T13:35:00,Android,Bengaluru,703.54,19.0
S011380,U06890,2025-05-22T15:59:00,Android,Bengaluru,400.78,0.0
S011381,U06891,2025-06-17T22:15:00,Android,Kolkata,1072.65,0.0
S011382,U06891,2025-02-23T10:01:00,Android,Kolkata,662.52,19.0
S011383,U06892,2025-03-12T08:13:00,Android,Kolkata,467.13,39.0
S011384,U06893,2025-01-08T17:05:00,Android,Kolkata,932.76,39.0
S011385,U06893,2025-01-18T12:33:00,Android,Kolkata,688.26,19.0
S011386,U06894,2025-05-31T14:59:00,iOS,Delhi,536.18,29.0
S011387,U06895,2025-01-01T22:41:00,Android,Bengaluru,576.03,29.0
S011388,U06896,2025-01-30T15:36:00,Android,Hyderabad,620.13,39.0
S011389,U06896,2025-05-21T09:13:00,Android,Hyderabad,753.57,69.0
S011390,U06896,2025-04-05T20:44:00,Android,Hyderabad,431.85,39.0
S011391,U06897,2025-03-08T17:00:00,Android,Delhi,643.66,59.0
S011392,U06897,2025-05-11T08:17:00,Android,Delhi,688.97,49.0
S011393,U06897,2025-05-03T18:09:00,Android,Delhi,654.66,0.0
S011394,U06897,2025-05-09T20:42:00,Android,Delhi,677.26,19.0
S011395,U06898,2025-03-20T12:36:00,Android,Delhi,880.01,59.0
S011396,U06898,2025-06-18T09:53:00,Android,Delhi,792.77,59.0
S011397,U06898,2025-06-13T12:33:00,Android,Delhi,555.48,0.0
S011398,U06899,2025-03-24T09:14:00,Android,Delhi,1127.55,39.0
S011399,U06899,2025-03-02T20:28:00,Android,Delhi,301.0,19.0
S011400,U06899,2025-03-18T14:17:00,Android,Delhi,307.17,39.0
S011401,U06900,2025-04-14T19:50:00,Android,Mumbai,696.67,49.0
S011402,U06900,2025-01-20T15:00:00,Android,Mumbai,1246.08,39.0
S011403,U06901,2025-04-06T14:16:00,Android,Delhi,390.3,29.0
S011404,U06901,2025-01-16T08:58:00,Android,Delhi,542.78,49.0
S011405,U06902,2025-01-12T20:59:00,Android,Hyderabad,898.89,0.0
S011406,U06903,2025-05-22T19:33:00,Android,Mumbai,1216.96,0.0
S011407,U06903,2025-04-22T11:44:00,Android,Mumbai,555.39,39.0
S011408,U06903,2025-03-27T14:34:00,Android,Mumbai,834.5,49.0
S011409,U06903,2025-02-14T18:39:00,Android,Mumbai,765.49,69.0
S011410,U06903,2025-03-03T17:37:00,Android,Mumbai,491.79,29.0
S011411,U06903,2025-04-11T22:23:00,Android,Mumbai,399.54,39.0
S011412,U06904,2025-03-21T13:55:00,iOS,Mumbai,488.78,0.0
S011413,U06905,2025-06-27T19:50:00,Android,Bengaluru,436.72,39.0
S011414,U06906,2025-06-08T19:01:00,Android,Kolkata,592.15,49.0
S011415,U06906,2025-05-31T18:57:00,Android,Kolkata,799.16,29.0
S011416,U06907,2025-02-17T08:34:00,iOS,Delhi,789.99,59.0
S011417,U06907,2025-05-10T15:28:00,iOS,Delhi,490.84,39.0
S011418,U06908,2025-01-28T08:02:00,iOS,Delhi,623.79,39.0
S011419,U06908,2025-05-26T15:20:00,iOS,Delhi,536.91,29.0
S011420,U06908,2025-04-14T10:40:00,iOS,Delhi,776.6,19.0
S011421,U06909,2025-01-21T14:37:00,Android,Delhi,463.04,69.0
S011422,U06910,2025-06-22T14:00:00,Android,Delhi,391.62,0.0
S011423,U06910,2025-04-16T18:07:00,Android,Delhi,852.27,39.0
S011424,U06911,2025-01-22T07:13:00,Android,Mumbai,678.69,19.0
S011425,U06911,2025-05-01T20:34:00,Android,Mumbai,457.59,49.0
S011426,U06911,2025-05-17T13:47:00,Android,Mumbai,403.04,59.0
S011427,U06912,2025-05-04T12:29:00,iOS,Bengaluru,457.6,19.0
S011428,U06912,2025-03-05T09:04:00,iOS,Bengaluru,710.31,49.0
S011429,U06913,2025-05-27T13:22:00,Android,Kolkata,962.3,19.0
S011430,U06913,2025-02-25T10:21:00,Android,Kolkata,1025.59,0.0
S011431,U06914,2025-01-28T12:44:00,iOS,Bengaluru,961.26,0.0
S011432,U06914,2025-05-29T11:04:00,iOS,Bengaluru,689.78,19.0
S011433,U06914,2025-05-02T07:46:00,iOS,Bengaluru,650.7,59.0
S011434,U06915,2025-05-28T20:23:00,Android,Kolkata,680.13,19.0
S011435,U06915,2025-03-20T14:53:00,Android,Kolkata,695.14,29.0
S011436,U06916,2025-05-01T18:12:00,Android,Mumbai,1083.65,69.0
S011437,U06916,2025-06-06T11:50:00,Android,Mumbai,683.75,29.0
S011438,U06916,2025-03-21T14:05:00,Android,Mumbai,728.92,39.0
S011439,U06917,2025-04-26T19:54:00,iOS,Bengaluru,568.67,69.0
S011440,U06917,2025-02-11T10:46:00,iOS,Bengaluru,673.53,39.0
S011441,U06918,2025-06-13T07:27:00,Android,Mumbai,868.19,39.0
S011442,U06918,2025-03-10T09:39:00,Android,Mumbai,432.38,39.0
S011443,U06918,2025-06-03T14:02:00,Android,Mumbai,804.64,19.0
S011444,U06919,2025-01-22T10:07:00,Android,Delhi,1181.95,49.0
S011445,U06919,2025-02-02T18:54:00,Android,Delhi,289.11,69.0
S011446,U06920,2025-03-06T11:30:00,Android,Kolkata,539.72,19.0
S011447,U06921,2025-01-29T14:15:00,Android,Hyderabad,764.62,39.0
S011448,U06922,2025-05-17T18:48:00,Android,Mumbai,2400.0,0.0
S011449,U06922,2025-02-02T10:36:00,Android,Mumbai,961.4,0.0
S011450,U06923,2025-01-11T20:46:00,Android,Delhi,729.55,29.0
S011451,U06924,2025-05-01T14:20:00,Android,Kolkata,552.67,39.0
S011452,U06925,2025-05-21T18:04:00,Android,Mumbai,862.95,29.0
S011453,U06926,2025-02-18T17:34:00,iOS,Mumbai,489.48,39.0
S011454,U06927,2025-04-05T16:23:00,Android,Delhi,683.48,39.0
S011455,U06928,2025-04-30T12:24:00,Android,Delhi,1014.24,0.0
S011456,U06928,2025-04-19T07:38:00,Android,Delhi,1193.91,0.0
S011457,U06928,2025-02-01T07:35:00,Android,Delhi,681.29,59.0
S011458,U06928,2025-06-18T14:50:00,Android,Delhi,942.62,59.0
S011459,U06928,2025-01-24T20:05:00,Android,Delhi,1072.97,0.0
S011460,U06928,2025-05-04T11:32:00,Android,Delhi,508.12,19.0
S011461,U06929,2025-02-03T08:19:00,Android,Hyderabad,428.12,39.0
S011462,U06929,2025-02-17T17:03:00,Android,Hyderabad,686.4,59.0
S011463,U06930,2025-01-20T20:04:00,Android,Mumbai,1230.91,69.0
S011464,U06931,2025-02-26T20:59:00,iOS,Hyderabad,601.38,59.0
S011465,U06932,2025-06-17T14:15:00,iOS,Mumbai,677.58,0.0
S011466,U06933,2025-06-10T19:44:00,iOS,Mumbai,685.44,19.0
S011467,U06933,2025-02-21T13:11:00,iOS,Mumbai,452.7,29.0
S011468,U06933,2025-06-14T13:02:00,iOS,Mumbai,985.99,39.0
S011469,U06934,2025-02-04T22:09:00,iOS,Delhi,388.76,0.0
S011470,U06935,2025-03-31T22:30:00,Android,Hyderabad,919.4,59.0
S011471,U06935,2025-05-04T12:05:00,Android,Hyderabad,534.95,39.0
S011472,U06935,2025-01-06T09:44:00,Android,Hyderabad,1033.3,0.0
S011473,U06936,2025-02-09T20:43:00,Android,Delhi,962.87,0.0
S011474,U06936,2025-04-14T10:37:00,Android,Delhi,770.91,59.0
S011475,U06936,2025-04-27T14:24:00,Android,Delhi,651.2,39.0
S011476,U06937,2025-01-08T18:24:00,Android,Hyderabad,697.1,39.0
S011477,U06938,2025-03-31T19:51:00,iOS,Delhi,924.66,0.0
S011478,U06939,2025-06-29T22:45:00,Android,Hyderabad,739.05,49.0
S011479,U06940,2025-05-18T17:32:00,Android,Kolkata,658.37,0.0
S011480,U06940,2025-04-04T13:37:00,Android,Kolkata,647.27,29.0
S011481,U06940,2025-04-27T15:45:00,Android,Kolkata,505.74,29.0
S011482,U06941,2025-03-09T13:14:00,iOS,Hyderabad,580.23,29.0
S011483,U06942,2025-04-29T07:28:00,Android,Delhi,571.27,19.0
S011484,U06942,2025-04-16T13:06:00,Android,Delhi,489.44,29.0
S011485,U06943,2025-05-06T18:46:00,iOS,Hyderabad,642.17,49.0
S011486,U06943,2025-01-29T08:18:00,iOS,Hyderabad,639.1,29.0
S011487,U06943,2025-02-17T22:55:00,iOS,Hyderabad,762.32,39.0
S011488,U06944,2025-06-23T17:44:00,iOS,Bengaluru,1373.67,29.0
S011489,U06944,2025-04-10T07:14:00,iOS,Bengaluru,939.69,0.0
S011490,U06945,2025-01-22T19:58:00,iOS,Bengaluru,505.46,0.0
S011491,U06945,2025-01-10T15:40:00,iOS,Bengaluru,1205.52,0.0
S011492,U06946,2025-05-06T22:27:00,Android,Hyderabad,828.63,49.0
S011493,U06947,2025-04-03T13:27:00,Android,Hyderabad,1137.74,39.0
S011494,U06947,2025-01-16T18:03:00,Android,Hyderabad,522.62,19.0
S011495,U06948,2025-01-24T08:42:00,iOS,Bengaluru,1183.75,0.0
S011496,U06948,2025-06-18T07:15:00,iOS,Bengaluru,772.08,29.0
S011497,U06949,2025-02-14T10:39:00,Android,Kolkata,1053.43,0.0
S011498,U06950,2025-05-25T09:32:00,Android,Delhi,1393.7,49.0
S011499,U06951,2025-06-24T16:38:00,iOS,Kolkata,700.61,39.0
S011500,U06951,2025-04-08T07:59:00,iOS,Kolkata,1256.78,0.0
S011501,U06951,2025-03-01T15:45:00,iOS,Kolkata,451.91,49.0
S011502,U06952,2025-05-30T08:27:00,iOS,Hyderabad,953.46,0.0
S011503,U06953,2025-03-29T21:19:00,iOS,Kolkata,404.45,49.0
S011504,U06954,2025-01-07T17:07:00,Android,Hyderabad,687.07,29.0
S011505,U06954,2025-02-09T07:54:00,Android,Hyderabad,497.02,69.0
S011506,U06954,2025-03-02T09:03:00,Android,Hyderabad,698.71,0.0
S011507,U06955,2025-06-14T12:16:00,Android,Kolkata,515.77,59.0
S011508,U06956,2025-05-13T14:05:00,iOS,Mumbai,839.57,49.0
S011509,U06956,2025-03-12T13:37:00,iOS,Mumbai,693.45,49.0
S011510,U06957,2025-03-22T07:57:00,Android,Bengaluru,181.04,39.0
S011511,U06958,2025-06-20T15:54:00,Android,Delhi,812.14,39.0
S011512,U06958,2025-02-09T18:10:00,Android,Delhi,732.84,49.0
S011513,U06959,2025-05-31T14:16:00,Android,Hyderabad,694.32,59.0
S011514,U06960,2025-01-02T21:45:00,iOS,Bengaluru,1636.53,49.0
S011515,U06960,2025-04-19T20:13:00,iOS,Bengaluru,868.19,19.0
S011516,U06961,2025-01-20T22:13:00,Android,Kolkata,620.75,39.0
S011517,U06961,2025-06-13T08:40:00,Android,Kolkata,569.1,39.0
S011518,U06962,2025-03-13T19:02:00,Android,Bengaluru,680.5,49.0
S011519,U06962,2025-06-28T18:33:00,Android,Bengaluru,601.94,49.0
S011520,U06963,2025-03-27T07:42:00,Android,Kolkata,1245.71,0.0
S011521,U06963,2025-05-12T12:04:00,Android,Kolkata,591.44,49.0
S011522,U06964,2025-03-31T22:05:00,Android,Mumbai,847.43,39.0
S011523,U06965,2025-04-07T07:37:00,iOS,Hyderabad,786.69,0.0
S011524,U06966,2025-03-25T12:01:00,Android,Kolkata,1052.04,49.0
S011525,U06967,2025-06-09T12:18:00,Android,Delhi,618.32,69.0
S011526,U06968,2025-01-05T11:47:00,Android,Hyderabad,976.04,0.0
S011527,U06969,2025-05-26T10:23:00,Android,Bengaluru,1356.59,39.0
S011528,U06969,2025-03-16T12:29:00,Android,Bengaluru,219.11,49.0
S011529,U06970,2025-02-03T10:37:00,Android,Hyderabad,1179.6,0.0
S011530,U06971,2025-01-08T07:29:00,iOS,Hyderabad,634.3,59.0
S011531,U06972,2025-05-13T09:49:00,Android,Delhi,441.12,29.0
S011532,U06973,2025-05-04T12:46:00,Android,Bengaluru,506.5,49.0
S011533,U06974,2025-04-02T08:29:00,Android,Delhi,490.69,29.0
S011534,U06974,2025-05-13T21:25:00,Android,Delhi,515.17,49.0
S011535,U06974,2025-02-10T08:02:00,Android,Delhi,803.72,59.0
S011536,U06974,2025-03-10T08:30:00,Android,Delhi,552.34,69.0
S011537,U06975,2025-01-09T16:46:00,iOS,Bengaluru,433.46,39.0
S011538,U06975,2025-05-01T14:36:00,iOS,Bengaluru,1678.66,0.0
S011539,U06976,2025-02-16T11:57:00,iOS,Hyderabad,721.81,19.0
S011540,U06977,2025-04-13T21:36:00,Android,Delhi,633.99,59.0
S011541,U06977,2025-03-08T08:13:00,Android,Delhi,495.91,0.0
S011542,U06978,2025-03-16T22:18:00,Android,Kolkata,438.35,29.0
S011543,U06979,2025-06-18T09:54:00,Android,Kolkata,794.52,0.0
S011544,U06979,2025-05-13T16:04:00,Android,Kolkata,644.01,69.0
S011545,U06979,2025-02-18T18:05:00,Android,Kolkata,517.7,29.0
S011546,U06980,2025-04-28T12:37:00,iOS,Kolkata,466.26,39.0
S011547,U06980,2025-01-24T10:50:00,iOS,Kolkata,607.62,19.0
S011548,U06981,2025-02-22T15:37:00,iOS,Mumbai,728.62,49.0
S011549,U06981,2025-02-24T12:52:00,iOS,Mumbai,947.67,39.0
S011550,U06981,2025-05-30T14:29:00,iOS,Mumbai,1245.88,0.0
S011551,U06982,2025-04-06T11:55:00,iOS,Delhi,931.53,0.0
S011552,U06983,2025-06-27T21:09:00,iOS,Hyderabad,567.46,39.0
S011553,U06984,2025-05-05T18:34:00,Android,Hyderabad,605.85,39.0
S011554,U06985,2025-06-17T18:12:00,Android,Kolkata,980.48,0.0
S011555,U06986,2025-01-15T11:53:00,Android,Delhi,459.26,29.0
S011556,U06987,2025-05-09T12:53:00,iOS,Bengaluru,557.91,0.0
S011557,U06987,2025-02-25T15:50:00,iOS,Bengaluru,722.21,49.0
S011558,U06988,2025-05-05T13:22:00,Android,Kolkata,1012.73,29.0
S011559,U06988,2025-04-19T21:46:00,Android,Kolkata,388.6,19.0
S011560,U06988,2025-01-11T22:25:00,Android,Kolkata,2009.59,0.0
S011561,U06989,2025-03-08T13:13:00,Android,Hyderabad,995.57,49.0
S011562,U06989,2025-03-31T10:52:00,Android,Hyderabad,368.24,39.0
S011563,U06990,2025-04-28T19:35:00,Android,Bengaluru,852.65,59.0
S011564,U06990,2025-02-17T18:10:00,Android,Bengaluru,623.64,49.0
S011565,U06991,2025-06-06T22:09:00,Android,Hyderabad,592.02,59.0
S011566,U06991,2025-01-18T11:06:00,Android,Hyderabad,1204.26,59.0
S011567,U06992,2025-03-14T22:04:00,iOS,Bengaluru,608.83,49.0
S011568,U06993,2025-01-19T13:20:00,Android,Mumbai,997.77,0.0
S011569,U06994,2025-06-29T19:53:00,iOS,Delhi,615.27,29.0
S011570,U06995,2025-04-17T07:54:00,Android,Delhi,869.18,19.0
S011571,U06996,2025-01-19T08:28:00,Android,Bengaluru,297.35,39.0
S011572,U06996,2025-03-31T20:23:00,Android,Bengaluru,541.29,29.0
S011573,U06996,2025-06-07T10:58:00,Android,Bengaluru,1036.72,0.0
S011574,U06997,2025-03-12T11:53:00,iOS,Delhi,1208.85,0.0
S011575,U06998,2025-02-14T19:31:00,iOS,Delhi,730.81,39.0
S011576,U06999,2025-02-16T12:18:00,iOS,Bengaluru,1378.49,19.0
S011577,U06999,2025-05-17T10:54:00,iOS,Bengaluru,1064.62,0.0
S011578,U07000,2025-04-26T22:20:00,Android,Delhi,1021.7,0.0
S011579,U07000,2025-04-18T20:32:00,Android,Delhi,1118.17,39.0
