user_id,signup_date,city,device,acquisition_channel,user_type
U00001,2024-08-24,Hyderabad,Android,Organic,Returning
U00002,2024-10-31,Kolkata,Android,Paid Social,New
U00003,2023-08-22,Mumbai,Android,Paid Social,Returning
U00004,2023-03-23,Mumbai,Android,Paid Social,Returning
U00005,2024-10-18,Kolkata,Android,Paid Social,New
U00006,2023-07-25,Delhi,iOS,Organic,Returning
U00007,2024-02-17,Hyderabad,iOS,Organic,Returning
U00008,2024-01-29,Bengaluru,iOS,Referral,Returning
U00009,2024-11-10,Bengaluru,iOS,Paid Search,New
U00010,2024-12-11,Mumbai,Android,Paid Social,New
U00011,2024-11-05,Bengaluru,iOS,Paid Search,New
U00012,2023-03-31,Kolkata,Android,Referral,Returning
U00013,2024-03-12,Bengaluru,iOS,Referral,Returning
U00014,2023-07-23,Hyderabad,iOS,Organic,Returning
U00015,2024-09-25,Bengaluru,iOS,Referral,New
U00016,2024-10-24,Kolkata,Android,Organic,New
U00017,2024-12-30,Delhi,Android,Paid Search,New
U00018,2024-09-22,Bengaluru,Android,Referral,New
U00019,2023-11-27,Bengaluru,Android,Organic,Returning
U00020,2024-01-16,Mumbai,iOS,Organic,Returning
U00021,2023-05-11,Kolkata,Android,Paid Social,Returning
U00022,2024-11-30,Kolkata,Android,Referral,New
U00023,2023-04-09,Delhi,Android,Organic,Returning
U00024,2023-09-03,Mumbai,Android,Paid Social,Returning
U00025,2024-03-07,Bengaluru,Android,Paid Search,Returning
U00026,2024-10-26,Mumbai,Android,Organic,New
U00027,2024-11-19,Mumbai,Android,Paid Social,New
U00028,2024-11-28,Bengaluru,iOS,Paid Search,New
U00029,2024-11-03,Mumbai,iOS,Paid Social,New
U00030,2023-02-17,Kolkata,iOS,Paid Social,Returning
U00031,2024-02-26,Bengaluru,Android,Referral,Returning
U00032,2023-04-06,Bengaluru,Android,Paid Social,Returning
U00033,2024-10-11,Bengaluru,Android,Organic,New
U00034,2024-11-09,Bengaluru,Android,Paid Social,New
U00035,2024-12-01,Bengaluru,Android,Paid Search,New
U00036,2024-11-07,Mumbai,Android,Organic,New
U00037,2024-12-18,Bengaluru,iOS,Paid Search,New
U00038,2024-10-30,Hyderabad,Android,Paid Social,New
U00039,2024-10-07,Kolkata,iOS,Organic,New
U00040,2023-08-21,Kolkata,Android,Paid Search,Returning
U00041,2024-12-31,Mumbai,Android,Paid Search,New
U00042,2023-05-02,Bengaluru,iOS,Organic,Returning
U00043,2024-07-10,Bengaluru,iOS,Referral,Returning
U00044,2024-11-18,Bengaluru,iOS,Organic,New
U00045,2024-03-01,Kolkata,iOS,Paid Social,Returning
U00046,2024-09-18,Kolkata,Android,Paid Social,Returning
U00047,2024-09-06,Delhi,iOS,Paid Search,New
U00048,2024-11-01,Delhi,iOS,Paid Search,New
U00049,2024-09-04,Mumbai,Android,Organic,Returning
U00050,2024-09-24,Delhi,Android,Organic,New
U00051,2024-11-20,Kolkata,Android,Paid Search,New
U00052,2024-10-27,Bengaluru,iOS,Organic,New
U00053,2023-05-15,Delhi,iOS,Paid Social,Returning
U00054,2023-11-27,Delhi,iOS,Paid Search,Returning
U00055,2023-08-20,Bengaluru,Android,Organic,Returning
U00056,2024-07-30,Delhi,Android,Organic,Returning
U00057,2024-09-16,Hyderabad,Android,Referral,New
U00058,2023-11-17,Bengaluru,Android,Organic,Returning
U00059,2024-10-26,Mumbai,Android,Paid Social,New
U00060,2024-09-07,Delhi,Android,Organic,New
U00061,2024-03-17,Bengaluru,Android,Referral,Returning
U00062,2024-10-25,Bengaluru,Android,Paid Search,New
U00063,2023-02-19,Delhi,iOS,Paid Search,Returning
U00064,2024-06-30,Bengaluru,Android,Paid Search,Returning
U00065,2023-11-04,Delhi,Android,Organic,Returning
U00066,2024-11-12,Hyderabad,Android,Paid Social,New
U00067,2024-10-21,Hyderabad,iOS,Organic,New
U00068,2024-10-08,Kolkata,iOS,Organic,New
U00069,2024-12-15,Delhi,Android,Organic,New
U00070,2024-12-24,Hyderabad,iOS,Paid Search,New
U00071,2024-11-25,Mumbai,Android,Referral,New
U00072,2024-12-01,Bengaluru,Android,Organic,New
U00073,2023-06-26,Delhi,Android,Referral,Returning
U00074,2024-09-13,Mumbai,Android,Paid Social,New
U00075,2024-10-11,Hyderabad,Android,Organic,New
U00076,2024-11-20,Delhi,Android,Organic,New
U00077,2024-10-21,Bengaluru,Android,Organic,New
U00078,2023-03-10,Kolkata,Android,Organic,Returning
U00079,2024-12-11,Bengaluru,Android,Paid Social,New
U00080,2023-07-05,Kolkata,Android,Paid Search,Returning
U00081,2024-06-06,Hyderabad,Android,Organic,Returning
U00082,2024-10-19,Hyderabad,Android,Paid Social,New
U00083,2023-01-30,Hyderabad,Android,Organic,Returning
U00084,2024-10-27,Bengaluru,Android,Referral,New
U00085,2024-12-13,Mumbai,Android,Paid Search,New
U00086,2024-10-16,Hyderabad,Android,Organic,New
U00087,2023-04-04,Hyderabad,Android,Paid Search,Returning
U00088,2024-09-09,Delhi,Android,Organic,New
U00089,2024-12-03,Bengaluru,Android,Referral,New
U00090,2024-12-25,Delhi,Android,Paid Search,New
U00091,2024-11-08,Delhi,Android,Referral,New
U00092,2023-08-15,Mumbai,Android,Referral,Returning
U00093,2024-12-12,Hyderabad,iOS,Paid Search,New
U00094,2024-12-04,Hyderabad,Android,Paid Social,New
U00095,2024-10-12,Mumbai,Android,Paid Search,New
U00096,2024-09-09,Delhi,Android,Organic,Returning
U00097,2024-09-19,Delhi,iOS,Referral,New
U00098,2024-12-18,Delhi,Android,Paid Search,New
U00099,2024-09-12,Bengaluru,iOS,Referral,New
U00100,2023-02-13,Bengaluru,Android,Paid Search,Returning
U00101,2024-05-11,Delhi,Android,Organic,Returning
U00102,2024-02-01,Bengaluru,Android,Organic,Returning
U00103,2024-11-04,Mumbai,iOS,Organic,New
U00104,2024-09-11,Bengaluru,iOS,Organic,Returning
U00105,2023-08-23,Delhi,iOS,Paid Social,Returning
U00106,2024-07-31,Bengaluru,Android,Organic,Returning
U00107,2024-12-24,Mumbai,iOS,Referral,New
U00108,2024-09-14,Mumbai,Android,Paid Search,New
U00109,2024-10-12,Delhi,Android,Paid Search,New
U00110,2023-07-13,Bengaluru,Android,Organic,Returning
U00111,2024-11-25,Kolkata,iOS,Organic,New
U00112,2024-09-20,Mumbai,Android,Paid Search,New
U00113,2024-12-29,Mumbai,Android,Organic,New
U00114,2024-05-16,Mumbai,Android,Paid Search,Returning
U00115,2024-12-07,Hyderabad,Android,Paid Search,New
U00116,2023-10-09,Kolkata,Android,Organic,Returning
U00117,2024-04-12,Delhi,iOS,Paid Search,Returning
U00118,2023-07-22,Hyderabad,Android,Organic,Returning
U00119,2024-12-15,Bengaluru,Android,Organic,New
U00120,2024-06-25,Mumbai,Android,Paid Social,Returning
U00121,2023-07-27,Delhi,Android,Organic,Returning
U00122,2023-12-16,Bengaluru,Android,Organic,Returning
U00123,2024-09-10,Kolkata,Android,Paid Search,New
U00124,2024-09-24,Kolkata,Android,Paid Search,New
U00125,2024-11-14,Delhi,Android,Referral,New
U00126,2024-10-23,Kolkata,iOS,Paid Social,New
U00127,2024-10-01,Delhi,Android,Paid Social,New
U00128,2024-11-17,Delhi,Android,Paid Search,New
U00129,2024-10-01,Hyderabad,iOS,Organic,New
U00130,2023-02-23,Delhi,Android,Organic,Returning
U00131,2024-10-09,Delhi,iOS,Paid Social,New
U00132,2023-03-20,Mumbai,iOS,Paid Search,Returning
U00133,2023-12-05,Bengaluru,iOS,Organic,Returning
U00134,2024-12-24,Delhi,Android,Paid Search,New
U00135,2024-01-20,Delhi,iOS,Paid Social,Returning
U00136,2024-11-23,Mumbai,Android,Paid Search,New
U00137,2024-02-19,Bengaluru,Android,Organic,Returning
U00138,2024-12-14,Bengaluru,iOS,Referral,New
U00139,2024-07-03,Hyderabad,Android,Organic,Returning
U00140,2024-09-09,Bengaluru,iOS,Referral,New
U00141,2024-11-22,Delhi,Android,Paid Search,New
U00142,2024-10-28,Hyderabad,Android,Referral,New
U00143,2024-03-29,Hyderabad,Android,Referral,Returning
U00144,2023-09-05,Bengaluru,iOS,Organic,Returning
U00145,2024-09-30,Hyderabad,Android,Paid Social,New
U00146,2024-10-20,Hyderabad,iOS,Organic,New
U00147,2024-12-10,Delhi,Android,Organic,New
U00148,2024-11-02,Hyderabad,iOS,Organic,New
U00149,2024-10-24,Hyderabad,Android,Paid Search,New
U00150,2024-12-25,Mumbai,iOS,Organic,New
U00151,2024-06-25,Mumbai,Android,Paid Search,Returning
U00152,2024-01-23,Hyderabad,Android,Referral,Returning
U00153,2024-11-19,Kolkata,iOS,Referral,New
U00154,2024-10-08,Mumbai,Android,Organic,New
U00155,2024-10-21,Hyderabad,Android,Paid Search,New
U00156,2024-08-07,Hyderabad,iOS,Organic,Returning
U00157,2024-09-10,Hyderabad,iOS,Organic,New
U00158,2023-04-18,Kolkata,iOS,Referral,Returning
U00159,2023-01-08,Bengaluru,iOS,Referral,Returning
U00160,2023-01-24,Bengaluru,iOS,Organic,Returning
U00161,2024-09-22,Mumbai,Android,Organic,New
U00162,2024-05-23,Delhi,Android,Organic,Returning
U00163,2024-11-01,Mumbai,iOS,Paid Search,New
U00164,2024-11-11,Hyderabad,Android,Organic,New
U00165,2024-10-10,Kolkata,Android,Organic,New
U00166,2024-12-16,Delhi,Android,Organic,New
U00167,2024-08-23,Hyderabad,Android,Organic,Returning
U00168,2023-10-15,Bengaluru,iOS,Paid Social,Returning
U00169,2024-12-01,Mumbai,Android,Paid Social,New
U00170,2023-02-13,Bengaluru,iOS,Paid Search,Returning
U00171,2024-10-11,Mumbai,iOS,Paid Search,New
U00172,2024-12-10,Mumbai,Android,Paid Social,New
U00173,2024-11-27,Hyderabad,Android,Organic,New
U00174,2024-04-13,Mumbai,Android,Referral,Returning
U00175,2024-09-18,Delhi,Android,Organic,New
U00176,2024-11-23,Bengaluru,Android,Referral,New
U00177,2024-10-27,Bengaluru,Android,Organic,New
U00178,2023-11-26,Kolkata,iOS,Paid Social,Returning
U00179,2023-07-09,Kolkata,Android,Organic,Returning
U00180,2024-04-24,Delhi,Android,Paid Social,Returning
U00181,2024-09-24,Bengaluru,Android,Paid Search,Returning
U00182,2023-05-19,Delhi,iOS,Organic,Returning
U00183,2024-12-03,Hyderabad,Android,Paid Social,New
U00184,2024-12-09,Delhi,Android,Organic,New
U00185,2024-03-17,Bengaluru,iOS,Paid Search,Returning
U00186,2024-02-09,Delhi,Android,Organic,Returning
U00187,2024-09-09,Delhi,Android,Paid Social,New
U00188,2024-09-18,Delhi,Android,Referral,New
U00189,2024-05-13,Bengaluru,iOS,Paid Search,Returning
U00190,2024-12-10,Mumbai,iOS,Paid Social,New
U00191,2024-03-27,Mumbai,Android,Referral,Returning
U00192,2024-09-21,Delhi,iOS,Paid Social,New
U00193,2024-11-10,Mumbai,iOS,Organic,New
U00194,2023-11-01,Mumbai,iOS,Paid Search,Returning
U00195,2024-12-18,Hyderabad,iOS,Organic,New
U00196,2024-09-25,Kolkata,iOS,Paid Search,New
U00197,2024-08-27,Bengaluru,Android,Organic,Returning
U00198,2023-04-29,Kolkata,Android,Paid Social,Returning
U00199,2024-12-23,Hyderabad,iOS,Paid Search,New
U00200,2024-09-08,Hyderabad,Android,Paid Search,New
U00201,2023-10-31,Delhi,Android,Organic,Returning
U00202,2023-11-04,Delhi,iOS,Organic,Returning
U00203,2024-12-31,Bengaluru,iOS,Paid Social,New
U00204,2024-12-25,Kolkata,iOS,Paid Search,New
U00205,2024-09-26,Mumbai,iOS,Referral,New
U00206,2024-10-02,Delhi,Android,Paid Search,New
U00207,2024-11-23,Mumbai,iOS,Organic,New
U00208,2024-06-03,Bengaluru,iOS,Paid Social,Returning
U00209,2024-12-03,Bengaluru,Android,Paid Social,New
U00210,2024-11-20,Mumbai,Android,Organic,New
U00211,2023-02-05,Mumbai,iOS,Paid Social,Returning
U00212,2024-08-18,Hyderabad,Android,Organic,Returning
U00213,2024-11-09,Mumbai,Android,Organic,New
U00214,2023-12-26,Mumbai,Android,Organic,Returning
U00215,2024-04-17,Hyderabad,Android,Paid Search,Returning
U00216,2024-03-06,Bengaluru,Android,Paid Social,Returning
U00217,2024-12-07,Hyderabad,iOS,Organic,New
U00218,2024-11-04,Hyderabad,Android,Paid Social,New
U00219,2023-03-30,Delhi,iOS,Paid Social,Returning
U00220,2024-11-12,Bengaluru,Android,Organic,New
U00221,2024-11-23,Bengaluru,Android,Organic,New
U00222,2024-10-27,Bengaluru,Android,Organic,New
U00223,2024-06-01,Mumbai,iOS,Organic,Returning
U00224,2024-01-27,Bengaluru,iOS,Referral,Returning
U00225,2024-12-26,Mumbai,Android,Paid Social,New
U00226,2024-09-15,Bengaluru,iOS,Organic,Returning
U00227,2024-09-09,Bengaluru,Android,Paid Search,New
U00228,2024-11-14,Delhi,Android,Organic,New
U00229,2024-04-09,Bengaluru,iOS,Organic,Returning
U00230,2024-11-30,Kolkata,Android,Organic,New
U00231,2024-09-21,Delhi,iOS,Organic,New
U00232,2024-11-22,Bengaluru,Android,Organic,New
U00233,2023-03-18,Bengaluru,iOS,Organic,Returning
U00234,2024-08-22,Delhi,Android,Organic,Returning
U00235,2023-07-12,Mumbai,Android,Paid Search,Returning
U00236,2023-07-04,Hyderabad,Android,Paid Search,Returning
U00237,2024-12-25,Delhi,iOS,Organic,New
U00238,2024-04-28,Mumbai,Android,Paid Search,Returning
U00239,2024-11-21,Mumbai,Android,Organic,New
U00240,2024-10-08,Hyderabad,Android,Referral,New
U00241,2024-09-10,Mumbai,Android,Organic,Returning
U00242,2023-05-01,Delhi,Android,Paid Search,Returning
U00243,2024-12-28,Hyderabad,iOS,Organic,New
U00244,2024-12-25,Hyderabad,Android,Organic,New
U00245,2023-03-01,Delhi,Android,Paid Search,Returning
U00246,2024-07-10,Kolkata,Android,Paid Social,Returning
U00247,2023-02-05,Kolkata,Android,Referral,Returning
U00248,2024-11-10,Bengaluru,Android,Paid Search,New
U00249,2024-10-23,Hyderabad,Android,Organic,New
U00250,2024-10-10,Mumbai,Android,Paid Social,New
U00251,2024-08-21,Mumbai,iOS,Organic,Returning
U00252,2023-04-30,Mumbai,Android,Paid Search,Returning
U00253,2024-09-05,Hyderabad,Android,Paid Social,New
U00254,2024-09-07,Mumbai,Android,Organic,New
U00255,2024-09-22,Mumbai,iOS,Paid Search,New
U00256,2024-01-20,Bengaluru,iOS,Organic,Returning
U00257,2024-03-15,Delhi,Android,Organic,Returning
U00258,2024-12-25,Kolkata,Android,Referral,New
U00259,2024-09-19,Hyderabad,Android,Organic,New
U00260,2023-07-07,Bengaluru,iOS,Organic,Returning
U00261,2024-11-25,Kolkata,Android,Paid Search,New
U00262,2023-10-06,Hyderabad,Android,Organic,Returning
U00263,2024-11-08,Mumbai,Android,Organic,New
U00264,2024-12-24,Bengaluru,Android,Organic,New
U00265,2023-11-02,Mumbai,Android,Paid Search,Returning
U00266,2024-12-22,Bengaluru,Android,Paid Search,New
U00267,2024-12-17,Delhi,iOS,Paid Social,New
U00268,2024-11-05,Mumbai,iOS,Organic,New
U00269,2024-12-24,Kolkata,Android,Referral,New
U00270,2024-11-22,Delhi,Android,Organic,New
U00271,2024-10-03,Kolkata,iOS,Organic,New
U00272,2024-10-22,Kolkata,iOS,Referral,New
U00273,2024-12-26,Bengaluru,iOS,Paid Social,New
U00274,2024-04-10,Bengaluru,iOS,Organic,Returning
U00275,2023-08-31,Hyderabad,Android,Organic,Returning
U00276,2024-09-08,Hyderabad,Android,Paid Social,New
U00277,2024-09-13,Delhi,Android,Organic,New
U00278,2024-11-01,Mumbai,Android,Organic,New
U00279,2024-03-08,Mumbai,Android,Paid Search,Returning
U00280,2023-05-08,Hyderabad,Android,Paid Social,Returning
U00281,2024-09-09,Hyderabad,Android,Paid Search,New
U00282,2024-12-17,Bengaluru,Android,Paid Search,New
U00283,2024-09-16,Bengaluru,iOS,Referral,New
U00284,2024-10-19,Bengaluru,Android,Organic,New
U00285,2023-08-11,Kolkata,Android,Paid Social,Returning
U00286,2024-09-20,Kolkata,Android,Organic,New
U00287,2024-12-29,Hyderabad,Android,Paid Social,New
U00288,2024-12-30,Bengaluru,Android,Paid Search,New
U00289,2024-11-18,Mumbai,Android,Organic,New
U00290,2024-10-29,Bengaluru,Android,Paid Search,New
U00291,2024-03-05,Delhi,iOS,Referral,Returning
U00292,2024-12-03,Delhi,Android,Paid Search,New
U00293,2024-06-12,Hyderabad,Android,Organic,Returning
U00294,2024-11-05,Bengaluru,iOS,Organic,New
U00295,2024-07-21,Mumbai,Android,Paid Search,Returning
U00296,2023-10-13,Kolkata,iOS,Paid Social,Returning
U00297,2023-07-05,Hyderabad,Android,Organic,Returning
U00298,2024-04-27,Bengaluru,Android,Organic,Returning
U00299,2024-04-06,Kolkata,Android,Paid Social,Returning
U00300,2023-10-29,Mumbai,Android,Organic,Returning
U00301,2023-05-16,Delhi,iOS,Organic,Returning
U00302,2024-12-07,Mumbai,Android,Organic,New
U00303,2024-12-24,Kolkata,Android,Paid Search,New
U00304,2024-09-24,Delhi,Android,Referral,New
U00305,2024-07-13,Mumbai,iOS,Paid Search,Returning
U00306,2024-10-20,Delhi,Android,Organic,New
U00307,2024-10-21,Bengaluru,Android,Paid Social,New
U00308,2024-09-02,Hyderabad,iOS,Organic,Returning
U00309,2024-11-13,Bengaluru,Android,Referral,New
U00310,2024-09-20,Delhi,Android,Organic,New
U00311,2024-11-28,Delhi,Android,Referral,New
U00312,2024-12-26,Delhi,Android,Referral,New
U00313,2024-09-23,Delhi,iOS,Referral,New
U00314,2024-12-29,Mumbai,Android,Organic,New
U00315,2024-10-11,Delhi,iOS,Paid Social,New
U00316,2024-09-23,Bengaluru,Android,Paid Social,New
U00317,2024-10-04,Kolkata,Android,Organic,New
U00318,2024-01-05,Kolkata,Android,Paid Search,Returning
U00319,2024-09-16,Delhi,Android,Paid Search,New
U00320,2024-06-25,Delhi,Android,Referral,Returning
U00321,2024-08-08,Bengaluru,Android,Paid Social,Returning
U00322,2024-12-30,Bengaluru,Android,Organic,New
U00323,2024-11-04,Delhi,iOS,Paid Search,New
U00324,2024-09-18,Kolkata,Android,Organic,New
U00325,2023-02-09,Hyderabad,Android,Organic,Returning
U00326,2023-02-23,Delhi,Android,Paid Social,Returning
U00327,2023-10-05,Kolkata,Android,Paid Search,Returning
U00328,2024-11-18,Delhi,Android,Paid Social,New
U00329,2024-09-15,Delhi,iOS,Paid Search,Returning
U00330,2024-12-06,Delhi,Android,Organic,New
U00331,2023-12-24,Bengaluru,Android,Paid Social,Returning
U00332,2024-11-22,Kolkata,Android,Organic,New
U00333,2023-10-16,Delhi,Android,Referral,Returning
U00334,2023-12-16,Mumbai,Android,Referral,Returning
U00335,2024-11-25,Delhi,Android,Referral,New
U00336,2024-01-10,Kolkata,Android,Referral,Returning
U00337,2024-09-29,Mumbai,Android,Paid Search,New
U00338,2024-05-09,Mumbai,iOS,Paid Search,Returning
U00339,2024-11-17,Bengaluru,Android,Paid Social,New
U00340,2024-08-16,Kolkata,Android,Organic,Returning
U00341,2024-11-22,Mumbai,Android,Paid Social,New
U00342,2024-02-02,Delhi,Android,Organic,Returning
U00343,2024-04-11,Kolkata,Android,Referral,Returning
U00344,2024-02-09,Bengaluru,Android,Paid Search,Returning
U00345,2023-03-13,Delhi,Android,Paid Social,Returning
U00346,2023-07-11,Mumbai,Android,Paid Search,Returning
U00347,2023-04-07,Delhi,Android,Paid Search,Returning
U00348,2024-10-30,Delhi,iOS,Referral,New
U00349,2024-01-26,Delhi,iOS,Organic,Returning
U00350,2024-11-20,Bengaluru,iOS,Organic,New
U00351,2023-07-25,Bengaluru,Android,Organic,Returning
U00352,2024-10-16,Bengaluru,iOS,Paid Search,New
U00353,2023-01-20,Kolkata,Android,Paid Search,Returning
U00354,2023-07-21,Mumbai,Android,Paid Search,Returning
U00355,2024-11-01,Mumbai,iOS,Organic,New
U00356,2024-10-08,Delhi,iOS,Organic,New
U00357,2023-01-07,Hyderabad,Android,Referral,Returning
U00358,2024-06-23,Bengaluru,iOS,Paid Social,Returning
U00359,2024-10-24,Delhi,Android,Organic,New
U00360,2023-03-29,Mumbai,Android,Organic,Returning
U00361,2023-09-24,Delhi,Android,Organic,Returning
U00362,2024-09-06,Hyderabad,Android,Paid Social,New
U00363,2024-11-12,Kolkata,iOS,Paid Social,New
U00364,2024-12-07,Hyderabad,Android,Paid Search,New
U00365,2023-01-15,Bengaluru,Android,Paid Search,Returning
U00366,2024-12-18,Bengaluru,iOS,Referral,New
U00367,2024-01-31,Bengaluru,iOS,Organic,Returning
U00368,2023-01-19,Hyderabad,iOS,Organic,Returning
U00369,2024-12-19,Kolkata,iOS,Organic,New
U00370,2024-01-17,Kolkata,iOS,Referral,Returning
U00371,2023-10-14,Delhi,Android,Paid Search,Returning
U00372,2024-10-29,Hyderabad,Android,Paid Search,New
U00373,2024-12-26,Mumbai,iOS,Paid Social,New
U00374,2024-09-06,Hyderabad,Android,Organic,New
U00375,2024-09-14,Mumbai,Android,Organic,New
U00376,2024-09-19,Bengaluru,Android,Paid Search,New
U00377,2024-04-03,Bengaluru,Android,Referral,Returning
U00378,2024-10-08,Kolkata,Android,Organic,New
U00379,2024-12-31,Delhi,iOS,Paid Search,New
U00380,2023-05-14,Delhi,Android,Referral,Returning
U00381,2024-09-28,Delhi,Android,Paid Social,New
U00382,2023-05-10,Delhi,Android,Paid Search,Returning
U00383,2023-04-05,Kolkata,Android,Organic,Returning
U00384,2024-09-12,Bengaluru,Android,Organic,New
U00385,2024-12-09,Bengaluru,Android,Organic,New
U00386,2023-07-17,Hyderabad,Android,Organic,Returning
U00387,2023-02-07,Mumbai,Android,Paid Social,Returning
U00388,2024-03-12,Bengaluru,Android,Paid Social,Returning
U00389,2024-10-12,Bengaluru,Android,Paid Social,New
U00390,2023-03-21,Bengaluru,Android,Organic,Returning
U00391,2023-09-17,Delhi,Android,Organic,Returning
U00392,2024-11-02,Bengaluru,Android,Paid Social,New
U00393,2024-02-22,Bengaluru,Android,Organic,Returning
U00394,2024-04-24,Hyderabad,iOS,Organic,Returning
U00395,2024-12-08,Hyderabad,iOS,Organic,New
U00396,2024-10-05,Kolkata,Android,Organic,New
U00397,2023-04-15,Delhi,Android,Organic,Returning
U00398,2024-12-04,Delhi,Android,Organic,New
U00399,2024-12-30,Kolkata,Android,Referral,New
U00400,2024-12-10,Hyderabad,Android,Organic,New
U00401,2024-11-02,Mumbai,Android,Paid Search,New
U00402,2023-11-19,Bengaluru,Android,Paid Search,Returning
U00403,2024-09-07,Delhi,iOS,Paid Search,Returning
U00404,2024-10-24,Mumbai,iOS,Paid Search,New
U00405,2023-10-14,Mumbai,iOS,Organic,Returning
U00406,2023-08-08,Bengaluru,iOS,Organic,Returning
U00407,2024-12-28,Kolkata,Android,Paid Search,New
U00408,2024-09-14,Mumbai,Android,Referral,Returning
U00409,2024-10-03,Mumbai,Android,Organic,New
U00410,2024-03-16,Bengaluru,Android,Paid Search,Returning
U00411,2023-04-01,Hyderabad,Android,Referral,Returning
U00412,2024-01-10,Hyderabad,Android,Paid Social,Returning
U00413,2024-11-24,Bengaluru,Android,Paid Social,New
U00414,2023-03-11,Mumbai,iOS,Paid Search,Returning
U00415,2024-11-29,Mumbai,Android,Referral,New
U00416,2024-11-07,Hyderabad,Android,Paid Search,New
U00417,2024-12-18,Bengaluru,iOS,Paid Search,New
U00418,2023-01-19,Kolkata,iOS,Paid Social,Returning
U00419,2024-09-20,Delhi,Android,Organic,New
U00420,2023-05-11,Bengaluru,Android,Referral,Returning
U00421,2024-06-02,Bengaluru,iOS,Referral,Returning
U00422,2024-11-29,Bengaluru,Android,Paid Search,New
U00423,2024-11-12,Delhi,Android,Organic,New
U00424,2024-11-04,Mumbai,iOS,Paid Social,New
U00425,2023-04-27,Hyderabad,Android,Organic,Returning
U00426,2024-01-05,Bengaluru,Android,Paid Search,Returning
U00427,2024-11-27,Kolkata,Android,Organic,New
U00428,2024-03-27,Bengaluru,Android,Paid Social,Returning
U00429,2024-12-18,Mumbai,Android,Referral,New
U00430,2023-08-11,Kolkata,Android,Organic,Returning
U00431,2023-09-14,Hyderabad,Android,Paid Social,Returning
U00432,2024-02-09,Mumbai,Android,Referral,Returning
U00433,2023-09-03,Hyderabad,iOS,Organic,Returning
U00434,2023-03-13,Bengaluru,iOS,Organic,Returning
U00435,2024-09-25,Bengaluru,Android,Organic,New
U00436,2024-11-23,Delhi,iOS,Paid Social,New
U00437,2024-11-28,Bengaluru,Android,Paid Search,New
U00438,2024-10-13,Delhi,Android,Organic,New
U00439,2024-04-05,Bengaluru,Android,Organic,Returning
U00440,2023-06-06,Kolkata,Android,Paid Search,Returning
U00441,2024-07-23,Kolkata,Android,Organic,Returning
U00442,2024-12-27,Hyderabad,Android,Paid Search,New
U00443,2023-05-28,Hyderabad,Android,Organic,Returning
U00444,2024-11-12,Bengaluru,Android,Paid Social,New
U00445,2024-12-02,Bengaluru,Android,Paid Social,New
U00446,2023-07-28,Mumbai,Android,Referral,Returning
U00447,2023-09-23,Mumbai,Android,Organic,Returning
U00448,2023-10-09,Delhi,Android,Paid Search,Returning
U00449,2024-10-04,Delhi,Android,Paid Social,New
U00450,2024-07-29,Mumbai,iOS,Paid Search,Returning
U00451,2024-12-05,Bengaluru,iOS,Organic,New
U00452,2023-12-09,Delhi,iOS,Organic,Returning
U00453,2023-10-10,Delhi,Android,Paid Search,Returning
U00454,2024-12-01,Mumbai,Android,Paid Search,New
U00455,2024-10-13,Kolkata,iOS,Referral,New
U00456,2024-09-30,Mumbai,Android,Paid Social,New
U00457,2023-04-07,Hyderabad,Android,Paid Social,Returning
U00458,2025-01-01,Hyderabad,Android,Referral,New
U00459,2023-03-28,Bengaluru,Android,Paid Social,Returning
U00460,2024-04-10,Mumbai,Android,Organic,Returning
U00461,2023-05-16,Mumbai,Android,Organic,Returning
U00462,2024-10-22,Mumbai,Android,Paid Social,New
U00463,2023-10-14,Bengaluru,Android,Organic,Returning
U00464,2024-09-13,Kolkata,Android,Referral,New
U00465,2024-06-27,Kolkata,iOS,Organic,Returning
U00466,2024-03-19,Bengaluru,Android,Organic,Returning
U00467,2024-06-08,Bengaluru,Android,Paid Social,Returning
U00468,2023-04-19,Bengaluru,Android,Paid Social,Returning
U00469,2024-11-22,Hyderabad,Android,Referral,New
U00470,2025-01-01,Mumbai,iOS,Organic,New
U00471,2024-11-07,Bengaluru,Android,Organic,New
U00472,2024-10-19,Hyderabad,Android,Paid Search,New
U00473,2024-09-05,Delhi,Android,Referral,New
U00474,2024-11-13,Delhi,Android,Organic,New
U00475,2024-09-29,Delhi,Android,Paid Search,New
U00476,2024-11-10,Mumbai,iOS,Organic,New
U00477,2024-10-13,Mumbai,Android,Paid Social,New
U00478,2023-02-01,Delhi,iOS,Organic,Returning
U00479,2024-04-16,Delhi,Android,Referral,Returning
U00480,2024-10-12,Kolkata,Android,Organic,New
U00481,2024-09-24,Mumbai,iOS,Paid Social,New
U00482,2024-12-09,Kolkata,Android,Paid Social,New
U00483,2023-02-05,Mumbai,iOS,Organic,Returning
U00484,2024-09-04,Hyderabad,Android,Organic,New
U00485,2024-09-07,Delhi,Android,Paid Search,New
U00486,2024-12-02,Hyderabad,Android,Paid Search,New
U00487,2024-11-11,Delhi,Android,Paid Social,New
U00488,2024-10-11,Bengaluru,iOS,Paid Search,New
U00489,2023-12-09,Bengaluru,Android,Organic,Returning
U00490,2024-01-30,Bengaluru,Android,Referral,Returning
U00491,2023-03-05,Kolkata,iOS,Organic,Returning
U00492,2023-07-14,Kolkata,Android,Paid Search,Returning
U00493,2023-09-10,Hyderabad,iOS,Referral,Returning
U00494,2024-11-15,Bengaluru,iOS,Referral,New
U00495,2023-05-08,Kolkata,Android,Organic,Returning
U00496,2024-10-10,Hyderabad,Android,Organic,New
U00497,2024-10-29,Delhi,iOS,Paid Search,New
U00498,2023-03-04,Mumbai,Android,Organic,Returning
U00499,2024-12-30,Mumbai,Android,Paid Social,New
U00500,2024-11-10,Bengaluru,iOS,Paid Search,New
U00501,2024-04-29,Mumbai,Android,Organic,Returning
U00502,2024-04-17,Hyderabad,iOS,Organic,Returning
U00503,2023-11-10,Bengaluru,Android,Paid Social,Returning
U00504,2024-12-02,Delhi,iOS,Paid Social,New
U00505,2024-10-09,Mumbai,Android,Organic,New
U00506,2024-06-08,Hyderabad,Android,Organic,Returning
U00507,2024-09-17,Kolkata,iOS,Organic,New
U00508,2024-05-16,Hyderabad,Android,Paid Search,Returning
U00509,2024-09-12,Mumbai,Android,Paid Social,New
U00510,2024-12-10,Mumbai,iOS,Referral,New
U00511,2024-12-22,Mumbai,iOS,Referral,New
U00512,2023-02-28,Mumbai,iOS,Paid Search,Returning
U00513,2024-11-28,Bengaluru,Android,Referral,New
U00514,2024-11-22,Hyderabad,Android,Organic,New
U00515,2024-11-30,Hyderabad,Android,Paid Search,New
U00516,2024-11-12,Mumbai,Android,Paid Search,New
U00517,2024-09-16,Kolkata,Android,Paid Social,New
U00518,2024-04-23,Mumbai,Android,Paid Social,Returning
U00519,2024-12-24,Delhi,Android,Organic,New
U00520,2024-05-06,Bengaluru,Android,Referral,Returning
U00521,2024-07-04,Bengaluru,Android,Referral,Returning
U00522,2024-10-11,Delhi,Android,Referral,New
U00523,2024-11-19,Delhi,Android,Paid Search,New
U00524,2023-01-21,Bengaluru,iOS,Referral,Returning
U00525,2024-11-12,Bengaluru,iOS,Paid Social,New
U00526,2024-11-22,Bengaluru,Android,Paid Search,New
U00527,2024-02-27,Hyderabad,iOS,Paid Search,Returning
U00528,2023-06-14,Hyderabad,iOS,Paid Social,Returning
U00529,2023-08-26,Delhi,Android,Paid Social,Returning
U00530,2024-09-15,Bengaluru,Android,Paid Search,New
U00531,2024-07-01,Bengaluru,Android,Referral,Returning
U00532,2023-10-21,Bengaluru,Android,Organic,Returning
U00533,2024-10-30,Delhi,Android,Paid Search,New
U00534,2024-08-19,Bengaluru,Android,Organic,Returning
U00535,2024-09-28,Delhi,iOS,Paid Search,New
U00536,2024-11-17,Kolkata,Android,Organic,New
U00537,2024-11-30,Mumbai,Android,Organic,New
U00538,2024-11-05,Hyderabad,iOS,Organic,New
U00539,2024-10-14,Bengaluru,iOS,Organic,New
U00540,2023-02-19,Delhi,iOS,Organic,Returning
U00541,2024-05-18,Kolkata,iOS,Paid Social,Returning
U00542,2024-12-26,Delhi,iOS,Organic,New
U00543,2024-03-04,Mumbai,Android,Organic,Returning
U00544,2023-08-14,Kolkata,iOS,Organic,Returning
U00545,2024-11-06,Mumbai,Android,Organic,New
U00546,2024-10-19,Delhi,Android,Organic,New
U00547,2024-11-07,Mumbai,Android,Referral,New
U00548,2024-11-01,Bengaluru,Android,Paid Search,New
U00549,2023-02-12,Bengaluru,Android,Organic,Returning
U00550,2024-12-03,Bengaluru,Android,Paid Search,New
U00551,2024-09-22,Kolkata,Android,Organic,New
U00552,2024-09-16,Mumbai,Android,Paid Social,New
U00553,2024-12-13,Delhi,Android,Referral,New
U00554,2023-07-25,Bengaluru,iOS,Organic,Returning
U00555,2024-11-20,Hyderabad,Android,Organic,New
U00556,2024-10-09,Kolkata,Android,Paid Search,New
U00557,2024-12-25,Delhi,Android,Organic,New
U00558,2024-09-29,Delhi,iOS,Organic,New
U00559,2024-07-15,Hyderabad,Android,Paid Social,Returning
U00560,2024-09-23,Kolkata,Android,Paid Search,New
U00561,2024-12-28,Kolkata,Android,Organic,New
U00562,2024-09-23,Delhi,iOS,Paid Social,New
U00563,2023-12-04,Bengaluru,iOS,Organic,Returning
U00564,2024-09-13,Delhi,iOS,Organic,Returning
U00565,2024-03-15,Delhi,iOS,Paid Social,Returning
U00566,2024-05-10,Kolkata,Android,Paid Search,Returning
U00567,2023-07-09,Bengaluru,Android,Paid Search,Returning
U00568,2024-10-19,Mumbai,Android,Paid Social,New
U00569,2024-12-31,Kolkata,Android,Paid Search,New
U00570,2024-09-21,Kolkata,iOS,Referral,New
U00571,2024-10-09,Mumbai,iOS,Paid Search,New
U00572,2024-02-16,Kolkata,Android,Organic,Returning
U00573,2024-12-07,Bengaluru,Android,Paid Social,New
U00574,2023-08-03,Delhi,Android,Organic,Returning
U00575,2023-01-09,Bengaluru,Android,Paid Social,Returning
U00576,2024-12-13,Kolkata,Android,Organic,New
U00577,2024-02-21,Kolkata,Android,Paid Search,Returning
U00578,2023-08-15,Bengaluru,Android,Paid Social,Returning
U00579,2024-09-14,Bengaluru,Android,Paid Search,Returning
U00580,2024-12-16,Delhi,Android,Organic,New
U00581,2024-12-20,Bengaluru,iOS,Paid Search,New
U00582,2024-10-14,Hyderabad,Android,Paid Social,New
U00583,2024-11-28,Bengaluru,Android,Referral,New
U00584,2024-11-17,Hyderabad,Android,Paid Search,New
U00585,2023-08-04,Mumbai,iOS,Organic,Returning
U00586,2023-08-05,Delhi,Android,Organic,Returning
U00587,2024-11-22,Bengaluru,iOS,Paid Search,New
U00588,2024-11-19,Kolkata,Android,Organic,New
U00589,2024-11-20,Mumbai,Android,Referral,New
U00590,2024-10-09,Delhi,Android,Paid Search,New
U00591,2023-09-04,Delhi,iOS,Organic,Returning
U00592,2024-09-15,Kolkata,iOS,Organic,New
U00593,2024-10-08,Hyderabad,iOS,Organic,New
U00594,2024-06-24,Hyderabad,iOS,Paid Search,Returning
U00595,2024-10-26,Mumbai,Android,Paid Search,New
U00596,2024-12-12,Kolkata,Android,Organic,New
U00597,2024-06-10,Delhi,Android,Paid Search,Returning
U00598,2023-02-15,Hyderabad,Android,Organic,Returning
U00599,2024-02-10,Delhi,Android,Paid Search,Returning
U00600,2023-12-23,Mumbai,iOS,Referral,Returning
U00601,2024-11-28,Kolkata,iOS,Organic,New
U00602,2023-09-28,Kolkata,iOS,Organic,Returning
U00603,2024-07-04,Mumbai,Android,Referral,Returning
U00604,2024-08-20,Mumbai,iOS,Organic,Returning
U00605,2023-04-27,Kolkata,iOS,Paid Search,Returning
U00606,2024-02-23,Kolkata,iOS,Paid Social,Returning
U00607,2024-08-01,Hyderabad,Android,Paid Search,Returning
U00608,2024-12-02,Bengaluru,Android,Referral,New
U00609,2023-02-06,Delhi,iOS,Paid Search,Returning
U00610,2024-11-04,Kolkata,iOS,Paid Search,New
U00611,2024-10-10,Hyderabad,Android,Organic,New
U00612,2023-09-22,Hyderabad,Android,Organic,Returning
U00613,2024-01-10,Mumbai,Android,Paid Search,Returning
U00614,2023-02-03,Delhi,Android,Organic,Returning
U00615,2024-12-20,Delhi,iOS,Paid Search,New
U00616,2023-08-22,Hyderabad,Android,Organic,Returning
U00617,2023-03-12,Delhi,Android,Organic,Returning
U00618,2024-11-02,Hyderabad,Android,Paid Search,New
U00619,2024-10-02,Hyderabad,Android,Paid Search,New
U00620,2024-09-04,Hyderabad,Android,Organic,New
U00621,2024-08-03,Delhi,Android,Paid Social,Returning
U00622,2024-12-06,Hyderabad,Android,Organic,New
U00623,2024-06-21,Bengaluru,iOS,Organic,Returning
U00624,2024-10-04,Bengaluru,iOS,Referral,New
U00625,2023-04-12,Delhi,iOS,Referral,Returning
U00626,2024-10-01,Bengaluru,Android,Organic,New
U00627,2023-07-21,Kolkata,iOS,Organic,Returning
U00628,2024-09-24,Kolkata,Android,Referral,New
U00629,2024-11-02,Bengaluru,Android,Paid Search,New
U00630,2023-02-18,Hyderabad,Android,Organic,Returning
U00631,2023-12-17,Mumbai,Android,Organic,Returning
U00632,2024-08-14,Hyderabad,Android,Organic,Returning
U00633,2024-11-25,Kolkata,iOS,Paid Social,New
U00634,2024-12-22,Mumbai,iOS,Paid Search,New
U00635,2024-11-18,Bengaluru,Android,Organic,New
U00636,2024-12-11,Bengaluru,Android,Organic,New
U00637,2023-08-18,Mumbai,iOS,Organic,Returning
U00638,2024-04-03,Kolkata,Android,Paid Social,Returning
U00639,2024-03-07,Mumbai,Android,Referral,Returning
U00640,2024-02-28,Delhi,iOS,Paid Search,Returning
U00641,2023-11-23,Bengaluru,Android,Paid Social,Returning
U00642,2023-07-29,Kolkata,iOS,Organic,Returning
U00643,2024-12-30,Delhi,Android,Paid Search,New
U00644,2024-12-29,Hyderabad,iOS,Paid Search,New
U00645,2023-06-25,Hyderabad,Android,Organic,Returning
U00646,2024-09-14,Bengaluru,iOS,Paid Search,Returning
U00647,2024-10-04,Bengaluru,Android,Paid Social,New
U00648,2024-11-13,Delhi,iOS,Organic,New
U00649,2024-03-13,Delhi,iOS,Paid Search,Returning
U00650,2024-10-29,Hyderabad,Android,Referral,New
U00651,2024-09-16,Hyderabad,Android,Paid Social,New
U00652,2024-04-26,Bengaluru,Android,Paid Search,Returning
U00653,2024-06-30,Mumbai,Android,Organic,Returning
U00654,2024-12-23,Bengaluru,Android,Paid Social,New
U00655,2023-04-02,Bengaluru,Android,Organic,Returning
U00656,2024-12-27,Hyderabad,Android,Organic,New
U00657,2024-07-05,Hyderabad,iOS,Organic,Returning
U00658,2024-09-10,Hyderabad,Android,Paid Search,New
U00659,2023-08-30,Bengaluru,Android,Paid Search,Returning
U00660,2024-10-21,Mumbai,Android,Paid Social,New
U00661,2024-11-16,Delhi,Android,Paid Search,New
U00662,2024-05-06,Kolkata,Android,Referral,Returning
U00663,2024-10-26,Mumbai,iOS,Paid Search,New
U00664,2024-09-14,Kolkata,Android,Paid Search,New
U00665,2024-09-28,Bengaluru,Android,Organic,New
U00666,2023-02-04,Delhi,Android,Organic,Returning
U00667,2023-01-24,Hyderabad,Android,Paid Search,Returning
U00668,2023-03-13,Delhi,iOS,Paid Social,Returning
U00669,2024-09-04,Mumbai,Android,Organic,New
U00670,2024-10-31,Mumbai,Android,Paid Search,New
U00671,2024-09-21,Kolkata,Android,Organic,New
U00672,2023-11-12,Bengaluru,Android,Paid Search,Returning
U00673,2023-10-12,Kolkata,Android,Organic,Returning
U00674,2024-01-31,Delhi,Android,Organic,Returning
U00675,2023-04-26,Delhi,iOS,Organic,Returning
U00676,2024-09-17,Mumbai,Android,Referral,New
U00677,2023-08-28,Delhi,Android,Paid Social,Returning
U00678,2024-11-09,Kolkata,iOS,Organic,New
U00679,2024-11-04,Kolkata,Android,Organic,New
U00680,2024-12-08,Kolkata,Android,Paid Search,New
U00681,2024-10-29,Kolkata,iOS,Organic,New
U00682,2024-09-24,Mumbai,iOS,Paid Social,New
U00683,2024-10-03,Delhi,iOS,Paid Search,New
U00684,2024-12-22,Hyderabad,iOS,Referral,New
U00685,2024-04-29,Bengaluru,Android,Organic,Returning
U00686,2024-10-17,Hyderabad,iOS,Referral,New
U00687,2024-10-22,Mumbai,Android,Paid Social,New
U00688,2023-06-15,Mumbai,Android,Paid Social,Returning
U00689,2024-03-10,Delhi,iOS,Referral,Returning
U00690,2024-11-26,Delhi,iOS,Paid Search,New
U00691,2024-11-06,Bengaluru,iOS,Organic,New
U00692,2024-05-07,Delhi,Android,Paid Search,Returning
U00693,2024-10-07,Delhi,iOS,Paid Social,New
U00694,2024-11-09,Bengaluru,Android,Referral,New
U00695,2023-09-13,Bengaluru,iOS,Paid Search,Returning
U00696,2024-10-03,Mumbai,Android,Paid Social,New
U00697,2023-10-04,Delhi,Android,Organic,Returning
U00698,2024-02-26,Hyderabad,iOS,Organic,Returning
U00699,2023-06-09,Bengaluru,Android,Paid Search,Returning
U00700,2024-09-26,Mumbai,Android,Organic,New
U00701,2024-10-25,Bengaluru,iOS,Organic,New
U00702,2024-12-19,Mumbai,Android,Paid Social,New
U00703,2024-11-16,Mumbai,Android,Paid Search,New
U00704,2023-12-29,Mumbai,Android,Paid Search,Returning
U00705,2024-12-02,Delhi,Android,Organic,New
U00706,2023-11-25,Mumbai,Android,Organic,Returning
U00707,2024-07-16,Bengaluru,Android,Paid Social,Returning
U00708,2023-06-10,Delhi,Android,Referral,Returning
U00709,2024-09-27,Delhi,Android,Organic,New
U00710,2024-12-31,Mumbai,Android,Paid Social,New
U00711,2023-01-16,Delhi,Android,Paid Social,Returning
U00712,2024-02-22,Hyderabad,Android,Paid Social,Returning
U00713,2024-05-22,Delhi,iOS,Paid Search,Returning
U00714,2024-10-03,Bengaluru,Android,Organic,Returning
U00715,2024-04-29,Delhi,Android,Paid Social,Returning
U00716,2024-11-22,Bengaluru,Android,Paid Search,New
U00717,2023-11-29,Mumbai,Android,Organic,Returning
U00718,2024-10-12,Hyderabad,iOS,Organic,New
U00719,2024-02-10,Hyderabad,Android,Paid Search,Returning
U00720,2023-03-23,Delhi,Android,Paid Search,Returning
U00721,2024-11-04,Bengaluru,iOS,Referral,New
U00722,2024-12-22,Kolkata,Android,Organic,New
U00723,2024-12-30,Bengaluru,iOS,Organic,New
U00724,2024-01-20,Delhi,Android,Referral,Returning
U00725,2024-12-06,Hyderabad,Android,Organic,New
U00726,2024-11-18,Delhi,iOS,Organic,New
U00727,2024-11-25,Bengaluru,Android,Paid Social,New
U00728,2024-11-15,Delhi,Android,Referral,New
U00729,2024-09-08,Mumbai,iOS,Paid Social,New
U00730,2024-12-24,Bengaluru,Android,Organic,New
U00731,2024-12-19,Mumbai,iOS,Paid Search,New
U00732,2024-11-28,Delhi,Android,Paid Social,New
U00733,2024-10-04,Delhi,Android,Referral,New
U00734,2024-12-02,Bengaluru,iOS,Organic,New
U00735,2024-12-03,Hyderabad,Android,Referral,New
U00736,2023-03-19,Delhi,Android,Paid Search,Returning
U00737,2024-10-21,Hyderabad,iOS,Organic,New
U00738,2024-10-16,Delhi,Android,Organic,New
U00739,2024-10-14,Bengaluru,Android,Organic,New
U00740,2024-10-17,Delhi,iOS,Referral,New
U00741,2024-10-27,Mumbai,Android,Organic,New
U00742,2024-10-31,Delhi,Android,Paid Social,New
U00743,2023-06-19,Hyderabad,iOS,Organic,Returning
U00744,2024-11-21,Kolkata,Android,Paid Social,New
U00745,2024-11-24,Hyderabad,iOS,Paid Search,New
U00746,2024-12-03,Mumbai,iOS,Referral,New
U00747,2024-09-24,Mumbai,Android,Paid Search,New
U00748,2024-12-31,Mumbai,Android,Paid Social,New
U00749,2023-05-08,Delhi,iOS,Paid Search,Returning
U00750,2023-11-28,Hyderabad,iOS,Paid Search,Returning
U00751,2024-11-18,Hyderabad,Android,Referral,New
U00752,2024-12-06,Delhi,Android,Paid Search,New
U00753,2024-11-02,Kolkata,Android,Referral,New
U00754,2024-09-06,Hyderabad,iOS,Organic,New
U00755,2023-12-04,Delhi,iOS,Paid Search,Returning
U00756,2024-09-07,Kolkata,iOS,Referral,New
U00757,2024-11-25,Bengaluru,Android,Referral,New
U00758,2024-03-08,Bengaluru,iOS,Paid Search,Returning
U00759,2024-12-16,Delhi,Android,Paid Search,New
U00760,2024-10-20,Mumbai,Android,Paid Social,New
U00761,2023-04-09,Delhi,Android,Organic,Returning
U00762,2024-10-13,Kolkata,Android,Referral,New
U00763,2024-09-11,Bengaluru,Android,Organic,New
U00764,2024-10-21,Delhi,Android,Organic,New
U00765,2024-05-20,Mumbai,Android,Paid Social,Returning
U00766,2024-10-16,Bengaluru,iOS,Organic,New
U00767,2024-11-20,Hyderabad,Android,Organic,New
U00768,2024-12-06,Delhi,Android,Organic,New
U00769,2024-09-15,Kolkata,Android,Referral,New
U00770,2024-03-30,Hyderabad,Android,Paid Search,Returning
U00771,2024-09-12,Bengaluru,Android,Referral,New
U00772,2023-09-24,Bengaluru,Android,Organic,Returning
U00773,2024-02-23,Bengaluru,Android,Organic,Returning
U00774,2024-07-29,Kolkata,Android,Organic,Returning
U00775,2024-11-25,Hyderabad,iOS,Paid Search,New
U00776,2023-12-12,Delhi,Android,Organic,Returning
U00777,2023-12-07,Bengaluru,iOS,Organic,Returning
U00778,2024-09-29,Kolkata,Android,Paid Search,New
U00779,2023-07-08,Bengaluru,iOS,Paid Social,Returning
U00780,2024-06-10,Hyderabad,Android,Paid Search,Returning
U00781,2024-11-08,Hyderabad,Android,Paid Search,New
U00782,2023-03-06,Delhi,Android,Paid Search,Returning
U00783,2024-11-08,Mumbai,Android,Paid Search,New
U00784,2024-01-10,Bengaluru,iOS,Paid Social,Returning
U00785,2023-01-20,Delhi,Android,Paid Social,Returning
U00786,2024-11-25,Kolkata,Android,Paid Social,New
U00787,2023-04-09,Hyderabad,iOS,Organic,Returning
U00788,2024-11-17,Hyderabad,iOS,Paid Search,New
U00789,2024-06-21,Mumbai,Android,Paid Social,Returning
U00790,2023-06-23,Bengaluru,Android,Referral,Returning
U00791,2024-11-12,Hyderabad,iOS,Paid Search,New
U00792,2024-12-29,Mumbai,iOS,Paid Search,New
U00793,2024-11-12,Bengaluru,iOS,Paid Social,New
U00794,2024-11-13,Delhi,iOS,Referral,New
U00795,2025-01-01,Mumbai,Android,Organic,New
U00796,2024-11-06,Hyderabad,Android,Organic,New
U00797,2024-10-14,Bengaluru,Android,Paid Social,New
U00798,2024-09-30,Kolkata,Android,Paid Social,New
U00799,2023-08-06,Delhi,iOS,Organic,Returning
U00800,2023-12-06,Delhi,Android,Organic,Returning
U00801,2023-01-05,Bengaluru,Android,Paid Search,Returning
U00802,2024-11-23,Hyderabad,Android,Paid Social,New
U00803,2023-01-24,Delhi,Android,Paid Social,Returning
U00804,2024-04-20,Mumbai,Android,Organic,Returning
U00805,2024-09-09,Bengaluru,Android,Organic,New
U00806,2024-09-28,Hyderabad,iOS,Paid Social,New
U00807,2023-02-23,Hyderabad,Android,Organic,Returning
U00808,2024-11-05,Delhi,Android,Paid Search,New
U00809,2024-12-23,Kolkata,Android,Paid Search,New
U00810,2023-05-07,Bengaluru,Android,Organic,Returning
U00811,2024-09-10,Bengaluru,iOS,Paid Social,New
U00812,2024-12-12,Mumbai,Android,Organic,New
U00813,2024-03-23,Hyderabad,iOS,Paid Social,Returning
U00814,2023-05-17,Bengaluru,Android,Paid Search,Returning
U00815,2024-10-20,Mumbai,Android,Paid Search,New
U00816,2023-03-03,Delhi,Android,Referral,Returning
U00817,2023-08-27,Mumbai,iOS,Organic,Returning
U00818,2024-11-30,Mumbai,iOS,Paid Social,New
U00819,2024-03-08,Kolkata,Android,Organic,Returning
U00820,2024-11-21,Delhi,Android,Referral,New
U00821,2024-10-15,Mumbai,Android,Organic,New
U00822,2023-07-11,Mumbai,Android,Paid Search,Returning
U00823,2024-10-13,Delhi,Android,Organic,New
U00824,2023-11-06,Bengaluru,iOS,Organic,Returning
U00825,2023-05-06,Kolkata,Android,Organic,Returning
U00826,2024-10-05,Bengaluru,iOS,Organic,New
U00827,2024-05-13,Hyderabad,iOS,Organic,Returning
U00828,2024-10-11,Bengaluru,Android,Organic,New
U00829,2024-01-12,Hyderabad,Android,Paid Social,Returning
U00830,2024-09-21,Bengaluru,iOS,Paid Search,New
U00831,2024-01-02,Kolkata,Android,Organic,Returning
U00832,2024-11-28,Hyderabad,Android,Referral,New
U00833,2024-09-18,Bengaluru,iOS,Paid Social,New
U00834,2023-07-19,Hyderabad,Android,Organic,Returning
U00835,2023-09-09,Mumbai,iOS,Paid Search,Returning
U00836,2024-06-30,Delhi,Android,Paid Search,Returning
U00837,2024-05-30,Delhi,Android,Paid Search,Returning
U00838,2023-09-18,Hyderabad,Android,Referral,Returning
U00839,2024-12-01,Hyderabad,Android,Paid Search,New
U00840,2024-09-23,Delhi,Android,Referral,New
U00841,2024-11-30,Kolkata,Android,Paid Social,New
U00842,2023-03-23,Delhi,Android,Referral,Returning
U00843,2024-09-27,Bengaluru,Android,Paid Search,New
U00844,2024-12-11,Mumbai,Android,Paid Social,New
U00845,2024-12-12,Bengaluru,Android,Paid Social,New
U00846,2024-06-16,Delhi,Android,Paid Social,Returning
U00847,2024-09-05,Mumbai,Android,Organic,New
U00848,2023-10-17,Delhi,Android,Organic,Returning
U00849,2024-12-05,Bengaluru,Android,Organic,New
U00850,2023-12-14,Hyderabad,Android,Organic,Returning
U00851,2024-10-23,Mumbai,Android,Referral,New
U00852,2024-12-02,Hyderabad,iOS,Paid Social,New
U00853,2024-01-06,Mumbai,Android,Organic,Returning
U00854,2023-09-07,Mumbai,Android,Organic,Returning
U00855,2024-11-30,Delhi,iOS,Organic,New
U00856,2024-10-29,Hyderabad,Android,Paid Social,New
U00857,2023-01-06,Bengaluru,Android,Referral,Returning
U00858,2023-06-18,Bengaluru,Android,Organic,Returning
U00859,2024-10-25,Hyderabad,Android,Organic,New
U00860,2024-09-05,Hyderabad,Android,Referral,New
U00861,2024-06-08,Mumbai,Android,Paid Search,Returning
U00862,2024-05-04,Bengaluru,Android,Referral,Returning
U00863,2024-07-09,Bengaluru,Android,Organic,Returning
U00864,2023-10-13,Mumbai,Android,Organic,Returning
U00865,2024-10-08,Hyderabad,Android,Paid Social,New
U00866,2023-07-28,Delhi,Android,Organic,Returning
U00867,2023-03-19,Bengaluru,Android,Paid Social,Returning
U00868,2023-01-16,Bengaluru,Android,Paid Social,Returning
U00869,2025-01-01,Mumbai,Android,Organic,New
U00870,2024-11-07,Hyderabad,Android,Paid Search,New
U00871,2023-02-16,Bengaluru,Android,Paid Social,Returning
U00872,2024-10-26,Bengaluru,iOS,Referral,New
U00873,2023-10-19,Delhi,iOS,Organic,Returning
U00874,2024-10-10,Bengaluru,Android,Paid Social,New
U00875,2023-07-24,Mumbai,Android,Organic,Returning
U00876,2024-07-25,Bengaluru,Android,Referral,Returning
U00877,2024-11-25,Mumbai,iOS,Paid Social,New
U00878,2024-09-08,Hyderabad,Android,Organic,New
U00879,2024-05-04,Kolkata,Android,Paid Social,Returning
U00880,2023-12-13,Kolkata,iOS,Paid Social,Returning
U00881,2024-11-04,Delhi,Android,Paid Social,New
U00882,2023-07-02,Bengaluru,iOS,Organic,Returning
U00883,2024-07-04,Delhi,Android,Paid Social,Returning
U00884,2024-10-06,Hyderabad,Android,Paid Social,New
U00885,2024-12-18,Bengaluru,iOS,Organic,New
U00886,2024-12-23,Delhi,Android,Organic,New
U00887,2024-10-03,Delhi,Android,Referral,New
U00888,2024-12-16,Bengaluru,iOS,Paid Search,New
U00889,2024-11-07,Hyderabad,iOS,Paid Search,New
U00890,2024-06-19,Mumbai,Android,Referral,Returning
U00891,2024-11-10,Mumbai,iOS,Organic,New
U00892,2023-06-13,Kolkata,Android,Paid Social,Returning
U00893,2024-09-09,Bengaluru,Android,Paid Search,New
U00894,2024-11-02,Bengaluru,iOS,Organic,New
U00895,2023-05-18,Delhi,Android,Referral,Returning
U00896,2024-04-09,Mumbai,iOS,Paid Social,Returning
U00897,2024-11-06,Mumbai,Android,Organic,New
U00898,2024-10-17,Bengaluru,Android,Referral,New
U00899,2024-12-04,Kolkata,Android,Referral,New
U00900,2024-09-09,Delhi,Android,Paid Social,New
U00901,2024-09-12,Delhi,iOS,Organic,New
U00902,2024-12-12,Mumbai,Android,Organic,New
U00903,2024-12-15,Kolkata,Android,Paid Social,New
U00904,2024-11-20,Mumbai,Android,Referral,New
U00905,2024-04-05,Kolkata,Android,Organic,Returning
U00906,2024-06-16,Bengaluru,Android,Paid Search,Returning
U00907,2024-09-27,Mumbai,Android,Organic,New
U00908,2024-12-09,Hyderabad,Android,Paid Search,New
U00909,2024-11-18,Mumbai,Android,Paid Search,New
U00910,2024-09-05,Delhi,Android,Organic,New
U00911,2023-10-21,Kolkata,Android,Paid Search,Returning
U00912,2024-04-19,Bengaluru,Android,Paid Search,Returning
U00913,2024-07-02,Delhi,Android,Paid Search,Returning
U00914,2023-04-27,Kolkata,Android,Referral,Returning
U00915,2023-10-24,Kolkata,Android,Organic,Returning
U00916,2024-04-02,Kolkata,Android,Organic,Returning
U00917,2024-12-23,Kolkata,iOS,Paid Search,New
U00918,2024-11-27,Bengaluru,Android,Paid Search,New
U00919,2024-11-06,Kolkata,iOS,Organic,New
U00920,2024-10-28,Delhi,Android,Referral,New
U00921,2024-11-12,Mumbai,Android,Organic,New
U00922,2023-11-24,Delhi,iOS,Organic,Returning
U00923,2023-07-30,Hyderabad,Android,Paid Social,Returning
U00924,2024-10-09,Mumbai,Android,Referral,New
U00925,2024-10-25,Hyderabad,Android,Paid Search,New
U00926,2024-11-14,Bengaluru,Android,Organic,New
U00927,2024-12-29,Bengaluru,Android,Organic,New
U00928,2023-08-30,Delhi,iOS,Organic,Returning
U00929,2023-11-06,Bengaluru,Android,Paid Search,Returning
U00930,2024-03-01,Hyderabad,Android,Paid Social,Returning
U00931,2024-09-28,Delhi,Android,Organic,New
U00932,2024-12-05,Mumbai,Android,Paid Search,New
U00933,2024-11-08,Bengaluru,iOS,Paid Social,New
U00934,2024-01-17,Bengaluru,Android,Organic,Returning
U00935,2023-12-27,Mumbai,iOS,Organic,Returning
U00936,2024-10-20,Delhi,Android,Paid Social,New
U00937,2024-02-20,Bengaluru,Android,Organic,Returning
U00938,2024-10-05,Bengaluru,Android,Organic,New
U00939,2023-05-22,Bengaluru,iOS,Organic,Returning
U00940,2024-12-22,Mumbai,Android,Paid Search,New
U00941,2024-10-29,Bengaluru,Android,Paid Search,New
U00942,2024-04-08,Delhi,iOS,Paid Search,Returning
U00943,2024-09-11,Hyderabad,Android,Organic,New
U00944,2024-09-29,Mumbai,Android,Paid Search,New
U00945,2024-12-01,Mumbai,iOS,Organic,New
U00946,2024-10-11,Bengaluru,Android,Paid Social,New
U00947,2023-02-27,Kolkata,Android,Referral,Returning
U00948,2024-07-04,Delhi,Android,Paid Search,Returning
U00949,2023-08-19,Delhi,iOS,Organic,Returning
U00950,2024-12-13,Kolkata,Android,Paid Social,New
U00951,2024-10-03,Mumbai,iOS,Organic,New
U00952,2024-10-05,Mumbai,Android,Organic,New
U00953,2024-09-08,Kolkata,Android,Referral,New
U00954,2024-10-16,Bengaluru,Android,Organic,New
U00955,2024-08-28,Hyderabad,iOS,Organic,Returning
U00956,2024-07-26,Mumbai,Android,Paid Search,Returning
U00957,2024-09-19,Delhi,Android,Paid Search,Returning
U00958,2024-11-08,Bengaluru,Android,Paid Search,New
U00959,2024-09-19,Bengaluru,iOS,Organic,New
U00960,2024-12-05,Kolkata,Android,Paid Social,New
U00961,2024-10-14,Bengaluru,Android,Organic,New
U00962,2024-10-01,Bengaluru,Android,Referral,New
U00963,2024-10-30,Hyderabad,Android,Organic,New
U00964,2024-10-04,Hyderabad,iOS,Organic,New
U00965,2023-10-07,Bengaluru,Android,Paid Search,Returning
U00966,2024-10-31,Hyderabad,iOS,Organic,New
U00967,2023-06-20,Mumbai,iOS,Paid Search,Returning
U00968,2024-10-04,Hyderabad,Android,Organic,New
U00969,2024-09-29,Bengaluru,iOS,Organic,New
U00970,2024-11-25,Bengaluru,iOS,Organic,New
U00971,2024-09-25,Mumbai,iOS,Organic,New
U00972,2024-12-07,Bengaluru,Android,Organic,New
U00973,2024-12-12,Mumbai,Android,Organic,New
U00974,2024-03-11,Bengaluru,iOS,Organic,Returning
U00975,2024-10-27,Hyderabad,Android,Paid Social,New
U00976,2023-06-14,Kolkata,iOS,Paid Social,Returning
U00977,2024-10-10,Hyderabad,Android,Organic,New
U00978,2024-10-15,Kolkata,Android,Organic,New
U00979,2024-11-11,Kolkata,iOS,Organic,New
U00980,2024-12-01,Delhi,Android,Organic,New
U00981,2024-08-15,Delhi,Android,Paid Search,Returning
U00982,2023-11-12,Kolkata,iOS,Organic,Returning
U00983,2024-01-11,Kolkata,iOS,Referral,Returning
U00984,2024-12-03,Kolkata,Android,Paid Social,New
U00985,2024-09-27,Hyderabad,iOS,Organic,New
U00986,2024-08-21,Bengaluru,iOS,Organic,Returning
U00987,2024-11-08,Kolkata,iOS,Organic,New
U00988,2024-10-30,Kolkata,Android,Organic,New
U00989,2024-10-06,Mumbai,Android,Paid Search,New
U00990,2024-08-17,Hyderabad,iOS,Organic,Returning
U00991,2024-06-14,Mumbai,iOS,Organic,Returning
U00992,2024-03-25,Kolkata,Android,Organic,Returning
U00993,2024-04-28,Bengaluru,Android,Paid Social,Returning
U00994,2024-09-09,Kolkata,Android,Organic,New
U00995,2024-06-16,Bengaluru,iOS,Referral,Returning
U00996,2024-09-10,Delhi,iOS,Organic,New
U00997,2024-03-18,Bengaluru,Android,Organic,Returning
U00998,2024-11-28,Delhi,Android,Paid Search,New
U00999,2024-09-26,Bengaluru,Android,Paid Search,Returning
U01000,2024-10-29,Kolkata,iOS,Organic,New
U01001,2024-11-01,Mumbai,Android,Paid Search,New
U01002,2024-12-14,Kolkata,Android,Organic,New
U01003,2024-11-25,Delhi,Android,Organic,New
U01004,2024-11-06,Bengaluru,iOS,Organic,New
U01005,2023-03-28,Hyderabad,Android,Paid Social,Returning
U01006,2024-11-24,Hyderabad,Android,Paid Search,New
U01007,2023-09-04,Mumbai,Android,Paid Social,Returning
U01008,2024-09-12,Hyderabad,iOS,Referral,New
U01009,2024-03-27,Hyderabad,Android,Paid Search,Returning
U01010,2024-10-18,Mumbai,Android,Referral,New
U01011,2023-10-08,Kolkata,Android,Paid Search,Returning
U01012,2023-10-11,Hyderabad,Android,Paid Search,Returning
U01013,2024-12-24,Mumbai,iOS,Paid Search,New
U01014,2024-05-02,Delhi,iOS,Organic,Returning
U01015,2024-11-26,Bengaluru,Android,Organic,New
U01016,2024-10-10,Bengaluru,iOS,Paid Search,New
U01017,2023-12-26,Hyderabad,Android,Organic,Returning
U01018,2023-01-09,Hyderabad,iOS,Organic,Returning
U01019,2024-12-13,Delhi,Android,Paid Social,New
U01020,2024-09-28,Mumbai,Android,Paid Search,New
U01021,2024-04-24,Bengaluru,iOS,Organic,Returning
U01022,2023-09-19,Delhi,iOS,Organic,Returning
U01023,2024-05-09,Kolkata,iOS,Referral,Returning
U01024,2024-11-14,Delhi,Android,Referral,New
U01025,2024-03-28,Bengaluru,iOS,Paid Search,Returning
U01026,2024-12-09,Mumbai,Android,Organic,New
U01027,2024-08-05,Delhi,Android,Organic,Returning
U01028,2024-11-29,Hyderabad,Android,Organic,New
U01029,2023-06-26,Kolkata,Android,Paid Social,Returning
U01030,2024-12-12,Mumbai,Android,Paid Search,New
U01031,2023-07-17,Mumbai,iOS,Paid Social,Returning
U01032,2023-08-21,Delhi,Android,Organic,Returning
U01033,2024-10-11,Mumbai,Android,Referral,New
U01034,2023-01-19,Delhi,Android,Organic,Returning
U01035,2024-11-12,Bengaluru,iOS,Organic,New
U01036,2023-05-07,Kolkata,Android,Paid Search,Returning
U01037,2024-11-16,Delhi,iOS,Paid Search,New
U01038,2024-09-07,Mumbai,Android,Referral,New
U01039,2024-09-10,Bengaluru,Android,Paid Search,New
U01040,2024-09-04,Hyderabad,iOS,Referral,New
U01041,2024-11-12,Bengaluru,Android,Organic,New
U01042,2023-01-07,Delhi,iOS,Organic,Returning
U01043,2023-05-11,Hyderabad,Android,Organic,Returning
U01044,2024-03-22,Delhi,Android,Organic,Returning
U01045,2024-12-13,Kolkata,Android,Paid Social,New
U01046,2024-09-10,Bengaluru,iOS,Organic,New
U01047,2024-09-11,Hyderabad,Android,Organic,New
U01048,2023-12-29,Kolkata,Android,Organic,Returning
U01049,2024-01-31,Mumbai,Android,Paid Social,Returning
U01050,2024-11-08,Hyderabad,iOS,Referral,New
U01051,2024-08-12,Delhi,iOS,Paid Social,Returning
U01052,2024-12-25,Hyderabad,iOS,Organic,New
U01053,2024-09-08,Kolkata,Android,Paid Search,New
U01054,2024-12-07,Hyderabad,Android,Organic,New
U01055,2024-11-22,Kolkata,iOS,Referral,New
U01056,2023-10-19,Mumbai,iOS,Organic,Returning
U01057,2024-08-15,Mumbai,iOS,Referral,Returning
U01058,2024-12-01,Delhi,iOS,Paid Social,New
U01059,2024-12-07,Hyderabad,iOS,Paid Social,New
U01060,2024-05-24,Kolkata,Android,Paid Social,Returning
U01061,2023-01-09,Mumbai,Android,Organic,Returning
U01062,2023-03-23,Bengaluru,iOS,Organic,Returning
U01063,2024-11-16,Mumbai,Android,Organic,New
U01064,2023-11-09,Hyderabad,Android,Organic,Returning
U01065,2024-11-09,Kolkata,Android,Paid Social,New
U01066,2024-03-09,Bengaluru,Android,Paid Search,Returning
U01067,2024-09-13,Bengaluru,iOS,Referral,New
U01068,2023-06-14,Delhi,iOS,Referral,Returning
U01069,2024-09-22,Bengaluru,Android,Organic,New
U01070,2024-10-20,Kolkata,Android,Organic,New
U01071,2024-07-29,Delhi,Android,Organic,Returning
U01072,2023-12-26,Mumbai,iOS,Organic,Returning
U01073,2024-09-08,Bengaluru,Android,Paid Social,New
U01074,2024-06-09,Delhi,Android,Paid Social,Returning
U01075,2024-01-31,Kolkata,Android,Paid Social,Returning
U01076,2024-12-03,Mumbai,Android,Paid Search,New
U01077,2024-11-05,Bengaluru,Android,Paid Social,New
U01078,2024-10-12,Bengaluru,Android,Paid Search,New
U01079,2024-02-14,Kolkata,Android,Referral,Returning
U01080,2024-09-21,Kolkata,Android,Paid Social,New
U01081,2024-12-14,Bengaluru,Android,Paid Social,New
U01082,2024-07-29,Mumbai,Android,Organic,Returning
U01083,2024-05-23,Bengaluru,Android,Paid Social,Returning
U01084,2024-07-16,Mumbai,iOS,Organic,Returning
U01085,2023-06-09,Bengaluru,Android,Organic,Returning
U01086,2023-02-08,Hyderabad,iOS,Paid Search,Returning
U01087,2024-08-09,Kolkata,Android,Organic,Returning
U01088,2023-02-06,Bengaluru,iOS,Organic,Returning
U01089,2024-12-13,Delhi,Android,Organic,New
U01090,2024-09-24,Bengaluru,Android,Paid Social,New
U01091,2024-11-19,Delhi,Android,Paid Search,New
U01092,2023-07-19,Bengaluru,Android,Referral,Returning
U01093,2024-12-01,Delhi,Android,Paid Social,New
U01094,2024-12-24,Kolkata,iOS,Organic,New
U01095,2024-03-29,Bengaluru,Android,Paid Social,Returning
U01096,2024-12-24,Hyderabad,iOS,Paid Search,New
U01097,2024-11-07,Bengaluru,Android,Organic,New
U01098,2023-08-04,Mumbai,Android,Referral,Returning
U01099,2023-08-17,Delhi,iOS,Referral,Returning
U01100,2024-11-09,Kolkata,Android,Organic,New
U01101,2024-12-10,Bengaluru,Android,Paid Social,New
U01102,2024-09-09,Bengaluru,Android,Organic,New
U01103,2023-01-18,Hyderabad,iOS,Referral,Returning
U01104,2024-07-07,Hyderabad,Android,Paid Search,Returning
U01105,2024-11-20,Hyderabad,Android,Organic,New
U01106,2023-06-10,Bengaluru,Android,Paid Social,Returning
U01107,2024-09-30,Bengaluru,Android,Paid Search,New
U01108,2024-09-04,Hyderabad,Android,Organic,New
U01109,2024-01-05,Mumbai,Android,Paid Social,Returning
U01110,2024-12-31,Mumbai,iOS,Paid Social,New
U01111,2024-11-05,Delhi,Android,Paid Search,New
U01112,2024-12-27,Delhi,Android,Paid Social,New
U01113,2023-01-20,Kolkata,iOS,Organic,Returning
U01114,2023-07-23,Hyderabad,iOS,Organic,Returning
U01115,2024-01-17,Bengaluru,Android,Paid Social,Returning
U01116,2024-12-05,Kolkata,Android,Organic,New
U01117,2024-11-14,Mumbai,Android,Paid Search,New
U01118,2023-03-12,Delhi,iOS,Referral,Returning
U01119,2024-09-09,Delhi,Android,Paid Social,New
U01120,2023-04-17,Hyderabad,Android,Paid Search,Returning
U01121,2024-09-01,Delhi,Android,Paid Search,Returning
U01122,2024-10-23,Mumbai,Android,Referral,New
U01123,2023-09-14,Hyderabad,Android,Referral,Returning
U01124,2024-12-15,Bengaluru,iOS,Organic,New
U01125,2024-10-13,Kolkata,Android,Paid Search,New
U01126,2024-10-11,Delhi,Android,Organic,New
U01127,2024-11-21,Delhi,iOS,Organic,New
U01128,2024-08-06,Hyderabad,Android,Organic,Returning
U01129,2024-03-06,Mumbai,Android,Paid Search,Returning
U01130,2024-01-05,Delhi,Android,Paid Social,Returning
U01131,2024-04-24,Mumbai,iOS,Referral,Returning
U01132,2024-12-28,Kolkata,Android,Organic,New
U01133,2024-12-11,Hyderabad,iOS,Organic,New
U01134,2023-03-09,Hyderabad,Android,Organic,Returning
U01135,2023-09-15,Bengaluru,Android,Organic,Returning
U01136,2024-10-18,Delhi,Android,Organic,New
U01137,2024-11-25,Mumbai,Android,Referral,New
U01138,2024-12-07,Bengaluru,Android,Organic,New
U01139,2024-09-22,Hyderabad,iOS,Paid Social,New
U01140,2023-04-12,Delhi,Android,Organic,Returning
U01141,2024-11-14,Delhi,Android,Paid Search,New
U01142,2023-09-08,Bengaluru,iOS,Referral,Returning
U01143,2024-01-14,Delhi,Android,Referral,Returning
U01144,2024-09-23,Delhi,Android,Organic,Returning
U01145,2024-12-27,Mumbai,Android,Referral,New
U01146,2024-09-05,Mumbai,Android,Organic,New
U01147,2023-05-27,Bengaluru,iOS,Paid Social,Returning
U01148,2023-03-15,Bengaluru,iOS,Organic,Returning
U01149,2024-12-24,Hyderabad,Android,Paid Search,New
U01150,2024-02-17,Bengaluru,iOS,Paid Social,Returning
U01151,2024-12-26,Mumbai,Android,Paid Social,New
U01152,2023-07-29,Mumbai,iOS,Paid Social,Returning
U01153,2024-09-28,Mumbai,iOS,Organic,New
U01154,2024-10-04,Kolkata,Android,Referral,New
U01155,2024-11-21,Mumbai,Android,Organic,New
U01156,2024-12-28,Kolkata,iOS,Organic,New
U01157,2024-12-14,Kolkata,Android,Organic,New
U01158,2024-10-28,Bengaluru,Android,Organic,New
U01159,2024-11-07,Bengaluru,Android,Organic,New
U01160,2023-11-30,Delhi,Android,Paid Social,Returning
U01161,2024-11-05,Delhi,Android,Organic,New
U01162,2023-03-06,Mumbai,Android,Paid Search,Returning
U01163,2024-04-18,Bengaluru,iOS,Organic,Returning
U01164,2024-09-23,Bengaluru,Android,Paid Social,New
U01165,2024-09-25,Delhi,Android,Organic,New
U01166,2024-06-03,Mumbai,Android,Organic,Returning
U01167,2024-02-11,Hyderabad,Android,Paid Search,Returning
U01168,2024-09-13,Kolkata,Android,Referral,New
U01169,2024-02-22,Bengaluru,Android,Referral,Returning
U01170,2024-09-29,Delhi,Android,Organic,New
U01171,2024-12-19,Kolkata,Android,Referral,New
U01172,2023-12-04,Hyderabad,Android,Paid Search,Returning
U01173,2024-09-24,Mumbai,Android,Referral,New
U01174,2023-06-23,Mumbai,iOS,Organic,Returning
U01175,2024-10-07,Bengaluru,Android,Organic,New
U01176,2024-05-03,Kolkata,iOS,Organic,Returning
U01177,2024-10-06,Mumbai,Android,Paid Social,New
U01178,2024-10-13,Mumbai,Android,Organic,New
U01179,2024-12-21,Mumbai,Android,Organic,New
U01180,2024-12-17,Delhi,Android,Paid Search,New
U01181,2023-12-26,Bengaluru,Android,Referral,Returning
U01182,2024-09-12,Hyderabad,iOS,Paid Search,New
U01183,2024-09-11,Mumbai,iOS,Paid Social,New
U01184,2024-10-02,Bengaluru,Android,Organic,New
U01185,2024-12-04,Delhi,iOS,Referral,New
U01186,2023-07-27,Kolkata,Android,Organic,Returning
U01187,2024-10-07,Delhi,Android,Organic,New
U01188,2023-06-18,Delhi,iOS,Paid Search,Returning
U01189,2024-10-08,Mumbai,Android,Organic,New
U01190,2024-02-22,Hyderabad,Android,Paid Social,Returning
U01191,2024-11-05,Mumbai,Android,Paid Social,New
U01192,2024-12-04,Hyderabad,Android,Organic,New
U01193,2023-03-30,Bengaluru,Android,Organic,Returning
U01194,2024-01-11,Kolkata,Android,Organic,Returning
U01195,2023-04-27,Kolkata,Android,Organic,Returning
U01196,2024-12-15,Mumbai,iOS,Referral,New
U01197,2024-12-02,Mumbai,iOS,Paid Search,New
U01198,2023-12-04,Bengaluru,Android,Organic,Returning
U01199,2024-12-04,Delhi,Android,Organic,New
U01200,2024-01-16,Bengaluru,Android,Paid Social,Returning
U01201,2024-05-01,Bengaluru,Android,Paid Social,Returning
U01202,2024-12-14,Kolkata,Android,Referral,New
U01203,2023-08-06,Bengaluru,Android,Organic,Returning
U01204,2023-06-17,Mumbai,iOS,Paid Search,Returning
U01205,2024-09-27,Delhi,Android,Organic,New
U01206,2024-10-29,Delhi,Android,Paid Social,New
U01207,2023-11-17,Delhi,Android,Organic,Returning
U01208,2024-10-09,Delhi,iOS,Paid Social,New
U01209,2024-12-22,Mumbai,Android,Organic,New
U01210,2024-09-30,Kolkata,iOS,Paid Social,New
U01211,2023-04-26,Delhi,iOS,Organic,Returning
U01212,2023-09-08,Kolkata,Android,Paid Social,Returning
U01213,2024-07-24,Mumbai,Android,Organic,Returning
U01214,2024-12-08,Mumbai,Android,Paid Social,New
U01215,2024-10-19,Bengaluru,Android,Organic,New
U01216,2024-10-25,Bengaluru,Android,Paid Social,New
U01217,2024-11-09,Hyderabad,Android,Paid Social,New
U01218,2023-11-25,Mumbai,iOS,Organic,Returning
U01219,2023-07-16,Delhi,Android,Organic,Returning
U01220,2024-12-02,Hyderabad,Android,Organic,New
U01221,2024-09-07,Delhi,Android,Organic,New
U01222,2024-12-15,Hyderabad,Android,Paid Search,New
U01223,2024-04-21,Delhi,Android,Organic,Returning
U01224,2023-09-07,Kolkata,Android,Organic,Returning
U01225,2024-11-11,Delhi,Android,Organic,New
U01226,2024-02-09,Bengaluru,Android,Organic,Returning
U01227,2024-11-14,Hyderabad,Android,Organic,New
U01228,2024-11-29,Bengaluru,iOS,Paid Social,New
U01229,2023-02-01,Kolkata,Android,Organic,Returning
U01230,2024-12-05,Mumbai,iOS,Referral,New
U01231,2024-12-24,Bengaluru,Android,Paid Social,New
U01232,2023-03-31,Bengaluru,iOS,Organic,Returning
U01233,2024-09-20,Kolkata,Android,Referral,New
U01234,2024-06-08,Mumbai,Android,Paid Search,Returning
U01235,2024-09-21,Kolkata,Android,Paid Search,New
U01236,2024-09-09,Bengaluru,iOS,Organic,New
U01237,2024-09-13,Kolkata,Android,Paid Social,New
U01238,2024-09-24,Mumbai,Android,Organic,New
U01239,2024-12-27,Mumbai,iOS,Paid Search,New
U01240,2024-10-03,Delhi,Android,Organic,New
U01241,2024-06-17,Bengaluru,Android,Paid Search,Returning
U01242,2024-12-11,Kolkata,iOS,Paid Search,New
U01243,2024-12-25,Kolkata,Android,Organic,New
U01244,2024-11-21,Delhi,iOS,Organic,New
U01245,2024-09-25,Kolkata,iOS,Paid Social,New
U01246,2024-09-25,Bengaluru,iOS,Organic,New
U01247,2023-09-25,Bengaluru,iOS,Organic,Returning
U01248,2024-09-05,Bengaluru,Android,Organic,New
U01249,2023-12-08,Delhi,Android,Referral,Returning
U01250,2023-10-25,Bengaluru,Android,Paid Social,Returning
U01251,2024-09-19,Delhi,iOS,Paid Search,New
U01252,2024-09-10,Bengaluru,Android,Paid Social,New
U01253,2024-11-27,Hyderabad,iOS,Paid Social,New
U01254,2024-01-02,Hyderabad,Android,Paid Social,Returning
U01255,2024-11-29,Hyderabad,Android,Paid Search,New
U01256,2023-02-23,Bengaluru,Android,Referral,Returning
U01257,2023-05-19,Hyderabad,Android,Paid Search,Returning
U01258,2024-04-25,Bengaluru,Android,Organic,Returning
U01259,2024-10-01,Hyderabad,Android,Organic,New
U01260,2023-08-24,Mumbai,Android,Organic,Returning
U01261,2025-01-01,Delhi,Android,Paid Search,New
U01262,2024-12-14,Bengaluru,iOS,Referral,New
U01263,2024-10-13,Hyderabad,Android,Paid Social,New
U01264,2023-09-09,Kolkata,Android,Paid Social,Returning
U01265,2023-04-02,Mumbai,Android,Paid Social,Returning
U01266,2024-04-01,Kolkata,Android,Referral,Returning
U01267,2024-09-25,Kolkata,Android,Paid Social,New
U01268,2023-07-25,Bengaluru,Android,Organic,Returning
U01269,2024-10-29,Hyderabad,Android,Paid Search,New
U01270,2024-11-25,Delhi,Android,Organic,New
U01271,2023-11-09,Mumbai,Android,Organic,Returning
U01272,2024-10-14,Bengaluru,iOS,Organic,New
U01273,2024-12-24,Kolkata,Android,Organic,New
U01274,2023-02-24,Hyderabad,Android,Organic,Returning
U01275,2024-12-13,Delhi,Android,Organic,New
U01276,2024-10-26,Delhi,iOS,Referral,New
U01277,2024-12-03,Delhi,Android,Organic,New
U01278,2024-10-04,Hyderabad,iOS,Paid Social,New
U01279,2024-04-06,Kolkata,iOS,Organic,Returning
U01280,2024-09-02,Delhi,iOS,Referral,Returning
U01281,2024-09-18,Delhi,iOS,Paid Social,New
U01282,2024-11-09,Mumbai,Android,Referral,New
U01283,2024-12-04,Delhi,iOS,Paid Search,New
U01284,2024-06-06,Mumbai,iOS,Paid Search,Returning
U01285,2024-01-16,Bengaluru,Android,Organic,Returning
U01286,2023-05-10,Bengaluru,Android,Paid Search,Returning
U01287,2024-11-29,Delhi,iOS,Paid Social,New
U01288,2024-10-24,Kolkata,Android,Organic,New
U01289,2024-12-04,Delhi,iOS,Organic,New
U01290,2024-07-01,Bengaluru,Android,Referral,Returning
U01291,2024-12-26,Hyderabad,iOS,Organic,New
U01292,2024-04-05,Kolkata,Android,Paid Social,Returning
U01293,2024-10-23,Delhi,iOS,Organic,New
U01294,2024-09-21,Bengaluru,Android,Organic,New
U01295,2024-11-20,Hyderabad,iOS,Organic,New
U01296,2024-12-01,Delhi,Android,Paid Search,New
U01297,2024-09-12,Mumbai,Android,Paid Social,New
U01298,2024-11-01,Delhi,Android,Referral,New
U01299,2023-12-15,Bengaluru,Android,Organic,Returning
U01300,2024-09-19,Delhi,iOS,Organic,New
U01301,2024-12-29,Hyderabad,Android,Paid Social,New
U01302,2023-03-14,Delhi,Android,Organic,Returning
U01303,2023-02-17,Bengaluru,iOS,Organic,Returning
U01304,2024-10-24,Delhi,Android,Paid Search,New
U01305,2023-07-29,Hyderabad,Android,Paid Social,Returning
U01306,2024-06-27,Bengaluru,Android,Organic,Returning
U01307,2024-01-25,Hyderabad,Android,Organic,Returning
U01308,2024-10-01,Mumbai,iOS,Referral,Returning
U01309,2024-12-11,Delhi,Android,Referral,New
U01310,2023-06-03,Kolkata,Android,Paid Search,Returning
U01311,2024-10-12,Kolkata,Android,Paid Social,New
U01312,2024-09-23,Delhi,iOS,Referral,Returning
U01313,2023-10-13,Bengaluru,Android,Paid Search,Returning
U01314,2024-12-22,Delhi,iOS,Paid Social,New
U01315,2024-12-22,Bengaluru,Android,Paid Search,New
U01316,2023-10-31,Mumbai,Android,Organic,Returning
U01317,2024-04-26,Kolkata,iOS,Paid Social,Returning
U01318,2024-09-07,Kolkata,Android,Paid Social,New
U01319,2023-10-17,Delhi,Android,Organic,Returning
U01320,2023-05-29,Delhi,Android,Paid Search,Returning
U01321,2024-11-26,Bengaluru,iOS,Paid Social,New
U01322,2024-09-16,Mumbai,Android,Organic,New
U01323,2024-11-09,Bengaluru,Android,Paid Social,New
U01324,2023-06-15,Kolkata,Android,Organic,Returning
U01325,2024-11-23,Kolkata,iOS,Paid Search,New
U01326,2023-09-30,Bengaluru,Android,Referral,Returning
U01327,2024-10-28,Hyderabad,Android,Referral,New
U01328,2024-06-15,Mumbai,Android,Referral,Returning
U01329,2024-10-30,Hyderabad,Android,Paid Social,New
U01330,2024-10-18,Delhi,Android,Paid Search,New
U01331,2024-01-16,Bengaluru,iOS,Paid Social,Returning
U01332,2024-11-03,Mumbai,Android,Organic,New
U01333,2024-09-24,Bengaluru,Android,Paid Search,New
U01334,2023-12-18,Mumbai,Android,Paid Search,Returning
U01335,2023-08-24,Bengaluru,Android,Paid Search,Returning
U01336,2023-10-12,Hyderabad,Android,Organic,Returning
U01337,2024-11-17,Hyderabad,Android,Organic,New
U01338,2024-05-08,Bengaluru,Android,Organic,Returning
U01339,2024-10-01,Delhi,iOS,Organic,Returning
U01340,2024-11-15,Hyderabad,Android,Paid Search,New
U01341,2024-11-18,Bengaluru,Android,Organic,New
U01342,2024-07-16,Mumbai,iOS,Referral,Returning
U01343,2024-12-27,Mumbai,Android,Organic,New
U01344,2024-01-15,Delhi,Android,Paid Social,Returning
U01345,2024-05-23,Hyderabad,Android,Organic,Returning
U01346,2023-12-10,Mumbai,iOS,Referral,Returning
U01347,2024-10-29,Mumbai,Android,Paid Social,New
U01348,2024-11-27,Bengaluru,Android,Referral,New
U01349,2024-09-11,Bengaluru,Android,Referral,New
U01350,2024-12-06,Bengaluru,Android,Paid Social,New
U01351,2023-05-06,Kolkata,Android,Organic,Returning
U01352,2023-03-02,Kolkata,Android,Paid Search,Returning
U01353,2024-11-14,Hyderabad,iOS,Organic,New
U01354,2024-09-05,Bengaluru,iOS,Referral,New
U01355,2023-04-21,Mumbai,Android,Referral,Returning
U01356,2024-12-29,Hyderabad,Android,Organic,New
U01357,2024-10-25,Mumbai,Android,Paid Social,New
U01358,2024-12-09,Bengaluru,Android,Organic,New
U01359,2023-01-30,Kolkata,Android,Paid Social,Returning
U01360,2024-09-08,Bengaluru,Android,Paid Search,New
U01361,2023-01-24,Bengaluru,iOS,Paid Search,Returning
U01362,2024-11-21,Kolkata,Android,Referral,New
U01363,2024-07-05,Mumbai,Android,Organic,Returning
U01364,2024-11-16,Delhi,iOS,Paid Social,New
U01365,2024-10-06,Mumbai,Android,Paid Social,New
U01366,2024-10-14,Kolkata,iOS,Organic,New
U01367,2024-11-28,Bengaluru,iOS,Organic,New
U01368,2024-11-20,Hyderabad,Android,Organic,New
U01369,2024-09-12,Delhi,Android,Paid Search,New
U01370,2024-11-03,Bengaluru,Android,Referral,New
U01371,2024-11-12,Delhi,iOS,Organic,New
U01372,2024-08-14,Mumbai,Android,Organic,Returning
U01373,2024-10-25,Bengaluru,iOS,Paid Search,New
U01374,2024-02-04,Delhi,Android,Organic,Returning
U01375,2024-09-06,Mumbai,iOS,Organic,Returning
U01376,2024-10-13,Mumbai,Android,Paid Search,New
U01377,2024-06-19,Hyderabad,iOS,Organic,Returning
U01378,2024-09-15,Hyderabad,Android,Paid Social,Returning
U01379,2024-07-06,Delhi,Android,Organic,Returning
U01380,2024-12-01,Delhi,iOS,Paid Search,New
U01381,2024-09-05,Mumbai,Android,Organic,New
U01382,2024-09-17,Mumbai,Android,Organic,New
U01383,2024-11-17,Bengaluru,iOS,Paid Search,New
U01384,2024-03-12,Delhi,iOS,Paid Social,Returning
U01385,2023-08-01,Bengaluru,Android,Referral,Returning
U01386,2024-09-27,Delhi,Android,Organic,New
U01387,2024-01-25,Kolkata,Android,Paid Search,Returning
U01388,2024-12-18,Mumbai,Android,Paid Search,New
U01389,2024-01-06,Delhi,Android,Organic,Returning
U01390,2024-09-25,Mumbai,Android,Paid Social,New
U01391,2023-04-08,Mumbai,Android,Organic,Returning
U01392,2023-07-28,Delhi,Android,Referral,Returning
U01393,2024-09-25,Delhi,iOS,Paid Search,New
U01394,2024-10-22,Hyderabad,Android,Organic,New
U01395,2023-07-10,Bengaluru,Android,Paid Social,Returning
U01396,2024-10-12,Mumbai,iOS,Organic,New
U01397,2024-10-11,Mumbai,iOS,Paid Social,New
U01398,2024-07-29,Hyderabad,Android,Paid Social,Returning
U01399,2023-07-17,Kolkata,iOS,Paid Search,Returning
U01400,2024-11-05,Hyderabad,Android,Organic,New
U01401,2024-12-08,Mumbai,Android,Paid Search,New
U01402,2024-10-04,Bengaluru,Android,Paid Search,New
U01403,2024-09-01,Mumbai,Android,Paid Social,Returning
U01404,2024-09-16,Hyderabad,Android,Paid Search,New
U01405,2024-11-15,Kolkata,Android,Organic,New
U01406,2024-12-10,Hyderabad,iOS,Paid Social,New
U01407,2024-02-02,Bengaluru,Android,Paid Social,Returning
U01408,2024-12-16,Hyderabad,Android,Paid Social,New
U01409,2023-10-29,Kolkata,Android,Organic,Returning
U01410,2024-05-08,Hyderabad,Android,Paid Search,Returning
U01411,2023-12-01,Hyderabad,iOS,Paid Search,Returning
U01412,2023-05-25,Mumbai,Android,Paid Social,Returning
U01413,2023-10-16,Mumbai,iOS,Paid Social,Returning
U01414,2023-05-09,Delhi,iOS,Referral,Returning
U01415,2024-09-24,Bengaluru,Android,Organic,New
U01416,2024-01-13,Hyderabad,Android,Paid Social,Returning
U01417,2024-12-28,Kolkata,Android,Referral,New
U01418,2024-12-09,Hyderabad,iOS,Organic,New
U01419,2023-08-29,Delhi,Android,Organic,Returning
U01420,2023-08-27,Bengaluru,Android,Organic,Returning
U01421,2024-04-09,Delhi,Android,Paid Search,Returning
U01422,2024-09-08,Hyderabad,Android,Organic,New
U01423,2024-11-21,Mumbai,Android,Organic,New
U01424,2024-09-24,Kolkata,Android,Paid Search,New
U01425,2024-12-18,Delhi,Android,Paid Social,New
U01426,2024-10-28,Mumbai,Android,Referral,New
U01427,2024-12-17,Hyderabad,iOS,Paid Social,New
U01428,2024-12-23,Bengaluru,iOS,Referral,New
U01429,2024-07-24,Kolkata,Android,Paid Search,Returning
U01430,2024-10-13,Mumbai,iOS,Paid Social,New
U01431,2023-07-28,Bengaluru,iOS,Organic,Returning
U01432,2024-03-30,Bengaluru,Android,Referral,Returning
U01433,2024-11-30,Kolkata,iOS,Referral,New
U01434,2024-09-30,Mumbai,iOS,Paid Social,New
U01435,2024-12-10,Hyderabad,Android,Paid Search,New
U01436,2023-08-21,Hyderabad,Android,Organic,Returning
U01437,2024-09-10,Delhi,Android,Organic,New
U01438,2024-10-13,Hyderabad,Android,Organic,New
U01439,2023-02-05,Kolkata,iOS,Organic,Returning
U01440,2024-01-13,Bengaluru,Android,Organic,Returning
U01441,2024-12-29,Hyderabad,Android,Organic,New
U01442,2024-09-24,Delhi,iOS,Referral,New
U01443,2024-10-26,Delhi,Android,Paid Search,New
U01444,2024-09-30,Delhi,Android,Paid Social,New
U01445,2024-09-22,Kolkata,iOS,Paid Search,New
U01446,2023-12-08,Bengaluru,Android,Organic,Returning
U01447,2023-01-26,Delhi,Android,Organic,Returning
U01448,2024-09-08,Hyderabad,Android,Referral,New
U01449,2024-08-24,Bengaluru,iOS,Organic,Returning
U01450,2024-12-13,Hyderabad,Android,Paid Social,New
U01451,2024-06-09,Kolkata,Android,Organic,Returning
U01452,2023-10-06,Bengaluru,Android,Organic,Returning
U01453,2024-02-20,Bengaluru,iOS,Organic,Returning
U01454,2024-09-22,Kolkata,Android,Paid Search,Returning
U01455,2024-12-22,Bengaluru,Android,Organic,New
U01456,2024-10-21,Bengaluru,iOS,Referral,New
U01457,2024-11-08,Kolkata,iOS,Organic,New
U01458,2024-12-19,Kolkata,Android,Organic,New
U01459,2023-04-12,Mumbai,Android,Organic,Returning
U01460,2024-12-13,Mumbai,Android,Referral,New
U01461,2023-07-16,Kolkata,Android,Paid Search,Returning
U01462,2024-12-17,Mumbai,Android,Paid Search,New
U01463,2024-10-23,Mumbai,iOS,Paid Search,New
U01464,2024-12-12,Hyderabad,Android,Referral,New
U01465,2024-10-01,Mumbai,iOS,Organic,Returning
U01466,2024-08-14,Mumbai,Android,Paid Social,Returning
U01467,2024-12-31,Delhi,iOS,Paid Social,New
U01468,2024-12-26,Mumbai,Android,Organic,New
U01469,2024-05-23,Mumbai,Android,Organic,Returning
U01470,2024-10-31,Delhi,Android,Paid Search,New
U01471,2023-12-22,Delhi,Android,Organic,Returning
U01472,2024-10-21,Hyderabad,Android,Organic,New
U01473,2024-09-28,Delhi,Android,Organic,New
U01474,2024-10-06,Bengaluru,iOS,Organic,New
U01475,2024-10-04,Delhi,Android,Paid Social,New
U01476,2024-09-10,Bengaluru,Android,Paid Search,New
U01477,2024-12-08,Hyderabad,Android,Paid Search,New
U01478,2023-04-06,Delhi,iOS,Paid Search,Returning
U01479,2024-12-18,Delhi,Android,Organic,New
U01480,2024-12-28,Hyderabad,Android,Paid Search,New
U01481,2024-11-27,Bengaluru,Android,Referral,New
U01482,2024-12-16,Bengaluru,Android,Organic,New
U01483,2024-05-02,Hyderabad,Android,Paid Search,Returning
U01484,2024-11-22,Mumbai,Android,Paid Social,New
U01485,2023-01-31,Hyderabad,Android,Paid Search,Returning
U01486,2024-10-30,Hyderabad,iOS,Organic,New
U01487,2023-12-12,Kolkata,Android,Organic,Returning
U01488,2025-01-01,Bengaluru,Android,Paid Search,New
U01489,2024-01-24,Hyderabad,Android,Paid Social,Returning
U01490,2024-10-10,Hyderabad,iOS,Paid Social,New
U01491,2024-09-24,Bengaluru,Android,Paid Social,New
U01492,2024-09-07,Kolkata,Android,Organic,Returning
U01493,2024-08-09,Delhi,iOS,Paid Social,Returning
U01494,2023-02-07,Kolkata,Android,Paid Search,Returning
U01495,2024-10-02,Mumbai,Android,Referral,New
U01496,2024-01-04,Mumbai,Android,Paid Social,Returning
U01497,2023-05-20,Bengaluru,Android,Paid Search,Returning
U01498,2023-04-16,Kolkata,Android,Paid Social,Returning
U01499,2024-10-10,Mumbai,Android,Paid Search,New
U01500,2024-05-14,Bengaluru,Android,Organic,Returning
U01501,2023-12-29,Bengaluru,Android,Paid Search,Returning
U01502,2024-03-01,Hyderabad,iOS,Organic,Returning
U01503,2024-10-24,Bengaluru,Android,Organic,New
U01504,2024-10-19,Mumbai,iOS,Paid Social,New
U01505,2024-04-20,Hyderabad,Android,Organic,Returning
U01506,2024-12-03,Delhi,iOS,Paid Social,New
U01507,2023-06-24,Mumbai,iOS,Paid Search,Returning
U01508,2024-10-18,Bengaluru,Android,Paid Social,New
U01509,2024-09-21,Kolkata,Android,Paid Social,New
U01510,2023-05-05,Kolkata,Android,Paid Social,Returning
U01511,2024-09-06,Delhi,Android,Organic,New
U01512,2024-12-06,Mumbai,Android,Referral,New
U01513,2023-11-30,Mumbai,iOS,Organic,Returning
U01514,2023-04-18,Kolkata,Android,Paid Social,Returning
U01515,2024-09-19,Delhi,Android,Paid Search,Returning
U01516,2024-10-20,Mumbai,Android,Organic,New
U01517,2024-11-02,Kolkata,Android,Paid Search,New
U01518,2023-09-10,Bengaluru,Android,Paid Search,Returning
U01519,2024-11-23,Mumbai,Android,Organic,New
U01520,2024-09-17,Bengaluru,iOS,Organic,New
U01521,2024-10-20,Mumbai,Android,Organic,New
U01522,2024-11-01,Delhi,Android,Referral,New
U01523,2024-02-15,Kolkata,Android,Paid Search,Returning
U01524,2023-09-23,Delhi,Android,Organic,Returning
U01525,2024-02-28,Bengaluru,Android,Paid Social,Returning
U01526,2024-10-06,Hyderabad,Android,Paid Search,New
U01527,2024-09-28,Hyderabad,Android,Paid Social,New
U01528,2024-10-14,Hyderabad,iOS,Paid Search,New
U01529,2024-12-18,Hyderabad,Android,Organic,New
U01530,2024-12-09,Delhi,Android,Organic,New
U01531,2024-12-29,Mumbai,iOS,Paid Social,New
U01532,2024-11-29,Bengaluru,iOS,Paid Social,New
U01533,2024-12-13,Bengaluru,Android,Paid Social,New
U01534,2024-08-17,Kolkata,iOS,Organic,Returning
U01535,2024-09-14,Hyderabad,iOS,Paid Social,New
U01536,2024-12-25,Bengaluru,Android,Paid Search,New
U01537,2024-04-25,Bengaluru,Android,Paid Social,Returning
U01538,2023-08-11,Kolkata,Android,Organic,Returning
U01539,2023-03-17,Bengaluru,Android,Paid Social,Returning
U01540,2024-12-27,Bengaluru,iOS,Referral,New
U01541,2024-04-20,Bengaluru,Android,Organic,Returning
U01542,2024-09-13,Bengaluru,Android,Paid Social,New
U01543,2024-10-07,Delhi,Android,Paid Search,New
U01544,2024-10-11,Kolkata,Android,Organic,New
U01545,2024-12-14,Delhi,iOS,Organic,New
U01546,2024-09-23,Mumbai,Android,Paid Social,New
U01547,2024-10-24,Hyderabad,Android,Organic,New
U01548,2023-10-25,Mumbai,Android,Organic,Returning
U01549,2024-11-16,Hyderabad,iOS,Referral,New
U01550,2024-10-09,Mumbai,Android,Paid Search,New
U01551,2024-11-05,Mumbai,Android,Paid Social,New
U01552,2024-11-01,Mumbai,Android,Paid Search,New
U01553,2024-12-20,Hyderabad,Android,Paid Search,New
U01554,2024-11-05,Hyderabad,Android,Paid Social,New
U01555,2024-12-12,Hyderabad,Android,Organic,New
U01556,2024-01-15,Bengaluru,Android,Organic,Returning
U01557,2024-07-10,Mumbai,iOS,Paid Search,Returning
U01558,2024-09-19,Hyderabad,Android,Referral,New
U01559,2024-01-30,Delhi,Android,Organic,Returning
U01560,2023-06-06,Kolkata,iOS,Referral,Returning
U01561,2023-01-14,Delhi,Android,Paid Social,Returning
U01562,2023-12-28,Bengaluru,iOS,Paid Search,Returning
U01563,2023-06-09,Kolkata,Android,Organic,Returning
U01564,2024-05-14,Bengaluru,iOS,Organic,Returning
U01565,2023-08-23,Delhi,Android,Paid Search,Returning
U01566,2024-11-05,Delhi,iOS,Organic,New
U01567,2024-12-20,Kolkata,iOS,Organic,New
U01568,2024-11-16,Delhi,Android,Organic,New
U01569,2024-11-19,Hyderabad,Android,Referral,New
U01570,2024-11-27,Hyderabad,Android,Organic,New
U01571,2024-11-20,Mumbai,Android,Paid Search,New
U01572,2024-05-09,Kolkata,iOS,Organic,Returning
U01573,2024-11-08,Hyderabad,Android,Organic,New
U01574,2024-08-27,Delhi,iOS,Organic,Returning
U01575,2024-12-05,Kolkata,Android,Paid Social,New
U01576,2024-10-06,Mumbai,Android,Paid Search,New
U01577,2023-04-23,Bengaluru,iOS,Paid Search,Returning
U01578,2024-02-06,Delhi,Android,Paid Social,Returning
U01579,2024-09-30,Mumbai,Android,Organic,Returning
U01580,2024-09-08,Bengaluru,Android,Paid Social,Returning
U01581,2023-10-24,Mumbai,Android,Organic,Returning
U01582,2024-12-23,Delhi,Android,Referral,New
U01583,2024-10-01,Mumbai,Android,Referral,New
U01584,2024-12-26,Bengaluru,Android,Paid Social,New
U01585,2024-02-29,Hyderabad,iOS,Organic,Returning
U01586,2023-11-25,Delhi,Android,Paid Search,Returning
U01587,2024-10-30,Bengaluru,Android,Paid Social,New
U01588,2024-12-06,Delhi,Android,Paid Search,New
U01589,2024-09-17,Mumbai,Android,Organic,New
U01590,2024-12-20,Mumbai,iOS,Paid Search,New
U01591,2024-09-11,Mumbai,Android,Organic,New
U01592,2024-12-25,Bengaluru,Android,Paid Search,New
U01593,2023-10-31,Kolkata,Android,Organic,Returning
U01594,2024-10-30,Delhi,Android,Paid Search,New
U01595,2023-10-02,Bengaluru,Android,Organic,Returning
U01596,2024-03-17,Hyderabad,Android,Organic,Returning
U01597,2024-11-28,Mumbai,Android,Organic,New
U01598,2024-10-27,Mumbai,Android,Referral,New
U01599,2023-03-21,Delhi,Android,Paid Search,Returning
U01600,2024-12-15,Delhi,Android,Paid Search,New
U01601,2024-08-31,Mumbai,Android,Paid Social,Returning
U01602,2024-12-30,Bengaluru,Android,Paid Search,New
U01603,2023-11-05,Delhi,Android,Organic,Returning
U01604,2024-05-18,Kolkata,Android,Paid Search,Returning
U01605,2024-09-25,Mumbai,Android,Organic,New
U01606,2024-12-19,Delhi,Android,Paid Search,New
U01607,2023-12-12,Bengaluru,Android,Organic,Returning
U01608,2024-09-28,Hyderabad,Android,Referral,New
U01609,2024-11-11,Delhi,Android,Paid Search,New
U01610,2024-11-09,Bengaluru,Android,Organic,New
U01611,2024-10-15,Bengaluru,Android,Paid Search,New
U01612,2023-03-03,Hyderabad,Android,Organic,Returning
U01613,2023-05-31,Mumbai,Android,Paid Search,Returning
U01614,2024-09-19,Bengaluru,Android,Referral,New
U01615,2024-01-28,Bengaluru,Android,Paid Social,Returning
U01616,2024-12-07,Mumbai,iOS,Paid Social,New
U01617,2024-11-01,Mumbai,iOS,Paid Search,New
U01618,2024-03-30,Hyderabad,Android,Paid Search,Returning
U01619,2024-04-05,Bengaluru,Android,Organic,Returning
U01620,2024-10-04,Hyderabad,Android,Paid Search,New
U01621,2025-01-01,Kolkata,iOS,Paid Search,New
U01622,2024-10-06,Mumbai,Android,Organic,New
U01623,2024-02-12,Bengaluru,Android,Organic,Returning
U01624,2024-09-19,Mumbai,iOS,Organic,New
U01625,2024-12-19,Delhi,Android,Organic,New
U01626,2024-08-22,Bengaluru,Android,Organic,Returning
U01627,2024-11-01,Delhi,Android,Organic,New
U01628,2024-10-29,Kolkata,Android,Paid Search,New
U01629,2024-11-22,Delhi,iOS,Paid Search,New
U01630,2024-11-04,Kolkata,Android,Organic,New
U01631,2024-10-08,Mumbai,Android,Paid Search,New
U01632,2023-10-05,Mumbai,Android,Paid Social,Returning
U01633,2024-01-04,Bengaluru,Android,Organic,Returning
U01634,2024-04-07,Mumbai,iOS,Organic,Returning
U01635,2023-05-09,Bengaluru,iOS,Paid Search,Returning
U01636,2024-12-17,Delhi,iOS,Organic,New
U01637,2024-12-03,Delhi,iOS,Organic,New
U01638,2023-05-30,Delhi,Android,Paid Search,Returning
U01639,2024-12-27,Mumbai,Android,Organic,New
U01640,2023-01-15,Bengaluru,Android,Paid Social,Returning
U01641,2023-02-23,Delhi,Android,Paid Social,Returning
U01642,2024-12-05,Kolkata,Android,Organic,New
U01643,2024-12-26,Bengaluru,Android,Paid Search,New
U01644,2024-12-17,Delhi,Android,Referral,New
U01645,2024-10-06,Delhi,iOS,Paid Search,New
U01646,2024-10-22,Delhi,Android,Referral,New
U01647,2024-10-27,Hyderabad,Android,Paid Social,New
U01648,2023-02-09,Bengaluru,iOS,Organic,Returning
U01649,2024-05-09,Delhi,Android,Organic,Returning
U01650,2023-02-18,Mumbai,Android,Organic,Returning
U01651,2024-11-25,Delhi,Android,Paid Social,New
U01652,2024-09-09,Kolkata,iOS,Organic,New
U01653,2024-11-09,Kolkata,iOS,Paid Social,New
U01654,2024-12-29,Bengaluru,Android,Paid Search,New
U01655,2023-02-28,Delhi,Android,Paid Social,Returning
U01656,2024-12-10,Bengaluru,Android,Paid Social,New
U01657,2025-01-01,Bengaluru,Android,Organic,New
U01658,2023-12-01,Mumbai,iOS,Organic,Returning
U01659,2024-10-17,Mumbai,Android,Paid Search,New
U01660,2024-12-06,Delhi,iOS,Paid Social,New
U01661,2024-10-05,Delhi,iOS,Paid Social,New
U01662,2023-01-12,Delhi,Android,Paid Search,Returning
U01663,2024-04-15,Kolkata,iOS,Paid Social,Returning
U01664,2024-10-27,Kolkata,Android,Paid Search,New
U01665,2024-08-03,Bengaluru,Android,Organic,Returning
U01666,2024-08-29,Mumbai,iOS,Referral,Returning
U01667,2023-03-07,Delhi,Android,Paid Search,Returning
U01668,2024-11-11,Hyderabad,iOS,Paid Social,New
U01669,2024-10-05,Mumbai,Android,Organic,New
U01670,2023-03-19,Kolkata,Android,Paid Search,Returning
U01671,2024-11-03,Bengaluru,iOS,Organic,New
U01672,2024-03-25,Delhi,Android,Organic,Returning
U01673,2024-09-07,Kolkata,Android,Organic,Returning
U01674,2024-10-19,Bengaluru,Android,Paid Social,New
U01675,2024-03-13,Bengaluru,Android,Organic,Returning
U01676,2024-07-20,Hyderabad,Android,Organic,Returning
U01677,2023-12-05,Hyderabad,iOS,Organic,Returning
U01678,2024-09-26,Mumbai,Android,Paid Search,New
U01679,2023-04-09,Hyderabad,iOS,Paid Search,Returning
U01680,2024-12-31,Hyderabad,iOS,Paid Social,New
U01681,2023-01-15,Bengaluru,Android,Paid Social,Returning
U01682,2023-01-16,Mumbai,Android,Organic,Returning
U01683,2023-04-17,Hyderabad,Android,Paid Search,Returning
U01684,2024-12-17,Kolkata,iOS,Organic,New
U01685,2024-12-29,Bengaluru,Android,Paid Search,New
U01686,2024-12-06,Bengaluru,Android,Referral,New
U01687,2024-11-30,Hyderabad,iOS,Paid Search,New
U01688,2024-09-10,Bengaluru,Android,Referral,New
U01689,2023-03-18,Bengaluru,Android,Organic,Returning
U01690,2025-01-01,Hyderabad,iOS,Paid Social,New
U01691,2024-08-05,Mumbai,Android,Paid Social,Returning
U01692,2023-02-13,Delhi,Android,Paid Social,Returning
U01693,2024-11-08,Bengaluru,Android,Paid Social,New
U01694,2024-01-09,Bengaluru,iOS,Organic,Returning
U01695,2024-03-24,Hyderabad,iOS,Paid Social,Returning
U01696,2024-10-25,Mumbai,iOS,Paid Search,New
U01697,2024-10-31,Bengaluru,iOS,Paid Search,New
U01698,2023-04-02,Delhi,Android,Organic,Returning
U01699,2023-01-08,Bengaluru,Android,Organic,Returning
U01700,2023-12-20,Bengaluru,Android,Referral,Returning
U01701,2023-07-13,Delhi,iOS,Organic,Returning
U01702,2024-09-18,Mumbai,iOS,Organic,Returning
U01703,2024-11-21,Bengaluru,Android,Organic,New
U01704,2023-01-20,Delhi,iOS,Paid Search,Returning
U01705,2024-10-18,Delhi,Android,Paid Social,New
U01706,2024-09-27,Delhi,Android,Referral,Returning
U01707,2024-10-01,Bengaluru,Android,Paid Search,New
U01708,2024-09-22,Bengaluru,iOS,Organic,New
U01709,2024-04-30,Bengaluru,Android,Organic,Returning
U01710,2024-12-11,Delhi,Android,Organic,New
U01711,2024-03-02,Hyderabad,iOS,Paid Search,Returning
U01712,2024-09-17,Bengaluru,Android,Referral,New
U01713,2024-06-20,Hyderabad,Android,Organic,Returning
U01714,2024-01-16,Hyderabad,Android,Organic,Returning
U01715,2024-11-27,Bengaluru,Android,Paid Social,New
U01716,2024-02-18,Bengaluru,Android,Paid Search,Returning
U01717,2024-10-27,Bengaluru,Android,Paid Search,New
U01718,2023-07-20,Bengaluru,iOS,Paid Search,Returning
U01719,2023-05-12,Mumbai,Android,Organic,Returning
U01720,2023-10-03,Bengaluru,Android,Paid Search,Returning
U01721,2024-12-07,Hyderabad,iOS,Organic,New
U01722,2024-09-05,Mumbai,Android,Paid Social,New
U01723,2024-04-07,Hyderabad,iOS,Organic,Returning
U01724,2023-11-01,Hyderabad,iOS,Paid Search,Returning
U01725,2024-11-27,Mumbai,iOS,Referral,New
U01726,2024-10-27,Kolkata,Android,Paid Search,New
U01727,2024-11-26,Kolkata,Android,Organic,New
U01728,2023-02-22,Delhi,Android,Referral,Returning
U01729,2024-09-07,Bengaluru,iOS,Organic,New
U01730,2024-11-19,Delhi,iOS,Paid Social,New
U01731,2023-02-17,Bengaluru,Android,Organic,Returning
U01732,2024-12-12,Mumbai,Android,Referral,New
U01733,2024-08-06,Delhi,Android,Organic,Returning
U01734,2024-09-24,Mumbai,Android,Organic,New
U01735,2023-12-02,Hyderabad,iOS,Referral,Returning
U01736,2024-02-06,Delhi,iOS,Paid Search,Returning
U01737,2024-01-13,Mumbai,Android,Organic,Returning
U01738,2024-09-27,Delhi,iOS,Organic,New
U01739,2024-10-01,Hyderabad,Android,Organic,New
U01740,2024-09-03,Mumbai,Android,Organic,Returning
U01741,2024-09-05,Bengaluru,Android,Paid Search,New
U01742,2024-11-28,Mumbai,Android,Paid Search,New
U01743,2024-12-05,Bengaluru,iOS,Referral,New
U01744,2024-02-01,Hyderabad,Android,Paid Social,Returning
U01745,2023-07-31,Mumbai,Android,Referral,Returning
U01746,2023-04-02,Delhi,Android,Paid Search,Returning
U01747,2024-08-03,Hyderabad,Android,Paid Search,Returning
U01748,2024-12-03,Hyderabad,Android,Paid Search,New
U01749,2024-12-18,Hyderabad,Android,Organic,New
U01750,2024-12-20,Mumbai,Android,Organic,New
U01751,2024-09-28,Hyderabad,Android,Paid Social,Returning
U01752,2025-01-01,Delhi,iOS,Paid Social,New
U01753,2023-06-03,Hyderabad,Android,Organic,Returning
U01754,2023-09-19,Hyderabad,Android,Paid Search,Returning
U01755,2024-10-26,Bengaluru,Android,Organic,New
U01756,2023-12-20,Bengaluru,Android,Paid Search,Returning
U01757,2024-12-12,Delhi,Android,Organic,New
U01758,2023-04-16,Bengaluru,Android,Referral,Returning
U01759,2024-07-19,Delhi,Android,Paid Search,Returning
U01760,2023-08-18,Bengaluru,Android,Organic,Returning
U01761,2024-10-26,Mumbai,Android,Paid Social,New
U01762,2024-11-29,Bengaluru,iOS,Referral,New
U01763,2024-10-14,Delhi,Android,Paid Social,New
U01764,2024-11-20,Mumbai,Android,Paid Search,New
U01765,2024-11-24,Delhi,Android,Organic,New
U01766,2024-11-07,Delhi,Android,Paid Social,New
U01767,2023-02-18,Hyderabad,Android,Paid Social,Returning
U01768,2024-12-20,Kolkata,iOS,Referral,New
U01769,2024-12-29,Mumbai,Android,Paid Search,New
U01770,2024-04-07,Bengaluru,Android,Paid Social,Returning
U01771,2023-12-26,Bengaluru,iOS,Organic,Returning
U01772,2023-08-04,Kolkata,Android,Organic,Returning
U01773,2024-05-11,Mumbai,Android,Organic,Returning
U01774,2024-01-12,Hyderabad,Android,Organic,Returning
U01775,2024-08-05,Mumbai,Android,Paid Search,Returning
U01776,2024-10-08,Bengaluru,iOS,Organic,New
U01777,2023-12-30,Delhi,Android,Paid Social,Returning
U01778,2024-11-25,Hyderabad,iOS,Paid Search,New
U01779,2024-09-09,Kolkata,Android,Organic,New
U01780,2024-12-23,Bengaluru,Android,Paid Social,New
U01781,2024-11-25,Mumbai,Android,Organic,New
U01782,2023-08-25,Bengaluru,Android,Organic,Returning
U01783,2024-11-21,Kolkata,Android,Referral,New
U01784,2024-10-27,Bengaluru,Android,Organic,New
U01785,2024-12-26,Hyderabad,Android,Organic,New
U01786,2024-09-07,Bengaluru,Android,Paid Search,Returning
U01787,2024-12-13,Mumbai,iOS,Organic,New
U01788,2024-05-25,Mumbai,Android,Organic,Returning
U01789,2023-10-26,Delhi,Android,Paid Social,Returning
U01790,2024-09-17,Hyderabad,iOS,Paid Search,New
U01791,2024-04-25,Kolkata,Android,Paid Search,Returning
U01792,2024-10-28,Hyderabad,iOS,Referral,New
U01793,2024-12-03,Delhi,iOS,Organic,New
U01794,2023-12-10,Hyderabad,Android,Paid Search,Returning
U01795,2024-02-05,Mumbai,Android,Organic,Returning
U01796,2024-12-29,Mumbai,Android,Organic,New
U01797,2023-08-05,Delhi,Android,Referral,Returning
U01798,2024-09-16,Mumbai,Android,Paid Social,New
U01799,2024-09-21,Bengaluru,Android,Organic,New
U01800,2023-08-02,Delhi,iOS,Organic,Returning
U01801,2024-06-01,Bengaluru,Android,Organic,Returning
U01802,2023-03-16,Delhi,Android,Paid Social,Returning
U01803,2024-10-02,Bengaluru,Android,Organic,New
U01804,2023-10-02,Bengaluru,iOS,Referral,Returning
U01805,2023-05-09,Hyderabad,iOS,Organic,Returning
U01806,2023-10-23,Mumbai,iOS,Organic,Returning
U01807,2024-12-03,Bengaluru,iOS,Referral,New
U01808,2024-11-21,Hyderabad,Android,Referral,New
U01809,2024-09-12,Kolkata,Android,Organic,New
U01810,2024-12-06,Kolkata,Android,Paid Search,New
U01811,2024-12-09,Hyderabad,Android,Referral,New
U01812,2024-09-08,Kolkata,Android,Paid Social,New
U01813,2024-08-27,Mumbai,Android,Paid Search,Returning
U01814,2024-09-26,Kolkata,iOS,Paid Social,New
U01815,2023-04-20,Kolkata,Android,Referral,Returning
U01816,2024-10-14,Delhi,iOS,Paid Search,New
U01817,2024-02-12,Kolkata,Android,Organic,Returning
U01818,2024-11-13,Hyderabad,Android,Paid Search,New
U01819,2024-12-08,Hyderabad,Android,Paid Social,New
U01820,2024-09-13,Kolkata,iOS,Paid Search,Returning
U01821,2024-08-07,Delhi,iOS,Organic,Returning
U01822,2024-09-09,Delhi,Android,Paid Social,New
U01823,2024-10-14,Mumbai,Android,Paid Search,New
U01824,2024-09-04,Hyderabad,Android,Referral,Returning
U01825,2023-10-16,Kolkata,Android,Organic,Returning
U01826,2024-10-03,Kolkata,Android,Paid Social,New
U01827,2024-11-03,Hyderabad,Android,Paid Search,New
U01828,2024-10-21,Kolkata,iOS,Organic,New
U01829,2023-03-01,Bengaluru,Android,Paid Search,Returning
U01830,2024-09-07,Kolkata,Android,Organic,New
U01831,2024-10-15,Bengaluru,iOS,Paid Social,New
U01832,2024-07-01,Mumbai,Android,Paid Social,Returning
U01833,2024-09-10,Bengaluru,iOS,Organic,New
U01834,2024-11-29,Mumbai,Android,Paid Search,New
U01835,2024-10-03,Delhi,Android,Referral,New
U01836,2024-09-30,Bengaluru,iOS,Organic,New
U01837,2024-11-18,Mumbai,Android,Referral,New
U01838,2024-09-05,Hyderabad,iOS,Organic,New
U01839,2024-04-19,Bengaluru,iOS,Organic,Returning
U01840,2023-10-15,Hyderabad,Android,Paid Search,Returning
U01841,2024-12-30,Bengaluru,Android,Organic,New
U01842,2024-08-23,Bengaluru,Android,Referral,Returning
U01843,2024-11-26,Bengaluru,Android,Paid Social,New
U01844,2024-02-07,Mumbai,Android,Paid Social,Returning
U01845,2024-11-10,Hyderabad,iOS,Paid Social,New
U01846,2024-01-02,Mumbai,Android,Paid Social,Returning
U01847,2024-11-11,Hyderabad,Android,Paid Social,New
U01848,2024-06-15,Mumbai,Android,Paid Social,Returning
U01849,2024-12-19,Hyderabad,iOS,Paid Social,New
U01850,2024-02-08,Kolkata,iOS,Paid Search,Returning
U01851,2024-11-15,Delhi,Android,Organic,New
U01852,2024-03-02,Bengaluru,Android,Paid Search,Returning
U01853,2024-12-19,Bengaluru,iOS,Paid Search,New
U01854,2023-11-22,Mumbai,Android,Organic,Returning
U01855,2024-01-21,Mumbai,iOS,Organic,Returning
U01856,2023-07-15,Bengaluru,iOS,Organic,Returning
U01857,2024-12-15,Kolkata,iOS,Organic,New
U01858,2024-11-26,Kolkata,Android,Paid Social,New
U01859,2024-12-02,Bengaluru,Android,Paid Social,New
U01860,2024-09-07,Bengaluru,iOS,Organic,New
U01861,2023-09-16,Bengaluru,Android,Referral,Returning
U01862,2024-08-29,Delhi,iOS,Referral,Returning
U01863,2023-09-12,Hyderabad,Android,Referral,Returning
U01864,2024-12-26,Mumbai,iOS,Organic,New
U01865,2023-05-17,Bengaluru,Android,Organic,Returning
U01866,2023-07-17,Delhi,Android,Paid Search,Returning
U01867,2024-04-11,Bengaluru,Android,Paid Social,Returning
U01868,2024-11-10,Delhi,Android,Paid Search,New
U01869,2024-11-30,Delhi,Android,Paid Social,New
U01870,2023-02-27,Mumbai,iOS,Paid Social,Returning
U01871,2024-12-10,Mumbai,Android,Referral,New
U01872,2024-09-17,Kolkata,iOS,Paid Search,New
U01873,2023-11-27,Bengaluru,Android,Referral,Returning
U01874,2024-08-17,Hyderabad,Android,Paid Social,Returning
U01875,2024-06-06,Bengaluru,iOS,Organic,Returning
U01876,2023-07-04,Delhi,Android,Paid Social,Returning
U01877,2024-11-11,Kolkata,iOS,Organic,New
U01878,2024-12-26,Hyderabad,iOS,Organic,New
U01879,2024-11-18,Bengaluru,Android,Referral,New
U01880,2023-08-04,Mumbai,iOS,Organic,Returning
U01881,2024-12-26,Hyderabad,Android,Paid Search,New
U01882,2024-01-21,Kolkata,Android,Referral,Returning
U01883,2024-10-03,Mumbai,Android,Organic,New
U01884,2024-09-15,Bengaluru,iOS,Organic,Returning
U01885,2024-10-03,Mumbai,Android,Organic,New
U01886,2024-12-14,Bengaluru,Android,Paid Search,New
U01887,2024-09-27,Bengaluru,iOS,Organic,New
U01888,2024-12-08,Mumbai,Android,Organic,New
U01889,2024-05-17,Hyderabad,iOS,Paid Social,Returning
U01890,2024-12-28,Bengaluru,Android,Organic,New
U01891,2024-12-15,Hyderabad,Android,Paid Search,New
U01892,2024-06-16,Hyderabad,Android,Organic,Returning
U01893,2024-09-17,Hyderabad,Android,Paid Search,New
U01894,2024-12-25,Bengaluru,Android,Paid Search,New
U01895,2024-10-16,Delhi,iOS,Paid Search,New
U01896,2024-12-26,Bengaluru,iOS,Organic,New
U01897,2024-07-25,Bengaluru,Android,Organic,Returning
U01898,2024-10-26,Delhi,Android,Organic,New
U01899,2024-11-01,Delhi,Android,Organic,New
U01900,2024-12-23,Bengaluru,Android,Paid Search,New
U01901,2024-02-13,Bengaluru,Android,Organic,Returning
U01902,2024-11-11,Kolkata,Android,Organic,New
U01903,2023-07-09,Hyderabad,iOS,Organic,Returning
U01904,2024-10-08,Delhi,iOS,Paid Social,New
U01905,2023-08-04,Kolkata,iOS,Paid Search,Returning
U01906,2024-12-31,Bengaluru,Android,Paid Search,New
U01907,2024-12-08,Delhi,Android,Paid Search,New
U01908,2024-10-17,Hyderabad,Android,Organic,New
U01909,2024-01-05,Delhi,Android,Organic,Returning
U01910,2024-07-08,Bengaluru,Android,Organic,Returning
U01911,2024-10-20,Delhi,iOS,Paid Search,New
U01912,2024-10-29,Mumbai,Android,Organic,New
U01913,2024-01-15,Mumbai,Android,Organic,Returning
U01914,2024-11-05,Delhi,Android,Referral,New
U01915,2024-12-23,Delhi,iOS,Paid Social,New
U01916,2024-10-06,Delhi,Android,Organic,New
U01917,2023-04-05,Mumbai,iOS,Referral,Returning
U01918,2024-10-02,Bengaluru,Android,Organic,Returning
U01919,2023-08-01,Kolkata,Android,Organic,Returning
U01920,2023-10-31,Hyderabad,iOS,Organic,Returning
U01921,2024-11-14,Delhi,Android,Referral,New
U01922,2024-09-27,Hyderabad,iOS,Organic,New
U01923,2024-09-11,Bengaluru,Android,Paid Social,New
U01924,2024-09-23,Delhi,Android,Paid Search,New
U01925,2024-11-01,Delhi,Android,Paid Search,New
U01926,2024-11-18,Delhi,iOS,Organic,New
U01927,2024-12-17,Hyderabad,iOS,Organic,New
U01928,2023-05-04,Kolkata,Android,Paid Social,Returning
U01929,2024-09-24,Delhi,Android,Organic,New
U01930,2024-09-27,Delhi,Android,Paid Search,New
U01931,2023-10-09,Mumbai,Android,Organic,Returning
U01932,2023-03-10,Delhi,Android,Paid Social,Returning
U01933,2024-01-21,Bengaluru,Android,Paid Social,Returning
U01934,2024-05-06,Kolkata,iOS,Paid Search,Returning
U01935,2024-01-22,Hyderabad,Android,Paid Search,Returning
U01936,2024-12-23,Kolkata,Android,Organic,New
U01937,2024-11-07,Bengaluru,iOS,Organic,New
U01938,2023-03-14,Bengaluru,Android,Organic,Returning
U01939,2024-10-07,Delhi,iOS,Paid Social,New
U01940,2024-10-30,Kolkata,Android,Organic,New
U01941,2024-11-11,Bengaluru,Android,Organic,New
U01942,2024-09-25,Bengaluru,Android,Organic,New
U01943,2024-09-22,Bengaluru,Android,Organic,New
U01944,2024-11-25,Hyderabad,Android,Paid Search,New
U01945,2024-01-05,Hyderabad,Android,Paid Social,Returning
U01946,2023-08-18,Hyderabad,Android,Organic,Returning
U01947,2024-12-26,Bengaluru,Android,Organic,New
U01948,2024-06-20,Hyderabad,Android,Paid Search,Returning
U01949,2024-12-19,Delhi,Android,Paid Search,New
U01950,2024-04-20,Bengaluru,iOS,Paid Social,Returning
U01951,2024-07-20,Delhi,Android,Paid Social,Returning
U01952,2024-09-23,Mumbai,Android,Paid Social,New
U01953,2024-05-17,Delhi,Android,Paid Social,Returning
U01954,2023-03-29,Kolkata,Android,Referral,Returning
U01955,2024-06-11,Delhi,Android,Paid Search,Returning
U01956,2024-09-18,Delhi,iOS,Paid Search,Returning
U01957,2024-12-29,Mumbai,Android,Paid Social,New
U01958,2024-12-18,Mumbai,Android,Organic,New
U01959,2023-08-22,Bengaluru,Android,Organic,Returning
U01960,2024-05-07,Mumbai,Android,Referral,Returning
U01961,2023-01-15,Bengaluru,iOS,Paid Search,Returning
U01962,2024-12-28,Delhi,Android,Organic,New
U01963,2023-07-08,Hyderabad,Android,Organic,Returning
U01964,2024-10-03,Mumbai,iOS,Organic,New
U01965,2023-03-18,Delhi,Android,Organic,Returning
U01966,2024-09-27,Bengaluru,iOS,Paid Search,New
U01967,2024-05-11,Mumbai,Android,Paid Search,Returning
U01968,2023-11-07,Delhi,Android,Paid Search,Returning
U01969,2024-09-15,Kolkata,Android,Organic,New
U01970,2024-11-04,Mumbai,Android,Paid Search,New
U01971,2024-11-15,Kolkata,Android,Organic,New
U01972,2023-11-08,Delhi,Android,Organic,Returning
U01973,2023-01-30,Hyderabad,Android,Paid Search,Returning
U01974,2024-10-04,Bengaluru,Android,Organic,New
U01975,2024-10-20,Delhi,Android,Referral,New
U01976,2024-09-07,Bengaluru,Android,Paid Search,New
U01977,2024-11-13,Bengaluru,Android,Organic,New
U01978,2024-09-19,Kolkata,iOS,Organic,Returning
U01979,2024-05-27,Hyderabad,Android,Organic,Returning
U01980,2024-12-03,Mumbai,iOS,Organic,New
U01981,2024-07-31,Mumbai,Android,Referral,Returning
U01982,2024-09-21,Mumbai,Android,Paid Social,New
U01983,2024-08-20,Mumbai,Android,Paid Social,Returning
U01984,2024-12-21,Hyderabad,Android,Paid Search,New
U01985,2024-07-16,Mumbai,Android,Referral,Returning
U01986,2023-12-18,Hyderabad,Android,Referral,Returning
U01987,2024-12-26,Delhi,iOS,Organic,New
U01988,2023-08-14,Kolkata,Android,Organic,Returning
U01989,2023-02-15,Bengaluru,Android,Organic,Returning
U01990,2024-11-07,Delhi,Android,Organic,New
U01991,2024-12-19,Kolkata,Android,Paid Search,New
U01992,2023-11-03,Bengaluru,iOS,Organic,Returning
U01993,2024-11-03,Bengaluru,Android,Paid Social,New
U01994,2024-10-01,Delhi,Android,Organic,New
U01995,2024-09-09,Delhi,Android,Paid Social,New
U01996,2023-04-02,Kolkata,Android,Organic,Returning
U01997,2024-11-08,Hyderabad,iOS,Organic,New
U01998,2024-09-25,Delhi,Android,Paid Social,New
U01999,2023-10-17,Kolkata,iOS,Paid Search,Returning
U02000,2024-09-21,Mumbai,Android,Paid Social,New
U02001,2023-10-21,Kolkata,Android,Referral,Returning
U02002,2024-09-28,Bengaluru,Android,Organic,New
U02003,2024-03-19,Mumbai,Android,Organic,Returning
U02004,2023-05-01,Bengaluru,Android,Organic,Returning
U02005,2024-12-14,Bengaluru,Android,Organic,New
U02006,2024-02-28,Hyderabad,iOS,Referral,Returning
U02007,2024-10-26,Bengaluru,iOS,Paid Social,New
U02008,2024-10-01,Mumbai,Android,Organic,New
U02009,2024-10-01,Hyderabad,Android,Paid Social,New
U02010,2023-03-13,Bengaluru,Android,Referral,Returning
U02011,2024-11-08,Delhi,Android,Organic,New
U02012,2024-09-26,Hyderabad,Android,Organic,New
U02013,2024-11-02,Kolkata,Android,Paid Social,New
U02014,2024-09-06,Delhi,Android,Paid Social,New
U02015,2024-10-13,Kolkata,Android,Organic,New
U02016,2024-10-17,Hyderabad,Android,Paid Search,New
U02017,2024-10-24,Mumbai,Android,Organic,New
U02018,2024-12-03,Delhi,Android,Paid Search,New
U02019,2024-03-22,Hyderabad,Android,Paid Search,Returning
U02020,2024-12-03,Hyderabad,iOS,Organic,New
U02021,2023-10-17,Delhi,Android,Paid Social,Returning
U02022,2024-09-28,Kolkata,iOS,Paid Search,New
U02023,2024-11-08,Kolkata,iOS,Paid Social,New
U02024,2024-09-05,Mumbai,Android,Paid Search,New
U02025,2024-12-13,Hyderabad,iOS,Paid Search,New
U02026,2024-12-07,Mumbai,iOS,Organic,New
U02027,2024-09-23,Hyderabad,iOS,Organic,Returning
U02028,2024-09-07,Hyderabad,iOS,Paid Social,New
U02029,2024-10-29,Bengaluru,Android,Paid Search,New
U02030,2023-09-30,Bengaluru,Android,Organic,Returning
U02031,2024-09-08,Delhi,iOS,Referral,New
U02032,2024-11-13,Kolkata,iOS,Paid Social,New
U02033,2024-12-01,Delhi,Android,Organic,New
U02034,2024-09-15,Kolkata,Android,Organic,New
U02035,2024-12-14,Delhi,Android,Paid Search,New
U02036,2023-02-26,Delhi,iOS,Organic,Returning
U02037,2024-05-13,Kolkata,Android,Referral,Returning
U02038,2024-10-25,Mumbai,Android,Paid Search,New
U02039,2023-07-27,Delhi,Android,Organic,Returning
U02040,2024-03-18,Bengaluru,Android,Paid Search,Returning
U02041,2024-09-12,Bengaluru,iOS,Organic,New
U02042,2023-08-01,Bengaluru,Android,Paid Search,Returning
U02043,2024-06-07,Delhi,Android,Organic,Returning
U02044,2023-04-19,Mumbai,Android,Paid Social,Returning
U02045,2024-03-18,Delhi,iOS,Paid Social,Returning
U02046,2024-09-19,Bengaluru,Android,Referral,New
U02047,2024-10-01,Delhi,Android,Organic,New
U02048,2024-11-16,Delhi,Android,Organic,New
U02049,2024-09-18,Kolkata,iOS,Paid Social,New
U02050,2024-12-29,Delhi,iOS,Organic,New
U02051,2023-08-21,Bengaluru,Android,Organic,Returning
U02052,2024-12-13,Mumbai,Android,Referral,New
U02053,2024-10-29,Kolkata,iOS,Paid Social,New
U02054,2023-03-14,Hyderabad,Android,Referral,Returning
U02055,2024-12-06,Hyderabad,Android,Organic,New
U02056,2024-12-03,Kolkata,iOS,Paid Search,New
U02057,2024-01-12,Mumbai,iOS,Paid Search,Returning
U02058,2024-12-26,Kolkata,iOS,Paid Search,New
U02059,2024-12-06,Bengaluru,iOS,Organic,New
U02060,2024-11-29,Hyderabad,Android,Paid Social,New
U02061,2024-06-28,Hyderabad,Android,Organic,Returning
U02062,2024-10-23,Kolkata,Android,Paid Search,New
U02063,2024-11-25,Delhi,Android,Referral,New
U02064,2024-12-16,Hyderabad,Android,Paid Social,New
U02065,2024-11-01,Bengaluru,Android,Organic,New
U02066,2023-05-28,Mumbai,iOS,Paid Search,Returning
U02067,2024-10-10,Delhi,Android,Paid Search,New
U02068,2023-12-17,Mumbai,iOS,Organic,Returning
U02069,2024-09-04,Mumbai,Android,Organic,New
U02070,2024-12-21,Delhi,Android,Paid Search,New
U02071,2023-03-08,Bengaluru,Android,Paid Social,Returning
U02072,2024-10-12,Delhi,Android,Referral,New
U02073,2024-10-13,Mumbai,Android,Organic,New
U02074,2023-03-24,Mumbai,Android,Organic,Returning
U02075,2024-11-08,Hyderabad,Android,Organic,New
U02076,2024-10-08,Bengaluru,Android,Referral,New
U02077,2024-09-12,Hyderabad,Android,Paid Social,Returning
U02078,2024-10-11,Hyderabad,Android,Referral,New
U02079,2024-10-27,Bengaluru,Android,Paid Search,New
U02080,2024-09-06,Delhi,Android,Organic,New
U02081,2024-11-24,Delhi,Android,Paid Search,New
U02082,2024-10-06,Delhi,Android,Organic,New
U02083,2023-06-16,Bengaluru,Android,Organic,Returning
U02084,2024-12-27,Bengaluru,iOS,Organic,New
U02085,2023-08-14,Bengaluru,iOS,Organic,Returning
U02086,2024-12-06,Bengaluru,Android,Organic,New
U02087,2024-12-31,Delhi,Android,Referral,New
U02088,2024-10-17,Hyderabad,Android,Paid Social,New
U02089,2024-07-06,Mumbai,Android,Paid Social,Returning
U02090,2024-10-17,Delhi,Android,Organic,New
U02091,2024-11-08,Mumbai,Android,Paid Social,New
U02092,2023-01-30,Mumbai,iOS,Organic,Returning
U02093,2023-10-07,Bengaluru,Android,Organic,Returning
U02094,2024-12-13,Bengaluru,Android,Organic,New
U02095,2024-09-17,Bengaluru,iOS,Organic,Returning
U02096,2024-09-06,Mumbai,Android,Referral,New
U02097,2024-10-07,Delhi,Android,Paid Social,New
U02098,2024-11-01,Delhi,Android,Organic,New
U02099,2024-09-10,Mumbai,Android,Paid Search,New
U02100,2024-09-13,Kolkata,iOS,Organic,New
U02101,2024-02-15,Delhi,Android,Organic,Returning
U02102,2024-10-30,Mumbai,Android,Paid Search,New
U02103,2024-05-13,Mumbai,Android,Paid Social,Returning
U02104,2024-04-02,Hyderabad,Android,Paid Social,Returning
U02105,2023-06-22,Hyderabad,Android,Organic,Returning
U02106,2024-09-19,Hyderabad,Android,Paid Search,Returning
U02107,2023-02-05,Bengaluru,Android,Organic,Returning
U02108,2023-01-22,Delhi,Android,Organic,Returning
U02109,2024-10-17,Hyderabad,iOS,Organic,New
U02110,2024-12-01,Delhi,iOS,Organic,New
U02111,2024-10-05,Kolkata,iOS,Organic,New
U02112,2024-09-17,Delhi,Android,Organic,New
U02113,2024-12-28,Mumbai,iOS,Paid Social,New
U02114,2023-03-12,Delhi,iOS,Organic,Returning
U02115,2024-10-24,Delhi,Android,Organic,New
U02116,2024-06-27,Hyderabad,Android,Referral,Returning
U02117,2024-10-17,Bengaluru,Android,Referral,New
U02118,2024-11-19,Mumbai,iOS,Organic,New
U02119,2024-12-28,Mumbai,iOS,Organic,New
U02120,2024-10-19,Hyderabad,iOS,Organic,New
U02121,2024-12-28,Mumbai,Android,Referral,New
U02122,2024-12-08,Kolkata,iOS,Organic,New
U02123,2024-12-13,Kolkata,Android,Organic,New
U02124,2024-12-26,Delhi,Android,Paid Social,New
U02125,2024-11-13,Hyderabad,Android,Paid Social,New
U02126,2024-09-19,Kolkata,iOS,Organic,New
U02127,2024-11-26,Bengaluru,iOS,Organic,New
U02128,2024-12-04,Mumbai,Android,Organic,New
U02129,2024-09-27,Delhi,Android,Organic,New
U02130,2024-09-11,Mumbai,Android,Organic,New
U02131,2024-11-26,Bengaluru,Android,Paid Social,New
U02132,2023-11-21,Hyderabad,iOS,Paid Social,Returning
U02133,2024-02-23,Delhi,Android,Paid Social,Returning
U02134,2024-05-06,Mumbai,Android,Paid Social,Returning
U02135,2024-09-04,Bengaluru,Android,Paid Search,New
U02136,2024-10-14,Hyderabad,Android,Organic,New
U02137,2024-09-12,Mumbai,iOS,Paid Social,New
U02138,2023-01-28,Mumbai,Android,Organic,Returning
U02139,2024-01-15,Delhi,Android,Organic,Returning
U02140,2024-03-31,Bengaluru,iOS,Organic,Returning
U02141,2023-12-24,Delhi,Android,Paid Social,Returning
U02142,2024-11-16,Kolkata,Android,Paid Search,New
U02143,2023-05-05,Bengaluru,Android,Paid Search,Returning
U02144,2023-04-29,Mumbai,iOS,Paid Search,Returning
U02145,2024-12-27,Bengaluru,Android,Paid Social,New
U02146,2023-03-16,Hyderabad,Android,Organic,Returning
U02147,2024-09-15,Bengaluru,Android,Organic,New
U02148,2024-08-26,Delhi,Android,Paid Social,Returning
U02149,2024-01-04,Delhi,Android,Paid Search,Returning
U02150,2024-12-12,Bengaluru,Android,Paid Search,New
U02151,2023-10-29,Delhi,Android,Organic,Returning
U02152,2024-10-11,Delhi,Android,Referral,New
U02153,2024-02-07,Mumbai,Android,Organic,Returning
U02154,2024-09-09,Kolkata,Android,Referral,Returning
U02155,2023-03-17,Delhi,Android,Paid Social,Returning
U02156,2023-06-09,Kolkata,iOS,Referral,Returning
U02157,2024-10-22,Delhi,Android,Organic,New
U02158,2024-12-15,Bengaluru,iOS,Paid Search,New
U02159,2024-12-30,Bengaluru,iOS,Organic,New
U02160,2024-10-17,Delhi,iOS,Organic,New
U02161,2024-12-10,Delhi,Android,Organic,New
U02162,2024-10-06,Kolkata,Android,Organic,New
U02163,2024-09-25,Mumbai,Android,Organic,New
U02164,2024-11-02,Mumbai,Android,Paid Search,New
U02165,2024-08-31,Mumbai,Android,Organic,Returning
U02166,2024-09-09,Delhi,Android,Organic,New
U02167,2024-06-22,Mumbai,Android,Organic,Returning
U02168,2024-10-02,Bengaluru,iOS,Paid Social,New
U02169,2024-12-09,Bengaluru,Android,Organic,New
U02170,2024-12-13,Delhi,iOS,Paid Social,New
U02171,2024-10-13,Bengaluru,iOS,Organic,New
U02172,2024-12-08,Mumbai,Android,Paid Search,New
U02173,2024-10-30,Bengaluru,Android,Paid Social,New
U02174,2024-10-22,Bengaluru,Android,Paid Search,New
U02175,2024-12-18,Kolkata,iOS,Paid Search,New
U02176,2024-08-20,Kolkata,iOS,Referral,Returning
U02177,2024-12-09,Mumbai,Android,Organic,New
U02178,2023-10-22,Mumbai,Android,Organic,Returning
U02179,2024-09-10,Hyderabad,Android,Referral,New
U02180,2023-01-27,Bengaluru,iOS,Paid Social,Returning
U02181,2023-07-10,Delhi,iOS,Paid Search,Returning
U02182,2023-02-21,Bengaluru,iOS,Organic,Returning
U02183,2024-05-06,Delhi,Android,Organic,Returning
U02184,2024-10-31,Kolkata,Android,Referral,New
U02185,2024-09-14,Hyderabad,Android,Paid Social,New
U02186,2024-10-15,Kolkata,Android,Organic,New
U02187,2023-06-09,Hyderabad,Android,Organic,Returning
U02188,2024-06-27,Mumbai,iOS,Paid Social,Returning
U02189,2024-10-02,Hyderabad,iOS,Paid Search,New
U02190,2023-06-08,Mumbai,Android,Referral,Returning
U02191,2024-12-08,Delhi,Android,Organic,New
U02192,2024-06-23,Delhi,Android,Organic,Returning
U02193,2024-06-06,Mumbai,iOS,Organic,Returning
U02194,2024-11-20,Bengaluru,iOS,Paid Search,New
U02195,2024-07-24,Mumbai,Android,Organic,Returning
U02196,2024-01-28,Bengaluru,Android,Organic,Returning
U02197,2024-12-05,Mumbai,Android,Organic,New
U02198,2024-12-07,Bengaluru,Android,Organic,New
U02199,2024-10-15,Delhi,Android,Paid Social,New
U02200,2024-03-20,Mumbai,Android,Organic,Returning
U02201,2024-12-05,Bengaluru,Android,Paid Search,New
U02202,2023-06-28,Kolkata,Android,Paid Social,Returning
U02203,2024-03-01,Delhi,Android,Organic,Returning
U02204,2024-12-03,Delhi,iOS,Paid Search,New
U02205,2024-09-28,Bengaluru,Android,Paid Social,New
U02206,2023-09-02,Hyderabad,Android,Paid Search,Returning
U02207,2024-03-15,Mumbai,iOS,Paid Search,Returning
U02208,2024-11-04,Delhi,Android,Paid Social,New
U02209,2024-11-11,Bengaluru,Android,Referral,New
U02210,2024-09-04,Hyderabad,Android,Paid Social,New
U02211,2023-03-15,Kolkata,iOS,Organic,Returning
U02212,2024-12-24,Delhi,Android,Paid Search,New
U02213,2023-04-16,Bengaluru,Android,Paid Search,Returning
U02214,2024-11-22,Bengaluru,Android,Organic,New
U02215,2023-08-12,Bengaluru,Android,Paid Search,Returning
U02216,2024-09-10,Hyderabad,Android,Paid Social,New
U02217,2024-11-12,Kolkata,Android,Organic,New
U02218,2024-10-03,Kolkata,Android,Referral,Returning
U02219,2024-06-05,Hyderabad,Android,Referral,Returning
U02220,2024-11-25,Bengaluru,Android,Organic,New
U02221,2024-12-01,Kolkata,Android,Organic,New
U02222,2024-10-21,Delhi,Android,Referral,New
U02223,2024-12-08,Delhi,Android,Organic,New
U02224,2024-10-14,Hyderabad,iOS,Paid Social,New
U02225,2024-10-03,Bengaluru,Android,Organic,Returning
U02226,2024-12-21,Hyderabad,Android,Organic,New
U02227,2023-10-03,Kolkata,iOS,Organic,Returning
U02228,2024-12-01,Hyderabad,iOS,Organic,New
U02229,2024-12-20,Hyderabad,Android,Referral,New
U02230,2023-03-20,Delhi,iOS,Organic,Returning
U02231,2024-11-12,Bengaluru,Android,Organic,New
U02232,2023-03-14,Hyderabad,iOS,Paid Social,Returning
U02233,2024-10-29,Mumbai,Android,Referral,New
U02234,2023-08-12,Kolkata,Android,Organic,Returning
U02235,2023-09-08,Bengaluru,iOS,Paid Social,Returning
U02236,2024-07-21,Delhi,Android,Organic,Returning
U02237,2024-12-31,Delhi,iOS,Paid Social,New
U02238,2024-10-06,Hyderabad,Android,Paid Social,New
U02239,2024-11-09,Hyderabad,Android,Referral,New
U02240,2024-10-22,Kolkata,iOS,Paid Search,New
U02241,2024-12-15,Delhi,Android,Referral,New
U02242,2024-11-11,Mumbai,iOS,Organic,New
U02243,2024-09-26,Bengaluru,iOS,Paid Social,New
U02244,2024-12-08,Bengaluru,Android,Paid Social,New
U02245,2024-09-05,Delhi,Android,Organic,New
U02246,2024-11-12,Mumbai,Android,Referral,New
U02247,2024-12-16,Delhi,Android,Paid Social,New
U02248,2024-05-25,Delhi,Android,Referral,Returning
U02249,2024-11-07,Mumbai,Android,Organic,New
U02250,2024-09-09,Hyderabad,iOS,Paid Social,New
U02251,2024-11-06,Bengaluru,Android,Organic,New
U02252,2024-03-02,Delhi,Android,Referral,Returning
U02253,2024-11-16,Hyderabad,Android,Organic,New
U02254,2023-11-20,Hyderabad,Android,Paid Search,Returning
U02255,2023-11-22,Hyderabad,Android,Organic,Returning
U02256,2024-10-20,Bengaluru,Android,Paid Social,New
U02257,2024-09-28,Mumbai,Android,Organic,Returning
U02258,2023-03-24,Kolkata,Android,Referral,Returning
U02259,2024-11-12,Delhi,iOS,Referral,New
U02260,2024-09-17,Delhi,iOS,Organic,New
U02261,2024-01-10,Kolkata,Android,Paid Social,Returning
U02262,2023-10-17,Bengaluru,iOS,Paid Social,Returning
U02263,2024-10-24,Hyderabad,iOS,Organic,New
U02264,2024-10-23,Hyderabad,Android,Organic,New
U02265,2024-07-02,Bengaluru,iOS,Organic,Returning
U02266,2024-11-30,Hyderabad,Android,Organic,New
U02267,2023-02-22,Delhi,Android,Paid Search,Returning
U02268,2024-10-14,Hyderabad,Android,Paid Search,New
U02269,2024-05-17,Kolkata,iOS,Paid Search,Returning
U02270,2023-08-17,Kolkata,iOS,Referral,Returning
U02271,2023-06-22,Bengaluru,iOS,Organic,Returning
U02272,2024-04-10,Hyderabad,iOS,Referral,Returning
U02273,2023-11-01,Kolkata,Android,Paid Social,Returning
U02274,2024-02-24,Mumbai,Android,Paid Social,Returning
U02275,2024-06-10,Mumbai,Android,Paid Search,Returning
U02276,2024-10-24,Bengaluru,Android,Organic,New
U02277,2024-10-07,Hyderabad,Android,Referral,New
U02278,2024-12-01,Bengaluru,iOS,Paid Social,New
U02279,2024-07-31,Delhi,Android,Paid Social,Returning
U02280,2023-12-24,Kolkata,Android,Organic,Returning
U02281,2024-12-12,Kolkata,iOS,Paid Search,New
U02282,2024-12-31,Kolkata,iOS,Organic,New
U02283,2024-10-24,Delhi,Android,Paid Search,New
U02284,2023-04-04,Bengaluru,Android,Paid Social,Returning
U02285,2024-10-12,Mumbai,iOS,Organic,New
U02286,2024-10-02,Bengaluru,Android,Organic,New
U02287,2023-04-04,Kolkata,Android,Organic,Returning
U02288,2024-03-23,Mumbai,Android,Organic,Returning
U02289,2024-12-24,Delhi,Android,Organic,New
U02290,2024-12-25,Bengaluru,Android,Organic,New
U02291,2023-12-20,Delhi,Android,Organic,Returning
U02292,2023-08-20,Kolkata,Android,Paid Social,Returning
U02293,2023-06-30,Hyderabad,Android,Paid Social,Returning
U02294,2024-12-24,Bengaluru,Android,Organic,New
U02295,2024-09-17,Bengaluru,Android,Organic,New
U02296,2024-09-07,Delhi,Android,Paid Social,New
U02297,2024-03-10,Bengaluru,Android,Organic,Returning
U02298,2024-11-12,Kolkata,iOS,Organic,New
U02299,2024-12-21,Mumbai,Android,Paid Search,New
U02300,2023-11-13,Bengaluru,Android,Referral,Returning
U02301,2023-02-14,Hyderabad,Android,Organic,Returning
U02302,2023-02-03,Delhi,Android,Referral,Returning
U02303,2024-09-18,Bengaluru,Android,Organic,New
U02304,2024-11-03,Mumbai,Android,Organic,New
U02305,2024-12-27,Bengaluru,iOS,Organic,New
U02306,2024-11-16,Delhi,iOS,Paid Social,New
U02307,2024-09-28,Hyderabad,Android,Paid Search,New
U02308,2024-10-17,Kolkata,Android,Paid Search,New
U02309,2023-06-24,Delhi,iOS,Referral,Returning
U02310,2023-11-05,Mumbai,iOS,Paid Search,Returning
U02311,2024-07-09,Bengaluru,Android,Organic,Returning
U02312,2024-12-28,Mumbai,iOS,Paid Social,New
U02313,2024-11-21,Bengaluru,iOS,Organic,New
U02314,2024-09-25,Mumbai,iOS,Paid Search,New
U02315,2024-12-17,Bengaluru,Android,Referral,New
U02316,2024-11-01,Kolkata,iOS,Paid Search,New
U02317,2024-10-15,Kolkata,Android,Organic,New
U02318,2023-03-05,Delhi,Android,Paid Search,Returning
U02319,2024-11-23,Hyderabad,Android,Organic,New
U02320,2023-02-20,Bengaluru,Android,Organic,Returning
U02321,2024-10-07,Hyderabad,iOS,Paid Search,New
U02322,2024-10-20,Delhi,Android,Organic,New
U02323,2024-09-23,Bengaluru,Android,Organic,New
U02324,2024-12-06,Mumbai,Android,Paid Search,New
U02325,2024-12-20,Delhi,Android,Organic,New
U02326,2023-07-08,Mumbai,Android,Organic,Returning
U02327,2024-10-05,Mumbai,Android,Referral,New
U02328,2024-11-09,Bengaluru,Android,Organic,New
U02329,2024-05-02,Bengaluru,Android,Organic,Returning
U02330,2024-09-13,Mumbai,Android,Referral,New
U02331,2023-12-24,Mumbai,Android,Organic,Returning
U02332,2024-09-27,Bengaluru,Android,Referral,New
U02333,2023-08-18,Delhi,iOS,Paid Social,Returning
U02334,2024-10-07,Mumbai,iOS,Paid Search,New
U02335,2024-10-24,Mumbai,iOS,Organic,New
U02336,2023-03-10,Hyderabad,Android,Organic,Returning
U02337,2023-04-17,Delhi,Android,Paid Social,Returning
U02338,2024-12-30,Mumbai,iOS,Organic,New
U02339,2024-07-21,Mumbai,Android,Paid Social,Returning
U02340,2024-11-25,Delhi,Android,Paid Social,New
U02341,2024-10-28,Bengaluru,Android,Paid Social,New
U02342,2024-10-14,Bengaluru,Android,Organic,New
U02343,2023-05-08,Hyderabad,Android,Paid Social,Returning
U02344,2024-11-23,Bengaluru,Android,Paid Social,New
U02345,2023-11-20,Mumbai,Android,Organic,Returning
U02346,2024-12-21,Mumbai,Android,Referral,New
U02347,2024-05-30,Delhi,Android,Organic,Returning
U02348,2024-07-24,Hyderabad,iOS,Referral,Returning
U02349,2024-10-12,Hyderabad,iOS,Organic,New
U02350,2024-12-14,Bengaluru,Android,Organic,New
U02351,2024-09-21,Hyderabad,Android,Paid Social,New
U02352,2024-04-08,Mumbai,Android,Organic,Returning
U02353,2024-11-07,Delhi,Android,Organic,New
U02354,2024-11-02,Hyderabad,iOS,Organic,New
U02355,2024-10-04,Hyderabad,Android,Paid Social,New
U02356,2023-11-11,Delhi,Android,Organic,Returning
U02357,2024-09-15,Kolkata,iOS,Paid Search,New
U02358,2024-12-19,Mumbai,Android,Paid Search,New
U02359,2024-03-28,Mumbai,Android,Paid Search,Returning
U02360,2024-12-07,Bengaluru,iOS,Organic,New
U02361,2024-03-17,Delhi,Android,Organic,Returning
U02362,2024-10-22,Delhi,Android,Referral,New
U02363,2024-09-10,Mumbai,iOS,Paid Social,New
U02364,2023-06-16,Mumbai,Android,Referral,Returning
U02365,2023-08-06,Hyderabad,Android,Paid Social,Returning
U02366,2024-09-12,Delhi,Android,Paid Social,Returning
U02367,2024-12-19,Hyderabad,Android,Referral,New
U02368,2024-10-07,Hyderabad,Android,Paid Search,New
U02369,2024-12-30,Hyderabad,Android,Referral,New
U02370,2024-12-10,Hyderabad,Android,Organic,New
U02371,2024-09-14,Kolkata,Android,Organic,New
U02372,2024-10-17,Bengaluru,Android,Paid Search,New
U02373,2024-11-08,Hyderabad,iOS,Paid Search,New
U02374,2024-12-16,Kolkata,Android,Paid Search,New
U02375,2024-09-22,Mumbai,Android,Paid Search,New
U02376,2024-09-22,Bengaluru,iOS,Paid Search,New
U02377,2023-12-23,Kolkata,Android,Referral,Returning
U02378,2024-04-05,Bengaluru,Android,Organic,Returning
U02379,2024-11-23,Delhi,Android,Organic,New
U02380,2023-09-03,Bengaluru,Android,Paid Social,Returning
U02381,2024-05-14,Delhi,iOS,Paid Search,Returning
U02382,2024-12-31,Delhi,Android,Paid Social,New
U02383,2024-10-03,Mumbai,iOS,Organic,New
U02384,2024-09-23,Kolkata,Android,Organic,New
U02385,2024-10-11,Delhi,Android,Referral,New
U02386,2023-07-30,Mumbai,Android,Organic,Returning
U02387,2023-05-09,Kolkata,Android,Paid Social,Returning
U02388,2024-10-29,Hyderabad,Android,Organic,New
U02389,2024-06-16,Bengaluru,Android,Organic,Returning
U02390,2024-09-30,Bengaluru,Android,Paid Social,New
U02391,2024-05-13,Mumbai,iOS,Organic,Returning
U02392,2023-03-23,Hyderabad,iOS,Organic,Returning
U02393,2024-09-11,Mumbai,Android,Paid Social,New
U02394,2024-09-25,Bengaluru,iOS,Organic,New
U02395,2023-01-30,Hyderabad,Android,Organic,Returning
U02396,2024-01-17,Mumbai,Android,Paid Search,Returning
U02397,2024-12-22,Mumbai,Android,Paid Search,New
U02398,2024-10-03,Kolkata,Android,Paid Search,New
U02399,2024-12-06,Hyderabad,Android,Organic,New
U02400,2024-11-27,Mumbai,Android,Organic,New
U02401,2024-02-17,Mumbai,iOS,Organic,Returning
U02402,2023-12-04,Mumbai,Android,Referral,Returning
U02403,2024-03-23,Mumbai,iOS,Organic,Returning
U02404,2023-01-06,Delhi,Android,Referral,Returning
U02405,2023-10-17,Hyderabad,Android,Organic,Returning
U02406,2024-10-23,Mumbai,Android,Organic,New
U02407,2024-12-08,Mumbai,Android,Paid Social,New
U02408,2024-10-10,Bengaluru,Android,Organic,New
U02409,2024-09-08,Hyderabad,iOS,Paid Search,New
U02410,2023-05-15,Mumbai,Android,Referral,Returning
U02411,2024-08-04,Delhi,Android,Paid Social,Returning
U02412,2024-06-29,Delhi,iOS,Paid Search,Returning
U02413,2024-12-22,Bengaluru,Android,Paid Social,New
U02414,2024-12-14,Kolkata,iOS,Organic,New
U02415,2024-10-27,Kolkata,Android,Paid Social,New
U02416,2024-11-15,Mumbai,Android,Organic,New
U02417,2024-10-10,Delhi,Android,Organic,New
U02418,2024-09-14,Hyderabad,Android,Paid Search,New
U02419,2024-09-30,Mumbai,Android,Organic,New
U02420,2023-08-30,Kolkata,Android,Paid Social,Returning
U02421,2024-11-26,Bengaluru,iOS,Organic,New
U02422,2024-12-15,Bengaluru,iOS,Organic,New
U02423,2023-07-27,Mumbai,Android,Paid Social,Returning
U02424,2024-10-04,Bengaluru,Android,Paid Search,New
U02425,2024-04-09,Mumbai,Android,Referral,Returning
U02426,2024-03-18,Hyderabad,Android,Organic,Returning
U02427,2024-10-09,Bengaluru,Android,Organic,New
U02428,2024-02-03,Delhi,Android,Organic,Returning
U02429,2023-02-16,Hyderabad,Android,Paid Search,Returning
U02430,2024-08-03,Hyderabad,Android,Organic,Returning
U02431,2024-06-17,Mumbai,iOS,Paid Social,Returning
U02432,2023-05-04,Bengaluru,Android,Organic,Returning
U02433,2023-07-26,Mumbai,iOS,Referral,Returning
U02434,2024-09-15,Delhi,iOS,Paid Search,New
U02435,2024-09-18,Hyderabad,Android,Paid Social,Returning
U02436,2024-07-10,Mumbai,Android,Organic,Returning
U02437,2023-04-17,Delhi,Android,Organic,Returning
U02438,2023-05-02,Hyderabad,iOS,Organic,Returning
U02439,2024-12-10,Mumbai,Android,Paid Search,New
U02440,2023-03-09,Bengaluru,Android,Paid Search,Returning
U02441,2024-05-09,Mumbai,Android,Organic,Returning
U02442,2024-11-27,Kolkata,iOS,Organic,New
U02443,2024-09-23,Hyderabad,Android,Referral,New
U02444,2024-12-04,Delhi,iOS,Organic,New
U02445,2024-12-21,Hyderabad,Android,Organic,New
U02446,2024-10-01,Delhi,Android,Organic,Returning
U02447,2024-10-04,Mumbai,Android,Organic,New
U02448,2024-10-25,Mumbai,Android,Organic,New
U02449,2024-07-17,Bengaluru,Android,Paid Search,Returning
U02450,2023-10-12,Delhi,Android,Paid Search,Returning
U02451,2023-06-15,Kolkata,iOS,Paid Social,Returning
U02452,2023-01-30,Bengaluru,iOS,Organic,Returning
U02453,2023-09-11,Hyderabad,Android,Organic,Returning
U02454,2024-03-01,Mumbai,Android,Paid Social,Returning
U02455,2023-03-01,Mumbai,Android,Organic,Returning
U02456,2024-12-04,Bengaluru,Android,Organic,New
U02457,2023-08-25,Bengaluru,iOS,Paid Search,Returning
U02458,2024-11-18,Bengaluru,iOS,Paid Social,New
U02459,2024-11-11,Mumbai,iOS,Organic,New
U02460,2024-09-13,Kolkata,Android,Referral,New
U02461,2023-04-14,Kolkata,Android,Organic,Returning
U02462,2023-09-15,Bengaluru,iOS,Referral,Returning
U02463,2024-12-29,Delhi,Android,Organic,New
U02464,2023-08-18,Bengaluru,Android,Paid Social,Returning
U02465,2024-12-17,Kolkata,Android,Organic,New
U02466,2023-07-25,Bengaluru,iOS,Paid Social,Returning
U02467,2024-08-12,Bengaluru,Android,Paid Search,Returning
U02468,2024-09-03,Mumbai,iOS,Referral,Returning
U02469,2023-12-05,Mumbai,Android,Paid Social,Returning
U02470,2024-11-07,Bengaluru,Android,Paid Search,New
U02471,2024-11-08,Mumbai,Android,Organic,New
U02472,2024-06-09,Bengaluru,iOS,Organic,Returning
U02473,2023-11-19,Bengaluru,Android,Referral,Returning
U02474,2024-09-30,Bengaluru,iOS,Referral,New
U02475,2024-12-04,Delhi,Android,Organic,New
U02476,2024-11-20,Kolkata,iOS,Organic,New
U02477,2024-11-06,Mumbai,iOS,Organic,New
U02478,2024-09-13,Hyderabad,Android,Organic,New
U02479,2024-10-29,Delhi,iOS,Organic,New
U02480,2023-11-25,Hyderabad,Android,Paid Social,Returning
U02481,2024-12-16,Kolkata,iOS,Organic,New
U02482,2024-12-23,Delhi,iOS,Referral,New
U02483,2024-11-02,Kolkata,Android,Referral,New
U02484,2024-09-15,Mumbai,Android,Organic,New
U02485,2024-06-01,Hyderabad,iOS,Paid Search,Returning
U02486,2024-12-06,Bengaluru,iOS,Paid Search,New
U02487,2023-06-21,Mumbai,Android,Organic,Returning
U02488,2024-08-11,Mumbai,iOS,Paid Social,Returning
U02489,2024-12-21,Kolkata,Android,Paid Search,New
U02490,2023-05-03,Kolkata,Android,Organic,Returning
U02491,2023-03-13,Delhi,Android,Referral,Returning
U02492,2024-11-13,Kolkata,Android,Organic,New
U02493,2024-10-08,Kolkata,Android,Organic,New
U02494,2023-05-15,Mumbai,Android,Referral,Returning
U02495,2024-01-27,Bengaluru,Android,Organic,Returning
U02496,2024-10-26,Bengaluru,Android,Organic,New
U02497,2024-12-29,Bengaluru,iOS,Organic,New
U02498,2024-09-22,Bengaluru,iOS,Organic,New
U02499,2024-09-08,Kolkata,iOS,Paid Search,Returning
U02500,2024-09-23,Bengaluru,Android,Paid Social,New
U02501,2024-11-13,Hyderabad,iOS,Organic,New
U02502,2024-02-28,Mumbai,Android,Paid Search,Returning
U02503,2024-04-09,Mumbai,Android,Organic,Returning
U02504,2023-11-30,Bengaluru,iOS,Organic,Returning
U02505,2024-10-03,Mumbai,Android,Referral,New
U02506,2024-11-06,Mumbai,iOS,Paid Social,New
U02507,2024-03-12,Mumbai,Android,Paid Social,Returning
U02508,2023-04-17,Bengaluru,Android,Organic,Returning
U02509,2024-10-01,Hyderabad,Android,Paid Search,New
U02510,2024-04-30,Bengaluru,Android,Paid Social,Returning
U02511,2024-11-08,Mumbai,Android,Referral,New
U02512,2024-09-24,Delhi,Android,Paid Social,New
U02513,2024-12-03,Bengaluru,Android,Paid Search,New
U02514,2024-10-19,Hyderabad,iOS,Organic,New
U02515,2024-11-29,Bengaluru,Android,Organic,New
U02516,2023-05-14,Kolkata,Android,Organic,Returning
U02517,2024-11-24,Kolkata,Android,Organic,New
U02518,2024-10-14,Delhi,Android,Organic,New
U02519,2024-10-03,Delhi,Android,Paid Search,New
U02520,2024-09-20,Bengaluru,Android,Paid Search,New
U02521,2024-11-20,Kolkata,iOS,Paid Search,New
U02522,2024-08-13,Mumbai,Android,Paid Search,Returning
U02523,2024-09-12,Bengaluru,iOS,Organic,New
U02524,2023-05-18,Mumbai,Android,Paid Search,Returning
U02525,2024-02-04,Bengaluru,Android,Referral,Returning
U02526,2024-11-17,Mumbai,Android,Paid Search,New
U02527,2023-11-10,Mumbai,Android,Referral,Returning
U02528,2023-08-16,Bengaluru,Android,Organic,Returning
U02529,2023-04-19,Hyderabad,Android,Paid Search,Returning
U02530,2023-12-13,Delhi,Android,Paid Search,Returning
U02531,2024-03-13,Mumbai,Android,Paid Social,Returning
U02532,2023-05-30,Mumbai,Android,Referral,Returning
U02533,2023-04-21,Kolkata,iOS,Paid Search,Returning
U02534,2024-12-02,Mumbai,iOS,Paid Social,New
U02535,2023-04-26,Kolkata,Android,Referral,Returning
U02536,2023-01-08,Delhi,Android,Paid Social,Returning
U02537,2024-06-01,Hyderabad,Android,Organic,Returning
U02538,2024-09-09,Bengaluru,iOS,Organic,New
U02539,2024-11-23,Hyderabad,Android,Referral,New
U02540,2024-12-06,Bengaluru,Android,Paid Social,New
U02541,2024-11-30,Kolkata,iOS,Referral,New
U02542,2024-11-13,Kolkata,Android,Organic,New
U02543,2024-12-16,Delhi,Android,Paid Social,New
U02544,2024-12-17,Mumbai,iOS,Paid Social,New
U02545,2024-09-28,Mumbai,iOS,Referral,New
U02546,2024-10-10,Delhi,Android,Paid Social,New
U02547,2023-04-09,Mumbai,Android,Organic,Returning
U02548,2024-11-05,Hyderabad,Android,Paid Social,New
U02549,2024-11-03,Mumbai,Android,Paid Search,New
U02550,2024-10-23,Bengaluru,Android,Organic,New
U02551,2024-11-28,Kolkata,Android,Organic,New
U02552,2024-09-30,Bengaluru,Android,Referral,New
U02553,2023-08-21,Mumbai,iOS,Organic,Returning
U02554,2024-02-09,Bengaluru,iOS,Organic,Returning
U02555,2024-09-28,Bengaluru,iOS,Paid Search,New
U02556,2024-05-08,Bengaluru,Android,Referral,Returning
U02557,2024-11-27,Delhi,Android,Paid Social,New
U02558,2024-09-18,Mumbai,Android,Organic,New
U02559,2024-09-25,Mumbai,Android,Organic,New
U02560,2024-09-12,Mumbai,Android,Organic,New
U02561,2023-05-18,Mumbai,iOS,Organic,Returning
U02562,2024-06-30,Bengaluru,Android,Paid Social,Returning
U02563,2024-04-30,Bengaluru,Android,Organic,Returning
U02564,2024-12-28,Mumbai,Android,Organic,New
U02565,2023-02-18,Mumbai,iOS,Referral,Returning
U02566,2024-09-30,Mumbai,Android,Organic,New
U02567,2024-10-06,Bengaluru,Android,Organic,New
U02568,2024-09-16,Hyderabad,Android,Paid Search,New
U02569,2023-01-08,Bengaluru,iOS,Organic,Returning
U02570,2023-09-28,Mumbai,Android,Organic,Returning
U02571,2024-12-11,Bengaluru,Android,Referral,New
U02572,2024-10-09,Mumbai,iOS,Paid Social,New
U02573,2024-08-07,Delhi,Android,Paid Social,Returning
U02574,2023-05-21,Hyderabad,Android,Paid Social,Returning
U02575,2024-10-10,Bengaluru,iOS,Organic,New
U02576,2023-08-04,Mumbai,Android,Paid Social,Returning
U02577,2023-09-28,Bengaluru,Android,Paid Search,Returning
U02578,2024-05-02,Hyderabad,Android,Organic,Returning
U02579,2024-11-28,Bengaluru,Android,Organic,New
U02580,2023-11-17,Bengaluru,Android,Paid Search,Returning
U02581,2024-09-05,Hyderabad,iOS,Organic,New
U02582,2023-12-10,Bengaluru,iOS,Organic,Returning
U02583,2024-11-01,Bengaluru,Android,Organic,New
U02584,2024-12-30,Hyderabad,iOS,Paid Search,New
U02585,2024-11-22,Hyderabad,iOS,Organic,New
U02586,2024-11-18,Hyderabad,Android,Paid Search,New
U02587,2024-10-14,Delhi,iOS,Organic,New
U02588,2024-11-16,Mumbai,iOS,Paid Search,New
U02589,2024-11-19,Hyderabad,iOS,Organic,New
U02590,2024-10-01,Bengaluru,Android,Organic,New
U02591,2023-07-11,Hyderabad,iOS,Paid Search,Returning
U02592,2024-09-13,Bengaluru,Android,Paid Search,Returning
U02593,2024-04-20,Kolkata,Android,Organic,Returning
U02594,2024-10-02,Mumbai,Android,Paid Search,New
U02595,2024-12-20,Mumbai,Android,Paid Social,New
U02596,2024-04-02,Mumbai,Android,Organic,Returning
U02597,2024-11-03,Bengaluru,Android,Paid Search,New
U02598,2024-10-10,Delhi,Android,Paid Search,New
U02599,2023-03-07,Hyderabad,iOS,Paid Social,Returning
U02600,2023-04-25,Mumbai,Android,Paid Search,Returning
U02601,2024-11-13,Mumbai,Android,Referral,New
U02602,2024-09-17,Bengaluru,Android,Paid Search,Returning
U02603,2024-11-17,Hyderabad,Android,Paid Search,New
U02604,2024-09-19,Delhi,Android,Organic,Returning
U02605,2024-11-12,Bengaluru,Android,Paid Search,New
U02606,2024-11-21,Kolkata,Android,Organic,New
U02607,2024-02-28,Mumbai,iOS,Organic,Returning
U02608,2024-10-17,Mumbai,Android,Organic,New
U02609,2023-11-03,Kolkata,Android,Paid Social,Returning
U02610,2024-11-09,Delhi,iOS,Paid Social,New
U02611,2024-04-10,Kolkata,Android,Referral,Returning
U02612,2023-01-23,Hyderabad,Android,Organic,Returning
U02613,2024-09-08,Mumbai,Android,Referral,New
U02614,2023-08-25,Bengaluru,Android,Paid Social,Returning
U02615,2024-10-23,Bengaluru,Android,Referral,New
U02616,2024-10-07,Delhi,iOS,Paid Social,New
U02617,2024-10-24,Bengaluru,Android,Organic,New
U02618,2023-11-25,Bengaluru,iOS,Referral,Returning
U02619,2023-07-05,Mumbai,Android,Paid Search,Returning
U02620,2024-06-25,Hyderabad,iOS,Paid Social,Returning
U02621,2023-04-21,Bengaluru,Android,Organic,Returning
U02622,2023-05-07,Hyderabad,Android,Organic,Returning
U02623,2024-10-13,Kolkata,Android,Organic,New
U02624,2024-09-15,Hyderabad,Android,Paid Search,Returning
U02625,2023-12-10,Hyderabad,Android,Organic,Returning
U02626,2024-12-06,Hyderabad,Android,Referral,New
U02627,2023-06-04,Bengaluru,Android,Organic,Returning
U02628,2024-12-19,Delhi,Android,Organic,New
U02629,2024-10-08,Kolkata,Android,Organic,New
U02630,2024-11-15,Mumbai,Android,Organic,New
U02631,2024-12-09,Hyderabad,Android,Organic,New
U02632,2024-10-27,Kolkata,Android,Paid Social,New
U02633,2023-04-04,Bengaluru,Android,Referral,Returning
U02634,2023-07-01,Delhi,Android,Organic,Returning
U02635,2024-09-11,Mumbai,Android,Organic,New
U02636,2024-12-23,Bengaluru,Android,Paid Social,New
U02637,2024-11-23,Mumbai,iOS,Organic,New
U02638,2024-12-03,Hyderabad,iOS,Paid Social,New
U02639,2024-02-08,Mumbai,Android,Paid Search,Returning
U02640,2024-12-03,Delhi,Android,Referral,New
U02641,2024-09-24,Hyderabad,Android,Organic,Returning
U02642,2023-04-05,Bengaluru,Android,Referral,Returning
U02643,2023-05-01,Kolkata,Android,Referral,Returning
U02644,2023-02-03,Bengaluru,Android,Organic,Returning
U02645,2024-12-03,Kolkata,Android,Paid Search,New
U02646,2024-05-20,Mumbai,Android,Organic,Returning
U02647,2024-05-03,Delhi,Android,Organic,Returning
U02648,2024-05-01,Mumbai,Android,Referral,Returning
U02649,2023-12-15,Bengaluru,iOS,Organic,Returning
U02650,2023-01-26,Delhi,iOS,Organic,Returning
U02651,2023-07-19,Hyderabad,Android,Organic,Returning
U02652,2024-10-05,Hyderabad,iOS,Paid Search,New
U02653,2023-06-19,Bengaluru,iOS,Referral,Returning
U02654,2023-04-18,Mumbai,Android,Paid Search,Returning
U02655,2024-09-04,Hyderabad,Android,Paid Search,New
U02656,2023-04-13,Hyderabad,iOS,Organic,Returning
U02657,2024-12-02,Delhi,Android,Paid Social,New
U02658,2024-03-19,Bengaluru,Android,Organic,Returning
U02659,2024-09-19,Kolkata,Android,Paid Search,New
U02660,2024-11-25,Delhi,Android,Paid Search,New
U02661,2024-05-27,Delhi,Android,Referral,Returning
U02662,2024-10-23,Hyderabad,iOS,Paid Social,New
U02663,2024-09-24,Delhi,Android,Paid Social,New
U02664,2024-09-08,Hyderabad,Android,Paid Search,New
U02665,2024-10-09,Bengaluru,Android,Organic,New
U02666,2023-11-20,Hyderabad,Android,Paid Search,Returning
U02667,2024-06-08,Kolkata,iOS,Paid Social,Returning
U02668,2024-10-14,Kolkata,Android,Paid Social,New
U02669,2023-06-08,Kolkata,Android,Paid Search,Returning
U02670,2024-11-09,Kolkata,Android,Organic,New
U02671,2023-05-01,Delhi,iOS,Organic,Returning
U02672,2024-09-12,Kolkata,iOS,Organic,New
U02673,2024-09-21,Kolkata,Android,Paid Social,New
U02674,2024-12-01,Mumbai,Android,Referral,New
U02675,2024-08-09,Delhi,Android,Paid Search,Returning
U02676,2024-11-07,Bengaluru,iOS,Paid Social,New
U02677,2024-09-24,Mumbai,iOS,Paid Social,New
U02678,2024-09-23,Hyderabad,Android,Organic,Returning
U02679,2024-07-12,Delhi,iOS,Organic,Returning
U02680,2024-10-06,Delhi,Android,Organic,New
U02681,2024-03-09,Mumbai,Android,Referral,Returning
U02682,2024-03-05,Bengaluru,Android,Organic,Returning
U02683,2024-11-27,Kolkata,Android,Paid Search,New
U02684,2023-03-07,Delhi,Android,Organic,Returning
U02685,2024-11-25,Bengaluru,Android,Paid Search,New
U02686,2024-02-03,Bengaluru,iOS,Organic,Returning
U02687,2024-09-10,Hyderabad,iOS,Referral,New
U02688,2024-04-11,Kolkata,Android,Organic,Returning
U02689,2024-09-16,Bengaluru,Android,Referral,New
U02690,2024-12-14,Bengaluru,iOS,Paid Search,New
U02691,2024-01-05,Delhi,Android,Organic,Returning
U02692,2024-09-19,Bengaluru,iOS,Paid Social,New
U02693,2024-08-17,Hyderabad,Android,Paid Search,Returning
U02694,2023-11-30,Bengaluru,Android,Organic,Returning
U02695,2024-03-19,Mumbai,iOS,Paid Social,Returning
U02696,2024-12-19,Delhi,Android,Paid Search,New
U02697,2023-12-09,Delhi,Android,Paid Search,Returning
U02698,2024-12-17,Delhi,Android,Paid Social,New
U02699,2024-10-26,Bengaluru,iOS,Paid Search,New
U02700,2024-06-07,Bengaluru,iOS,Organic,Returning
U02701,2023-03-12,Bengaluru,Android,Organic,Returning
U02702,2024-11-11,Bengaluru,Android,Organic,New
U02703,2024-12-22,Kolkata,Android,Paid Search,New
U02704,2024-06-18,Delhi,Android,Organic,Returning
U02705,2023-02-23,Delhi,Android,Organic,Returning
U02706,2024-10-20,Bengaluru,Android,Paid Social,New
U02707,2023-05-30,Hyderabad,Android,Organic,Returning
U02708,2024-12-20,Kolkata,Android,Organic,New
U02709,2024-11-30,Hyderabad,Android,Paid Social,New
U02710,2024-04-24,Mumbai,Android,Paid Social,Returning
U02711,2024-03-07,Hyderabad,Android,Paid Social,Returning
U02712,2024-09-16,Delhi,Android,Organic,New
U02713,2024-10-05,Hyderabad,Android,Paid Search,New
U02714,2024-10-01,Hyderabad,Android,Referral,New
U02715,2023-06-19,Bengaluru,Android,Organic,Returning
U02716,2024-09-19,Mumbai,Android,Organic,New
U02717,2024-12-12,Delhi,Android,Organic,New
U02718,2023-06-24,Bengaluru,Android,Referral,Returning
U02719,2024-10-06,Hyderabad,Android,Organic,New
U02720,2024-09-14,Bengaluru,Android,Paid Search,New
U02721,2024-10-09,Hyderabad,Android,Paid Search,New
U02722,2023-08-05,Kolkata,Android,Referral,Returning
U02723,2024-10-20,Mumbai,Android,Organic,New
U02724,2024-11-08,Delhi,Android,Paid Search,New
U02725,2024-12-17,Mumbai,iOS,Referral,New
U02726,2024-01-30,Hyderabad,Android,Organic,Returning
U02727,2024-01-12,Bengaluru,iOS,Paid Search,Returning
U02728,2024-11-30,Bengaluru,Android,Organic,New
U02729,2024-09-18,Mumbai,iOS,Organic,New
U02730,2023-07-11,Kolkata,iOS,Organic,Returning
U02731,2024-11-09,Delhi,Android,Organic,New
U02732,2024-09-28,Delhi,Android,Organic,New
U02733,2024-10-06,Kolkata,Android,Paid Social,New
U02734,2024-11-04,Bengaluru,Android,Paid Search,New
U02735,2024-09-06,Bengaluru,Android,Organic,New
U02736,2024-12-29,Mumbai,iOS,Paid Social,New
U02737,2024-11-03,Bengaluru,Android,Referral,New
U02738,2024-11-13,Bengaluru,iOS,Organic,New
U02739,2023-06-10,Mumbai,iOS,Organic,Returning
U02740,2024-08-08,Mumbai,iOS,Organic,Returning
U02741,2024-12-20,Mumbai,iOS,Referral,New
U02742,2023-08-29,Delhi,Android,Paid Social,Returning
U02743,2024-10-03,Mumbai,iOS,Paid Search,New
U02744,2023-12-16,Mumbai,Android,Organic,Returning
U02745,2024-12-03,Hyderabad,Android,Paid Search,New
U02746,2023-10-16,Hyderabad,Android,Paid Social,Returning
U02747,2024-10-09,Mumbai,Android,Organic,New
U02748,2024-12-18,Kolkata,iOS,Organic,New
U02749,2024-10-05,Hyderabad,Android,Organic,New
U02750,2024-12-14,Bengaluru,Android,Paid Social,New
U02751,2024-10-19,Kolkata,Android,Referral,New
U02752,2024-03-13,Kolkata,Android,Organic,Returning
U02753,2024-09-12,Delhi,Android,Referral,Returning
U02754,2024-09-27,Bengaluru,Android,Paid Search,New
U02755,2024-09-27,Mumbai,Android,Paid Social,Returning
U02756,2023-10-07,Delhi,Android,Referral,Returning
U02757,2023-08-18,Hyderabad,Android,Paid Search,Returning
U02758,2023-02-20,Mumbai,Android,Organic,Returning
U02759,2023-09-11,Bengaluru,Android,Organic,Returning
U02760,2024-09-18,Bengaluru,iOS,Paid Social,New
U02761,2023-08-19,Kolkata,iOS,Paid Search,Returning
U02762,2023-09-21,Bengaluru,iOS,Organic,Returning
U02763,2024-11-27,Hyderabad,Android,Paid Search,New
U02764,2024-11-24,Delhi,Android,Organic,New
U02765,2024-10-20,Delhi,iOS,Organic,New
U02766,2023-07-02,Mumbai,iOS,Paid Social,Returning
U02767,2024-11-11,Bengaluru,Android,Organic,New
U02768,2024-03-07,Mumbai,Android,Organic,Returning
U02769,2024-01-19,Hyderabad,Android,Organic,Returning
U02770,2024-01-12,Bengaluru,Android,Referral,Returning
U02771,2024-12-30,Delhi,iOS,Organic,New
U02772,2023-03-21,Hyderabad,iOS,Organic,Returning
U02773,2024-03-09,Hyderabad,iOS,Organic,Returning
U02774,2024-11-15,Mumbai,Android,Organic,New
U02775,2023-09-25,Hyderabad,Android,Organic,Returning
U02776,2024-11-06,Bengaluru,iOS,Organic,New
U02777,2023-07-15,Bengaluru,Android,Organic,Returning
U02778,2024-12-22,Mumbai,Android,Paid Search,New
U02779,2024-12-25,Hyderabad,Android,Organic,New
U02780,2024-09-04,Hyderabad,Android,Organic,New
U02781,2024-09-20,Bengaluru,Android,Paid Social,New
U02782,2024-12-28,Mumbai,iOS,Organic,New
U02783,2023-05-10,Mumbai,Android,Organic,Returning
U02784,2024-09-13,Bengaluru,Android,Referral,New
U02785,2024-10-08,Mumbai,Android,Paid Search,New
U02786,2023-01-22,Mumbai,Android,Paid Search,Returning
U02787,2023-01-10,Bengaluru,Android,Paid Search,Returning
U02788,2024-09-20,Delhi,Android,Referral,New
U02789,2024-02-06,Bengaluru,iOS,Organic,Returning
U02790,2024-10-28,Kolkata,Android,Organic,New
U02791,2023-08-26,Bengaluru,Android,Paid Social,Returning
U02792,2024-12-09,Bengaluru,Android,Organic,New
U02793,2024-05-12,Bengaluru,Android,Paid Search,Returning
U02794,2023-02-03,Bengaluru,Android,Organic,Returning
U02795,2024-01-03,Bengaluru,Android,Organic,Returning
U02796,2023-03-25,Mumbai,Android,Paid Search,Returning
U02797,2024-02-06,Bengaluru,Android,Paid Search,Returning
U02798,2024-09-28,Delhi,Android,Paid Search,New
U02799,2023-07-31,Bengaluru,Android,Organic,Returning
U02800,2024-05-10,Delhi,Android,Organic,Returning
U02801,2024-06-30,Bengaluru,Android,Paid Social,Returning
U02802,2024-12-03,Mumbai,Android,Organic,New
U02803,2024-10-11,Hyderabad,Android,Paid Search,New
U02804,2024-09-05,Hyderabad,iOS,Paid Search,Returning
U02805,2024-12-15,Bengaluru,Android,Organic,New
U02806,2024-10-20,Kolkata,iOS,Organic,New
U02807,2024-11-07,Hyderabad,Android,Paid Social,New
U02808,2023-02-14,Bengaluru,Android,Organic,Returning
U02809,2024-09-21,Delhi,Android,Organic,New
U02810,2024-12-25,Hyderabad,Android,Referral,New
U02811,2024-10-06,Delhi,iOS,Organic,New
U02812,2023-04-07,Delhi,iOS,Paid Social,Returning
U02813,2023-05-27,Mumbai,iOS,Organic,Returning
U02814,2024-12-05,Bengaluru,Android,Organic,New
U02815,2024-12-13,Kolkata,iOS,Paid Search,New
U02816,2024-10-20,Bengaluru,Android,Organic,New
U02817,2024-10-15,Bengaluru,iOS,Paid Social,New
U02818,2023-12-19,Bengaluru,Android,Organic,Returning
U02819,2024-11-17,Delhi,iOS,Paid Search,New
U02820,2023-08-21,Kolkata,Android,Paid Social,Returning
U02821,2024-10-09,Hyderabad,Android,Paid Search,New
U02822,2024-09-19,Kolkata,iOS,Paid Search,Returning
U02823,2024-12-18,Mumbai,Android,Organic,New
U02824,2023-05-14,Delhi,iOS,Organic,Returning
U02825,2023-09-27,Delhi,Android,Referral,Returning
U02826,2023-08-10,Bengaluru,Android,Paid Search,Returning
U02827,2024-12-09,Kolkata,Android,Paid Search,New
U02828,2024-09-04,Mumbai,Android,Paid Search,New
U02829,2023-06-19,Delhi,iOS,Organic,Returning
U02830,2023-08-24,Mumbai,Android,Organic,Returning
U02831,2024-11-02,Hyderabad,Android,Organic,New
U02832,2024-10-22,Bengaluru,Android,Organic,New
U02833,2024-09-15,Hyderabad,Android,Organic,New
U02834,2023-05-18,Hyderabad,iOS,Organic,Returning
U02835,2024-09-16,Hyderabad,iOS,Paid Search,Returning
U02836,2023-04-17,Bengaluru,Android,Paid Search,Returning
U02837,2024-05-13,Bengaluru,Android,Organic,Returning
U02838,2024-10-02,Delhi,Android,Paid Social,New
U02839,2024-12-18,Hyderabad,Android,Paid Search,New
U02840,2024-10-12,Kolkata,iOS,Organic,New
U02841,2024-03-02,Mumbai,Android,Paid Social,Returning
U02842,2024-10-26,Bengaluru,Android,Paid Search,New
U02843,2024-09-13,Bengaluru,Android,Paid Search,New
U02844,2024-09-19,Mumbai,Android,Referral,New
U02845,2024-11-18,Bengaluru,iOS,Organic,New
U02846,2023-11-23,Mumbai,Android,Paid Search,Returning
U02847,2024-12-31,Hyderabad,Android,Organic,New
U02848,2024-10-07,Delhi,Android,Organic,New
U02849,2024-04-20,Delhi,Android,Paid Search,Returning
U02850,2024-09-14,Bengaluru,Android,Organic,New
U02851,2024-11-27,Bengaluru,iOS,Organic,New
U02852,2024-10-10,Hyderabad,Android,Paid Search,New
U02853,2023-04-08,Delhi,Android,Organic,Returning
U02854,2024-12-02,Bengaluru,Android,Paid Search,New
U02855,2024-02-19,Bengaluru,iOS,Organic,Returning
U02856,2023-03-22,Bengaluru,Android,Organic,Returning
U02857,2023-03-04,Mumbai,Android,Paid Search,Returning
U02858,2024-11-01,Mumbai,iOS,Paid Search,New
U02859,2023-02-27,Mumbai,Android,Paid Social,Returning
U02860,2024-12-04,Mumbai,iOS,Referral,New
U02861,2024-12-31,Bengaluru,iOS,Organic,New
U02862,2024-10-10,Mumbai,iOS,Organic,New
U02863,2024-10-06,Bengaluru,Android,Referral,New
U02864,2024-09-22,Kolkata,Android,Paid Search,New
U02865,2024-09-08,Bengaluru,iOS,Referral,New
U02866,2024-11-27,Delhi,Android,Paid Social,New
U02867,2024-10-25,Bengaluru,Android,Paid Social,New
U02868,2024-09-14,Hyderabad,Android,Organic,New
U02869,2024-09-13,Bengaluru,Android,Organic,Returning
U02870,2024-10-04,Kolkata,Android,Paid Search,New
U02871,2024-01-31,Bengaluru,iOS,Paid Search,Returning
U02872,2024-09-05,Hyderabad,Android,Paid Social,New
U02873,2024-11-22,Mumbai,Android,Referral,New
U02874,2024-12-09,Bengaluru,iOS,Organic,New
U02875,2024-09-14,Bengaluru,Android,Organic,New
U02876,2024-11-07,Delhi,Android,Referral,New
U02877,2024-12-09,Hyderabad,Android,Paid Social,New
U02878,2024-10-17,Kolkata,Android,Paid Social,New
U02879,2024-09-21,Bengaluru,Android,Paid Search,New
U02880,2024-10-02,Delhi,Android,Referral,New
U02881,2024-11-22,Bengaluru,Android,Organic,New
U02882,2024-09-14,Bengaluru,Android,Organic,New
U02883,2024-12-28,Mumbai,Android,Organic,New
U02884,2024-09-17,Delhi,Android,Paid Search,New
U02885,2024-12-11,Bengaluru,Android,Paid Social,New
U02886,2024-12-04,Kolkata,Android,Paid Search,New
U02887,2024-11-25,Hyderabad,Android,Paid Search,New
U02888,2024-06-21,Hyderabad,iOS,Organic,Returning
U02889,2024-12-27,Bengaluru,Android,Paid Social,New
U02890,2024-10-07,Kolkata,iOS,Organic,New
U02891,2024-12-17,Mumbai,Android,Paid Search,New
U02892,2024-04-20,Mumbai,Android,Organic,Returning
U02893,2023-10-31,Bengaluru,Android,Paid Search,Returning
U02894,2023-10-23,Kolkata,Android,Paid Search,Returning
U02895,2024-04-09,Mumbai,Android,Paid Search,Returning
U02896,2024-10-04,Hyderabad,iOS,Paid Search,New
U02897,2024-08-23,Mumbai,iOS,Referral,Returning
U02898,2024-09-24,Hyderabad,iOS,Referral,New
U02899,2024-01-13,Hyderabad,iOS,Organic,Returning
U02900,2024-09-15,Kolkata,Android,Organic,New
U02901,2024-11-06,Bengaluru,Android,Organic,New
U02902,2023-01-30,Bengaluru,Android,Organic,Returning
U02903,2024-09-15,Hyderabad,Android,Organic,New
U02904,2023-06-18,Mumbai,iOS,Referral,Returning
U02905,2025-01-01,Mumbai,Android,Referral,New
U02906,2023-08-19,Hyderabad,Android,Organic,Returning
U02907,2024-05-24,Mumbai,Android,Paid Social,Returning
U02908,2024-09-25,Hyderabad,iOS,Paid Social,New
U02909,2023-06-14,Delhi,Android,Organic,Returning
U02910,2023-12-22,Hyderabad,iOS,Referral,Returning
U02911,2024-02-21,Bengaluru,Android,Referral,Returning
U02912,2024-12-18,Mumbai,Android,Referral,New
U02913,2024-10-23,Kolkata,Android,Paid Social,New
U02914,2023-11-11,Bengaluru,iOS,Organic,Returning
U02915,2024-09-13,Delhi,iOS,Organic,New
U02916,2024-11-27,Delhi,Android,Referral,New
U02917,2024-11-04,Mumbai,Android,Organic,New
U02918,2024-03-12,Delhi,Android,Paid Search,Returning
U02919,2024-11-18,Bengaluru,Android,Organic,New
U02920,2024-06-23,Kolkata,Android,Paid Search,Returning
U02921,2023-10-05,Bengaluru,Android,Organic,Returning
U02922,2024-12-14,Mumbai,Android,Paid Social,New
U02923,2024-09-20,Mumbai,iOS,Paid Search,New
U02924,2023-01-09,Bengaluru,iOS,Organic,Returning
U02925,2024-09-18,Bengaluru,iOS,Organic,New
U02926,2023-05-23,Kolkata,iOS,Paid Search,Returning
U02927,2024-03-27,Mumbai,iOS,Paid Social,Returning
U02928,2024-07-07,Bengaluru,Android,Referral,Returning
U02929,2024-09-19,Hyderabad,Android,Paid Social,New
U02930,2023-10-17,Mumbai,Android,Paid Search,Returning
U02931,2023-12-02,Bengaluru,iOS,Paid Social,Returning
U02932,2024-12-23,Hyderabad,Android,Paid Search,New
U02933,2023-08-15,Mumbai,Android,Paid Search,Returning
U02934,2023-08-25,Bengaluru,Android,Paid Social,Returning
U02935,2024-06-29,Kolkata,Android,Organic,Returning
U02936,2024-10-18,Delhi,Android,Paid Search,New
U02937,2024-11-10,Delhi,iOS,Paid Social,New
U02938,2024-12-14,Delhi,Android,Organic,New
U02939,2024-11-28,Hyderabad,iOS,Paid Social,New
U02940,2024-09-27,Hyderabad,Android,Organic,New
U02941,2024-06-10,Kolkata,iOS,Paid Search,Returning
U02942,2024-09-22,Bengaluru,Android,Paid Social,New
U02943,2023-07-02,Hyderabad,Android,Organic,Returning
U02944,2024-10-31,Mumbai,iOS,Organic,New
U02945,2024-11-05,Delhi,iOS,Paid Search,New
U02946,2024-12-29,Bengaluru,iOS,Organic,New
U02947,2024-12-05,Hyderabad,iOS,Organic,New
U02948,2023-04-22,Bengaluru,Android,Paid Social,Returning
U02949,2023-05-08,Mumbai,Android,Organic,Returning
U02950,2023-12-12,Mumbai,Android,Paid Search,Returning
U02951,2024-09-27,Bengaluru,iOS,Organic,New
U02952,2023-11-25,Kolkata,iOS,Organic,Returning
U02953,2024-11-16,Hyderabad,iOS,Organic,New
U02954,2024-03-14,Mumbai,iOS,Referral,Returning
U02955,2024-12-15,Hyderabad,Android,Paid Search,New
U02956,2024-12-26,Delhi,Android,Organic,New
U02957,2024-11-24,Hyderabad,Android,Organic,New
U02958,2025-01-01,Bengaluru,Android,Paid Search,New
U02959,2024-11-18,Delhi,iOS,Paid Search,New
U02960,2023-06-04,Delhi,Android,Organic,Returning
U02961,2023-09-13,Delhi,iOS,Organic,Returning
U02962,2024-05-13,Delhi,Android,Paid Search,Returning
U02963,2024-12-08,Bengaluru,Android,Paid Search,New
U02964,2023-01-07,Kolkata,iOS,Paid Social,Returning
U02965,2024-10-22,Bengaluru,Android,Paid Search,New
U02966,2024-11-14,Bengaluru,iOS,Paid Social,New
U02967,2024-10-01,Delhi,Android,Paid Search,New
U02968,2024-09-30,Mumbai,Android,Paid Search,New
U02969,2024-06-22,Bengaluru,Android,Paid Search,Returning
U02970,2024-12-29,Mumbai,Android,Organic,New
U02971,2024-09-08,Hyderabad,iOS,Referral,New
U02972,2023-07-01,Bengaluru,iOS,Organic,Returning
U02973,2024-10-29,Kolkata,iOS,Paid Search,New
U02974,2023-12-10,Delhi,Android,Paid Search,Returning
U02975,2024-10-15,Mumbai,iOS,Referral,New
U02976,2023-02-25,Bengaluru,Android,Organic,Returning
U02977,2024-07-22,Hyderabad,Android,Referral,Returning
U02978,2024-01-05,Hyderabad,iOS,Organic,Returning
U02979,2023-09-12,Bengaluru,iOS,Organic,Returning
U02980,2024-08-03,Bengaluru,iOS,Referral,Returning
U02981,2024-04-29,Delhi,iOS,Organic,Returning
U02982,2024-12-21,Bengaluru,Android,Paid Search,New
U02983,2024-11-29,Kolkata,Android,Paid Search,New
U02984,2024-07-28,Mumbai,Android,Referral,Returning
U02985,2024-12-22,Mumbai,Android,Paid Social,New
U02986,2024-10-03,Kolkata,Android,Organic,New
U02987,2024-10-08,Hyderabad,Android,Paid Social,New
U02988,2024-09-20,Hyderabad,Android,Organic,New
U02989,2024-12-29,Delhi,Android,Paid Search,New
U02990,2023-07-29,Delhi,iOS,Paid Social,Returning
U02991,2023-10-16,Delhi,Android,Paid Social,Returning
U02992,2024-05-22,Delhi,Android,Paid Search,Returning
U02993,2024-12-29,Delhi,Android,Paid Social,New
U02994,2024-11-08,Bengaluru,Android,Paid Search,New
U02995,2024-07-19,Delhi,Android,Referral,Returning
U02996,2024-12-30,Delhi,Android,Organic,New
U02997,2024-04-19,Delhi,iOS,Organic,Returning
U02998,2024-12-21,Bengaluru,iOS,Paid Social,New
U02999,2024-08-31,Delhi,Android,Organic,Returning
U03000,2024-09-04,Mumbai,Android,Paid Search,New
U03001,2024-09-30,Hyderabad,Android,Paid Social,Returning
U03002,2023-05-21,Hyderabad,Android,Paid Search,Returning
U03003,2024-11-14,Bengaluru,Android,Organic,New
U03004,2023-08-09,Bengaluru,iOS,Organic,Returning
U03005,2024-10-19,Delhi,Android,Organic,New
U03006,2023-09-04,Bengaluru,Android,Organic,Returning
U03007,2024-07-04,Delhi,iOS,Organic,Returning
U03008,2024-11-12,Kolkata,Android,Paid Social,New
U03009,2024-11-29,Bengaluru,Android,Organic,New
U03010,2024-06-15,Delhi,Android,Paid Social,Returning
U03011,2024-11-27,Hyderabad,Android,Referral,New
U03012,2023-08-22,Mumbai,Android,Organic,Returning
U03013,2023-08-20,Bengaluru,iOS,Referral,Returning
U03014,2024-01-09,Bengaluru,Android,Organic,Returning
U03015,2024-09-25,Kolkata,iOS,Paid Search,New
U03016,2024-03-22,Bengaluru,Android,Referral,Returning
U03017,2024-05-17,Mumbai,iOS,Paid Social,Returning
U03018,2024-12-08,Hyderabad,Android,Organic,New
U03019,2024-12-15,Delhi,Android,Organic,New
U03020,2024-10-30,Hyderabad,Android,Organic,New
U03021,2024-09-27,Bengaluru,Android,Referral,New
U03022,2024-06-18,Delhi,Android,Organic,Returning
U03023,2024-10-19,Delhi,Android,Paid Search,New
U03024,2023-11-29,Kolkata,iOS,Organic,Returning
U03025,2024-10-23,Bengaluru,Android,Organic,New
U03026,2024-11-27,Bengaluru,Android,Organic,New
U03027,2024-12-16,Kolkata,iOS,Organic,New
U03028,2023-06-22,Bengaluru,Android,Paid Search,Returning
U03029,2023-06-29,Kolkata,Android,Organic,Returning
U03030,2024-12-21,Mumbai,iOS,Paid Search,New
U03031,2023-03-16,Mumbai,iOS,Paid Search,Returning
U03032,2024-09-23,Hyderabad,Android,Organic,New
U03033,2024-10-04,Hyderabad,Android,Paid Social,New
U03034,2024-09-14,Bengaluru,Android,Paid Search,New
U03035,2023-07-17,Kolkata,Android,Paid Search,Returning
U03036,2024-09-23,Kolkata,iOS,Organic,Returning
U03037,2023-09-17,Kolkata,iOS,Organic,Returning
U03038,2024-11-09,Mumbai,Android,Paid Social,New
U03039,2024-12-20,Mumbai,Android,Referral,New
U03040,2023-02-06,Mumbai,iOS,Organic,Returning
U03041,2024-11-10,Bengaluru,Android,Organic,New
U03042,2023-10-26,Mumbai,iOS,Organic,Returning
U03043,2023-09-20,Mumbai,Android,Paid Social,Returning
U03044,2024-12-26,Mumbai,Android,Organic,New
U03045,2023-11-26,Delhi,Android,Referral,Returning
U03046,2023-03-19,Delhi,iOS,Organic,Returning
U03047,2024-10-05,Mumbai,Android,Referral,New
U03048,2024-03-13,Delhi,iOS,Organic,Returning
U03049,2023-06-25,Kolkata,Android,Organic,Returning
U03050,2024-09-22,Hyderabad,Android,Organic,New
U03051,2024-08-12,Bengaluru,Android,Organic,Returning
U03052,2024-11-19,Bengaluru,Android,Referral,New
U03053,2024-04-08,Hyderabad,Android,Paid Search,Returning
U03054,2023-04-14,Delhi,Android,Organic,Returning
U03055,2023-04-17,Hyderabad,Android,Referral,Returning
U03056,2024-10-03,Bengaluru,Android,Organic,New
U03057,2023-04-06,Bengaluru,iOS,Organic,Returning
U03058,2024-09-12,Delhi,iOS,Organic,New
U03059,2024-11-04,Hyderabad,Android,Paid Search,New
U03060,2024-09-05,Kolkata,Android,Referral,New
U03061,2023-02-14,Kolkata,iOS,Organic,Returning
U03062,2024-12-27,Mumbai,Android,Paid Social,New
U03063,2024-12-01,Hyderabad,iOS,Organic,New
U03064,2024-08-11,Bengaluru,Android,Organic,Returning
U03065,2024-12-17,Mumbai,iOS,Paid Social,New
U03066,2024-10-01,Kolkata,Android,Paid Social,New
U03067,2024-11-21,Delhi,Android,Paid Search,New
U03068,2024-09-25,Kolkata,Android,Organic,New
U03069,2023-07-03,Bengaluru,Android,Organic,Returning
U03070,2024-12-23,Bengaluru,Android,Paid Social,New
U03071,2024-11-29,Mumbai,iOS,Paid Search,New
U03072,2024-05-06,Kolkata,Android,Organic,Returning
U03073,2024-10-03,Delhi,Android,Organic,Returning
U03074,2023-07-05,Hyderabad,Android,Paid Social,Returning
U03075,2024-06-25,Bengaluru,Android,Organic,Returning
U03076,2024-08-24,Hyderabad,Android,Paid Search,Returning
U03077,2024-12-09,Mumbai,Android,Paid Social,New
U03078,2024-05-28,Bengaluru,iOS,Organic,Returning
U03079,2024-02-29,Hyderabad,iOS,Paid Search,Returning
U03080,2024-11-15,Hyderabad,Android,Paid Search,New
U03081,2024-10-06,Mumbai,iOS,Paid Search,New
U03082,2024-11-15,Bengaluru,Android,Referral,New
U03083,2023-04-24,Bengaluru,Android,Paid Search,Returning
U03084,2024-04-26,Kolkata,iOS,Organic,Returning
U03085,2024-02-11,Mumbai,iOS,Organic,Returning
U03086,2024-12-25,Hyderabad,Android,Paid Search,New
U03087,2024-12-06,Hyderabad,Android,Organic,New
U03088,2024-09-30,Hyderabad,Android,Paid Social,New
U03089,2024-10-04,Bengaluru,Android,Organic,New
U03090,2023-01-07,Mumbai,Android,Organic,Returning
U03091,2023-06-26,Mumbai,Android,Organic,Returning
U03092,2023-07-28,Bengaluru,iOS,Referral,Returning
U03093,2024-09-14,Bengaluru,Android,Paid Social,Returning
U03094,2023-08-23,Mumbai,Android,Paid Search,Returning
U03095,2024-09-29,Kolkata,iOS,Organic,New
U03096,2024-09-29,Mumbai,iOS,Referral,New
U03097,2024-12-19,Bengaluru,Android,Referral,New
U03098,2024-11-20,Kolkata,Android,Organic,New
U03099,2024-12-26,Bengaluru,iOS,Paid Social,New
U03100,2024-10-15,Bengaluru,iOS,Referral,New
U03101,2024-09-03,Kolkata,Android,Organic,Returning
U03102,2024-12-11,Hyderabad,Android,Organic,New
U03103,2023-02-11,Kolkata,iOS,Paid Search,Returning
U03104,2024-09-20,Hyderabad,iOS,Organic,Returning
U03105,2024-07-19,Mumbai,Android,Paid Social,Returning
U03106,2024-07-14,Delhi,Android,Paid Search,Returning
U03107,2024-12-06,Delhi,iOS,Organic,New
U03108,2023-09-15,Kolkata,Android,Organic,Returning
U03109,2024-10-13,Kolkata,Android,Paid Social,New
U03110,2023-04-10,Delhi,Android,Organic,Returning
U03111,2024-12-23,Delhi,Android,Organic,New
U03112,2024-12-17,Delhi,iOS,Organic,New
U03113,2023-09-23,Delhi,Android,Paid Social,Returning
U03114,2023-03-26,Kolkata,iOS,Organic,Returning
U03115,2024-10-25,Bengaluru,Android,Organic,New
U03116,2024-03-01,Delhi,iOS,Paid Social,Returning
U03117,2024-12-22,Kolkata,Android,Organic,New
U03118,2023-12-11,Mumbai,Android,Paid Social,Returning
U03119,2024-09-12,Delhi,iOS,Organic,New
U03120,2024-09-10,Delhi,iOS,Paid Social,New
U03121,2024-10-28,Bengaluru,Android,Organic,New
U03122,2024-12-17,Bengaluru,Android,Organic,New
U03123,2024-12-29,Bengaluru,Android,Organic,New
U03124,2024-09-23,Bengaluru,iOS,Referral,New
U03125,2024-10-30,Bengaluru,Android,Paid Social,New
U03126,2024-11-23,Delhi,iOS,Organic,New
U03127,2024-12-31,Bengaluru,Android,Organic,New
U03128,2024-10-25,Kolkata,Android,Organic,New
U03129,2023-01-26,Bengaluru,Android,Organic,Returning
U03130,2024-08-06,Delhi,Android,Organic,Returning
U03131,2024-10-06,Kolkata,iOS,Referral,New
U03132,2023-01-29,Bengaluru,Android,Organic,Returning
U03133,2024-10-03,Mumbai,iOS,Referral,New
U03134,2024-10-12,Hyderabad,Android,Organic,New
U03135,2024-03-07,Mumbai,Android,Paid Social,Returning
U03136,2023-01-24,Bengaluru,iOS,Organic,Returning
U03137,2023-01-29,Hyderabad,Android,Organic,Returning
U03138,2024-10-08,Hyderabad,Android,Paid Social,New
U03139,2023-05-29,Delhi,Android,Organic,Returning
U03140,2024-12-13,Bengaluru,Android,Referral,New
U03141,2024-09-21,Bengaluru,iOS,Paid Social,New
U03142,2024-12-30,Hyderabad,Android,Referral,New
U03143,2023-10-22,Delhi,Android,Paid Social,Returning
U03144,2024-12-14,Bengaluru,Android,Organic,New
U03145,2023-04-01,Mumbai,Android,Organic,Returning
U03146,2024-06-19,Kolkata,iOS,Paid Social,Returning
U03147,2024-08-11,Bengaluru,iOS,Organic,Returning
U03148,2023-12-18,Bengaluru,Android,Paid Search,Returning
U03149,2024-05-24,Delhi,Android,Organic,Returning
U03150,2024-09-07,Mumbai,Android,Paid Social,New
U03151,2024-12-19,Delhi,iOS,Organic,New
U03152,2023-01-10,Kolkata,Android,Organic,Returning
U03153,2024-12-10,Bengaluru,Android,Referral,New
U03154,2024-09-25,Delhi,Android,Paid Social,New
U03155,2024-11-21,Delhi,iOS,Organic,New
U03156,2024-09-19,Delhi,Android,Organic,New
U03157,2024-10-28,Mumbai,Android,Paid Social,New
U03158,2024-10-30,Hyderabad,iOS,Organic,New
U03159,2023-04-24,Delhi,iOS,Paid Search,Returning
U03160,2024-12-05,Hyderabad,Android,Paid Social,New
U03161,2024-01-13,Bengaluru,iOS,Organic,Returning
U03162,2024-05-28,Mumbai,Android,Organic,Returning
U03163,2024-12-16,Delhi,Android,Organic,New
U03164,2023-09-06,Mumbai,Android,Organic,Returning
U03165,2024-07-04,Bengaluru,Android,Paid Search,Returning
U03166,2023-02-06,Kolkata,Android,Organic,Returning
U03167,2024-11-20,Kolkata,Android,Referral,New
U03168,2024-11-13,Hyderabad,Android,Paid Social,New
U03169,2024-09-08,Kolkata,iOS,Organic,New
U03170,2023-03-29,Bengaluru,Android,Paid Search,Returning
U03171,2023-03-29,Mumbai,Android,Organic,Returning
U03172,2024-02-12,Delhi,Android,Organic,Returning
U03173,2023-10-05,Kolkata,Android,Paid Search,Returning
U03174,2023-11-18,Bengaluru,Android,Organic,Returning
U03175,2023-04-24,Bengaluru,Android,Organic,Returning
U03176,2024-09-07,Hyderabad,Android,Organic,New
U03177,2023-02-23,Bengaluru,Android,Organic,Returning
U03178,2024-09-09,Hyderabad,iOS,Paid Search,New
U03179,2024-11-05,Delhi,iOS,Referral,New
U03180,2024-10-20,Mumbai,Android,Paid Search,New
U03181,2024-07-04,Kolkata,iOS,Referral,Returning
U03182,2024-10-08,Mumbai,Android,Paid Search,New
U03183,2024-10-25,Bengaluru,iOS,Organic,New
U03184,2024-12-28,Bengaluru,Android,Referral,New
U03185,2024-09-22,Bengaluru,Android,Organic,New
U03186,2024-11-10,Bengaluru,Android,Organic,New
U03187,2023-01-07,Mumbai,Android,Referral,Returning
U03188,2023-03-25,Delhi,iOS,Paid Search,Returning
U03189,2024-11-12,Bengaluru,Android,Referral,New
U03190,2024-12-31,Bengaluru,Android,Organic,New
U03191,2024-12-15,Kolkata,Android,Paid Social,New
U03192,2024-11-28,Bengaluru,Android,Organic,New
U03193,2024-11-27,Delhi,Android,Organic,New
U03194,2023-04-11,Delhi,Android,Referral,Returning
U03195,2023-02-23,Bengaluru,Android,Organic,Returning
U03196,2024-10-12,Kolkata,iOS,Paid Social,New
U03197,2024-12-10,Bengaluru,Android,Referral,New
U03198,2024-10-09,Hyderabad,Android,Referral,New
U03199,2024-12-26,Mumbai,Android,Organic,New
U03200,2023-07-25,Hyderabad,iOS,Organic,Returning
U03201,2023-06-27,Mumbai,iOS,Referral,Returning
U03202,2023-12-30,Hyderabad,Android,Paid Search,Returning
U03203,2024-06-21,Delhi,Android,Paid Search,Returning
U03204,2024-04-04,Mumbai,Android,Organic,Returning
U03205,2024-07-13,Hyderabad,Android,Organic,Returning
U03206,2024-12-09,Mumbai,iOS,Referral,New
U03207,2024-09-04,Mumbai,iOS,Paid Search,New
U03208,2024-11-28,Bengaluru,Android,Paid Social,New
U03209,2024-10-14,Bengaluru,iOS,Organic,New
U03210,2024-12-13,Delhi,iOS,Organic,New
U03211,2024-12-13,Bengaluru,iOS,Paid Search,New
U03212,2023-08-03,Delhi,iOS,Referral,Returning
U03213,2024-08-02,Bengaluru,Android,Organic,Returning
U03214,2024-04-07,Mumbai,iOS,Organic,Returning
U03215,2024-09-06,Hyderabad,Android,Paid Search,New
U03216,2024-10-03,Mumbai,Android,Organic,Returning
U03217,2024-09-05,Hyderabad,Android,Organic,New
U03218,2024-10-30,Bengaluru,iOS,Paid Search,New
U03219,2024-10-02,Bengaluru,Android,Organic,New
U03220,2025-01-01,Hyderabad,Android,Paid Search,New
U03221,2024-12-14,Hyderabad,iOS,Organic,New
U03222,2024-04-25,Hyderabad,Android,Paid Social,Returning
U03223,2024-07-06,Mumbai,Android,Paid Social,Returning
U03224,2024-05-06,Hyderabad,Android,Paid Social,Returning
U03225,2024-12-18,Hyderabad,Android,Paid Social,New
U03226,2024-02-27,Hyderabad,Android,Paid Search,Returning
U03227,2023-06-17,Hyderabad,Android,Organic,Returning
U03228,2024-11-10,Bengaluru,Android,Organic,New
U03229,2023-12-30,Bengaluru,iOS,Organic,Returning
U03230,2024-12-14,Delhi,iOS,Paid Social,New
U03231,2024-11-21,Mumbai,Android,Organic,New
U03232,2024-10-27,Hyderabad,iOS,Organic,New
U03233,2024-11-19,Delhi,iOS,Paid Search,New
U03234,2024-12-04,Delhi,iOS,Paid Search,New
U03235,2024-12-27,Hyderabad,Android,Organic,New
U03236,2024-10-17,Bengaluru,Android,Paid Search,New
U03237,2024-06-04,Hyderabad,Android,Paid Search,Returning
U03238,2024-12-15,Bengaluru,Android,Referral,New
U03239,2024-12-04,Delhi,Android,Paid Social,New
U03240,2024-10-07,Delhi,Android,Organic,New
U03241,2024-09-16,Delhi,Android,Paid Social,Returning
U03242,2024-05-17,Bengaluru,Android,Organic,Returning
U03243,2023-04-25,Bengaluru,Android,Organic,Returning
U03244,2024-11-02,Delhi,Android,Organic,New
U03245,2024-12-11,Delhi,iOS,Paid Search,New
U03246,2024-12-13,Hyderabad,Android,Paid Search,New
U03247,2024-11-24,Bengaluru,Android,Paid Search,New
U03248,2023-06-19,Delhi,Android,Paid Social,Returning
U03249,2023-11-07,Bengaluru,Android,Paid Search,Returning
U03250,2024-11-08,Kolkata,iOS,Organic,New
U03251,2023-11-15,Hyderabad,Android,Paid Search,Returning
U03252,2024-11-08,Kolkata,iOS,Paid Social,New
U03253,2024-11-09,Kolkata,iOS,Paid Search,New
U03254,2024-09-04,Delhi,Android,Paid Search,New
U03255,2024-11-30,Hyderabad,Android,Paid Search,New
U03256,2024-08-01,Delhi,Android,Paid Search,Returning
U03257,2024-11-01,Kolkata,Android,Organic,New
U03258,2024-12-22,Delhi,Android,Referral,New
U03259,2023-05-28,Delhi,Android,Organic,Returning
U03260,2024-10-31,Kolkata,Android,Organic,New
U03261,2024-10-10,Hyderabad,Android,Paid Social,New
U03262,2024-04-30,Kolkata,Android,Paid Social,Returning
U03263,2024-10-10,Bengaluru,Android,Paid Search,New
U03264,2024-09-18,Bengaluru,Android,Paid Search,New
U03265,2024-10-24,Delhi,iOS,Referral,New
U03266,2024-12-07,Delhi,Android,Organic,New
U03267,2024-10-11,Delhi,Android,Organic,New
U03268,2023-07-31,Delhi,Android,Paid Search,Returning
U03269,2024-01-02,Hyderabad,iOS,Paid Search,Returning
U03270,2024-10-14,Bengaluru,iOS,Paid Search,New
U03271,2023-07-04,Hyderabad,Android,Referral,Returning
U03272,2023-12-31,Hyderabad,Android,Organic,Returning
U03273,2023-07-16,Mumbai,Android,Organic,Returning
U03274,2024-01-09,Delhi,Android,Organic,Returning
U03275,2023-09-19,Bengaluru,Android,Paid Search,Returning
U03276,2023-11-27,Bengaluru,Android,Paid Social,Returning
U03277,2024-12-30,Hyderabad,iOS,Referral,New
U03278,2024-10-31,Delhi,Android,Paid Social,New
U03279,2024-10-28,Bengaluru,Android,Referral,New
U03280,2024-11-15,Kolkata,Android,Organic,New
U03281,2024-02-19,Mumbai,Android,Organic,Returning
U03282,2024-10-23,Hyderabad,iOS,Organic,New
U03283,2024-11-19,Delhi,iOS,Paid Social,New
U03284,2024-10-07,Kolkata,Android,Organic,New
U03285,2024-12-18,Bengaluru,iOS,Organic,New
U03286,2024-02-02,Bengaluru,Android,Organic,Returning
U03287,2024-04-06,Kolkata,Android,Organic,Returning
U03288,2024-10-21,Kolkata,Android,Paid Search,New
U03289,2024-12-30,Mumbai,Android,Referral,New
U03290,2024-09-20,Bengaluru,Android,Organic,New
U03291,2024-12-29,Delhi,Android,Paid Search,New
U03292,2023-01-05,Hyderabad,Android,Organic,Returning
U03293,2023-11-28,Hyderabad,iOS,Organic,Returning
U03294,2024-11-13,Delhi,Android,Organic,New
U03295,2024-12-07,Bengaluru,Android,Paid Search,New
U03296,2023-06-21,Mumbai,iOS,Paid Search,Returning
U03297,2023-10-12,Hyderabad,Android,Paid Search,Returning
U03298,2024-12-17,Delhi,Android,Paid Social,New
U03299,2024-10-08,Mumbai,Android,Organic,New
U03300,2024-11-27,Kolkata,Android,Paid Social,New
U03301,2024-01-20,Bengaluru,Android,Paid Social,Returning
U03302,2024-11-14,Mumbai,Android,Organic,New
U03303,2024-12-21,Mumbai,Android,Organic,New
U03304,2023-03-29,Mumbai,Android,Organic,Returning
U03305,2023-05-24,Kolkata,iOS,Organic,Returning
U03306,2024-12-06,Mumbai,iOS,Organic,New
U03307,2024-10-01,Mumbai,Android,Organic,New
U03308,2024-10-09,Bengaluru,iOS,Referral,New
U03309,2024-04-01,Hyderabad,iOS,Referral,Returning
U03310,2024-12-23,Bengaluru,iOS,Paid Search,New
U03311,2024-09-06,Bengaluru,Android,Paid Social,Returning
U03312,2023-08-01,Mumbai,Android,Referral,Returning
U03313,2024-09-25,Mumbai,Android,Organic,New
U03314,2023-06-18,Kolkata,iOS,Paid Search,Returning
U03315,2024-10-30,Hyderabad,Android,Paid Search,New
U03316,2024-11-06,Hyderabad,iOS,Referral,New
U03317,2023-07-13,Delhi,iOS,Paid Social,Returning
U03318,2024-12-11,Mumbai,Android,Organic,New
U03319,2024-09-30,Kolkata,Android,Paid Social,New
U03320,2024-12-19,Delhi,iOS,Organic,New
U03321,2024-09-06,Hyderabad,Android,Organic,New
U03322,2024-10-26,Mumbai,Android,Paid Search,New
U03323,2023-01-06,Bengaluru,iOS,Paid Social,Returning
U03324,2023-10-24,Mumbai,Android,Organic,Returning
U03325,2024-01-02,Bengaluru,Android,Organic,Returning
U03326,2024-08-17,Bengaluru,Android,Paid Social,Returning
U03327,2024-12-24,Bengaluru,iOS,Organic,New
U03328,2024-04-24,Bengaluru,Android,Paid Social,Returning
U03329,2024-09-14,Delhi,Android,Paid Search,New
U03330,2024-11-18,Kolkata,Android,Paid Search,New
U03331,2024-01-13,Delhi,Android,Organic,Returning
U03332,2024-12-10,Hyderabad,Android,Referral,New
U03333,2024-12-29,Mumbai,Android,Referral,New
U03334,2024-11-30,Bengaluru,iOS,Organic,New
U03335,2024-09-19,Bengaluru,Android,Paid Social,New
U03336,2024-10-28,Kolkata,iOS,Paid Social,New
U03337,2024-11-17,Mumbai,iOS,Organic,New
U03338,2023-07-30,Kolkata,Android,Paid Search,Returning
U03339,2024-09-26,Delhi,Android,Referral,New
U03340,2024-09-15,Hyderabad,Android,Paid Search,New
U03341,2024-11-24,Hyderabad,Android,Referral,New
U03342,2023-10-26,Kolkata,Android,Organic,Returning
U03343,2024-09-27,Bengaluru,Android,Referral,New
U03344,2025-01-01,Kolkata,Android,Referral,New
U03345,2024-09-16,Delhi,Android,Organic,New
U03346,2023-03-28,Hyderabad,Android,Paid Search,Returning
U03347,2023-01-22,Mumbai,Android,Paid Search,Returning
U03348,2023-06-03,Mumbai,Android,Referral,Returning
U03349,2024-06-07,Delhi,Android,Organic,Returning
U03350,2024-11-25,Hyderabad,Android,Organic,New
U03351,2024-09-21,Delhi,Android,Paid Social,New
U03352,2024-11-05,Mumbai,Android,Organic,New
U03353,2024-10-01,Mumbai,Android,Paid Search,New
U03354,2024-10-13,Hyderabad,Android,Paid Search,New
U03355,2024-11-24,Delhi,Android,Referral,New
U03356,2024-10-28,Hyderabad,iOS,Organic,New
U03357,2024-08-09,Mumbai,Android,Referral,Returning
U03358,2025-01-01,Mumbai,Android,Paid Search,New
U03359,2023-11-22,Mumbai,Android,Referral,Returning
U03360,2023-10-20,Hyderabad,iOS,Organic,Returning
U03361,2024-10-31,Hyderabad,iOS,Paid Search,New
U03362,2024-12-20,Mumbai,Android,Paid Social,New
U03363,2023-06-15,Bengaluru,Android,Paid Social,Returning
U03364,2024-04-28,Mumbai,Android,Organic,Returning
U03365,2024-12-03,Bengaluru,iOS,Paid Search,New
U03366,2024-12-15,Bengaluru,Android,Organic,New
U03367,2023-07-06,Hyderabad,iOS,Organic,Returning
U03368,2024-05-26,Delhi,Android,Paid Social,Returning
U03369,2024-10-14,Mumbai,Android,Referral,New
U03370,2024-11-14,Kolkata,Android,Paid Search,New
U03371,2023-02-20,Bengaluru,Android,Organic,Returning
U03372,2024-12-25,Bengaluru,Android,Organic,New
U03373,2023-02-24,Bengaluru,iOS,Organic,Returning
U03374,2024-12-23,Bengaluru,Android,Organic,New
U03375,2024-10-10,Hyderabad,Android,Paid Social,New
U03376,2024-09-09,Hyderabad,iOS,Organic,New
U03377,2024-10-02,Mumbai,iOS,Organic,New
U03378,2023-10-22,Bengaluru,iOS,Paid Social,Returning
U03379,2024-09-29,Mumbai,iOS,Organic,New
U03380,2023-05-23,Bengaluru,Android,Organic,Returning
U03381,2024-11-21,Hyderabad,iOS,Paid Search,New
U03382,2024-09-26,Mumbai,Android,Organic,Returning
U03383,2024-04-19,Bengaluru,iOS,Paid Search,Returning
U03384,2024-12-10,Hyderabad,iOS,Paid Search,New
U03385,2024-10-30,Hyderabad,Android,Paid Social,New
U03386,2024-09-22,Delhi,Android,Organic,Returning
U03387,2024-10-07,Mumbai,iOS,Organic,New
U03388,2024-10-01,Mumbai,Android,Paid Search,Returning
U03389,2024-09-26,Bengaluru,Android,Organic,New
U03390,2024-09-06,Bengaluru,iOS,Organic,New
U03391,2024-10-04,Hyderabad,Android,Organic,New
U03392,2023-11-05,Kolkata,Android,Organic,Returning
U03393,2024-02-23,Mumbai,Android,Organic,Returning
U03394,2024-10-30,Mumbai,Android,Referral,New
U03395,2024-01-13,Mumbai,Android,Paid Search,Returning
U03396,2023-05-12,Delhi,iOS,Paid Search,Returning
U03397,2024-12-17,Bengaluru,Android,Organic,New
U03398,2024-10-22,Delhi,iOS,Organic,New
U03399,2023-12-08,Kolkata,iOS,Paid Social,Returning
U03400,2024-04-29,Hyderabad,Android,Paid Social,Returning
U03401,2024-11-13,Kolkata,iOS,Referral,New
U03402,2023-04-16,Bengaluru,iOS,Organic,Returning
U03403,2024-12-28,Mumbai,Android,Organic,New
U03404,2023-11-12,Mumbai,Android,Paid Social,Returning
U03405,2023-04-21,Bengaluru,Android,Organic,Returning
U03406,2024-02-22,Bengaluru,Android,Organic,Returning
U03407,2024-11-29,Hyderabad,Android,Organic,New
U03408,2024-10-03,Mumbai,Android,Organic,New
U03409,2024-09-08,Mumbai,iOS,Paid Social,New
U03410,2024-12-19,Delhi,iOS,Referral,New
U03411,2023-02-20,Mumbai,iOS,Paid Search,Returning
U03412,2024-12-13,Bengaluru,iOS,Organic,New
U03413,2024-11-04,Bengaluru,Android,Paid Social,New
U03414,2024-11-18,Mumbai,Android,Paid Search,New
U03415,2024-11-08,Delhi,Android,Paid Social,New
U03416,2024-12-24,Kolkata,Android,Paid Search,New
U03417,2024-08-06,Delhi,Android,Referral,Returning
U03418,2024-01-15,Bengaluru,iOS,Organic,Returning
U03419,2024-09-14,Bengaluru,Android,Paid Search,New
U03420,2023-04-03,Hyderabad,Android,Paid Social,Returning
U03421,2023-05-30,Bengaluru,Android,Referral,Returning
U03422,2024-12-26,Bengaluru,Android,Referral,New
U03423,2023-10-26,Delhi,Android,Organic,Returning
U03424,2024-10-21,Delhi,Android,Paid Social,New
U03425,2024-10-05,Mumbai,iOS,Organic,New
U03426,2024-09-30,Mumbai,iOS,Paid Search,New
U03427,2025-01-01,Bengaluru,Android,Organic,New
U03428,2023-11-10,Hyderabad,Android,Organic,Returning
U03429,2024-01-22,Delhi,Android,Referral,Returning
U03430,2023-08-24,Mumbai,Android,Paid Social,Returning
U03431,2023-01-03,Bengaluru,Android,Paid Search,Returning
U03432,2024-10-09,Mumbai,Android,Organic,New
U03433,2024-07-23,Delhi,Android,Organic,Returning
U03434,2024-12-04,Mumbai,Android,Organic,New
U03435,2024-10-14,Delhi,Android,Organic,New
U03436,2024-01-17,Kolkata,iOS,Referral,Returning
U03437,2024-12-09,Bengaluru,Android,Paid Search,New
U03438,2024-10-18,Kolkata,Android,Organic,New
U03439,2024-10-31,Kolkata,Android,Paid Social,New
U03440,2023-07-28,Delhi,iOS,Organic,Returning
U03441,2024-11-15,Delhi,Android,Organic,New
U03442,2024-09-17,Delhi,Android,Organic,New
U03443,2024-10-29,Kolkata,Android,Organic,New
U03444,2024-09-11,Mumbai,Android,Paid Search,New
U03445,2024-03-27,Mumbai,iOS,Paid Social,Returning
U03446,2024-12-17,Bengaluru,Android,Paid Search,New
U03447,2023-05-03,Hyderabad,Android,Paid Social,Returning
U03448,2023-12-09,Bengaluru,Android,Referral,Returning
U03449,2024-11-02,Bengaluru,Android,Paid Social,New
U03450,2024-01-22,Delhi,Android,Referral,Returning
U03451,2023-09-26,Delhi,Android,Referral,Returning
U03452,2024-11-18,Kolkata,Android,Paid Social,New
U03453,2024-11-20,Hyderabad,iOS,Organic,New
U03454,2024-09-13,Bengaluru,Android,Organic,New
U03455,2023-02-05,Delhi,Android,Paid Social,Returning
U03456,2023-11-24,Hyderabad,iOS,Paid Social,Returning
U03457,2023-01-10,Mumbai,iOS,Paid Social,Returning
U03458,2023-08-10,Bengaluru,Android,Paid Search,Returning
U03459,2024-11-28,Delhi,Android,Paid Social,New
U03460,2024-03-17,Mumbai,Android,Paid Social,Returning
U03461,2024-10-12,Kolkata,iOS,Paid Social,New
U03462,2023-08-14,Mumbai,Android,Organic,Returning
U03463,2024-12-15,Bengaluru,iOS,Paid Search,New
U03464,2024-09-13,Hyderabad,Android,Organic,New
U03465,2023-09-24,Bengaluru,Android,Organic,Returning
U03466,2024-02-10,Kolkata,Android,Paid Search,Returning
U03467,2023-03-02,Delhi,Android,Organic,Returning
U03468,2024-11-29,Bengaluru,Android,Referral,New
U03469,2024-11-08,Delhi,iOS,Paid Search,New
U03470,2024-09-17,Bengaluru,Android,Paid Social,Returning
U03471,2024-09-12,Bengaluru,iOS,Organic,New
U03472,2024-10-20,Mumbai,Android,Paid Social,New
U03473,2024-10-04,Hyderabad,Android,Paid Search,New
U03474,2024-12-23,Hyderabad,Android,Paid Search,New
U03475,2024-12-04,Delhi,Android,Paid Search,New
U03476,2024-10-22,Bengaluru,Android,Paid Search,New
U03477,2023-09-09,Mumbai,iOS,Paid Search,Returning
U03478,2024-01-23,Delhi,Android,Paid Social,Returning
U03479,2024-06-14,Bengaluru,Android,Paid Social,Returning
U03480,2023-12-18,Kolkata,Android,Organic,Returning
U03481,2024-11-08,Kolkata,Android,Referral,New
U03482,2023-08-13,Bengaluru,Android,Organic,Returning
U03483,2024-05-12,Hyderabad,Android,Organic,Returning
U03484,2023-09-08,Mumbai,Android,Organic,Returning
U03485,2023-05-15,Delhi,iOS,Organic,Returning
U03486,2023-08-29,Mumbai,Android,Organic,Returning
U03487,2023-02-02,Bengaluru,Android,Paid Social,Returning
U03488,2023-02-10,Bengaluru,Android,Paid Search,Returning
U03489,2024-12-06,Kolkata,Android,Referral,New
U03490,2024-10-27,Mumbai,iOS,Organic,New
U03491,2023-12-16,Bengaluru,iOS,Paid Search,Returning
U03492,2024-10-02,Delhi,iOS,Organic,New
U03493,2024-06-15,Kolkata,iOS,Paid Search,Returning
U03494,2023-01-26,Delhi,Android,Organic,Returning
U03495,2024-09-17,Kolkata,Android,Paid Social,New
U03496,2024-07-13,Kolkata,Android,Paid Social,Returning
U03497,2023-03-06,Delhi,iOS,Organic,Returning
U03498,2023-02-05,Hyderabad,iOS,Organic,Returning
U03499,2024-11-27,Mumbai,Android,Organic,New
U03500,2023-02-05,Hyderabad,Android,Organic,Returning
U03501,2024-12-24,Delhi,Android,Paid Social,New
U03502,2023-02-01,Bengaluru,iOS,Paid Search,Returning
U03503,2024-10-17,Bengaluru,Android,Paid Social,New
U03504,2024-08-22,Mumbai,Android,Referral,Returning
U03505,2024-09-14,Hyderabad,Android,Organic,Returning
U03506,2023-09-30,Hyderabad,Android,Referral,Returning
U03507,2024-12-06,Mumbai,Android,Paid Social,New
U03508,2023-04-16,Bengaluru,Android,Organic,Returning
U03509,2023-08-20,Bengaluru,iOS,Paid Social,Returning
U03510,2024-11-10,Hyderabad,Android,Paid Search,New
U03511,2023-02-14,Mumbai,iOS,Paid Social,Returning
U03512,2023-09-22,Hyderabad,Android,Paid Social,Returning
U03513,2023-07-25,Bengaluru,Android,Referral,Returning
U03514,2024-04-22,Delhi,Android,Paid Social,Returning
U03515,2023-06-06,Kolkata,Android,Paid Social,Returning
U03516,2024-07-13,Bengaluru,Android,Organic,Returning
U03517,2023-03-26,Bengaluru,Android,Referral,Returning
U03518,2024-11-23,Mumbai,Android,Paid Social,New
U03519,2024-09-13,Mumbai,Android,Paid Social,New
U03520,2023-01-15,Kolkata,iOS,Referral,Returning
U03521,2024-11-04,Kolkata,Android,Organic,New
U03522,2024-08-20,Hyderabad,Android,Organic,Returning
U03523,2024-09-20,Bengaluru,Android,Paid Social,New
U03524,2024-09-30,Mumbai,Android,Referral,New
U03525,2024-11-10,Kolkata,iOS,Paid Social,New
U03526,2024-12-07,Delhi,Android,Paid Search,New
U03527,2024-12-28,Kolkata,iOS,Organic,New
U03528,2024-12-26,Mumbai,iOS,Paid Search,New
U03529,2023-08-18,Bengaluru,Android,Organic,Returning
U03530,2024-12-17,Mumbai,Android,Referral,New
U03531,2024-11-13,Hyderabad,Android,Paid Search,New
U03532,2024-11-02,Bengaluru,iOS,Organic,New
U03533,2024-10-27,Delhi,Android,Paid Search,New
U03534,2024-12-22,Hyderabad,Android,Referral,New
U03535,2024-08-21,Bengaluru,Android,Paid Search,Returning
U03536,2023-06-08,Delhi,iOS,Organic,Returning
U03537,2024-11-22,Hyderabad,Android,Paid Search,New
U03538,2024-07-23,Hyderabad,Android,Paid Search,Returning
U03539,2024-11-07,Mumbai,Android,Organic,New
U03540,2024-11-14,Kolkata,iOS,Paid Social,New
U03541,2024-06-11,Kolkata,iOS,Organic,Returning
U03542,2024-09-04,Delhi,Android,Paid Search,New
U03543,2023-02-14,Bengaluru,Android,Paid Search,Returning
U03544,2024-10-03,Hyderabad,Android,Paid Search,New
U03545,2024-11-10,Bengaluru,Android,Paid Search,New
U03546,2024-12-01,Hyderabad,Android,Paid Social,New
U03547,2024-11-30,Mumbai,Android,Organic,New
U03548,2023-09-02,Delhi,iOS,Organic,Returning
U03549,2024-09-17,Mumbai,Android,Paid Social,New
U03550,2024-04-28,Mumbai,Android,Referral,Returning
U03551,2024-08-21,Kolkata,Android,Organic,Returning
U03552,2024-10-09,Bengaluru,Android,Organic,New
U03553,2024-12-17,Kolkata,Android,Referral,New
U03554,2024-11-06,Bengaluru,Android,Organic,New
U03555,2024-11-10,Hyderabad,Android,Referral,New
U03556,2024-04-14,Kolkata,Android,Paid Social,Returning
U03557,2024-09-28,Delhi,iOS,Organic,New
U03558,2023-12-30,Bengaluru,iOS,Organic,Returning
U03559,2023-10-26,Hyderabad,Android,Referral,Returning
U03560,2024-10-31,Hyderabad,Android,Organic,New
U03561,2023-02-13,Delhi,Android,Paid Search,Returning
U03562,2024-12-30,Mumbai,iOS,Organic,New
U03563,2024-03-08,Hyderabad,iOS,Paid Search,Returning
U03564,2024-11-22,Bengaluru,Android,Paid Social,New
U03565,2024-02-18,Mumbai,Android,Paid Search,Returning
U03566,2023-04-02,Delhi,Android,Organic,Returning
U03567,2023-06-28,Bengaluru,Android,Paid Search,Returning
U03568,2024-12-02,Hyderabad,Android,Paid Social,New
U03569,2024-03-21,Delhi,Android,Organic,Returning
U03570,2024-09-23,Kolkata,Android,Paid Social,New
U03571,2024-02-18,Mumbai,Android,Paid Search,Returning
U03572,2024-11-12,Mumbai,Android,Organic,New
U03573,2024-12-14,Delhi,Android,Referral,New
U03574,2024-12-08,Delhi,iOS,Paid Search,New
U03575,2024-11-15,Hyderabad,Android,Organic,New
U03576,2024-09-30,Mumbai,Android,Organic,New
U03577,2024-01-01,Hyderabad,iOS,Organic,Returning
U03578,2024-10-21,Delhi,Android,Organic,New
U03579,2023-03-19,Delhi,Android,Organic,Returning
U03580,2024-12-09,Bengaluru,Android,Paid Social,New
U03581,2024-09-28,Hyderabad,Android,Paid Search,Returning
U03582,2024-01-30,Delhi,iOS,Organic,Returning
U03583,2024-12-16,Mumbai,Android,Paid Social,New
U03584,2024-05-02,Delhi,Android,Paid Social,Returning
U03585,2023-03-22,Delhi,Android,Paid Search,Returning
U03586,2023-11-24,Hyderabad,iOS,Referral,Returning
U03587,2024-12-02,Mumbai,iOS,Organic,New
U03588,2024-11-26,Kolkata,Android,Organic,New
U03589,2023-08-21,Bengaluru,Android,Organic,Returning
U03590,2024-10-11,Mumbai,Android,Organic,New
U03591,2023-01-19,Bengaluru,Android,Paid Search,Returning
U03592,2024-10-11,Hyderabad,Android,Organic,New
U03593,2023-12-04,Mumbai,Android,Paid Search,Returning
U03594,2024-12-30,Delhi,Android,Referral,New
U03595,2024-11-16,Hyderabad,iOS,Paid Social,New
U03596,2023-12-25,Delhi,Android,Paid Social,Returning
U03597,2023-12-26,Bengaluru,Android,Paid Social,Returning
U03598,2024-01-19,Delhi,iOS,Paid Social,Returning
U03599,2023-04-14,Bengaluru,Android,Paid Search,Returning
U03600,2024-12-06,Kolkata,Android,Organic,New
U03601,2024-11-05,Hyderabad,Android,Organic,New
U03602,2024-09-08,Hyderabad,Android,Organic,New
U03603,2024-09-04,Kolkata,Android,Paid Search,New
U03604,2024-12-13,Hyderabad,Android,Paid Search,New
U03605,2024-04-29,Delhi,Android,Organic,Returning
U03606,2024-10-04,Bengaluru,Android,Organic,New
U03607,2024-11-27,Delhi,iOS,Paid Social,New
U03608,2024-09-04,Kolkata,Android,Organic,New
U03609,2024-11-07,Kolkata,Android,Organic,New
U03610,2024-11-21,Hyderabad,Android,Organic,New
U03611,2023-09-30,Bengaluru,Android,Organic,Returning
U03612,2024-10-21,Bengaluru,Android,Paid Social,New
U03613,2023-05-15,Kolkata,Android,Organic,Returning
U03614,2024-05-17,Bengaluru,Android,Organic,Returning
U03615,2023-11-04,Mumbai,Android,Referral,Returning
U03616,2024-02-14,Delhi,Android,Paid Search,Returning
U03617,2024-09-19,Delhi,iOS,Paid Search,New
U03618,2024-09-05,Mumbai,Android,Paid Search,New
U03619,2024-10-04,Kolkata,iOS,Organic,New
U03620,2023-06-03,Hyderabad,Android,Organic,Returning
U03621,2023-10-13,Mumbai,Android,Organic,Returning
U03622,2024-11-13,Delhi,Android,Organic,New
U03623,2024-10-17,Kolkata,iOS,Organic,New
U03624,2024-04-03,Mumbai,Android,Paid Search,Returning
U03625,2024-05-02,Mumbai,iOS,Organic,Returning
U03626,2023-01-08,Hyderabad,Android,Organic,Returning
U03627,2024-07-24,Bengaluru,Android,Paid Search,Returning
U03628,2023-08-17,Bengaluru,iOS,Paid Search,Returning
U03629,2024-01-29,Hyderabad,iOS,Paid Search,Returning
U03630,2024-09-25,Mumbai,iOS,Organic,New
U03631,2024-12-17,Bengaluru,Android,Paid Social,New
U03632,2023-04-22,Delhi,iOS,Paid Social,Returning
U03633,2024-05-14,Kolkata,Android,Paid Search,Returning
U03634,2024-09-06,Mumbai,iOS,Paid Social,New
U03635,2023-05-31,Mumbai,iOS,Organic,Returning
U03636,2024-09-20,Bengaluru,Android,Organic,New
U03637,2023-01-31,Kolkata,Android,Organic,Returning
U03638,2024-11-01,Kolkata,Android,Paid Search,New
U03639,2024-08-18,Mumbai,iOS,Referral,Returning
U03640,2024-11-16,Delhi,iOS,Organic,New
U03641,2024-09-17,Hyderabad,iOS,Organic,New
U03642,2024-09-10,Hyderabad,iOS,Referral,New
U03643,2023-01-23,Hyderabad,Android,Organic,Returning
U03644,2024-12-24,Kolkata,iOS,Paid Search,New
U03645,2024-09-08,Mumbai,Android,Organic,New
U03646,2023-04-29,Delhi,Android,Referral,Returning
U03647,2024-11-28,Mumbai,Android,Organic,New
U03648,2024-11-04,Hyderabad,Android,Paid Social,New
U03649,2024-11-10,Delhi,Android,Paid Search,New
U03650,2023-08-27,Bengaluru,iOS,Referral,Returning
U03651,2024-10-12,Hyderabad,Android,Referral,New
U03652,2024-12-19,Delhi,iOS,Paid Social,New
U03653,2024-10-18,Hyderabad,Android,Organic,New
U03654,2024-12-02,Bengaluru,iOS,Paid Search,New
U03655,2024-09-28,Delhi,Android,Referral,New
U03656,2024-09-06,Delhi,iOS,Paid Search,New
U03657,2024-11-06,Hyderabad,Android,Referral,New
U03658,2024-09-27,Hyderabad,Android,Paid Social,New
U03659,2023-06-12,Delhi,Android,Organic,Returning
U03660,2024-09-23,Delhi,Android,Organic,New
U03661,2024-10-29,Bengaluru,Android,Organic,New
U03662,2024-08-24,Hyderabad,Android,Paid Social,Returning
U03663,2024-05-17,Kolkata,Android,Paid Search,Returning
U03664,2023-02-09,Hyderabad,iOS,Organic,Returning
U03665,2024-09-29,Bengaluru,Android,Paid Social,New
U03666,2024-11-02,Mumbai,Android,Organic,New
U03667,2024-12-13,Delhi,Android,Organic,New
U03668,2024-10-12,Bengaluru,Android,Paid Search,New
U03669,2024-10-18,Bengaluru,Android,Paid Search,New
U03670,2023-04-15,Bengaluru,Android,Organic,Returning
U03671,2024-09-09,Bengaluru,Android,Paid Social,New
U03672,2024-01-18,Hyderabad,Android,Paid Social,Returning
U03673,2024-11-27,Delhi,Android,Paid Social,New
U03674,2024-09-09,Hyderabad,Android,Referral,New
U03675,2024-05-12,Kolkata,Android,Organic,Returning
U03676,2023-10-16,Mumbai,Android,Organic,Returning
U03677,2024-12-14,Mumbai,iOS,Organic,New
U03678,2023-03-29,Hyderabad,Android,Paid Social,Returning
U03679,2024-12-16,Bengaluru,Android,Organic,New
U03680,2024-09-06,Delhi,Android,Referral,New
U03681,2023-09-10,Mumbai,iOS,Paid Search,Returning
U03682,2024-09-18,Hyderabad,Android,Paid Social,New
U03683,2024-12-29,Hyderabad,Android,Paid Search,New
U03684,2024-12-28,Hyderabad,iOS,Paid Social,New
U03685,2024-10-30,Hyderabad,Android,Paid Search,New
U03686,2024-12-27,Mumbai,Android,Paid Search,New
U03687,2024-10-28,Hyderabad,Android,Paid Social,New
U03688,2023-02-21,Kolkata,Android,Organic,Returning
U03689,2023-10-24,Mumbai,iOS,Referral,Returning
U03690,2024-09-29,Kolkata,Android,Paid Social,New
U03691,2024-12-20,Kolkata,Android,Paid Social,New
U03692,2023-06-21,Mumbai,Android,Organic,Returning
U03693,2024-12-13,Bengaluru,iOS,Organic,New
U03694,2024-11-03,Bengaluru,Android,Organic,New
U03695,2024-01-29,Hyderabad,Android,Paid Search,Returning
U03696,2024-10-29,Bengaluru,iOS,Organic,New
U03697,2024-12-14,Delhi,Android,Referral,New
U03698,2024-11-09,Mumbai,iOS,Referral,New
U03699,2024-10-02,Kolkata,iOS,Organic,New
U03700,2024-12-24,Hyderabad,Android,Paid Social,New
U03701,2023-12-22,Hyderabad,iOS,Organic,Returning
U03702,2024-12-06,Delhi,iOS,Organic,New
U03703,2023-10-26,Bengaluru,Android,Organic,Returning
U03704,2024-04-15,Mumbai,Android,Paid Social,Returning
U03705,2024-11-09,Bengaluru,iOS,Referral,New
U03706,2024-12-24,Mumbai,Android,Organic,New
U03707,2024-11-16,Kolkata,Android,Organic,New
U03708,2023-04-03,Mumbai,Android,Paid Search,Returning
U03709,2024-11-22,Mumbai,iOS,Paid Search,New
U03710,2024-05-26,Mumbai,iOS,Organic,Returning
U03711,2023-08-15,Hyderabad,iOS,Paid Social,Returning
U03712,2023-04-28,Delhi,Android,Referral,Returning
U03713,2023-08-15,Mumbai,iOS,Organic,Returning
U03714,2023-04-03,Bengaluru,Android,Referral,Returning
U03715,2024-05-28,Mumbai,Android,Paid Social,Returning
U03716,2023-12-12,Delhi,Android,Paid Search,Returning
U03717,2024-03-06,Mumbai,Android,Paid Social,Returning
U03718,2023-06-28,Hyderabad,Android,Paid Search,Returning
U03719,2024-07-14,Bengaluru,Android,Paid Search,Returning
U03720,2024-12-27,Mumbai,Android,Organic,New
U03721,2023-07-12,Bengaluru,Android,Paid Social,Returning
U03722,2024-11-29,Delhi,Android,Organic,New
U03723,2024-04-23,Bengaluru,Android,Organic,Returning
U03724,2024-11-05,Bengaluru,Android,Paid Search,New
U03725,2024-05-03,Kolkata,Android,Organic,Returning
U03726,2023-09-11,Kolkata,Android,Organic,Returning
U03727,2024-01-21,Hyderabad,Android,Organic,Returning
U03728,2024-12-28,Mumbai,iOS,Referral,New
U03729,2024-02-17,Hyderabad,iOS,Paid Search,Returning
U03730,2023-03-08,Kolkata,Android,Organic,Returning
U03731,2023-06-30,Mumbai,Android,Paid Social,Returning
U03732,2023-06-26,Bengaluru,Android,Paid Social,Returning
U03733,2023-05-16,Hyderabad,iOS,Organic,Returning
U03734,2024-01-05,Kolkata,Android,Paid Search,Returning
U03735,2024-11-03,Bengaluru,iOS,Organic,New
U03736,2024-08-30,Delhi,iOS,Paid Search,Returning
U03737,2024-11-18,Delhi,Android,Paid Social,New
U03738,2023-03-23,Delhi,Android,Organic,Returning
U03739,2023-11-29,Hyderabad,Android,Paid Search,Returning
U03740,2024-12-27,Delhi,Android,Organic,New
U03741,2024-10-04,Kolkata,Android,Paid Search,New
U03742,2024-10-29,Hyderabad,iOS,Organic,New
U03743,2024-08-15,Bengaluru,Android,Paid Social,Returning
U03744,2024-11-20,Hyderabad,iOS,Paid Search,New
U03745,2024-10-31,Hyderabad,Android,Organic,New
U03746,2023-11-15,Mumbai,Android,Paid Social,Returning
U03747,2024-11-15,Mumbai,iOS,Organic,New
U03748,2024-05-05,Hyderabad,iOS,Paid Search,Returning
U03749,2024-12-16,Delhi,Android,Paid Search,New
U03750,2024-11-24,Bengaluru,Android,Organic,New
U03751,2024-10-04,Delhi,Android,Organic,New
U03752,2024-10-07,Delhi,Android,Organic,New
U03753,2024-09-27,Hyderabad,iOS,Paid Social,New
U03754,2023-10-18,Bengaluru,Android,Paid Social,Returning
U03755,2024-09-15,Mumbai,Android,Organic,New
U03756,2024-10-27,Delhi,iOS,Organic,New
U03757,2024-12-17,Hyderabad,Android,Referral,New
U03758,2024-12-14,Mumbai,iOS,Organic,New
U03759,2023-02-16,Kolkata,Android,Organic,Returning
U03760,2024-11-17,Kolkata,Android,Paid Social,New
U03761,2023-12-20,Bengaluru,Android,Organic,Returning
U03762,2024-12-27,Hyderabad,Android,Referral,New
U03763,2024-10-19,Bengaluru,iOS,Organic,New
U03764,2024-10-03,Hyderabad,Android,Paid Social,New
U03765,2024-12-06,Mumbai,Android,Organic,New
U03766,2024-05-15,Delhi,Android,Organic,Returning
U03767,2024-10-29,Bengaluru,Android,Organic,New
U03768,2024-12-18,Delhi,Android,Referral,New
U03769,2023-08-21,Hyderabad,Android,Paid Search,Returning
U03770,2024-02-29,Hyderabad,Android,Organic,Returning
U03771,2023-10-27,Bengaluru,iOS,Referral,Returning
U03772,2023-03-02,Delhi,Android,Organic,Returning
U03773,2023-04-03,Delhi,Android,Organic,Returning
U03774,2024-08-13,Mumbai,Android,Organic,Returning
U03775,2024-08-07,Bengaluru,iOS,Paid Social,Returning
U03776,2024-09-08,Delhi,Android,Organic,New
U03777,2023-05-05,Kolkata,Android,Organic,Returning
U03778,2024-10-17,Delhi,Android,Referral,New
U03779,2023-09-04,Hyderabad,Android,Paid Search,Returning
U03780,2023-03-31,Mumbai,Android,Organic,Returning
U03781,2024-12-17,Delhi,Android,Paid Search,New
U03782,2023-06-20,Mumbai,iOS,Organic,Returning
U03783,2023-01-22,Bengaluru,Android,Paid Search,Returning
U03784,2024-10-27,Bengaluru,iOS,Organic,New
U03785,2024-10-13,Kolkata,Android,Paid Search,New
U03786,2023-07-16,Kolkata,Android,Paid Social,Returning
U03787,2024-05-13,Hyderabad,Android,Organic,Returning
U03788,2024-11-13,Bengaluru,Android,Organic,New
U03789,2024-10-18,Bengaluru,iOS,Organic,New
U03790,2024-01-07,Bengaluru,Android,Paid Social,Returning
U03791,2024-12-14,Kolkata,iOS,Paid Social,New
U03792,2024-12-06,Hyderabad,Android,Paid Social,New
U03793,2025-01-01,Mumbai,Android,Referral,New
U03794,2024-09-19,Kolkata,Android,Paid Social,New
U03795,2024-08-18,Bengaluru,Android,Referral,Returning
U03796,2023-05-31,Mumbai,Android,Paid Search,Returning
U03797,2023-08-11,Bengaluru,iOS,Organic,Returning
U03798,2023-08-14,Delhi,Android,Paid Search,Returning
U03799,2024-11-23,Kolkata,Android,Organic,New
U03800,2024-12-30,Kolkata,iOS,Organic,New
U03801,2024-11-26,Bengaluru,Android,Organic,New
U03802,2024-12-20,Bengaluru,iOS,Organic,New
U03803,2024-12-07,Mumbai,Android,Paid Social,New
U03804,2024-10-17,Bengaluru,iOS,Organic,New
U03805,2024-09-08,Mumbai,Android,Organic,New
U03806,2024-12-04,Mumbai,iOS,Referral,New
U03807,2023-12-01,Delhi,Android,Paid Search,Returning
U03808,2024-03-10,Delhi,iOS,Organic,Returning
U03809,2024-05-29,Bengaluru,Android,Organic,Returning
U03810,2023-10-10,Kolkata,iOS,Organic,Returning
U03811,2023-03-11,Delhi,iOS,Referral,Returning
U03812,2024-10-08,Mumbai,iOS,Organic,New
U03813,2024-07-09,Delhi,Android,Referral,Returning
U03814,2024-09-17,Hyderabad,Android,Organic,New
U03815,2024-10-30,Bengaluru,iOS,Paid Social,New
U03816,2024-12-27,Bengaluru,Android,Organic,New
U03817,2024-09-04,Hyderabad,Android,Paid Search,New
U03818,2024-09-19,Hyderabad,Android,Organic,New
U03819,2023-04-13,Delhi,Android,Organic,Returning
U03820,2023-08-05,Delhi,Android,Referral,Returning
U03821,2024-05-08,Kolkata,Android,Paid Social,Returning
U03822,2024-06-02,Bengaluru,Android,Organic,Returning
U03823,2024-10-30,Bengaluru,Android,Paid Social,New
U03824,2024-11-28,Delhi,iOS,Organic,New
U03825,2023-06-12,Delhi,Android,Referral,Returning
U03826,2024-10-26,Mumbai,iOS,Organic,New
U03827,2024-09-13,Hyderabad,Android,Organic,New
U03828,2024-11-25,Mumbai,Android,Organic,New
U03829,2024-06-11,Mumbai,Android,Organic,Returning
U03830,2023-06-21,Delhi,Android,Referral,Returning
U03831,2024-12-11,Hyderabad,Android,Organic,New
U03832,2024-01-29,Bengaluru,Android,Organic,Returning
U03833,2024-09-28,Delhi,Android,Paid Social,New
U03834,2024-09-28,Hyderabad,Android,Organic,New
U03835,2024-10-03,Delhi,Android,Organic,New
U03836,2024-10-20,Bengaluru,iOS,Paid Social,New
U03837,2023-07-02,Delhi,Android,Organic,Returning
U03838,2024-11-28,Hyderabad,Android,Paid Social,New
U03839,2023-03-11,Bengaluru,Android,Paid Search,Returning
U03840,2024-11-02,Hyderabad,iOS,Organic,New
U03841,2024-04-17,Hyderabad,Android,Paid Search,Returning
U03842,2024-09-01,Mumbai,Android,Organic,Returning
U03843,2024-04-13,Bengaluru,iOS,Paid Search,Returning
U03844,2023-06-26,Hyderabad,Android,Paid Search,Returning
U03845,2024-04-03,Bengaluru,iOS,Paid Social,Returning
U03846,2024-11-22,Kolkata,Android,Paid Search,New
U03847,2024-05-19,Hyderabad,iOS,Paid Social,Returning
U03848,2023-02-18,Bengaluru,Android,Organic,Returning
U03849,2024-09-04,Hyderabad,Android,Referral,New
U03850,2024-11-22,Mumbai,Android,Organic,New
U03851,2024-11-18,Delhi,Android,Paid Social,New
U03852,2024-09-20,Delhi,Android,Paid Search,New
U03853,2024-10-24,Mumbai,Android,Organic,New
U03854,2024-12-11,Hyderabad,Android,Organic,New
U03855,2023-12-25,Kolkata,iOS,Referral,Returning
U03856,2024-09-28,Delhi,Android,Paid Social,New
U03857,2024-07-12,Mumbai,iOS,Paid Social,Returning
U03858,2024-10-20,Hyderabad,Android,Organic,New
U03859,2023-02-01,Mumbai,Android,Paid Search,Returning
U03860,2024-12-18,Mumbai,Android,Organic,New
U03861,2024-09-07,Delhi,iOS,Paid Search,New
U03862,2024-12-25,Hyderabad,iOS,Organic,New
U03863,2024-08-24,Delhi,Android,Paid Social,Returning
U03864,2024-11-27,Bengaluru,Android,Paid Social,New
U03865,2024-03-15,Mumbai,iOS,Organic,Returning
U03866,2024-10-15,Delhi,Android,Paid Search,New
U03867,2024-09-30,Bengaluru,Android,Organic,Returning
U03868,2024-11-19,Bengaluru,Android,Organic,New
U03869,2024-04-22,Hyderabad,Android,Organic,Returning
U03870,2024-11-30,Kolkata,iOS,Organic,New
U03871,2024-09-18,Delhi,iOS,Organic,New
U03872,2024-10-24,Bengaluru,iOS,Paid Social,New
U03873,2024-10-10,Hyderabad,Android,Paid Social,New
U03874,2024-09-09,Delhi,Android,Paid Search,New
U03875,2023-02-13,Kolkata,Android,Referral,Returning
U03876,2024-12-18,Mumbai,Android,Referral,New
U03877,2024-09-28,Bengaluru,Android,Organic,New
U03878,2023-03-14,Mumbai,iOS,Paid Search,Returning
U03879,2024-12-09,Delhi,Android,Referral,New
U03880,2024-09-14,Hyderabad,Android,Organic,New
U03881,2024-06-16,Bengaluru,Android,Organic,Returning
U03882,2024-09-25,Hyderabad,Android,Referral,Returning
U03883,2023-02-01,Hyderabad,Android,Paid Social,Returning
U03884,2024-09-08,Kolkata,Android,Paid Social,New
U03885,2024-08-18,Kolkata,Android,Referral,Returning
U03886,2024-10-22,Bengaluru,Android,Organic,New
U03887,2023-01-27,Mumbai,iOS,Paid Social,Returning
U03888,2024-05-21,Hyderabad,Android,Paid Social,Returning
U03889,2024-01-20,Delhi,iOS,Organic,Returning
U03890,2024-09-29,Bengaluru,Android,Organic,New
U03891,2024-11-17,Delhi,Android,Organic,New
U03892,2023-05-17,Bengaluru,Android,Paid Social,Returning
U03893,2024-11-09,Kolkata,iOS,Paid Social,New
U03894,2024-10-26,Delhi,Android,Referral,New
U03895,2023-10-12,Hyderabad,Android,Organic,Returning
U03896,2024-09-27,Kolkata,iOS,Paid Search,Returning
U03897,2024-09-13,Delhi,iOS,Organic,New
U03898,2024-12-18,Hyderabad,Android,Referral,New
U03899,2024-12-03,Bengaluru,iOS,Paid Search,New
U03900,2024-11-08,Bengaluru,Android,Paid Social,New
U03901,2024-12-12,Bengaluru,Android,Organic,New
U03902,2023-11-01,Delhi,Android,Organic,Returning
U03903,2024-03-02,Delhi,iOS,Organic,Returning
U03904,2024-12-28,Delhi,Android,Paid Social,New
U03905,2024-11-20,Bengaluru,iOS,Organic,New
U03906,2024-09-16,Bengaluru,Android,Paid Social,Returning
U03907,2024-09-18,Mumbai,Android,Organic,Returning
U03908,2023-05-04,Bengaluru,Android,Paid Search,Returning
U03909,2024-09-29,Hyderabad,iOS,Organic,New
U03910,2023-03-04,Kolkata,iOS,Organic,Returning
U03911,2024-09-10,Hyderabad,iOS,Paid Search,New
U03912,2024-11-01,Mumbai,iOS,Organic,New
U03913,2024-01-16,Mumbai,Android,Paid Search,Returning
U03914,2024-12-29,Mumbai,iOS,Paid Search,New
U03915,2024-10-07,Kolkata,Android,Organic,New
U03916,2024-11-12,Kolkata,Android,Paid Search,New
U03917,2024-11-02,Delhi,Android,Paid Search,New
U03918,2024-12-29,Mumbai,Android,Organic,New
U03919,2024-03-10,Hyderabad,Android,Organic,Returning
U03920,2024-09-12,Bengaluru,Android,Organic,New
U03921,2024-09-04,Mumbai,Android,Organic,New
U03922,2024-04-23,Mumbai,iOS,Organic,Returning
U03923,2024-10-07,Hyderabad,iOS,Paid Search,New
U03924,2024-06-03,Delhi,Android,Organic,Returning
U03925,2024-11-18,Delhi,iOS,Referral,New
U03926,2024-03-19,Bengaluru,Android,Paid Social,Returning
U03927,2024-12-06,Mumbai,Android,Organic,New
U03928,2024-08-24,Kolkata,iOS,Paid Search,Returning
U03929,2024-10-13,Kolkata,Android,Organic,New
U03930,2024-01-28,Delhi,iOS,Organic,Returning
U03931,2024-09-12,Bengaluru,Android,Referral,New
U03932,2023-07-04,Hyderabad,Android,Paid Search,Returning
U03933,2024-10-13,Hyderabad,Android,Organic,New
U03934,2024-10-25,Mumbai,iOS,Referral,New
U03935,2024-12-02,Delhi,Android,Referral,New
U03936,2024-10-28,Bengaluru,Android,Paid Search,New
U03937,2024-10-17,Hyderabad,Android,Paid Social,New
U03938,2024-05-20,Mumbai,Android,Paid Social,Returning
U03939,2024-10-12,Delhi,Android,Paid Social,New
U03940,2024-09-26,Kolkata,iOS,Paid Search,New
U03941,2024-11-08,Mumbai,Android,Paid Social,New
U03942,2024-11-13,Kolkata,Android,Paid Search,New
U03943,2024-09-30,Delhi,Android,Organic,New
U03944,2023-10-03,Delhi,Android,Organic,Returning
U03945,2024-11-15,Kolkata,iOS,Organic,New
U03946,2024-06-06,Kolkata,iOS,Organic,Returning
U03947,2024-10-27,Kolkata,Android,Organic,New
U03948,2024-10-19,Hyderabad,Android,Paid Search,New
U03949,2024-03-10,Delhi,Android,Referral,Returning
U03950,2024-12-14,Bengaluru,iOS,Organic,New
U03951,2024-09-16,Delhi,iOS,Organic,New
U03952,2024-08-02,Kolkata,iOS,Paid Social,Returning
U03953,2024-08-25,Delhi,Android,Organic,Returning
U03954,2024-04-27,Hyderabad,Android,Paid Social,Returning
U03955,2024-09-19,Kolkata,iOS,Paid Search,New
U03956,2023-08-12,Kolkata,Android,Paid Search,Returning
U03957,2024-05-06,Kolkata,Android,Organic,Returning
U03958,2024-08-15,Mumbai,iOS,Organic,Returning
U03959,2024-10-21,Mumbai,iOS,Paid Search,New
U03960,2024-10-06,Kolkata,Android,Organic,New
U03961,2024-12-06,Bengaluru,Android,Organic,New
U03962,2024-11-15,Bengaluru,iOS,Organic,New
U03963,2024-06-01,Kolkata,Android,Paid Social,Returning
U03964,2024-09-06,Hyderabad,iOS,Paid Search,New
U03965,2024-09-21,Mumbai,Android,Paid Social,New
U03966,2024-11-26,Bengaluru,iOS,Paid Social,New
U03967,2024-12-04,Mumbai,iOS,Organic,New
U03968,2024-09-10,Kolkata,Android,Referral,New
U03969,2024-10-11,Mumbai,Android,Paid Social,New
U03970,2024-12-09,Delhi,Android,Organic,New
U03971,2023-01-22,Mumbai,iOS,Paid Search,Returning
U03972,2024-11-24,Kolkata,Android,Organic,New
U03973,2024-12-14,Kolkata,Android,Referral,New
U03974,2024-12-13,Delhi,iOS,Organic,New
U03975,2024-11-17,Mumbai,iOS,Organic,New
U03976,2024-12-04,Delhi,iOS,Referral,New
U03977,2024-09-29,Delhi,Android,Paid Search,New
U03978,2024-12-14,Bengaluru,iOS,Organic,New
U03979,2024-12-10,Mumbai,iOS,Paid Search,New
U03980,2023-05-31,Mumbai,Android,Paid Social,Returning
U03981,2024-11-10,Delhi,iOS,Organic,New
U03982,2024-12-08,Delhi,Android,Paid Search,New
U03983,2024-06-11,Bengaluru,iOS,Paid Search,Returning
U03984,2024-12-22,Bengaluru,iOS,Paid Search,New
U03985,2024-11-28,Hyderabad,Android,Referral,New
U03986,2024-12-01,Bengaluru,Android,Paid Search,New
U03987,2024-10-24,Bengaluru,Android,Paid Search,New
U03988,2024-10-12,Kolkata,Android,Paid Social,New
U03989,2023-10-23,Bengaluru,Android,Organic,Returning
U03990,2023-02-07,Kolkata,iOS,Organic,Returning
U03991,2024-09-02,Mumbai,Android,Referral,Returning
U03992,2024-12-14,Hyderabad,Android,Paid Social,New
U03993,2024-11-04,Mumbai,Android,Organic,New
U03994,2024-12-25,Bengaluru,Android,Organic,New
U03995,2024-11-25,Hyderabad,Android,Organic,New
U03996,2024-10-06,Hyderabad,Android,Organic,New
U03997,2024-12-03,Delhi,Android,Organic,New
U03998,2024-10-09,Hyderabad,Android,Paid Search,New
U03999,2024-12-20,Mumbai,iOS,Organic,New
U04000,2024-11-07,Kolkata,Android,Paid Search,New
U04001,2024-08-08,Hyderabad,Android,Referral,Returning
U04002,2024-10-30,Bengaluru,iOS,Referral,New
U04003,2023-07-02,Kolkata,iOS,Paid Social,Returning
U04004,2024-12-04,Kolkata,Android,Paid Search,New
U04005,2024-12-10,Hyderabad,iOS,Paid Search,New
U04006,2024-11-04,Bengaluru,iOS,Paid Search,New
U04007,2024-12-03,Hyderabad,iOS,Organic,New
U04008,2024-10-06,Mumbai,Android,Referral,New
U04009,2024-11-20,Delhi,Android,Paid Social,New
U04010,2024-07-24,Kolkata,Android,Paid Search,Returning
U04011,2024-12-28,Mumbai,iOS,Organic,New
U04012,2024-11-22,Hyderabad,iOS,Organic,New
U04013,2023-02-19,Mumbai,Android,Referral,Returning
U04014,2024-10-12,Delhi,Android,Organic,New
U04015,2024-04-14,Kolkata,Android,Organic,Returning
U04016,2024-11-04,Mumbai,Android,Paid Search,New
U04017,2024-11-19,Mumbai,iOS,Paid Social,New
U04018,2024-10-05,Delhi,Android,Organic,New
U04019,2024-11-18,Bengaluru,Android,Organic,New
U04020,2023-04-11,Hyderabad,Android,Paid Social,Returning
U04021,2024-12-22,Delhi,iOS,Referral,New
U04022,2024-10-03,Kolkata,iOS,Paid Search,New
U04023,2024-10-17,Kolkata,Android,Paid Social,New
U04024,2023-12-07,Hyderabad,Android,Organic,Returning
U04025,2023-10-20,Bengaluru,iOS,Paid Social,Returning
U04026,2023-04-12,Hyderabad,iOS,Paid Search,Returning
U04027,2024-09-23,Bengaluru,Android,Paid Social,Returning
U04028,2024-07-31,Hyderabad,Android,Paid Social,Returning
U04029,2024-11-06,Mumbai,Android,Organic,New
U04030,2023-09-28,Kolkata,Android,Organic,Returning
U04031,2024-11-27,Delhi,Android,Paid Social,New
U04032,2024-11-07,Delhi,iOS,Organic,New
U04033,2024-09-18,Kolkata,Android,Paid Social,Returning
U04034,2024-10-13,Mumbai,iOS,Paid Search,New
U04035,2024-12-13,Kolkata,Android,Organic,New
U04036,2024-10-25,Kolkata,Android,Paid Social,New
U04037,2024-11-24,Mumbai,Android,Paid Search,New
U04038,2023-10-27,Delhi,Android,Referral,Returning
U04039,2024-10-28,Mumbai,iOS,Organic,New
U04040,2023-11-10,Hyderabad,Android,Organic,Returning
U04041,2024-10-21,Kolkata,Android,Organic,New
U04042,2023-08-12,Delhi,iOS,Organic,Returning
U04043,2024-10-23,Hyderabad,Android,Paid Search,New
U04044,2024-05-20,Delhi,Android,Organic,Returning
U04045,2024-11-16,Mumbai,iOS,Organic,New
U04046,2024-12-07,Hyderabad,Android,Referral,New
U04047,2024-10-29,Kolkata,Android,Organic,New
U04048,2024-09-30,Delhi,Android,Organic,New
U04049,2024-10-21,Delhi,Android,Referral,New
U04050,2024-07-23,Bengaluru,Android,Paid Search,Returning
U04051,2024-03-23,Bengaluru,iOS,Organic,Returning
U04052,2023-01-03,Delhi,Android,Referral,Returning
U04053,2024-10-23,Kolkata,iOS,Paid Search,New
U04054,2024-11-29,Delhi,Android,Organic,New
U04055,2024-06-05,Delhi,Android,Organic,Returning
U04056,2023-08-28,Hyderabad,Android,Referral,Returning
U04057,2024-09-16,Bengaluru,Android,Organic,New
U04058,2024-02-29,Bengaluru,Android,Paid Social,Returning
U04059,2024-12-21,Kolkata,iOS,Organic,New
U04060,2023-03-28,Bengaluru,iOS,Organic,Returning
U04061,2024-07-11,Delhi,iOS,Referral,Returning
U04062,2023-03-01,Mumbai,Android,Referral,Returning
U04063,2024-10-29,Bengaluru,iOS,Organic,New
U04064,2023-06-29,Delhi,Android,Organic,Returning
U04065,2024-10-16,Bengaluru,iOS,Paid Social,New
U04066,2023-07-07,Delhi,iOS,Paid Search,Returning
U04067,2024-12-20,Kolkata,Android,Organic,New
U04068,2023-11-23,Delhi,Android,Organic,Returning
U04069,2024-05-21,Delhi,iOS,Referral,Returning
U04070,2024-11-18,Delhi,Android,Organic,New
U04071,2024-12-11,Kolkata,Android,Organic,New
U04072,2023-01-03,Bengaluru,iOS,Organic,Returning
U04073,2024-11-26,Kolkata,Android,Organic,New
U04074,2024-11-04,Delhi,Android,Paid Search,New
U04075,2024-09-26,Kolkata,Android,Organic,New
U04076,2024-11-10,Delhi,iOS,Paid Search,New
U04077,2024-05-07,Bengaluru,Android,Organic,Returning
U04078,2024-02-12,Mumbai,Android,Organic,Returning
U04079,2024-12-21,Bengaluru,Android,Referral,New
U04080,2024-12-29,Hyderabad,iOS,Paid Search,New
U04081,2024-09-04,Mumbai,iOS,Organic,New
U04082,2024-09-10,Hyderabad,Android,Organic,New
U04083,2023-04-10,Bengaluru,iOS,Paid Search,Returning
U04084,2024-12-04,Hyderabad,Android,Paid Social,New
U04085,2024-12-18,Delhi,iOS,Paid Search,New
U04086,2024-08-17,Kolkata,Android,Paid Social,Returning
U04087,2024-09-16,Hyderabad,Android,Organic,New
U04088,2024-05-05,Mumbai,iOS,Referral,Returning
U04089,2024-09-22,Kolkata,Android,Organic,New
U04090,2024-10-31,Mumbai,Android,Organic,New
U04091,2024-10-15,Mumbai,iOS,Paid Search,New
U04092,2023-01-16,Bengaluru,Android,Organic,Returning
U04093,2024-01-21,Mumbai,Android,Paid Search,Returning
U04094,2024-10-28,Delhi,Android,Organic,New
U04095,2024-11-28,Bengaluru,Android,Paid Social,New
U04096,2024-11-02,Hyderabad,Android,Paid Social,New
U04097,2023-11-16,Bengaluru,Android,Paid Search,Returning
U04098,2024-07-23,Mumbai,Android,Organic,Returning
U04099,2023-08-29,Bengaluru,iOS,Organic,Returning
U04100,2023-04-01,Delhi,Android,Paid Social,Returning
U04101,2024-11-30,Hyderabad,Android,Paid Search,New
U04102,2023-10-02,Bengaluru,Android,Paid Search,Returning
U04103,2024-10-25,Mumbai,Android,Organic,New
U04104,2024-10-21,Mumbai,Android,Organic,New
U04105,2024-06-22,Kolkata,Android,Organic,Returning
U04106,2024-09-29,Bengaluru,Android,Paid Social,New
U04107,2023-08-04,Hyderabad,Android,Paid Social,Returning
U04108,2023-05-30,Delhi,Android,Referral,Returning
U04109,2023-10-29,Delhi,Android,Organic,Returning
U04110,2024-09-20,Delhi,iOS,Paid Search,New
U04111,2024-12-04,Delhi,iOS,Paid Social,New
U04112,2024-04-20,Mumbai,iOS,Organic,Returning
U04113,2023-11-29,Bengaluru,Android,Paid Search,Returning
U04114,2024-09-27,Delhi,Android,Paid Social,New
U04115,2023-04-13,Mumbai,Android,Organic,Returning
U04116,2024-10-08,Mumbai,Android,Organic,New
U04117,2024-03-11,Bengaluru,Android,Organic,Returning
U04118,2024-05-27,Delhi,Android,Paid Search,Returning
U04119,2024-09-07,Delhi,Android,Organic,New
U04120,2024-10-01,Mumbai,Android,Organic,New
U04121,2023-01-27,Kolkata,Android,Organic,Returning
U04122,2023-10-28,Mumbai,Android,Paid Social,Returning
U04123,2024-01-27,Mumbai,Android,Referral,Returning
U04124,2025-01-01,Bengaluru,Android,Referral,New
U04125,2024-02-10,Kolkata,Android,Paid Social,Returning
U04126,2024-10-08,Delhi,Android,Organic,New
U04127,2024-09-11,Delhi,Android,Organic,New
U04128,2024-11-01,Bengaluru,Android,Paid Search,New
U04129,2023-01-28,Bengaluru,iOS,Paid Search,Returning
U04130,2023-07-21,Hyderabad,Android,Paid Social,Returning
U04131,2023-01-09,Bengaluru,Android,Organic,Returning
U04132,2024-10-02,Delhi,Android,Referral,Returning
U04133,2024-09-24,Bengaluru,Android,Organic,New
U04134,2024-12-12,Kolkata,Android,Paid Search,New
U04135,2024-09-19,Hyderabad,iOS,Referral,New
U04136,2024-12-30,Kolkata,Android,Paid Search,New
U04137,2024-10-03,Kolkata,Android,Paid Social,New
U04138,2024-06-29,Kolkata,iOS,Paid Social,Returning
U04139,2023-07-30,Delhi,Android,Paid Social,Returning
U04140,2024-02-20,Bengaluru,Android,Paid Social,Returning
U04141,2024-11-22,Delhi,Android,Organic,New
U04142,2024-09-19,Delhi,Android,Organic,New
U04143,2024-11-29,Hyderabad,iOS,Paid Social,New
U04144,2024-10-09,Bengaluru,Android,Paid Search,New
U04145,2024-10-16,Bengaluru,iOS,Paid Search,New
U04146,2024-09-25,Hyderabad,Android,Organic,New
U04147,2024-09-20,Bengaluru,iOS,Organic,New
U04148,2024-07-30,Bengaluru,iOS,Paid Search,Returning
U04149,2024-11-21,Bengaluru,iOS,Referral,New
U04150,2024-11-02,Hyderabad,iOS,Organic,New
U04151,2024-10-21,Bengaluru,Android,Organic,New
U04152,2024-09-07,Bengaluru,Android,Organic,New
U04153,2024-12-12,Bengaluru,Android,Paid Search,New
U04154,2024-12-23,Hyderabad,Android,Organic,New
U04155,2024-01-04,Bengaluru,Android,Paid Social,Returning
U04156,2024-11-12,Bengaluru,Android,Organic,New
U04157,2024-06-20,Kolkata,iOS,Organic,Returning
U04158,2024-11-29,Kolkata,iOS,Organic,New
U04159,2024-12-15,Bengaluru,iOS,Organic,New
U04160,2024-12-18,Delhi,Android,Paid Social,New
U04161,2024-09-16,Bengaluru,iOS,Referral,New
U04162,2024-10-21,Hyderabad,iOS,Paid Social,New
U04163,2024-10-03,Bengaluru,iOS,Referral,Returning
U04164,2024-12-01,Kolkata,iOS,Organic,New
U04165,2023-10-18,Hyderabad,Android,Referral,Returning
U04166,2024-11-07,Mumbai,Android,Paid Search,New
U04167,2024-12-12,Bengaluru,iOS,Paid Social,New
U04168,2024-12-16,Kolkata,Android,Paid Search,New
U04169,2024-09-18,Hyderabad,iOS,Organic,New
U04170,2024-11-16,Hyderabad,iOS,Organic,New
U04171,2023-08-09,Bengaluru,iOS,Organic,Returning
U04172,2024-08-30,Hyderabad,iOS,Organic,Returning
U04173,2023-09-26,Hyderabad,iOS,Paid Search,Returning
U04174,2024-09-16,Kolkata,iOS,Referral,New
U04175,2024-01-09,Mumbai,Android,Organic,Returning
U04176,2024-10-31,Mumbai,Android,Paid Search,New
U04177,2023-01-11,Delhi,Android,Paid Search,Returning
U04178,2024-08-07,Hyderabad,Android,Organic,Returning
U04179,2023-10-17,Kolkata,iOS,Organic,Returning
U04180,2023-10-26,Mumbai,iOS,Organic,Returning
U04181,2024-08-24,Bengaluru,Android,Paid Search,Returning
U04182,2024-12-27,Bengaluru,Android,Organic,New
U04183,2024-08-16,Mumbai,Android,Organic,Returning
U04184,2024-10-10,Kolkata,iOS,Organic,New
U04185,2024-05-24,Bengaluru,Android,Paid Social,Returning
U04186,2024-07-15,Delhi,Android,Paid Social,Returning
U04187,2024-11-15,Kolkata,Android,Organic,New
U04188,2024-11-15,Mumbai,Android,Paid Search,New
U04189,2024-12-14,Bengaluru,Android,Referral,New
U04190,2024-10-28,Delhi,iOS,Organic,New
U04191,2024-10-30,Delhi,iOS,Organic,New
U04192,2023-04-18,Bengaluru,Android,Organic,Returning
U04193,2024-10-02,Mumbai,Android,Organic,New
U04194,2023-12-09,Mumbai,Android,Paid Social,Returning
U04195,2024-11-12,Mumbai,Android,Paid Social,New
U04196,2024-12-08,Mumbai,Android,Paid Search,New
U04197,2024-10-29,Bengaluru,Android,Organic,New
U04198,2024-07-16,Bengaluru,Android,Paid Social,Returning
U04199,2024-11-23,Bengaluru,iOS,Organic,New
U04200,2024-11-06,Bengaluru,Android,Organic,New
U04201,2024-09-13,Hyderabad,iOS,Organic,New
U04202,2023-09-03,Bengaluru,Android,Referral,Returning
U04203,2024-10-20,Mumbai,Android,Paid Social,New
U04204,2023-07-03,Bengaluru,Android,Paid Search,Returning
U04205,2023-01-05,Bengaluru,Android,Paid Social,Returning
U04206,2023-08-10,Bengaluru,Android,Organic,Returning
U04207,2024-12-01,Mumbai,iOS,Organic,New
U04208,2024-11-28,Mumbai,iOS,Paid Social,New
U04209,2024-09-29,Hyderabad,Android,Referral,New
U04210,2024-09-28,Bengaluru,Android,Paid Search,New
U04211,2024-03-28,Mumbai,Android,Organic,Returning
U04212,2024-10-30,Hyderabad,iOS,Referral,New
U04213,2024-10-22,Delhi,Android,Organic,New
U04214,2024-09-18,Bengaluru,Android,Organic,New
U04215,2023-10-16,Bengaluru,iOS,Organic,Returning
U04216,2024-10-26,Bengaluru,iOS,Organic,New
U04217,2024-05-15,Kolkata,Android,Paid Search,Returning
U04218,2024-09-11,Delhi,Android,Paid Search,New
U04219,2024-08-15,Mumbai,Android,Organic,Returning
U04220,2023-01-21,Hyderabad,Android,Organic,Returning
U04221,2024-09-26,Delhi,Android,Paid Search,New
U04222,2024-10-05,Mumbai,iOS,Paid Search,New
U04223,2024-09-15,Bengaluru,Android,Organic,New
U04224,2024-11-21,Mumbai,iOS,Organic,New
U04225,2024-11-29,Bengaluru,Android,Referral,New
U04226,2024-07-17,Bengaluru,iOS,Referral,Returning
U04227,2023-10-09,Delhi,Android,Organic,Returning
U04228,2024-09-10,Hyderabad,Android,Paid Social,New
U04229,2024-11-15,Mumbai,Android,Referral,New
U04230,2024-10-15,Hyderabad,Android,Organic,New
U04231,2024-04-07,Bengaluru,Android,Referral,Returning
U04232,2024-10-04,Kolkata,Android,Paid Search,New
U04233,2023-01-11,Bengaluru,iOS,Paid Search,Returning
U04234,2024-06-02,Hyderabad,iOS,Paid Search,Returning
U04235,2024-10-18,Hyderabad,Android,Organic,New
U04236,2024-12-12,Mumbai,Android,Paid Social,New
U04237,2024-11-08,Delhi,Android,Paid Social,New
U04238,2024-08-26,Hyderabad,Android,Organic,Returning
U04239,2024-12-29,Hyderabad,Android,Paid Search,New
U04240,2023-02-05,Bengaluru,Android,Referral,Returning
U04241,2024-05-13,Hyderabad,Android,Referral,Returning
U04242,2023-01-25,Bengaluru,Android,Paid Search,Returning
U04243,2024-10-16,Mumbai,Android,Organic,New
U04244,2024-10-06,Mumbai,Android,Organic,New
U04245,2023-09-02,Hyderabad,Android,Organic,Returning
U04246,2024-10-10,Delhi,iOS,Paid Social,New
U04247,2023-10-16,Bengaluru,Android,Paid Social,Returning
U04248,2024-12-22,Mumbai,Android,Referral,New
U04249,2024-09-25,Bengaluru,iOS,Organic,New
U04250,2023-02-15,Mumbai,Android,Referral,Returning
U04251,2024-11-17,Delhi,Android,Referral,New
U04252,2024-11-17,Hyderabad,Android,Paid Social,New
U04253,2024-12-11,Bengaluru,Android,Referral,New
U04254,2024-10-18,Bengaluru,Android,Paid Search,New
U04255,2024-09-07,Delhi,iOS,Organic,Returning
U04256,2024-09-16,Bengaluru,Android,Organic,New
U04257,2024-11-06,Bengaluru,Android,Organic,New
U04258,2024-11-10,Delhi,Android,Organic,New
U04259,2024-03-15,Mumbai,Android,Paid Social,Returning
U04260,2024-12-22,Delhi,iOS,Organic,New
U04261,2024-03-16,Mumbai,Android,Organic,Returning
U04262,2023-10-10,Kolkata,iOS,Organic,Returning
U04263,2024-09-06,Mumbai,Android,Paid Social,New
U04264,2024-03-22,Delhi,Android,Referral,Returning
U04265,2024-09-16,Bengaluru,Android,Organic,Returning
U04266,2024-10-17,Bengaluru,Android,Paid Social,New
U04267,2024-09-18,Mumbai,Android,Referral,New
U04268,2023-06-13,Hyderabad,Android,Paid Social,Returning
U04269,2023-04-26,Bengaluru,Android,Paid Social,Returning
U04270,2023-10-29,Bengaluru,Android,Paid Search,Returning
U04271,2023-02-19,Delhi,Android,Referral,Returning
U04272,2024-10-09,Delhi,iOS,Organic,New
U04273,2023-11-22,Kolkata,Android,Paid Social,Returning
U04274,2023-09-05,Bengaluru,Android,Organic,Returning
U04275,2024-10-30,Bengaluru,Android,Organic,New
U04276,2024-11-18,Delhi,Android,Paid Social,New
U04277,2024-11-10,Bengaluru,Android,Paid Social,New
U04278,2023-12-04,Bengaluru,Android,Referral,Returning
U04279,2024-10-13,Delhi,Android,Referral,New
U04280,2023-07-28,Delhi,Android,Paid Social,Returning
U04281,2024-12-14,Bengaluru,Android,Paid Search,New
U04282,2024-11-15,Mumbai,Android,Referral,New
U04283,2024-02-12,Mumbai,iOS,Organic,Returning
U04284,2024-10-29,Bengaluru,Android,Organic,New
U04285,2024-03-02,Kolkata,iOS,Paid Search,Returning
U04286,2024-09-28,Delhi,Android,Paid Search,New
U04287,2023-07-20,Kolkata,Android,Paid Social,Returning
U04288,2024-12-22,Kolkata,iOS,Paid Social,New
U04289,2023-10-20,Delhi,Android,Organic,Returning
U04290,2023-04-10,Bengaluru,iOS,Paid Social,Returning
U04291,2024-12-24,Hyderabad,Android,Paid Search,New
U04292,2024-09-21,Delhi,Android,Referral,New
U04293,2024-09-27,Bengaluru,iOS,Organic,New
U04294,2023-06-03,Mumbai,Android,Paid Search,Returning
U04295,2023-10-28,Mumbai,iOS,Paid Social,Returning
U04296,2024-10-31,Hyderabad,iOS,Paid Search,New
U04297,2024-10-28,Hyderabad,Android,Organic,New
U04298,2023-10-29,Kolkata,Android,Organic,Returning
U04299,2024-10-27,Hyderabad,iOS,Organic,New
U04300,2023-10-16,Mumbai,Android,Paid Search,Returning
U04301,2024-12-04,Mumbai,iOS,Paid Search,New
U04302,2024-05-28,Kolkata,Android,Paid Search,Returning
U04303,2023-11-24,Kolkata,Android,Paid Social,Returning
U04304,2024-09-07,Hyderabad,Android,Organic,New
U04305,2024-12-09,Hyderabad,iOS,Organic,New
U04306,2024-12-28,Mumbai,iOS,Paid Social,New
U04307,2024-10-22,Bengaluru,Android,Paid Social,New
U04308,2024-12-26,Kolkata,Android,Paid Social,New
U04309,2023-10-01,Bengaluru,Android,Paid Social,Returning
U04310,2024-07-16,Bengaluru,Android,Referral,Returning
U04311,2024-09-27,Delhi,Android,Referral,New
U04312,2023-09-27,Mumbai,Android,Paid Search,Returning
U04313,2024-12-27,Mumbai,Android,Organic,New
U04314,2024-07-07,Bengaluru,Android,Organic,Returning
U04315,2024-12-25,Bengaluru,Android,Paid Search,New
U04316,2024-08-22,Bengaluru,Android,Paid Search,Returning
U04317,2024-05-01,Delhi,Android,Organic,Returning
U04318,2023-10-28,Bengaluru,iOS,Organic,Returning
U04319,2023-05-10,Hyderabad,Android,Referral,Returning
U04320,2024-11-12,Bengaluru,Android,Organic,New
U04321,2023-07-31,Delhi,iOS,Paid Social,Returning
U04322,2024-09-23,Delhi,Android,Referral,New
U04323,2023-02-14,Mumbai,iOS,Paid Social,Returning
U04324,2024-12-02,Hyderabad,Android,Organic,New
U04325,2024-09-16,Bengaluru,Android,Paid Social,New
U04326,2024-10-19,Delhi,Android,Paid Search,New
U04327,2024-11-21,Hyderabad,Android,Organic,New
U04328,2023-12-10,Bengaluru,Android,Paid Search,Returning
U04329,2023-07-28,Hyderabad,Android,Organic,Returning
U04330,2024-07-02,Kolkata,Android,Paid Social,Returning
U04331,2024-11-25,Mumbai,Android,Referral,New
U04332,2024-03-15,Kolkata,iOS,Paid Search,Returning
U04333,2024-11-03,Delhi,Android,Referral,New
U04334,2024-12-15,Delhi,iOS,Paid Search,New
U04335,2023-10-31,Bengaluru,Android,Referral,Returning
U04336,2024-10-10,Bengaluru,Android,Paid Social,New
U04337,2024-09-23,Bengaluru,Android,Organic,New
U04338,2024-10-11,Delhi,Android,Referral,New
U04339,2024-12-14,Mumbai,iOS,Referral,New
U04340,2023-08-12,Bengaluru,Android,Organic,Returning
U04341,2024-11-29,Mumbai,Android,Paid Social,New
U04342,2024-10-22,Bengaluru,iOS,Organic,New
U04343,2024-09-30,Delhi,Android,Organic,Returning
U04344,2024-09-17,Bengaluru,Android,Organic,New
U04345,2023-08-08,Hyderabad,iOS,Paid Search,Returning
U04346,2023-07-21,Mumbai,Android,Organic,Returning
U04347,2024-04-01,Hyderabad,Android,Organic,Returning
U04348,2024-03-02,Bengaluru,iOS,Referral,Returning
U04349,2024-11-26,Delhi,Android,Paid Search,New
U04350,2024-01-17,Kolkata,Android,Paid Social,Returning
U04351,2024-12-10,Bengaluru,Android,Organic,New
U04352,2024-11-03,Delhi,iOS,Organic,New
U04353,2024-02-01,Bengaluru,Android,Paid Social,Returning
U04354,2024-09-13,Bengaluru,Android,Organic,New
U04355,2024-02-26,Delhi,Android,Paid Search,Returning
U04356,2023-11-22,Bengaluru,Android,Referral,Returning
U04357,2023-09-17,Mumbai,Android,Organic,Returning
U04358,2024-09-23,Kolkata,Android,Paid Search,New
U04359,2024-11-13,Bengaluru,Android,Paid Search,New
U04360,2024-05-27,Bengaluru,Android,Organic,Returning
U04361,2024-11-04,Hyderabad,Android,Paid Social,New
U04362,2024-09-20,Delhi,Android,Paid Search,New
U04363,2024-03-23,Kolkata,Android,Organic,Returning
U04364,2024-01-19,Delhi,Android,Paid Search,Returning
U04365,2024-02-16,Mumbai,Android,Paid Search,Returning
U04366,2024-10-27,Kolkata,Android,Paid Search,New
U04367,2024-11-11,Bengaluru,iOS,Referral,New
U04368,2023-01-25,Hyderabad,Android,Paid Social,Returning
U04369,2024-10-10,Mumbai,Android,Organic,New
U04370,2024-12-30,Hyderabad,Android,Referral,New
U04371,2024-12-12,Bengaluru,Android,Paid Social,New
U04372,2024-10-11,Delhi,Android,Organic,New
U04373,2024-11-30,Bengaluru,iOS,Organic,New
U04374,2024-10-04,Kolkata,Android,Organic,New
U04375,2023-01-06,Bengaluru,Android,Organic,Returning
U04376,2024-10-05,Bengaluru,Android,Paid Search,New
U04377,2023-06-15,Kolkata,Android,Organic,Returning
U04378,2024-10-06,Delhi,Android,Referral,New
U04379,2024-02-12,Mumbai,iOS,Paid Search,Returning
U04380,2024-09-28,Delhi,iOS,Organic,New
U04381,2024-11-18,Mumbai,Android,Referral,New
U04382,2024-11-06,Bengaluru,Android,Paid Search,New
U04383,2024-12-24,Delhi,Android,Organic,New
U04384,2024-11-21,Mumbai,Android,Organic,New
U04385,2023-02-25,Delhi,Android,Paid Social,Returning
U04386,2023-03-14,Bengaluru,Android,Paid Search,Returning
U04387,2024-09-15,Bengaluru,iOS,Paid Search,New
U04388,2024-10-14,Hyderabad,Android,Paid Social,New
U04389,2024-09-29,Bengaluru,iOS,Paid Social,Returning
U04390,2024-06-05,Delhi,iOS,Referral,Returning
U04391,2024-10-29,Delhi,Android,Paid Social,New
U04392,2023-02-14,Delhi,Android,Paid Social,Returning
U04393,2024-09-12,Hyderabad,Android,Organic,New
U04394,2023-07-04,Delhi,iOS,Paid Search,Returning
U04395,2024-10-25,Kolkata,Android,Paid Search,New
U04396,2024-09-30,Mumbai,iOS,Paid Search,New
U04397,2024-11-10,Hyderabad,Android,Organic,New
U04398,2023-12-15,Hyderabad,Android,Paid Search,Returning
U04399,2024-12-17,Bengaluru,iOS,Organic,New
U04400,2024-05-28,Kolkata,Android,Paid Search,Returning
U04401,2023-11-14,Hyderabad,iOS,Organic,Returning
U04402,2023-05-11,Mumbai,Android,Referral,Returning
U04403,2024-09-23,Bengaluru,Android,Organic,New
U04404,2024-09-05,Bengaluru,Android,Paid Social,New
U04405,2024-12-10,Mumbai,Android,Paid Search,New
U04406,2023-01-23,Delhi,iOS,Organic,Returning
U04407,2023-05-17,Mumbai,Android,Paid Social,Returning
U04408,2024-09-19,Delhi,Android,Referral,New
U04409,2024-05-31,Mumbai,Android,Paid Social,Returning
U04410,2024-10-14,Bengaluru,Android,Referral,New
U04411,2024-11-25,Bengaluru,iOS,Paid Search,New
U04412,2024-12-31,Bengaluru,Android,Referral,New
U04413,2023-01-07,Hyderabad,iOS,Referral,Returning
U04414,2024-11-16,Mumbai,Android,Paid Social,New
U04415,2024-10-11,Kolkata,Android,Paid Social,New
U04416,2023-12-31,Hyderabad,Android,Paid Social,Returning
U04417,2024-12-10,Hyderabad,Android,Paid Search,New
U04418,2024-12-18,Mumbai,Android,Paid Search,New
U04419,2024-12-11,Hyderabad,iOS,Organic,New
U04420,2024-11-10,Kolkata,Android,Paid Social,New
U04421,2024-11-30,Hyderabad,iOS,Organic,New
U04422,2024-12-19,Bengaluru,Android,Paid Social,New
U04423,2024-04-25,Mumbai,Android,Paid Search,Returning
U04424,2024-09-23,Bengaluru,Android,Organic,New
U04425,2023-04-03,Bengaluru,Android,Organic,Returning
U04426,2024-11-19,Hyderabad,Android,Organic,New
U04427,2024-10-31,Hyderabad,iOS,Paid Search,New
U04428,2024-12-11,Bengaluru,iOS,Organic,New
U04429,2024-11-13,Bengaluru,Android,Organic,New
U04430,2024-10-21,Kolkata,Android,Organic,New
U04431,2024-12-30,Bengaluru,Android,Organic,New
U04432,2023-08-12,Bengaluru,Android,Organic,Returning
U04433,2024-09-26,Hyderabad,Android,Organic,Returning
U04434,2024-09-11,Hyderabad,Android,Paid Social,New
U04435,2024-05-24,Mumbai,iOS,Paid Social,Returning
U04436,2024-09-22,Mumbai,Android,Referral,Returning
U04437,2023-02-20,Delhi,Android,Organic,Returning
U04438,2024-09-18,Bengaluru,iOS,Organic,New
U04439,2024-12-16,Hyderabad,Android,Organic,New
U04440,2024-11-21,Hyderabad,Android,Paid Search,New
U04441,2024-09-10,Delhi,iOS,Organic,New
U04442,2024-11-02,Delhi,Android,Organic,New
U04443,2024-03-19,Delhi,Android,Paid Search,Returning
U04444,2023-05-15,Bengaluru,Android,Organic,Returning
U04445,2024-11-23,Delhi,iOS,Paid Search,New
U04446,2024-09-13,Bengaluru,Android,Paid Search,New
U04447,2024-11-13,Hyderabad,Android,Paid Social,New
U04448,2024-12-21,Bengaluru,Android,Organic,New
U04449,2024-12-13,Hyderabad,Android,Organic,New
U04450,2024-10-27,Mumbai,Android,Paid Search,New
U04451,2023-07-11,Hyderabad,Android,Organic,Returning
U04452,2023-09-02,Kolkata,iOS,Organic,Returning
U04453,2024-04-07,Delhi,Android,Paid Search,Returning
U04454,2024-01-02,Bengaluru,iOS,Organic,Returning
U04455,2024-12-21,Hyderabad,iOS,Organic,New
U04456,2024-11-22,Bengaluru,iOS,Paid Social,New
U04457,2024-11-16,Bengaluru,iOS,Paid Social,New
U04458,2024-01-21,Bengaluru,Android,Organic,Returning
U04459,2024-09-29,Kolkata,iOS,Paid Search,New
U04460,2023-12-18,Bengaluru,Android,Referral,Returning
U04461,2024-10-19,Mumbai,Android,Organic,New
U04462,2024-12-12,Delhi,Android,Paid Social,New
U04463,2024-09-11,Mumbai,Android,Organic,New
U04464,2023-10-09,Delhi,Android,Referral,Returning
U04465,2024-10-14,Kolkata,iOS,Organic,New
U04466,2024-11-21,Hyderabad,Android,Organic,New
U04467,2024-09-28,Delhi,Android,Referral,New
U04468,2023-11-03,Delhi,Android,Paid Social,Returning
U04469,2023-10-07,Hyderabad,iOS,Organic,Returning
U04470,2024-11-30,Hyderabad,Android,Paid Social,New
U04471,2024-02-09,Delhi,Android,Referral,Returning
U04472,2024-10-20,Delhi,iOS,Paid Search,New
U04473,2023-07-31,Bengaluru,iOS,Organic,Returning
U04474,2024-11-21,Bengaluru,Android,Organic,New
U04475,2024-12-05,Bengaluru,Android,Referral,New
U04476,2023-01-10,Bengaluru,Android,Organic,Returning
U04477,2024-11-21,Bengaluru,iOS,Organic,New
U04478,2024-09-30,Hyderabad,Android,Organic,New
U04479,2023-01-28,Hyderabad,Android,Organic,Returning
U04480,2024-03-05,Hyderabad,Android,Paid Search,Returning
U04481,2024-12-29,Mumbai,Android,Organic,New
U04482,2024-09-28,Mumbai,Android,Organic,Returning
U04483,2023-08-01,Bengaluru,Android,Organic,Returning
U04484,2024-12-25,Hyderabad,Android,Organic,New
U04485,2024-10-01,Delhi,iOS,Organic,Returning
U04486,2024-11-30,Mumbai,Android,Organic,New
U04487,2024-02-08,Kolkata,iOS,Paid Social,Returning
U04488,2024-09-09,Kolkata,Android,Organic,New
U04489,2024-11-04,Bengaluru,Android,Organic,New
U04490,2024-11-15,Hyderabad,Android,Paid Search,New
U04491,2024-10-06,Bengaluru,Android,Paid Social,New
U04492,2024-06-26,Bengaluru,iOS,Paid Social,Returning
U04493,2023-08-01,Bengaluru,Android,Referral,Returning
U04494,2024-09-11,Bengaluru,iOS,Organic,New
U04495,2024-12-18,Hyderabad,Android,Organic,New
U04496,2024-11-21,Delhi,Android,Organic,New
U04497,2024-09-09,Bengaluru,Android,Organic,New
U04498,2024-10-26,Kolkata,Android,Referral,New
U04499,2023-01-25,Mumbai,iOS,Paid Search,Returning
U04500,2023-10-24,Delhi,Android,Paid Social,Returning
U04501,2024-11-09,Mumbai,Android,Referral,New
U04502,2024-10-20,Mumbai,iOS,Paid Social,New
U04503,2023-05-01,Delhi,Android,Organic,Returning
U04504,2024-12-19,Mumbai,Android,Referral,New
U04505,2024-11-26,Kolkata,Android,Paid Search,New
U04506,2024-10-01,Delhi,Android,Organic,New
U04507,2024-11-23,Mumbai,iOS,Paid Search,New
U04508,2024-09-15,Bengaluru,Android,Referral,New
U04509,2023-05-11,Hyderabad,Android,Paid Social,Returning
U04510,2024-10-01,Delhi,iOS,Organic,New
U04511,2023-12-13,Delhi,Android,Referral,Returning
U04512,2024-10-03,Kolkata,Android,Paid Search,New
U04513,2023-04-26,Mumbai,iOS,Paid Social,Returning
U04514,2024-10-03,Bengaluru,Android,Organic,New
U04515,2024-10-17,Delhi,Android,Organic,New
U04516,2024-10-20,Delhi,iOS,Organic,New
U04517,2024-11-03,Kolkata,Android,Referral,New
U04518,2024-12-03,Delhi,iOS,Referral,New
U04519,2023-12-03,Bengaluru,Android,Organic,Returning
U04520,2024-09-14,Mumbai,Android,Organic,New
U04521,2024-12-22,Delhi,Android,Organic,New
U04522,2024-12-17,Bengaluru,Android,Paid Social,New
U04523,2023-08-15,Kolkata,iOS,Paid Search,Returning
U04524,2023-12-02,Bengaluru,Android,Paid Search,Returning
U04525,2023-08-24,Kolkata,Android,Organic,Returning
U04526,2024-11-19,Hyderabad,Android,Organic,New
U04527,2023-05-03,Bengaluru,Android,Referral,Returning
U04528,2024-05-09,Hyderabad,Android,Paid Search,Returning
U04529,2024-10-29,Hyderabad,Android,Organic,New
U04530,2024-09-27,Mumbai,Android,Organic,New
U04531,2023-09-26,Mumbai,iOS,Organic,Returning
U04532,2024-09-28,Bengaluru,iOS,Organic,New
U04533,2023-12-24,Bengaluru,Android,Organic,Returning
U04534,2024-12-13,Hyderabad,iOS,Paid Social,New
U04535,2024-10-02,Bengaluru,Android,Organic,New
U04536,2024-10-20,Bengaluru,Android,Organic,New
U04537,2024-07-13,Mumbai,Android,Paid Search,Returning
U04538,2023-07-03,Bengaluru,iOS,Organic,Returning
U04539,2024-12-14,Hyderabad,Android,Paid Search,New
U04540,2024-12-19,Hyderabad,Android,Referral,New
U04541,2024-12-01,Hyderabad,Android,Organic,New
U04542,2024-11-01,Bengaluru,Android,Paid Social,New
U04543,2024-09-23,Delhi,iOS,Organic,Returning
U04544,2024-09-05,Hyderabad,Android,Organic,New
U04545,2024-10-05,Delhi,iOS,Organic,New
U04546,2024-09-06,Hyderabad,Android,Paid Social,New
U04547,2023-07-20,Mumbai,Android,Organic,Returning
U04548,2024-10-25,Delhi,iOS,Paid Social,New
U04549,2024-05-28,Delhi,Android,Organic,Returning
U04550,2024-10-01,Mumbai,Android,Paid Search,New
U04551,2024-09-27,Bengaluru,Android,Organic,New
U04552,2023-11-05,Kolkata,Android,Organic,Returning
U04553,2024-10-07,Mumbai,Android,Paid Search,New
U04554,2023-10-10,Bengaluru,Android,Organic,Returning
U04555,2024-11-24,Hyderabad,iOS,Organic,New
U04556,2024-02-29,Delhi,iOS,Paid Search,Returning
U04557,2024-09-14,Bengaluru,Android,Paid Social,Returning
U04558,2023-11-15,Kolkata,Android,Paid Social,Returning
U04559,2024-10-07,Hyderabad,Android,Organic,New
U04560,2024-01-18,Mumbai,iOS,Organic,Returning
U04561,2023-04-02,Hyderabad,Android,Organic,Returning
U04562,2024-12-20,Mumbai,iOS,Organic,New
U04563,2024-12-03,Delhi,Android,Organic,New
U04564,2023-10-21,Bengaluru,Android,Organic,Returning
U04565,2024-09-25,Bengaluru,Android,Organic,New
U04566,2023-03-22,Delhi,Android,Paid Search,Returning
U04567,2024-08-26,Delhi,Android,Organic,Returning
U04568,2024-09-29,Hyderabad,Android,Organic,New
U04569,2024-11-19,Delhi,iOS,Organic,New
U04570,2024-09-16,Mumbai,Android,Organic,Returning
U04571,2024-12-08,Hyderabad,iOS,Paid Social,New
U04572,2024-06-05,Kolkata,Android,Organic,Returning
U04573,2024-10-20,Delhi,Android,Organic,New
U04574,2024-10-24,Kolkata,Android,Referral,New
U04575,2024-04-17,Hyderabad,Android,Organic,Returning
U04576,2025-01-01,Bengaluru,Android,Organic,New
U04577,2024-02-05,Delhi,Android,Paid Social,Returning
U04578,2024-11-20,Bengaluru,Android,Paid Search,New
U04579,2024-11-16,Mumbai,iOS,Referral,New
U04580,2024-10-06,Mumbai,Android,Referral,New
U04581,2024-06-03,Mumbai,Android,Paid Social,Returning
U04582,2024-04-06,Hyderabad,iOS,Organic,Returning
U04583,2024-07-19,Delhi,Android,Paid Search,Returning
U04584,2023-11-13,Delhi,iOS,Organic,Returning
U04585,2023-03-17,Kolkata,Android,Paid Search,Returning
U04586,2023-07-04,Kolkata,Android,Referral,Returning
U04587,2024-12-27,Hyderabad,Android,Organic,New
U04588,2023-12-28,Bengaluru,Android,Referral,Returning
U04589,2023-05-30,Bengaluru,Android,Paid Search,Returning
U04590,2023-01-26,Bengaluru,Android,Organic,Returning
U04591,2024-12-05,Delhi,Android,Referral,New
U04592,2024-10-11,Bengaluru,Android,Paid Search,New
U04593,2023-03-28,Kolkata,Android,Paid Search,Returning
U04594,2024-10-22,Mumbai,Android,Paid Search,New
U04595,2024-12-28,Delhi,Android,Organic,New
U04596,2024-04-24,Delhi,Android,Organic,Returning
U04597,2024-12-22,Delhi,Android,Paid Social,New
U04598,2024-12-28,Delhi,Android,Referral,New
U04599,2024-11-12,Hyderabad,Android,Paid Social,New
U04600,2024-09-18,Bengaluru,Android,Paid Social,New
U04601,2023-06-29,Hyderabad,iOS,Paid Social,Returning
U04602,2023-01-27,Bengaluru,Android,Organic,Returning
U04603,2023-05-11,Delhi,Android,Paid Social,Returning
U04604,2023-07-03,Kolkata,Android,Paid Social,Returning
U04605,2023-05-13,Bengaluru,Android,Organic,Returning
U04606,2024-11-02,Bengaluru,Android,Organic,New
U04607,2023-09-11,Mumbai,iOS,Paid Social,Returning
U04608,2024-11-13,Delhi,Android,Referral,New
U04609,2024-11-26,Bengaluru,iOS,Referral,New
U04610,2024-02-15,Bengaluru,iOS,Paid Search,Returning
U04611,2023-05-25,Bengaluru,Android,Paid Social,Returning
U04612,2024-12-06,Mumbai,Android,Paid Search,New
U04613,2024-01-10,Bengaluru,Android,Referral,Returning
U04614,2024-11-28,Hyderabad,iOS,Paid Search,New
U04615,2024-09-28,Hyderabad,Android,Referral,New
U04616,2024-10-27,Bengaluru,Android,Referral,New
U04617,2024-11-26,Delhi,Android,Organic,New
U04618,2024-12-23,Bengaluru,Android,Referral,New
U04619,2024-12-18,Delhi,Android,Paid Social,New
U04620,2024-12-22,Bengaluru,iOS,Organic,New
U04621,2024-11-24,Hyderabad,Android,Organic,New
U04622,2024-03-20,Delhi,iOS,Paid Social,Returning
U04623,2023-03-11,Mumbai,Android,Organic,Returning
U04624,2023-06-03,Mumbai,Android,Organic,Returning
U04625,2024-10-30,Hyderabad,Android,Paid Search,New
U04626,2023-11-16,Delhi,Android,Organic,Returning
U04627,2023-06-01,Bengaluru,Android,Organic,Returning
U04628,2024-12-31,Kolkata,Android,Paid Social,New
U04629,2024-10-10,Delhi,Android,Organic,New
U04630,2024-09-07,Mumbai,iOS,Paid Search,New
U04631,2024-09-27,Mumbai,Android,Organic,New
U04632,2024-10-11,Mumbai,iOS,Referral,New
U04633,2024-12-16,Bengaluru,Android,Organic,New
U04634,2024-09-15,Bengaluru,Android,Paid Social,New
U04635,2024-06-05,Mumbai,iOS,Paid Social,Returning
U04636,2024-10-29,Mumbai,iOS,Referral,New
U04637,2024-09-13,Hyderabad,iOS,Paid Search,New
U04638,2023-02-05,Hyderabad,iOS,Paid Search,Returning
U04639,2024-10-30,Kolkata,Android,Organic,New
U04640,2024-09-29,Kolkata,iOS,Paid Search,New
U04641,2024-10-07,Hyderabad,Android,Paid Search,New
U04642,2024-10-27,Bengaluru,Android,Paid Search,New
U04643,2024-09-30,Delhi,Android,Organic,New
U04644,2024-09-16,Mumbai,Android,Paid Search,New
U04645,2024-10-16,Mumbai,Android,Paid Search,New
U04646,2024-08-25,Bengaluru,Android,Paid Search,Returning
U04647,2024-01-13,Mumbai,Android,Paid Social,Returning
U04648,2024-10-30,Delhi,iOS,Organic,New
U04649,2024-10-16,Delhi,Android,Paid Search,New
U04650,2024-10-25,Hyderabad,Android,Organic,New
U04651,2023-02-14,Delhi,Android,Paid Social,Returning
U04652,2024-04-17,Mumbai,iOS,Paid Social,Returning
U04653,2024-12-16,Mumbai,iOS,Organic,New
U04654,2024-10-11,Mumbai,Android,Organic,New
U04655,2024-09-28,Bengaluru,iOS,Paid Social,New
U04656,2023-10-29,Mumbai,Android,Paid Social,Returning
U04657,2023-01-18,Delhi,iOS,Organic,Returning
U04658,2024-10-15,Mumbai,Android,Organic,New
U04659,2023-05-18,Bengaluru,Android,Organic,Returning
U04660,2024-12-25,Kolkata,Android,Paid Social,New
U04661,2023-10-22,Hyderabad,Android,Organic,Returning
U04662,2024-03-15,Delhi,Android,Paid Social,Returning
U04663,2024-09-30,Delhi,Android,Paid Social,New
U04664,2024-11-22,Delhi,Android,Paid Social,New
U04665,2023-11-19,Hyderabad,Android,Referral,Returning
U04666,2024-12-03,Mumbai,Android,Paid Search,New
U04667,2024-05-23,Hyderabad,Android,Paid Social,Returning
U04668,2024-12-07,Kolkata,iOS,Paid Social,New
U04669,2024-06-21,Delhi,Android,Paid Social,Returning
U04670,2024-12-24,Mumbai,Android,Paid Search,New
U04671,2024-10-12,Delhi,iOS,Organic,New
U04672,2024-11-08,Mumbai,Android,Referral,New
U04673,2024-10-24,Delhi,Android,Organic,New
U04674,2024-12-28,Hyderabad,Android,Referral,New
U04675,2023-07-23,Bengaluru,iOS,Organic,Returning
U04676,2024-12-13,Bengaluru,Android,Paid Search,New
U04677,2024-10-20,Delhi,Android,Referral,New
U04678,2025-01-01,Kolkata,Android,Paid Social,New
U04679,2024-09-15,Mumbai,iOS,Paid Search,New
U04680,2023-09-28,Delhi,Android,Organic,Returning
U04681,2024-02-13,Delhi,iOS,Organic,Returning
U04682,2024-09-04,Delhi,Android,Organic,New
U04683,2024-05-12,Kolkata,Android,Paid Search,Returning
U04684,2023-09-22,Kolkata,Android,Paid Search,Returning
U04685,2024-05-21,Hyderabad,iOS,Organic,Returning
U04686,2024-12-24,Hyderabad,Android,Organic,New
U04687,2024-10-26,Bengaluru,Android,Referral,New
U04688,2024-10-26,Delhi,Android,Paid Social,New
U04689,2023-03-16,Mumbai,Android,Paid Search,Returning
U04690,2023-05-02,Mumbai,Android,Referral,Returning
U04691,2024-11-05,Bengaluru,Android,Paid Search,New
U04692,2024-10-28,Hyderabad,Android,Organic,New
U04693,2024-09-30,Bengaluru,Android,Organic,Returning
U04694,2023-05-16,Delhi,Android,Referral,Returning
U04695,2024-09-10,Delhi,Android,Organic,New
U04696,2023-01-13,Hyderabad,iOS,Organic,Returning
U04697,2024-10-12,Hyderabad,Android,Referral,New
U04698,2024-12-15,Mumbai,Android,Paid Social,New
U04699,2024-11-16,Hyderabad,Android,Paid Social,New
U04700,2024-02-28,Hyderabad,Android,Paid Social,Returning
U04701,2024-03-14,Delhi,Android,Paid Social,Returning
U04702,2024-09-04,Hyderabad,Android,Organic,New
U04703,2024-11-22,Bengaluru,iOS,Paid Social,New
U04704,2024-11-13,Mumbai,Android,Organic,New
U04705,2024-10-11,Bengaluru,Android,Organic,New
U04706,2024-12-15,Delhi,Android,Referral,New
U04707,2024-10-26,Mumbai,Android,Organic,New
U04708,2024-12-06,Bengaluru,Android,Organic,New
U04709,2024-10-30,Delhi,iOS,Organic,New
U04710,2024-10-07,Mumbai,iOS,Paid Social,New
U04711,2024-07-09,Mumbai,Android,Referral,Returning
U04712,2024-12-19,Bengaluru,Android,Organic,New
U04713,2024-08-06,Bengaluru,Android,Organic,Returning
U04714,2024-04-10,Delhi,Android,Paid Social,Returning
U04715,2023-08-25,Hyderabad,Android,Paid Search,Returning
U04716,2024-11-23,Kolkata,iOS,Organic,New
U04717,2024-11-07,Delhi,Android,Organic,New
U04718,2024-05-19,Hyderabad,Android,Paid Search,Returning
U04719,2024-11-21,Mumbai,Android,Organic,New
U04720,2024-11-05,Kolkata,Android,Paid Social,New
U04721,2024-12-07,Bengaluru,iOS,Organic,New
U04722,2024-12-19,Mumbai,iOS,Paid Social,New
U04723,2024-12-15,Mumbai,iOS,Paid Social,New
U04724,2024-09-25,Delhi,iOS,Paid Search,Returning
U04725,2024-12-13,Bengaluru,Android,Paid Social,New
U04726,2024-12-29,Bengaluru,Android,Organic,New
U04727,2023-05-14,Delhi,Android,Organic,Returning
U04728,2024-09-07,Hyderabad,Android,Paid Search,New
U04729,2023-12-21,Hyderabad,Android,Paid Social,Returning
U04730,2024-10-21,Bengaluru,Android,Paid Social,New
U04731,2024-12-13,Hyderabad,iOS,Organic,New
U04732,2024-01-13,Delhi,Android,Paid Social,Returning
U04733,2024-12-23,Kolkata,iOS,Organic,New
U04734,2024-12-10,Bengaluru,iOS,Organic,New
U04735,2024-05-22,Hyderabad,iOS,Organic,Returning
U04736,2023-06-14,Kolkata,Android,Referral,Returning
U04737,2023-04-14,Hyderabad,Android,Paid Search,Returning
U04738,2024-10-06,Hyderabad,Android,Paid Search,New
U04739,2024-11-28,Delhi,Android,Paid Social,New
U04740,2023-08-21,Hyderabad,Android,Organic,Returning
U04741,2024-11-19,Mumbai,iOS,Organic,New
U04742,2024-12-15,Delhi,Android,Organic,New
U04743,2023-02-01,Kolkata,Android,Organic,Returning
U04744,2024-10-29,Delhi,iOS,Paid Search,New
U04745,2024-12-08,Delhi,Android,Organic,New
U04746,2024-11-29,Kolkata,iOS,Paid Social,New
U04747,2024-11-06,Delhi,Android,Paid Social,New
U04748,2023-03-15,Bengaluru,Android,Referral,Returning
U04749,2024-08-04,Delhi,Android,Organic,Returning
U04750,2024-11-21,Hyderabad,Android,Paid Search,New
U04751,2024-10-08,Hyderabad,Android,Organic,New
U04752,2024-10-03,Bengaluru,iOS,Organic,New
U04753,2024-11-18,Mumbai,iOS,Paid Search,New
U04754,2024-11-20,Mumbai,Android,Organic,New
U04755,2023-03-22,Mumbai,Android,Paid Social,Returning
U04756,2024-12-28,Mumbai,Android,Paid Social,New
U04757,2024-12-09,Kolkata,Android,Organic,New
U04758,2024-08-27,Delhi,Android,Referral,Returning
U04759,2024-11-28,Delhi,Android,Organic,New
U04760,2023-03-26,Mumbai,Android,Referral,Returning
U04761,2024-12-03,Delhi,Android,Paid Search,New
U04762,2024-10-31,Delhi,Android,Organic,New
U04763,2024-01-29,Bengaluru,iOS,Organic,Returning
U04764,2024-10-13,Bengaluru,Android,Organic,New
U04765,2024-10-30,Kolkata,Android,Paid Social,New
U04766,2024-10-25,Bengaluru,Android,Organic,New
U04767,2023-12-14,Mumbai,Android,Paid Social,Returning
U04768,2023-05-26,Hyderabad,iOS,Organic,Returning
U04769,2024-09-28,Bengaluru,Android,Referral,New
U04770,2023-02-20,Bengaluru,iOS,Organic,Returning
U04771,2024-05-14,Delhi,Android,Paid Social,Returning
U04772,2024-09-08,Mumbai,Android,Paid Social,New
U04773,2024-09-13,Delhi,Android,Organic,New
U04774,2024-09-20,Mumbai,Android,Organic,New
U04775,2024-09-25,Bengaluru,Android,Paid Search,New
U04776,2024-11-17,Bengaluru,Android,Paid Social,New
U04777,2024-09-08,Bengaluru,Android,Paid Social,New
U04778,2024-10-15,Delhi,Android,Organic,New
U04779,2024-09-17,Delhi,Android,Referral,New
U04780,2024-07-28,Kolkata,Android,Referral,Returning
U04781,2024-12-20,Bengaluru,Android,Paid Social,New
U04782,2024-05-18,Mumbai,iOS,Organic,Returning
U04783,2024-09-10,Mumbai,Android,Organic,Returning
U04784,2023-08-13,Hyderabad,Android,Referral,Returning
U04785,2023-07-28,Mumbai,Android,Paid Social,Returning
U04786,2024-07-14,Bengaluru,Android,Paid Search,Returning
U04787,2024-09-29,Mumbai,Android,Referral,New
U04788,2023-02-08,Delhi,Android,Organic,Returning
U04789,2024-10-24,Hyderabad,iOS,Paid Social,New
U04790,2024-05-11,Bengaluru,iOS,Paid Search,Returning
U04791,2024-10-19,Hyderabad,Android,Paid Social,New
U04792,2024-10-09,Mumbai,iOS,Paid Social,New
U04793,2024-10-31,Mumbai,Android,Paid Search,New
U04794,2024-05-06,Bengaluru,iOS,Organic,Returning
U04795,2024-12-12,Mumbai,Android,Referral,New
U04796,2024-09-12,Hyderabad,iOS,Paid Social,New
U04797,2024-12-27,Mumbai,Android,Organic,New
U04798,2024-12-22,Delhi,Android,Referral,New
U04799,2024-01-04,Bengaluru,iOS,Organic,Returning
U04800,2023-09-23,Delhi,Android,Organic,Returning
U04801,2024-11-09,Hyderabad,Android,Referral,New
U04802,2024-12-15,Delhi,Android,Paid Social,New
U04803,2024-10-23,Hyderabad,Android,Referral,New
U04804,2024-12-28,Hyderabad,Android,Referral,New
U04805,2023-02-02,Mumbai,Android,Paid Search,Returning
U04806,2024-01-18,Mumbai,Android,Organic,Returning
U04807,2024-09-18,Mumbai,iOS,Paid Social,New
U04808,2023-07-05,Mumbai,Android,Paid Search,Returning
U04809,2024-10-21,Bengaluru,iOS,Paid Search,New
U04810,2023-07-08,Hyderabad,Android,Paid Search,Returning
U04811,2024-11-07,Kolkata,iOS,Organic,New
U04812,2024-07-09,Delhi,iOS,Organic,Returning
U04813,2024-12-28,Kolkata,iOS,Paid Search,New
U04814,2024-08-28,Kolkata,Android,Paid Social,Returning
U04815,2024-09-05,Mumbai,Android,Paid Search,New
U04816,2024-11-27,Hyderabad,iOS,Organic,New
U04817,2024-10-03,Mumbai,Android,Organic,New
U04818,2024-10-29,Bengaluru,Android,Paid Social,New
U04819,2024-09-13,Bengaluru,Android,Organic,New
U04820,2024-10-23,Delhi,iOS,Paid Search,New
U04821,2024-05-14,Hyderabad,Android,Paid Social,Returning
U04822,2024-12-13,Delhi,Android,Organic,New
U04823,2023-05-16,Hyderabad,iOS,Paid Search,Returning
U04824,2024-03-07,Mumbai,Android,Referral,Returning
U04825,2024-09-15,Hyderabad,Android,Organic,New
U04826,2024-10-17,Delhi,Android,Organic,New
U04827,2024-12-07,Delhi,Android,Organic,New
U04828,2024-09-17,Bengaluru,Android,Paid Social,New
U04829,2023-03-13,Bengaluru,Android,Referral,Returning
U04830,2023-06-08,Bengaluru,Android,Paid Social,Returning
U04831,2024-08-27,Bengaluru,iOS,Referral,Returning
U04832,2024-10-10,Bengaluru,iOS,Paid Social,New
U04833,2023-06-14,Mumbai,iOS,Organic,Returning
U04834,2023-10-21,Delhi,Android,Organic,Returning
U04835,2024-09-22,Delhi,Android,Paid Social,New
U04836,2024-07-08,Kolkata,iOS,Paid Social,Returning
U04837,2024-12-24,Mumbai,Android,Paid Search,New
U04838,2024-09-29,Kolkata,Android,Paid Search,New
U04839,2024-10-26,Mumbai,Android,Organic,New
U04840,2024-10-30,Bengaluru,Android,Organic,New
U04841,2023-08-10,Kolkata,Android,Paid Search,Returning
U04842,2024-12-25,Hyderabad,Android,Paid Social,New
U04843,2024-09-15,Mumbai,Android,Paid Social,New
U04844,2024-09-18,Mumbai,Android,Organic,New
U04845,2024-09-04,Delhi,Android,Referral,New
U04846,2024-10-21,Mumbai,Android,Organic,New
U04847,2024-12-04,Hyderabad,iOS,Organic,New
U04848,2024-06-23,Mumbai,iOS,Paid Social,Returning
U04849,2024-11-29,Bengaluru,iOS,Referral,New
U04850,2024-08-19,Bengaluru,Android,Referral,Returning
U04851,2024-09-27,Bengaluru,Android,Organic,New
U04852,2024-05-12,Bengaluru,Android,Organic,Returning
U04853,2024-04-23,Delhi,Android,Paid Social,Returning
U04854,2024-11-04,Kolkata,Android,Paid Social,New
U04855,2024-09-12,Bengaluru,iOS,Paid Search,New
U04856,2023-11-08,Delhi,Android,Organic,Returning
U04857,2024-11-22,Bengaluru,Android,Paid Search,New
U04858,2023-05-06,Mumbai,iOS,Organic,Returning
U04859,2024-11-26,Mumbai,Android,Organic,New
U04860,2024-12-15,Mumbai,iOS,Paid Search,New
U04861,2024-10-08,Kolkata,Android,Organic,New
U04862,2023-09-22,Kolkata,Android,Paid Social,Returning
U04863,2024-12-09,Hyderabad,iOS,Paid Search,New
U04864,2023-09-19,Hyderabad,iOS,Organic,Returning
U04865,2024-10-03,Delhi,iOS,Organic,Returning
U04866,2024-10-09,Mumbai,Android,Referral,New
U04867,2024-12-23,Delhi,Android,Paid Search,New
U04868,2024-12-27,Hyderabad,Android,Referral,New
U04869,2024-12-24,Bengaluru,Android,Organic,New
U04870,2024-05-03,Bengaluru,Android,Paid Search,Returning
U04871,2024-09-14,Bengaluru,Android,Referral,New
U04872,2024-12-24,Mumbai,Android,Organic,New
U04873,2023-02-17,Hyderabad,iOS,Organic,Returning
U04874,2023-01-19,Bengaluru,Android,Referral,Returning
U04875,2024-09-08,Mumbai,Android,Organic,New
U04876,2024-10-24,Delhi,Android,Organic,New
U04877,2024-09-09,Hyderabad,Android,Referral,New
U04878,2023-06-28,Bengaluru,Android,Organic,Returning
U04879,2024-12-01,Bengaluru,Android,Paid Search,New
U04880,2024-09-07,Mumbai,Android,Paid Social,New
U04881,2024-10-31,Mumbai,Android,Paid Social,New
U04882,2023-10-07,Hyderabad,Android,Paid Search,Returning
U04883,2024-06-06,Mumbai,Android,Organic,Returning
U04884,2024-11-12,Kolkata,Android,Paid Social,New
U04885,2023-08-31,Delhi,Android,Paid Social,Returning
U04886,2024-07-18,Delhi,Android,Organic,Returning
U04887,2024-12-30,Kolkata,Android,Organic,New
U04888,2023-06-09,Bengaluru,Android,Paid Search,Returning
U04889,2024-09-21,Hyderabad,Android,Organic,New
U04890,2023-02-28,Bengaluru,iOS,Paid Social,Returning
U04891,2024-10-07,Mumbai,Android,Referral,New
U04892,2024-09-06,Bengaluru,Android,Organic,New
U04893,2024-11-21,Mumbai,iOS,Referral,New
U04894,2024-10-10,Hyderabad,Android,Paid Social,New
U04895,2024-01-18,Bengaluru,iOS,Paid Social,Returning
U04896,2024-12-14,Bengaluru,Android,Referral,New
U04897,2024-10-10,Delhi,iOS,Organic,New
U04898,2024-12-07,Bengaluru,iOS,Referral,New
U04899,2024-09-23,Delhi,iOS,Organic,Returning
U04900,2023-09-03,Kolkata,Android,Paid Search,Returning
U04901,2024-09-16,Bengaluru,Android,Paid Search,New
U04902,2024-12-27,Delhi,Android,Organic,New
U04903,2024-11-23,Delhi,Android,Paid Social,New
U04904,2024-04-28,Delhi,iOS,Paid Search,Returning
U04905,2024-03-13,Delhi,Android,Paid Search,Returning
U04906,2023-09-03,Hyderabad,iOS,Paid Search,Returning
U04907,2024-06-21,Mumbai,Android,Organic,Returning
U04908,2024-09-30,Hyderabad,Android,Organic,New
U04909,2023-02-22,Delhi,Android,Organic,Returning
U04910,2024-12-19,Mumbai,Android,Referral,New
U04911,2024-09-24,Kolkata,Android,Paid Social,New
U04912,2024-10-05,Hyderabad,Android,Paid Search,New
U04913,2024-09-10,Kolkata,iOS,Paid Search,New
U04914,2023-03-22,Delhi,iOS,Paid Search,Returning
U04915,2024-12-12,Kolkata,iOS,Organic,New
U04916,2023-12-14,Hyderabad,Android,Organic,Returning
U04917,2024-01-05,Hyderabad,Android,Paid Search,Returning
U04918,2024-07-09,Mumbai,Android,Organic,Returning
U04919,2023-06-30,Kolkata,Android,Referral,Returning
U04920,2024-10-28,Delhi,Android,Organic,New
U04921,2024-11-14,Hyderabad,iOS,Paid Search,New
U04922,2024-12-31,Hyderabad,Android,Organic,New
U04923,2024-10-19,Hyderabad,iOS,Paid Social,New
U04924,2023-04-23,Hyderabad,Android,Referral,Returning
U04925,2024-12-18,Bengaluru,Android,Organic,New
U04926,2024-11-13,Delhi,Android,Organic,New
U04927,2024-11-28,Delhi,iOS,Paid Social,New
U04928,2024-10-07,Hyderabad,Android,Organic,New
U04929,2024-03-12,Hyderabad,iOS,Organic,Returning
U04930,2024-10-31,Hyderabad,Android,Paid Social,New
U04931,2023-11-20,Hyderabad,iOS,Organic,Returning
U04932,2023-09-06,Mumbai,Android,Organic,Returning
U04933,2023-01-28,Bengaluru,Android,Paid Search,Returning
U04934,2024-12-28,Mumbai,iOS,Paid Search,New
U04935,2023-02-15,Kolkata,iOS,Referral,Returning
U04936,2024-11-24,Mumbai,Android,Organic,New
U04937,2024-10-07,Kolkata,Android,Organic,New
U04938,2024-04-12,Kolkata,iOS,Paid Social,Returning
U04939,2023-09-30,Delhi,Android,Paid Social,Returning
U04940,2024-10-14,Hyderabad,iOS,Organic,New
U04941,2023-02-20,Mumbai,Android,Paid Search,Returning
U04942,2024-11-02,Delhi,Android,Paid Search,New
U04943,2024-05-04,Bengaluru,Android,Organic,Returning
U04944,2023-02-12,Bengaluru,Android,Organic,Returning
U04945,2024-10-28,Bengaluru,Android,Paid Social,New
U04946,2023-10-20,Mumbai,iOS,Organic,Returning
U04947,2023-10-02,Bengaluru,Android,Organic,Returning
U04948,2024-05-16,Delhi,Android,Paid Search,Returning
U04949,2024-01-28,Mumbai,Android,Organic,Returning
U04950,2023-05-20,Delhi,iOS,Organic,Returning
U04951,2024-10-16,Hyderabad,iOS,Paid Search,New
U04952,2023-09-24,Delhi,Android,Referral,Returning
U04953,2024-11-06,Bengaluru,iOS,Paid Social,New
U04954,2024-02-11,Kolkata,Android,Organic,Returning
U04955,2024-12-10,Hyderabad,Android,Organic,New
U04956,2024-10-17,Mumbai,iOS,Referral,New
U04957,2024-08-20,Hyderabad,Android,Paid Search,Returning
U04958,2024-10-01,Bengaluru,Android,Paid Social,New
U04959,2024-11-18,Hyderabad,Android,Organic,New
U04960,2023-07-02,Bengaluru,Android,Organic,Returning
U04961,2024-09-16,Mumbai,Android,Organic,New
U04962,2025-01-01,Bengaluru,Android,Paid Social,New
U04963,2024-12-25,Hyderabad,iOS,Referral,New
U04964,2024-11-20,Bengaluru,Android,Organic,New
U04965,2024-10-28,Bengaluru,Android,Paid Social,New
U04966,2024-09-19,Bengaluru,iOS,Referral,New
U04967,2024-11-10,Hyderabad,iOS,Referral,New
U04968,2024-09-21,Delhi,Android,Paid Search,New
U04969,2024-10-06,Mumbai,Android,Organic,New
U04970,2024-03-29,Delhi,Android,Referral,Returning
U04971,2023-06-06,Hyderabad,Android,Organic,Returning
U04972,2024-11-25,Bengaluru,Android,Organic,New
U04973,2024-10-13,Kolkata,Android,Organic,New
U04974,2024-02-05,Delhi,Android,Paid Search,Returning
U04975,2023-04-17,Bengaluru,Android,Organic,Returning
U04976,2024-12-05,Bengaluru,Android,Paid Search,New
U04977,2024-09-29,Bengaluru,Android,Referral,New
U04978,2024-12-06,Delhi,iOS,Paid Search,New
U04979,2024-01-07,Bengaluru,Android,Referral,Returning
U04980,2024-02-05,Kolkata,Android,Referral,Returning
U04981,2024-02-22,Mumbai,Android,Paid Social,Returning
U04982,2024-10-25,Bengaluru,Android,Paid Search,New
U04983,2024-12-23,Delhi,Android,Referral,New
U04984,2024-11-20,Bengaluru,Android,Paid Search,New
U04985,2024-10-20,Bengaluru,iOS,Organic,New
U04986,2024-10-21,Delhi,Android,Referral,New
U04987,2023-09-13,Bengaluru,Android,Paid Search,Returning
U04988,2024-10-08,Bengaluru,Android,Referral,New
U04989,2023-03-12,Kolkata,Android,Organic,Returning
U04990,2024-12-11,Mumbai,Android,Organic,New
U04991,2024-12-23,Kolkata,Android,Paid Social,New
U04992,2023-12-14,Bengaluru,Android,Paid Search,Returning
U04993,2024-09-19,Hyderabad,Android,Paid Search,Returning
U04994,2024-10-10,Delhi,iOS,Referral,New
U04995,2024-02-01,Bengaluru,Android,Paid Search,Returning
U04996,2024-09-12,Hyderabad,iOS,Organic,New
U04997,2024-10-26,Bengaluru,Android,Paid Social,New
U04998,2024-09-17,Delhi,Android,Organic,New
U04999,2024-10-15,Hyderabad,Android,Paid Search,New
U05000,2024-02-14,Mumbai,Android,Organic,Returning
U05001,2024-10-23,Mumbai,Android,Organic,New
U05002,2023-11-07,Delhi,iOS,Referral,Returning
U05003,2024-08-02,Bengaluru,iOS,Organic,Returning
U05004,2024-09-27,Kolkata,Android,Paid Social,New
U05005,2024-09-05,Bengaluru,Android,Paid Search,New
U05006,2024-12-04,Bengaluru,iOS,Organic,New
U05007,2024-01-19,Bengaluru,iOS,Referral,Returning
U05008,2024-04-25,Kolkata,Android,Organic,Returning
U05009,2023-03-09,Hyderabad,Android,Paid Search,Returning
U05010,2024-11-11,Delhi,Android,Paid Social,New
U05011,2024-09-12,Kolkata,Android,Paid Social,New
U05012,2024-10-14,Bengaluru,Android,Organic,New
U05013,2024-09-11,Kolkata,Android,Paid Social,New
U05014,2024-05-16,Bengaluru,Android,Referral,Returning
U05015,2024-10-09,Delhi,Android,Paid Search,New
U05016,2024-11-25,Bengaluru,Android,Paid Search,New
U05017,2024-12-24,Kolkata,Android,Organic,New
U05018,2024-11-26,Kolkata,Android,Organic,New
U05019,2023-12-05,Mumbai,Android,Paid Search,Returning
U05020,2024-11-12,Bengaluru,Android,Organic,New
U05021,2023-09-30,Delhi,iOS,Paid Social,Returning
U05022,2023-10-25,Delhi,Android,Organic,Returning
U05023,2023-12-10,Delhi,Android,Organic,Returning
U05024,2024-01-30,Bengaluru,Android,Paid Search,Returning
U05025,2024-04-19,Mumbai,iOS,Organic,Returning
U05026,2023-03-14,Mumbai,Android,Paid Search,Returning
U05027,2024-10-20,Kolkata,Android,Paid Search,New
U05028,2024-12-29,Delhi,Android,Organic,New
U05029,2023-05-31,Delhi,Android,Organic,Returning
U05030,2024-11-26,Mumbai,iOS,Organic,New
U05031,2024-09-27,Bengaluru,Android,Paid Search,New
U05032,2023-08-09,Mumbai,iOS,Organic,Returning
U05033,2024-11-28,Hyderabad,Android,Paid Social,New
U05034,2024-09-07,Bengaluru,iOS,Paid Search,New
U05035,2023-08-17,Delhi,iOS,Organic,Returning
U05036,2024-12-17,Kolkata,Android,Organic,New
U05037,2023-04-29,Mumbai,Android,Organic,Returning
U05038,2024-10-18,Mumbai,Android,Organic,New
U05039,2023-03-22,Hyderabad,Android,Organic,Returning
U05040,2023-11-16,Mumbai,iOS,Referral,Returning
U05041,2024-12-20,Bengaluru,Android,Organic,New
U05042,2024-11-28,Hyderabad,Android,Organic,New
U05043,2024-12-26,Kolkata,Android,Paid Social,New
U05044,2024-09-21,Bengaluru,Android,Referral,New
U05045,2024-12-01,Bengaluru,Android,Paid Search,New
U05046,2023-08-12,Hyderabad,iOS,Paid Search,Returning
U05047,2024-12-01,Mumbai,Android,Organic,New
U05048,2023-01-16,Delhi,Android,Paid Social,Returning
U05049,2024-12-22,Mumbai,Android,Paid Search,New
U05050,2024-07-08,Hyderabad,Android,Paid Search,Returning
U05051,2024-11-25,Mumbai,Android,Organic,New
U05052,2024-12-01,Bengaluru,Android,Paid Search,New
U05053,2024-11-24,Bengaluru,Android,Paid Social,New
U05054,2024-11-29,Delhi,Android,Organic,New
U05055,2023-07-28,Kolkata,Android,Paid Search,Returning
U05056,2024-11-10,Mumbai,Android,Organic,New
U05057,2024-12-14,Delhi,Android,Paid Social,New
U05058,2024-09-13,Kolkata,Android,Organic,New
U05059,2024-02-24,Delhi,Android,Referral,Returning
U05060,2024-11-14,Mumbai,Android,Paid Search,New
U05061,2024-11-01,Bengaluru,Android,Paid Search,New
U05062,2024-11-23,Hyderabad,iOS,Organic,New
U05063,2024-11-15,Hyderabad,Android,Paid Search,New
U05064,2024-12-24,Hyderabad,iOS,Organic,New
U05065,2024-02-27,Delhi,Android,Organic,Returning
U05066,2024-11-16,Delhi,Android,Organic,New
U05067,2024-09-02,Bengaluru,Android,Organic,Returning
U05068,2024-12-26,Kolkata,iOS,Paid Social,New
U05069,2024-12-21,Bengaluru,iOS,Organic,New
U05070,2024-11-19,Mumbai,Android,Paid Social,New
U05071,2024-12-28,Hyderabad,Android,Referral,New
U05072,2024-09-07,Bengaluru,iOS,Paid Social,New
U05073,2024-12-28,Delhi,iOS,Organic,New
U05074,2024-10-27,Bengaluru,iOS,Paid Search,New
U05075,2023-03-26,Mumbai,Android,Paid Social,Returning
U05076,2024-12-07,Kolkata,Android,Organic,New
U05077,2024-12-16,Delhi,Android,Organic,New
U05078,2024-11-27,Kolkata,iOS,Organic,New
U05079,2024-12-26,Bengaluru,Android,Organic,New
U05080,2023-01-25,Delhi,Android,Organic,Returning
U05081,2024-12-04,Kolkata,Android,Organic,New
U05082,2023-08-15,Kolkata,Android,Paid Search,Returning
U05083,2024-12-19,Delhi,iOS,Paid Search,New
U05084,2024-09-16,Mumbai,Android,Organic,New
U05085,2023-02-16,Kolkata,iOS,Referral,Returning
U05086,2024-10-24,Hyderabad,Android,Organic,New
U05087,2023-01-17,Mumbai,Android,Organic,Returning
U05088,2024-11-03,Bengaluru,Android,Organic,New
U05089,2023-08-19,Bengaluru,Android,Organic,Returning
U05090,2024-10-08,Mumbai,Android,Paid Search,New
U05091,2024-10-27,Mumbai,iOS,Organic,New
U05092,2023-08-28,Bengaluru,Android,Referral,Returning
U05093,2024-09-22,Delhi,Android,Referral,New
U05094,2024-12-30,Delhi,Android,Organic,New
U05095,2024-07-10,Mumbai,Android,Paid Social,Returning
U05096,2024-10-20,Delhi,Android,Paid Search,New
U05097,2023-07-14,Delhi,Android,Paid Social,Returning
U05098,2023-05-09,Bengaluru,Android,Organic,Returning
U05099,2024-06-27,Kolkata,Android,Paid Search,Returning
U05100,2023-12-13,Mumbai,Android,Organic,Returning
U05101,2024-02-20,Bengaluru,Android,Organic,Returning
U05102,2024-09-12,Delhi,Android,Referral,New
U05103,2024-12-31,Delhi,Android,Organic,New
U05104,2023-10-12,Mumbai,Android,Paid Search,Returning
U05105,2023-12-25,Mumbai,Android,Organic,Returning
U05106,2024-12-19,Mumbai,Android,Referral,New
U05107,2024-11-19,Hyderabad,Android,Organic,New
U05108,2024-09-16,Bengaluru,Android,Organic,New
U05109,2024-10-07,Delhi,iOS,Paid Search,New
U05110,2023-04-10,Bengaluru,Android,Organic,Returning
U05111,2024-09-20,Delhi,Android,Organic,New
U05112,2023-09-05,Delhi,Android,Paid Social,Returning
U05113,2024-06-11,Hyderabad,Android,Referral,Returning
U05114,2024-09-26,Bengaluru,Android,Paid Social,Returning
U05115,2024-11-26,Mumbai,Android,Organic,New
U05116,2023-12-04,Delhi,Android,Organic,Returning
U05117,2023-07-02,Delhi,Android,Paid Social,Returning
U05118,2024-05-22,Hyderabad,Android,Organic,Returning
U05119,2024-09-07,Bengaluru,Android,Paid Social,New
U05120,2024-12-21,Delhi,Android,Paid Search,New
U05121,2023-07-16,Delhi,Android,Referral,Returning
U05122,2024-09-15,Hyderabad,Android,Organic,New
U05123,2024-11-17,Bengaluru,iOS,Referral,New
U05124,2024-12-15,Kolkata,Android,Organic,New
U05125,2024-12-05,Kolkata,Android,Paid Social,New
U05126,2024-09-11,Hyderabad,iOS,Organic,New
U05127,2024-12-31,Delhi,Android,Paid Search,New
U05128,2024-12-22,Mumbai,Android,Organic,New
U05129,2023-04-14,Bengaluru,Android,Organic,Returning
U05130,2023-11-22,Kolkata,Android,Paid Search,Returning
U05131,2024-09-29,Mumbai,Android,Organic,New
U05132,2024-12-26,Bengaluru,iOS,Referral,New
U05133,2024-09-08,Delhi,iOS,Paid Social,New
U05134,2024-11-15,Hyderabad,Android,Paid Social,New
U05135,2023-11-11,Kolkata,Android,Paid Search,Returning
U05136,2024-10-23,Mumbai,iOS,Organic,New
U05137,2024-09-26,Mumbai,iOS,Organic,New
U05138,2024-10-18,Hyderabad,iOS,Organic,New
U05139,2024-12-25,Hyderabad,Android,Paid Search,New
U05140,2024-04-02,Hyderabad,Android,Paid Social,Returning
U05141,2024-09-12,Delhi,Android,Organic,Returning
U05142,2023-02-27,Mumbai,iOS,Organic,Returning
U05143,2024-09-20,Hyderabad,Android,Organic,New
U05144,2023-04-28,Bengaluru,iOS,Paid Search,Returning
U05145,2024-11-12,Delhi,Android,Organic,New
U05146,2024-07-16,Bengaluru,iOS,Organic,Returning
U05147,2024-02-27,Delhi,Android,Organic,Returning
U05148,2024-10-15,Hyderabad,iOS,Organic,New
U05149,2023-11-13,Bengaluru,Android,Paid Social,Returning
U05150,2024-09-14,Mumbai,Android,Referral,New
U05151,2023-07-29,Bengaluru,Android,Organic,Returning
U05152,2024-11-20,Kolkata,iOS,Organic,New
U05153,2024-10-22,Hyderabad,Android,Organic,New
U05154,2024-11-20,Mumbai,Android,Paid Social,New
U05155,2024-12-08,Hyderabad,iOS,Paid Search,New
U05156,2024-11-21,Bengaluru,iOS,Paid Search,New
U05157,2024-11-05,Hyderabad,Android,Paid Search,New
U05158,2024-05-09,Hyderabad,iOS,Referral,Returning
U05159,2024-11-25,Bengaluru,Android,Organic,New
U05160,2024-10-25,Kolkata,Android,Organic,New
U05161,2024-02-12,Bengaluru,Android,Organic,Returning
U05162,2023-08-04,Mumbai,iOS,Paid Search,Returning
U05163,2024-10-01,Bengaluru,Android,Organic,New
U05164,2024-09-23,Hyderabad,Android,Referral,New
U05165,2023-07-22,Bengaluru,Android,Paid Social,Returning
U05166,2024-04-19,Bengaluru,Android,Referral,Returning
U05167,2024-11-07,Delhi,iOS,Referral,New
U05168,2023-09-03,Kolkata,Android,Paid Search,Returning
U05169,2024-09-18,Delhi,iOS,Referral,New
U05170,2024-12-24,Mumbai,Android,Paid Social,New
U05171,2023-03-30,Mumbai,iOS,Organic,Returning
U05172,2024-06-12,Hyderabad,iOS,Paid Search,Returning
U05173,2023-05-20,Delhi,Android,Referral,Returning
U05174,2024-10-03,Mumbai,Android,Paid Social,New
U05175,2024-12-01,Kolkata,iOS,Paid Social,New
U05176,2024-09-14,Delhi,Android,Organic,New
U05177,2024-09-06,Delhi,Android,Paid Social,New
U05178,2024-11-10,Kolkata,Android,Organic,New
U05179,2024-11-16,Delhi,iOS,Paid Search,New
U05180,2024-12-04,Delhi,Android,Paid Social,New
U05181,2024-03-17,Delhi,Android,Paid Search,Returning
U05182,2024-10-06,Hyderabad,Android,Organic,New
U05183,2024-11-09,Kolkata,Android,Paid Social,New
U05184,2024-02-22,Mumbai,Android,Organic,Returning
U05185,2024-11-18,Mumbai,iOS,Organic,New
U05186,2024-02-24,Delhi,Android,Organic,Returning
U05187,2024-09-25,Bengaluru,iOS,Paid Search,New
U05188,2024-11-09,Bengaluru,iOS,Organic,New
U05189,2023-02-01,Bengaluru,Android,Organic,Returning
U05190,2023-09-04,Bengaluru,Android,Referral,Returning
U05191,2023-06-11,Mumbai,iOS,Paid Search,Returning
U05192,2024-09-17,Bengaluru,Android,Referral,Returning
U05193,2024-12-01,Bengaluru,Android,Paid Search,New
U05194,2023-11-21,Delhi,iOS,Organic,Returning
U05195,2024-05-21,Bengaluru,iOS,Paid Social,Returning
U05196,2024-06-28,Bengaluru,Android,Organic,Returning
U05197,2024-10-21,Bengaluru,Android,Referral,New
U05198,2024-12-27,Bengaluru,Android,Organic,New
U05199,2024-05-20,Mumbai,iOS,Paid Social,Returning
U05200,2024-11-26,Hyderabad,Android,Paid Search,New
U05201,2024-09-05,Hyderabad,iOS,Paid Social,New
U05202,2024-12-05,Hyderabad,Android,Organic,New
U05203,2024-12-22,Mumbai,Android,Paid Search,New
U05204,2024-12-17,Kolkata,Android,Organic,New
U05205,2024-11-16,Mumbai,Android,Paid Social,New
U05206,2024-09-13,Mumbai,iOS,Organic,New
U05207,2024-10-27,Delhi,Android,Organic,New
U05208,2024-06-13,Delhi,iOS,Paid Search,Returning
U05209,2024-11-24,Delhi,Android,Paid Search,New
U05210,2024-11-04,Bengaluru,iOS,Paid Social,New
U05211,2024-10-28,Hyderabad,iOS,Paid Social,New
U05212,2024-09-23,Bengaluru,Android,Organic,New
U05213,2024-06-12,Mumbai,iOS,Paid Social,Returning
U05214,2023-10-27,Kolkata,Android,Organic,Returning
U05215,2024-10-07,Mumbai,Android,Paid Search,New
U05216,2024-12-19,Bengaluru,iOS,Organic,New
U05217,2024-10-12,Delhi,iOS,Organic,New
U05218,2024-11-21,Delhi,Android,Paid Social,New
U05219,2024-11-16,Kolkata,iOS,Referral,New
U05220,2024-12-15,Hyderabad,Android,Referral,New
U05221,2024-10-01,Hyderabad,Android,Paid Social,New
U05222,2023-12-26,Mumbai,Android,Organic,Returning
U05223,2025-01-01,Hyderabad,Android,Paid Search,New
U05224,2024-10-23,Hyderabad,Android,Organic,New
U05225,2024-12-14,Bengaluru,Android,Paid Social,New
U05226,2024-12-12,Bengaluru,Android,Organic,New
U05227,2024-12-06,Bengaluru,Android,Referral,New
U05228,2024-10-17,Mumbai,Android,Organic,New
U05229,2024-10-03,Kolkata,iOS,Organic,New
U05230,2024-09-14,Mumbai,Android,Paid Social,New
U05231,2023-10-16,Mumbai,Android,Organic,Returning
U05232,2024-07-11,Kolkata,iOS,Organic,Returning
U05233,2024-12-07,Bengaluru,Android,Paid Search,New
U05234,2024-12-07,Bengaluru,iOS,Referral,New
U05235,2024-08-19,Kolkata,iOS,Organic,Returning
U05236,2024-05-09,Kolkata,Android,Organic,Returning
U05237,2024-10-23,Hyderabad,Android,Organic,New
U05238,2024-12-31,Bengaluru,Android,Paid Search,New
U05239,2024-12-28,Kolkata,Android,Organic,New
U05240,2024-06-08,Hyderabad,Android,Paid Search,Returning
U05241,2024-09-26,Mumbai,Android,Paid Search,New
U05242,2024-11-04,Bengaluru,iOS,Referral,New
U05243,2024-11-15,Mumbai,Android,Paid Social,New
U05244,2024-12-11,Hyderabad,iOS,Paid Social,New
U05245,2024-10-12,Kolkata,Android,Paid Search,New
U05246,2023-11-23,Mumbai,Android,Organic,Returning
U05247,2024-09-04,Mumbai,Android,Organic,New
U05248,2024-12-16,Hyderabad,Android,Paid Search,New
U05249,2024-09-29,Mumbai,Android,Organic,New
U05250,2023-03-03,Delhi,Android,Organic,Returning
U05251,2024-11-19,Bengaluru,Android,Organic,New
U05252,2024-11-15,Bengaluru,Android,Organic,New
U05253,2024-09-08,Hyderabad,Android,Organic,New
U05254,2024-07-20,Bengaluru,Android,Paid Search,Returning
U05255,2023-07-13,Bengaluru,Android,Paid Social,Returning
U05256,2023-08-30,Kolkata,Android,Organic,Returning
U05257,2024-04-22,Hyderabad,Android,Paid Social,Returning
U05258,2024-11-17,Bengaluru,Android,Organic,New
U05259,2024-10-11,Delhi,iOS,Referral,New
U05260,2024-10-18,Hyderabad,Android,Paid Search,New
U05261,2023-08-31,Delhi,Android,Paid Search,Returning
U05262,2023-05-19,Delhi,Android,Paid Search,Returning
U05263,2024-12-28,Delhi,Android,Paid Search,New
U05264,2023-01-12,Bengaluru,Android,Organic,Returning
U05265,2024-09-30,Hyderabad,Android,Organic,New
U05266,2024-11-18,Bengaluru,iOS,Referral,New
U05267,2024-11-05,Mumbai,iOS,Referral,New
U05268,2024-02-12,Bengaluru,Android,Paid Search,Returning
U05269,2024-07-14,Bengaluru,Android,Paid Social,Returning
U05270,2024-10-31,Bengaluru,Android,Organic,New
U05271,2023-01-07,Kolkata,Android,Paid Search,Returning
U05272,2024-01-20,Bengaluru,Android,Paid Search,Returning
U05273,2023-04-29,Delhi,iOS,Organic,Returning
U05274,2023-12-20,Bengaluru,Android,Referral,Returning
U05275,2024-09-15,Hyderabad,Android,Paid Social,New
U05276,2024-09-14,Delhi,Android,Referral,Returning
U05277,2023-07-21,Kolkata,Android,Paid Search,Returning
U05278,2024-04-28,Mumbai,Android,Organic,Returning
U05279,2024-10-02,Mumbai,Android,Paid Social,New
U05280,2023-01-10,Mumbai,Android,Organic,Returning
U05281,2024-05-14,Bengaluru,Android,Referral,Returning
U05282,2024-12-04,Kolkata,Android,Organic,New
U05283,2023-04-22,Kolkata,iOS,Paid Social,Returning
U05284,2024-12-10,Delhi,Android,Paid Social,New
U05285,2024-10-30,Mumbai,Android,Organic,New
U05286,2024-10-22,Bengaluru,iOS,Organic,New
U05287,2023-12-18,Mumbai,Android,Paid Search,Returning
U05288,2024-10-21,Hyderabad,Android,Organic,New
U05289,2024-09-27,Kolkata,Android,Referral,New
U05290,2024-10-02,Delhi,Android,Organic,Returning
U05291,2024-10-06,Hyderabad,Android,Organic,New
U05292,2024-10-31,Hyderabad,iOS,Organic,New
U05293,2023-09-30,Bengaluru,Android,Organic,Returning
U05294,2023-01-28,Mumbai,Android,Organic,Returning
U05295,2023-07-14,Mumbai,Android,Referral,Returning
U05296,2023-08-28,Hyderabad,Android,Paid Social,Returning
U05297,2024-07-16,Kolkata,Android,Referral,Returning
U05298,2024-12-16,Bengaluru,Android,Organic,New
U05299,2024-10-25,Bengaluru,Android,Organic,New
U05300,2024-10-07,Bengaluru,iOS,Organic,New
U05301,2024-09-04,Bengaluru,Android,Paid Search,New
U05302,2023-10-03,Delhi,iOS,Organic,Returning
U05303,2023-02-11,Kolkata,iOS,Organic,Returning
U05304,2024-11-29,Delhi,iOS,Paid Search,New
U05305,2024-11-17,Mumbai,iOS,Organic,New
U05306,2023-10-10,Delhi,Android,Paid Search,Returning
U05307,2024-01-10,Delhi,Android,Paid Search,Returning
U05308,2024-12-08,Hyderabad,Android,Paid Social,New
U05309,2024-09-23,Mumbai,Android,Organic,New
U05310,2024-09-14,Delhi,Android,Paid Social,New
U05311,2024-12-20,Kolkata,Android,Organic,New
U05312,2024-09-25,Mumbai,iOS,Organic,New
U05313,2024-10-23,Bengaluru,iOS,Organic,New
U05314,2023-04-17,Mumbai,Android,Organic,Returning
U05315,2024-11-03,Mumbai,Android,Paid Search,New
U05316,2024-10-23,Delhi,Android,Paid Social,New
U05317,2024-12-05,Hyderabad,Android,Paid Social,New
U05318,2023-12-23,Mumbai,Android,Organic,Returning
U05319,2024-11-12,Delhi,Android,Organic,New
U05320,2024-11-14,Hyderabad,Android,Organic,New
U05321,2024-11-29,Delhi,Android,Referral,New
U05322,2023-08-26,Delhi,Android,Organic,Returning
U05323,2024-08-20,Bengaluru,Android,Organic,Returning
U05324,2024-09-21,Delhi,Android,Organic,New
U05325,2024-11-14,Delhi,iOS,Paid Social,New
U05326,2024-11-16,Bengaluru,Android,Paid Search,New
U05327,2023-08-18,Mumbai,iOS,Organic,Returning
U05328,2023-09-04,Bengaluru,Android,Paid Search,Returning
U05329,2024-10-09,Bengaluru,Android,Paid Social,New
U05330,2024-09-04,Mumbai,iOS,Paid Search,New
U05331,2024-06-16,Delhi,iOS,Referral,Returning
U05332,2023-06-23,Mumbai,Android,Referral,Returning
U05333,2024-10-30,Hyderabad,iOS,Paid Search,New
U05334,2024-09-25,Delhi,Android,Referral,New
U05335,2024-11-02,Bengaluru,iOS,Paid Social,New
U05336,2024-08-06,Mumbai,Android,Organic,Returning
U05337,2023-02-03,Bengaluru,iOS,Paid Social,Returning
U05338,2024-08-09,Mumbai,iOS,Paid Search,Returning
U05339,2023-11-27,Hyderabad,iOS,Paid Search,Returning
U05340,2024-10-22,Mumbai,iOS,Paid Search,New
U05341,2024-12-02,Delhi,Android,Paid Social,New
U05342,2024-11-05,Kolkata,Android,Referral,New
U05343,2023-01-30,Bengaluru,Android,Organic,Returning
U05344,2024-05-14,Kolkata,iOS,Paid Search,Returning
U05345,2024-10-30,Hyderabad,Android,Paid Search,New
U05346,2025-01-01,Delhi,Android,Referral,New
U05347,2024-02-09,Bengaluru,iOS,Paid Search,Returning
U05348,2024-09-09,Bengaluru,Android,Organic,Returning
U05349,2023-06-11,Kolkata,iOS,Organic,Returning
U05350,2024-09-20,Bengaluru,iOS,Organic,New
U05351,2024-01-17,Kolkata,Android,Organic,Returning
U05352,2023-08-12,Mumbai,Android,Organic,Returning
U05353,2023-09-30,Delhi,Android,Organic,Returning
U05354,2023-04-24,Mumbai,Android,Referral,Returning
U05355,2023-05-12,Bengaluru,iOS,Organic,Returning
U05356,2023-02-08,Delhi,Android,Organic,Returning
U05357,2023-02-24,Kolkata,Android,Paid Social,Returning
U05358,2024-09-12,Bengaluru,Android,Organic,New
U05359,2024-12-15,Kolkata,iOS,Paid Social,New
U05360,2023-12-12,Kolkata,Android,Paid Social,Returning
U05361,2023-08-05,Bengaluru,iOS,Organic,Returning
U05362,2024-10-31,Mumbai,iOS,Paid Search,New
U05363,2024-09-24,Bengaluru,Android,Organic,New
U05364,2024-04-10,Mumbai,Android,Organic,Returning
U05365,2023-10-13,Kolkata,Android,Paid Search,Returning
U05366,2023-02-21,Kolkata,iOS,Organic,Returning
U05367,2024-11-12,Kolkata,Android,Paid Search,New
U05368,2023-09-26,Bengaluru,iOS,Paid Search,Returning
U05369,2024-01-20,Mumbai,iOS,Organic,Returning
U05370,2024-10-31,Bengaluru,Android,Organic,New
U05371,2024-11-27,Kolkata,Android,Paid Search,New
U05372,2024-04-27,Bengaluru,iOS,Organic,Returning
U05373,2024-12-02,Bengaluru,iOS,Paid Social,New
U05374,2024-07-23,Bengaluru,Android,Referral,Returning
U05375,2024-05-14,Bengaluru,Android,Paid Social,Returning
U05376,2023-06-10,Bengaluru,Android,Organic,Returning
U05377,2024-09-22,Bengaluru,Android,Paid Search,New
U05378,2024-01-14,Kolkata,iOS,Paid Search,Returning
U05379,2024-12-02,Hyderabad,Android,Paid Social,New
U05380,2023-02-12,Bengaluru,iOS,Referral,Returning
U05381,2024-11-24,Hyderabad,Android,Paid Search,New
U05382,2023-12-18,Delhi,iOS,Organic,Returning
U05383,2023-12-14,Hyderabad,Android,Organic,Returning
U05384,2024-09-26,Delhi,iOS,Referral,New
U05385,2024-11-21,Mumbai,Android,Paid Search,New
U05386,2024-07-12,Delhi,iOS,Referral,Returning
U05387,2024-11-09,Bengaluru,Android,Paid Social,New
U05388,2024-09-20,Mumbai,Android,Referral,New
U05389,2024-09-22,Hyderabad,Android,Paid Search,New
U05390,2024-04-12,Hyderabad,Android,Referral,Returning
U05391,2024-07-17,Delhi,Android,Referral,Returning
U05392,2024-09-08,Mumbai,Android,Paid Social,New
U05393,2023-02-07,Hyderabad,Android,Referral,Returning
U05394,2024-12-08,Bengaluru,Android,Paid Search,New
U05395,2024-12-18,Bengaluru,Android,Paid Social,New
U05396,2024-12-13,Delhi,Android,Paid Search,New
U05397,2024-12-25,Bengaluru,Android,Paid Social,New
U05398,2024-10-21,Delhi,Android,Paid Social,New
U05399,2023-06-07,Bengaluru,iOS,Paid Social,Returning
U05400,2024-12-21,Mumbai,Android,Organic,New
U05401,2024-06-15,Mumbai,Android,Paid Social,Returning
U05402,2024-12-12,Hyderabad,iOS,Referral,New
U05403,2024-10-29,Mumbai,iOS,Paid Search,New
U05404,2024-10-06,Delhi,Android,Paid Search,New
U05405,2024-11-11,Kolkata,Android,Referral,New
U05406,2024-07-29,Hyderabad,iOS,Paid Social,Returning
U05407,2024-09-16,Mumbai,iOS,Paid Search,New
U05408,2024-09-27,Bengaluru,Android,Paid Search,New
U05409,2024-09-22,Mumbai,Android,Paid Social,New
U05410,2024-08-10,Mumbai,iOS,Paid Social,Returning
U05411,2024-11-30,Hyderabad,iOS,Organic,New
U05412,2023-02-23,Hyderabad,Android,Organic,Returning
U05413,2024-12-12,Kolkata,Android,Referral,New
U05414,2024-11-16,Kolkata,Android,Referral,New
U05415,2023-08-04,Mumbai,Android,Organic,Returning
U05416,2024-11-05,Kolkata,Android,Referral,New
U05417,2024-10-09,Kolkata,Android,Paid Search,New
U05418,2023-02-22,Bengaluru,Android,Organic,Returning
U05419,2024-10-07,Mumbai,Android,Paid Social,New
U05420,2024-11-16,Bengaluru,iOS,Organic,New
U05421,2024-11-03,Delhi,iOS,Organic,New
U05422,2024-11-23,Delhi,iOS,Referral,New
U05423,2024-04-22,Mumbai,iOS,Paid Search,Returning
U05424,2024-12-31,Bengaluru,iOS,Organic,New
U05425,2024-05-20,Bengaluru,Android,Paid Search,Returning
U05426,2023-08-01,Bengaluru,Android,Paid Search,Returning
U05427,2024-04-25,Mumbai,iOS,Paid Search,Returning
U05428,2023-11-19,Kolkata,Android,Organic,Returning
U05429,2023-10-12,Kolkata,Android,Organic,Returning
U05430,2024-08-17,Delhi,iOS,Paid Search,Returning
U05431,2024-11-30,Delhi,Android,Paid Search,New
U05432,2024-12-07,Hyderabad,iOS,Referral,New
U05433,2023-07-19,Bengaluru,Android,Organic,Returning
U05434,2024-09-17,Kolkata,Android,Referral,New
U05435,2024-07-13,Hyderabad,iOS,Referral,Returning
U05436,2024-12-04,Mumbai,iOS,Organic,New
U05437,2023-05-03,Bengaluru,Android,Organic,Returning
U05438,2024-09-13,Bengaluru,Android,Paid Search,New
U05439,2024-07-21,Mumbai,Android,Referral,Returning
U05440,2024-12-06,Delhi,Android,Organic,New
U05441,2024-12-12,Hyderabad,Android,Organic,New
U05442,2024-02-25,Mumbai,Android,Paid Social,Returning
U05443,2023-09-23,Delhi,Android,Paid Social,Returning
U05444,2024-08-21,Bengaluru,Android,Organic,Returning
U05445,2023-12-28,Mumbai,Android,Organic,Returning
U05446,2024-10-30,Bengaluru,Android,Organic,New
U05447,2023-04-26,Mumbai,Android,Referral,Returning
U05448,2024-11-27,Mumbai,Android,Paid Social,New
U05449,2024-10-12,Hyderabad,iOS,Paid Search,New
U05450,2024-09-11,Delhi,iOS,Referral,New
U05451,2024-11-27,Delhi,iOS,Paid Search,New
U05452,2023-11-30,Hyderabad,Android,Referral,Returning
U05453,2023-06-21,Hyderabad,iOS,Organic,Returning
U05454,2024-10-06,Hyderabad,Android,Organic,New
U05455,2023-09-29,Mumbai,Android,Organic,Returning
U05456,2024-12-30,Kolkata,iOS,Organic,New
U05457,2024-11-02,Bengaluru,Android,Paid Social,New
U05458,2024-02-02,Delhi,iOS,Paid Search,Returning
U05459,2024-12-30,Hyderabad,Android,Organic,New
U05460,2024-10-05,Bengaluru,Android,Paid Social,New
U05461,2024-07-25,Hyderabad,Android,Paid Search,Returning
U05462,2024-11-06,Delhi,iOS,Paid Search,New
U05463,2024-11-21,Bengaluru,Android,Organic,New
U05464,2023-12-17,Bengaluru,Android,Referral,Returning
U05465,2024-10-03,Hyderabad,Android,Paid Search,New
U05466,2024-07-30,Hyderabad,iOS,Referral,Returning
U05467,2024-09-06,Delhi,Android,Paid Social,Returning
U05468,2024-11-02,Bengaluru,iOS,Paid Search,New
U05469,2024-12-02,Bengaluru,Android,Organic,New
U05470,2024-12-06,Bengaluru,Android,Paid Social,New
U05471,2023-07-16,Hyderabad,Android,Organic,Returning
U05472,2024-11-15,Bengaluru,iOS,Referral,New
U05473,2023-07-12,Bengaluru,Android,Organic,Returning
U05474,2024-10-06,Bengaluru,Android,Organic,New
U05475,2023-02-16,Mumbai,Android,Paid Search,Returning
U05476,2024-11-30,Hyderabad,iOS,Paid Search,New
U05477,2024-12-12,Mumbai,Android,Paid Search,New
U05478,2024-10-18,Mumbai,Android,Paid Social,New
U05479,2023-08-03,Kolkata,Android,Paid Social,Returning
U05480,2024-02-26,Delhi,Android,Referral,Returning
U05481,2024-12-04,Kolkata,iOS,Paid Search,New
U05482,2024-09-12,Mumbai,Android,Paid Search,New
U05483,2024-10-06,Bengaluru,iOS,Referral,New
U05484,2024-10-21,Hyderabad,iOS,Organic,New
U05485,2023-12-18,Mumbai,Android,Organic,Returning
U05486,2023-05-27,Mumbai,iOS,Organic,Returning
U05487,2023-12-12,Bengaluru,Android,Paid Social,Returning
U05488,2024-09-26,Delhi,Android,Paid Social,New
U05489,2024-11-02,Kolkata,Android,Organic,New
U05490,2024-06-14,Bengaluru,iOS,Organic,Returning
U05491,2024-09-18,Bengaluru,Android,Organic,New
U05492,2024-02-12,Bengaluru,iOS,Paid Search,Returning
U05493,2024-09-20,Mumbai,Android,Organic,New
U05494,2024-11-26,Hyderabad,Android,Paid Social,New
U05495,2023-04-20,Mumbai,iOS,Referral,Returning
U05496,2024-11-07,Kolkata,Android,Paid Social,New
U05497,2024-01-07,Delhi,Android,Referral,Returning
U05498,2024-11-22,Delhi,iOS,Referral,New
U05499,2024-10-10,Bengaluru,Android,Paid Social,New
U05500,2024-11-24,Bengaluru,iOS,Paid Search,New
U05501,2024-10-21,Hyderabad,iOS,Paid Social,New
U05502,2024-11-20,Bengaluru,Android,Paid Search,New
U05503,2024-11-23,Bengaluru,Android,Paid Search,New
U05504,2023-11-20,Kolkata,iOS,Organic,Returning
U05505,2023-07-14,Mumbai,iOS,Paid Search,Returning
U05506,2024-12-18,Bengaluru,Android,Referral,New
U05507,2024-10-27,Hyderabad,Android,Paid Social,New
U05508,2024-12-01,Mumbai,Android,Organic,New
U05509,2023-04-09,Hyderabad,Android,Paid Search,Returning
U05510,2024-09-20,Hyderabad,Android,Paid Social,Returning
U05511,2024-11-11,Bengaluru,Android,Paid Social,New
U05512,2024-11-01,Bengaluru,Android,Paid Search,New
U05513,2024-09-05,Bengaluru,Android,Organic,New
U05514,2024-12-14,Hyderabad,iOS,Organic,New
U05515,2024-09-24,Mumbai,Android,Referral,New
U05516,2024-02-21,Hyderabad,Android,Organic,Returning
U05517,2024-11-28,Mumbai,Android,Referral,New
U05518,2024-09-23,Delhi,Android,Organic,New
U05519,2024-11-17,Bengaluru,iOS,Referral,New
U05520,2023-03-22,Bengaluru,Android,Paid Search,Returning
U05521,2024-11-16,Delhi,Android,Paid Social,New
U05522,2024-09-16,Mumbai,iOS,Paid Social,New
U05523,2024-12-21,Kolkata,Android,Paid Social,New
U05524,2023-05-29,Bengaluru,Android,Paid Social,Returning
U05525,2024-12-04,Mumbai,iOS,Organic,New
U05526,2024-05-12,Bengaluru,iOS,Organic,Returning
U05527,2024-12-01,Hyderabad,Android,Organic,New
U05528,2024-09-28,Bengaluru,Android,Paid Social,New
U05529,2023-09-26,Mumbai,Android,Paid Social,Returning
U05530,2023-08-15,Bengaluru,Android,Organic,Returning
U05531,2024-12-03,Bengaluru,Android,Paid Social,New
U05532,2024-05-19,Mumbai,iOS,Organic,Returning
U05533,2024-11-02,Delhi,Android,Organic,New
U05534,2024-10-28,Delhi,iOS,Organic,New
U05535,2023-07-02,Delhi,iOS,Paid Social,Returning
U05536,2023-02-14,Kolkata,iOS,Organic,Returning
U05537,2024-09-12,Delhi,iOS,Referral,New
U05538,2024-07-28,Mumbai,Android,Paid Social,Returning
U05539,2024-10-10,Hyderabad,Android,Paid Search,New
U05540,2024-09-11,Mumbai,Android,Organic,New
U05541,2023-11-05,Delhi,Android,Paid Social,Returning
U05542,2024-11-12,Mumbai,Android,Referral,New
U05543,2024-03-14,Bengaluru,iOS,Paid Search,Returning
U05544,2023-02-28,Mumbai,Android,Organic,Returning
U05545,2024-10-11,Delhi,Android,Organic,New
U05546,2024-09-05,Hyderabad,iOS,Organic,New
U05547,2024-01-28,Hyderabad,Android,Organic,Returning
U05548,2023-06-11,Bengaluru,Android,Paid Social,Returning
U05549,2023-04-25,Bengaluru,Android,Organic,Returning
U05550,2024-11-25,Delhi,Android,Paid Social,New
U05551,2024-10-13,Mumbai,iOS,Paid Search,New
U05552,2024-11-14,Delhi,Android,Paid Search,New
U05553,2024-10-15,Mumbai,Android,Referral,New
U05554,2024-10-16,Mumbai,Android,Paid Search,New
U05555,2023-03-12,Kolkata,Android,Organic,Returning
U05556,2023-05-06,Delhi,Android,Paid Search,Returning
U05557,2024-12-31,Bengaluru,Android,Paid Search,New
U05558,2024-11-13,Delhi,iOS,Paid Social,New
U05559,2023-08-28,Mumbai,iOS,Referral,Returning
U05560,2024-10-15,Bengaluru,Android,Paid Social,New
U05561,2024-01-20,Delhi,Android,Referral,Returning
U05562,2024-09-14,Delhi,iOS,Organic,New
U05563,2024-10-05,Hyderabad,Android,Organic,New
U05564,2024-11-25,Kolkata,Android,Organic,New
U05565,2023-07-12,Delhi,Android,Paid Social,Returning
U05566,2024-12-17,Bengaluru,Android,Organic,New
U05567,2024-08-08,Delhi,iOS,Organic,Returning
U05568,2024-10-12,Delhi,Android,Referral,New
U05569,2024-09-18,Kolkata,iOS,Organic,New
U05570,2024-01-30,Delhi,iOS,Organic,Returning
U05571,2024-11-29,Mumbai,iOS,Organic,New
U05572,2024-09-15,Kolkata,iOS,Organic,New
U05573,2024-10-28,Mumbai,iOS,Organic,New
U05574,2024-06-01,Bengaluru,Android,Organic,Returning
U05575,2024-10-08,Mumbai,iOS,Organic,New
U05576,2024-11-15,Delhi,Android,Paid Social,New
U05577,2024-04-28,Delhi,iOS,Paid Search,Returning
U05578,2023-03-05,Kolkata,Android,Paid Social,Returning
U05579,2023-10-28,Delhi,Android,Paid Social,Returning
U05580,2023-08-29,Delhi,Android,Paid Social,Returning
U05581,2023-08-06,Bengaluru,Android,Referral,Returning
U05582,2024-11-21,Bengaluru,Android,Paid Search,New
U05583,2024-09-15,Mumbai,Android,Organic,New
U05584,2024-01-15,Hyderabad,Android,Organic,Returning
U05585,2023-09-22,Mumbai,Android,Organic,Returning
U05586,2023-07-14,Delhi,Android,Paid Social,Returning
U05587,2023-09-17,Bengaluru,Android,Paid Search,Returning
U05588,2024-12-29,Delhi,Android,Organic,New
U05589,2024-12-12,Mumbai,Android,Organic,New
U05590,2024-04-11,Hyderabad,Android,Referral,Returning
U05591,2024-11-11,Mumbai,Android,Paid Search,New
U05592,2023-10-07,Kolkata,iOS,Organic,Returning
U05593,2024-07-19,Hyderabad,Android,Referral,Returning
U05594,2024-11-18,Delhi,Android,Paid Social,New
U05595,2024-08-11,Mumbai,Android,Paid Search,Returning
U05596,2023-02-02,Hyderabad,iOS,Paid Search,Returning
U05597,2023-02-22,Kolkata,Android,Paid Social,Returning
U05598,2024-12-23,Delhi,Android,Organic,New
U05599,2023-02-01,Mumbai,Android,Referral,Returning
U05600,2025-01-01,Delhi,Android,Paid Social,New
U05601,2024-10-11,Hyderabad,Android,Paid Search,New
U05602,2024-12-20,Kolkata,iOS,Paid Social,New
U05603,2023-02-17,Kolkata,iOS,Referral,Returning
U05604,2023-05-27,Bengaluru,Android,Organic,Returning
U05605,2024-12-12,Bengaluru,Android,Organic,New
U05606,2024-09-07,Hyderabad,Android,Paid Social,New
U05607,2024-11-27,Mumbai,iOS,Organic,New
U05608,2023-12-02,Kolkata,iOS,Paid Social,Returning
U05609,2024-09-11,Delhi,Android,Paid Search,New
U05610,2023-11-27,Hyderabad,Android,Organic,Returning
U05611,2024-11-27,Hyderabad,Android,Organic,New
U05612,2023-05-19,Bengaluru,iOS,Paid Social,Returning
U05613,2024-11-05,Bengaluru,Android,Organic,New
U05614,2023-09-24,Hyderabad,Android,Organic,Returning
U05615,2023-02-27,Bengaluru,Android,Paid Search,Returning
U05616,2024-12-04,Hyderabad,Android,Organic,New
U05617,2024-11-06,Mumbai,iOS,Paid Search,New
U05618,2023-01-30,Delhi,Android,Referral,Returning
U05619,2024-09-03,Delhi,Android,Paid Social,Returning
U05620,2024-12-13,Kolkata,Android,Paid Search,New
U05621,2024-10-21,Hyderabad,Android,Organic,New
U05622,2024-10-31,Hyderabad,Android,Referral,New
U05623,2024-07-14,Hyderabad,iOS,Referral,Returning
U05624,2023-10-11,Mumbai,Android,Paid Social,Returning
U05625,2024-10-08,Kolkata,Android,Organic,New
U05626,2023-08-30,Mumbai,Android,Organic,Returning
U05627,2024-08-27,Mumbai,Android,Organic,Returning
U05628,2023-12-04,Delhi,iOS,Organic,Returning
U05629,2024-12-18,Delhi,Android,Organic,New
U05630,2024-12-07,Hyderabad,iOS,Referral,New
U05631,2024-10-19,Delhi,iOS,Organic,New
U05632,2024-12-27,Hyderabad,iOS,Organic,New
U05633,2024-12-24,Kolkata,Android,Referral,New
U05634,2024-09-05,Delhi,Android,Referral,New
U05635,2024-11-30,Bengaluru,iOS,Organic,New
U05636,2024-03-07,Mumbai,iOS,Organic,Returning
U05637,2024-09-08,Bengaluru,Android,Paid Social,New
U05638,2023-11-28,Hyderabad,iOS,Referral,Returning
U05639,2025-01-01,Mumbai,Android,Paid Search,New
U05640,2023-03-31,Mumbai,Android,Paid Search,Returning
U05641,2024-12-30,Mumbai,Android,Paid Social,New
U05642,2023-02-12,Mumbai,Android,Paid Social,Returning
U05643,2024-09-16,Delhi,Android,Organic,Returning
U05644,2024-09-28,Delhi,Android,Paid Search,New
U05645,2023-03-22,Delhi,Android,Referral,Returning
U05646,2024-11-22,Kolkata,Android,Paid Social,New
U05647,2024-08-13,Bengaluru,iOS,Organic,Returning
U05648,2024-10-18,Delhi,Android,Paid Social,New
U05649,2024-10-02,Bengaluru,Android,Paid Social,New
U05650,2024-10-28,Delhi,Android,Organic,New
U05651,2024-05-27,Bengaluru,Android,Organic,Returning
U05652,2024-09-20,Hyderabad,Android,Organic,New
U05653,2024-06-19,Bengaluru,Android,Referral,Returning
U05654,2024-09-25,Mumbai,iOS,Organic,New
U05655,2024-09-26,Delhi,Android,Paid Social,New
U05656,2024-12-06,Delhi,Android,Paid Search,New
U05657,2024-04-04,Bengaluru,Android,Referral,Returning
U05658,2024-09-26,Hyderabad,Android,Referral,Returning
U05659,2024-11-20,Kolkata,Android,Referral,New
U05660,2023-02-13,Bengaluru,Android,Referral,Returning
U05661,2024-10-31,Kolkata,Android,Organic,New
U05662,2024-09-13,Delhi,iOS,Organic,New
U05663,2024-09-16,Mumbai,Android,Organic,New
U05664,2024-09-08,Hyderabad,Android,Paid Search,New
U05665,2024-12-06,Bengaluru,Android,Organic,New
U05666,2023-09-15,Delhi,Android,Paid Search,Returning
U05667,2024-10-03,Bengaluru,iOS,Organic,New
U05668,2023-07-19,Hyderabad,Android,Paid Social,Returning
U05669,2023-03-14,Delhi,iOS,Organic,Returning
U05670,2023-05-23,Kolkata,Android,Organic,Returning
U05671,2024-09-10,Delhi,Android,Paid Search,Returning
U05672,2023-07-12,Kolkata,Android,Paid Search,Returning
U05673,2024-09-14,Bengaluru,iOS,Referral,New
U05674,2024-09-14,Mumbai,Android,Paid Search,New
U05675,2024-09-10,Delhi,iOS,Paid Social,New
U05676,2024-08-12,Bengaluru,Android,Organic,Returning
U05677,2024-09-04,Bengaluru,Android,Organic,New
U05678,2023-03-31,Mumbai,Android,Paid Social,Returning
U05679,2024-10-02,Bengaluru,Android,Organic,Returning
U05680,2024-12-17,Mumbai,Android,Paid Social,New
U05681,2024-05-14,Kolkata,Android,Referral,Returning
U05682,2024-12-02,Delhi,iOS,Organic,New
U05683,2024-12-19,Bengaluru,Android,Paid Social,New
U05684,2024-09-11,Bengaluru,Android,Paid Search,Returning
U05685,2024-10-28,Bengaluru,Android,Organic,New
U05686,2024-11-25,Delhi,Android,Paid Search,New
U05687,2024-10-13,Hyderabad,Android,Paid Search,New
U05688,2024-10-08,Delhi,Android,Referral,New
U05689,2024-03-23,Bengaluru,Android,Organic,Returning
U05690,2023-01-27,Mumbai,Android,Paid Social,Returning
U05691,2024-11-25,Delhi,Android,Organic,New
U05692,2024-10-20,Mumbai,iOS,Organic,New
U05693,2024-11-15,Kolkata,Android,Paid Search,New
U05694,2024-08-05,Delhi,Android,Paid Social,Returning
U05695,2023-11-27,Mumbai,iOS,Paid Social,Returning
U05696,2024-09-29,Hyderabad,Android,Referral,New
U05697,2024-10-19,Hyderabad,Android,Organic,New
U05698,2023-06-09,Hyderabad,Android,Paid Search,Returning
U05699,2024-07-08,Hyderabad,Android,Organic,Returning
U05700,2024-11-23,Mumbai,Android,Paid Social,New
U05701,2023-10-07,Mumbai,Android,Organic,Returning
U05702,2024-10-10,Hyderabad,Android,Organic,New
U05703,2024-09-24,Hyderabad,Android,Paid Social,New
U05704,2024-02-20,Mumbai,Android,Organic,Returning
U05705,2024-11-26,Delhi,Android,Paid Social,New
U05706,2024-11-09,Hyderabad,Android,Referral,New
U05707,2023-01-10,Bengaluru,Android,Paid Search,Returning
U05708,2023-12-23,Bengaluru,iOS,Paid Search,Returning
U05709,2024-10-03,Delhi,Android,Referral,New
U05710,2024-07-10,Bengaluru,iOS,Paid Social,Returning
U05711,2023-03-23,Mumbai,Android,Organic,Returning
U05712,2024-11-23,Bengaluru,Android,Paid Social,New
U05713,2024-07-22,Mumbai,Android,Paid Search,Returning
U05714,2023-10-31,Mumbai,Android,Paid Social,Returning
U05715,2024-11-16,Bengaluru,Android,Paid Search,New
U05716,2024-09-09,Bengaluru,Android,Organic,New
U05717,2023-08-10,Mumbai,iOS,Paid Social,Returning
U05718,2024-01-31,Hyderabad,iOS,Organic,Returning
U05719,2024-09-17,Delhi,iOS,Referral,New
U05720,2024-12-04,Bengaluru,Android,Paid Social,New
U05721,2024-06-26,Delhi,Android,Referral,Returning
U05722,2024-09-21,Bengaluru,iOS,Organic,New
U05723,2024-11-03,Bengaluru,Android,Paid Search,New
U05724,2023-11-24,Kolkata,Android,Organic,Returning
U05725,2024-04-03,Bengaluru,Android,Organic,Returning
U05726,2024-01-04,Bengaluru,Android,Organic,Returning
U05727,2024-07-30,Kolkata,Android,Paid Search,Returning
U05728,2024-10-18,Mumbai,Android,Paid Search,New
U05729,2023-06-01,Delhi,Android,Referral,Returning
U05730,2024-11-05,Mumbai,iOS,Organic,New
U05731,2024-09-09,Kolkata,Android,Organic,New
U05732,2024-05-07,Bengaluru,Android,Paid Social,Returning
U05733,2024-01-25,Bengaluru,Android,Organic,Returning
U05734,2024-03-13,Kolkata,iOS,Paid Social,Returning
U05735,2024-10-07,Hyderabad,Android,Paid Social,New
U05736,2023-12-01,Kolkata,Android,Paid Social,Returning
U05737,2023-08-25,Delhi,Android,Paid Social,Returning
U05738,2024-05-22,Kolkata,iOS,Paid Social,Returning
U05739,2023-02-18,Delhi,Android,Referral,Returning
U05740,2024-09-29,Hyderabad,Android,Organic,New
U05741,2024-07-28,Kolkata,Android,Paid Search,Returning
U05742,2024-03-05,Bengaluru,iOS,Paid Social,Returning
U05743,2023-11-15,Bengaluru,Android,Organic,Returning
U05744,2024-01-08,Mumbai,Android,Paid Search,Returning
U05745,2023-05-10,Hyderabad,Android,Paid Search,Returning
U05746,2024-12-04,Bengaluru,Android,Organic,New
U05747,2024-10-25,Hyderabad,Android,Organic,New
U05748,2024-02-05,Delhi,Android,Paid Social,Returning
U05749,2023-04-12,Delhi,Android,Organic,Returning
U05750,2023-07-13,Delhi,iOS,Organic,Returning
U05751,2024-11-04,Kolkata,Android,Paid Social,New
U05752,2024-10-31,Bengaluru,iOS,Paid Social,New
U05753,2023-08-05,Mumbai,Android,Paid Search,Returning
U05754,2023-06-07,Bengaluru,iOS,Organic,Returning
U05755,2024-09-10,Kolkata,Android,Organic,New
U05756,2023-11-04,Hyderabad,Android,Paid Social,Returning
U05757,2024-11-20,Bengaluru,Android,Organic,New
U05758,2024-12-23,Delhi,Android,Referral,New
U05759,2024-09-21,Delhi,Android,Paid Social,New
U05760,2024-12-09,Delhi,Android,Organic,New
U05761,2024-10-15,Hyderabad,iOS,Paid Search,New
U05762,2023-12-29,Mumbai,Android,Referral,Returning
U05763,2023-12-18,Delhi,Android,Referral,Returning
U05764,2023-03-25,Hyderabad,iOS,Paid Search,Returning
U05765,2024-09-09,Delhi,Android,Organic,New
U05766,2024-12-15,Bengaluru,iOS,Paid Social,New
U05767,2024-10-14,Bengaluru,Android,Paid Social,New
U05768,2024-05-19,Delhi,Android,Paid Search,Returning
U05769,2024-10-06,Mumbai,iOS,Organic,New
U05770,2023-08-05,Bengaluru,Android,Referral,Returning
U05771,2024-04-23,Mumbai,Android,Paid Search,Returning
U05772,2023-10-02,Delhi,Android,Organic,Returning
U05773,2024-11-20,Hyderabad,Android,Organic,New
U05774,2024-12-27,Bengaluru,Android,Organic,New
U05775,2024-11-24,Delhi,Android,Paid Search,New
U05776,2024-12-07,Bengaluru,Android,Organic,New
U05777,2024-08-14,Delhi,Android,Paid Search,Returning
U05778,2024-10-07,Bengaluru,Android,Organic,New
U05779,2023-08-07,Delhi,Android,Organic,Returning
U05780,2024-10-31,Hyderabad,Android,Organic,New
U05781,2023-06-30,Bengaluru,iOS,Organic,Returning
U05782,2023-05-26,Hyderabad,Android,Organic,Returning
U05783,2024-09-16,Mumbai,Android,Organic,New
U05784,2024-02-04,Mumbai,Android,Paid Social,Returning
U05785,2024-10-30,Mumbai,Android,Paid Search,New
U05786,2024-03-21,Delhi,Android,Paid Social,Returning
U05787,2023-06-11,Hyderabad,Android,Organic,Returning
U05788,2024-09-24,Hyderabad,iOS,Paid Search,Returning
U05789,2024-07-02,Hyderabad,iOS,Organic,Returning
U05790,2024-09-23,Delhi,Android,Paid Search,New
U05791,2023-08-15,Mumbai,Android,Paid Search,Returning
U05792,2024-06-22,Bengaluru,Android,Paid Social,Returning
U05793,2024-11-27,Mumbai,iOS,Paid Search,New
U05794,2024-10-06,Bengaluru,Android,Organic,New
U05795,2024-07-20,Bengaluru,iOS,Organic,Returning
U05796,2024-04-10,Mumbai,Android,Referral,Returning
U05797,2024-10-02,Kolkata,Android,Organic,New
U05798,2023-03-27,Bengaluru,Android,Organic,Returning
U05799,2024-04-03,Mumbai,Android,Organic,Returning
U05800,2024-10-26,Mumbai,Android,Referral,New
U05801,2024-09-27,Kolkata,Android,Referral,New
U05802,2024-01-05,Mumbai,Android,Organic,Returning
U05803,2024-05-20,Bengaluru,Android,Organic,Returning
U05804,2023-06-13,Bengaluru,Android,Paid Social,Returning
U05805,2024-09-22,Mumbai,Android,Organic,New
U05806,2023-03-12,Bengaluru,Android,Organic,Returning
U05807,2023-03-22,Kolkata,Android,Paid Search,Returning
U05808,2023-05-16,Kolkata,Android,Organic,Returning
U05809,2024-11-15,Kolkata,Android,Organic,New
U05810,2023-10-27,Delhi,Android,Paid Search,Returning
U05811,2024-12-05,Hyderabad,Android,Paid Social,New
U05812,2024-10-09,Mumbai,iOS,Paid Search,New
U05813,2024-06-18,Bengaluru,Android,Organic,Returning
U05814,2024-06-24,Delhi,Android,Organic,Returning
U05815,2024-11-27,Bengaluru,Android,Referral,New
U05816,2024-04-24,Delhi,Android,Organic,Returning
U05817,2024-09-24,Kolkata,Android,Organic,New
U05818,2024-09-21,Hyderabad,Android,Organic,New
U05819,2024-11-27,Delhi,iOS,Organic,New
U05820,2024-12-05,Mumbai,iOS,Paid Search,New
U05821,2023-02-11,Bengaluru,iOS,Organic,Returning
U05822,2023-11-09,Delhi,Android,Paid Search,Returning
U05823,2024-04-30,Bengaluru,Android,Organic,Returning
U05824,2024-10-22,Mumbai,iOS,Paid Social,New
U05825,2024-11-05,Mumbai,Android,Paid Search,New
U05826,2024-09-26,Hyderabad,Android,Organic,New
U05827,2024-03-10,Kolkata,iOS,Paid Social,Returning
U05828,2024-09-23,Bengaluru,Android,Referral,New
U05829,2024-10-26,Hyderabad,Android,Organic,New
U05830,2023-01-06,Bengaluru,iOS,Paid Social,Returning
U05831,2024-04-26,Delhi,Android,Paid Search,Returning
U05832,2024-10-02,Mumbai,iOS,Paid Social,New
U05833,2024-12-10,Bengaluru,Android,Organic,New
U05834,2024-03-03,Bengaluru,Android,Organic,Returning
U05835,2024-10-27,Delhi,iOS,Organic,New
U05836,2024-12-05,Bengaluru,iOS,Organic,New
U05837,2023-09-10,Kolkata,iOS,Organic,Returning
U05838,2024-11-09,Delhi,Android,Referral,New
U05839,2024-12-01,Mumbai,Android,Organic,New
U05840,2024-10-15,Kolkata,Android,Organic,New
U05841,2024-10-24,Mumbai,Android,Organic,New
U05842,2024-11-01,Delhi,iOS,Organic,New
U05843,2024-09-24,Kolkata,iOS,Paid Social,New
U05844,2024-08-26,Bengaluru,Android,Paid Social,Returning
U05845,2024-09-29,Bengaluru,iOS,Organic,New
U05846,2023-01-10,Mumbai,Android,Organic,Returning
U05847,2024-09-19,Delhi,iOS,Organic,Returning
U05848,2024-09-25,Hyderabad,Android,Referral,New
U05849,2024-11-26,Bengaluru,Android,Organic,New
U05850,2023-07-18,Mumbai,Android,Organic,Returning
U05851,2023-01-18,Hyderabad,Android,Organic,Returning
U05852,2024-04-11,Kolkata,iOS,Organic,Returning
U05853,2024-12-10,Bengaluru,Android,Organic,New
U05854,2024-11-30,Bengaluru,iOS,Referral,New
U05855,2024-09-21,Kolkata,Android,Organic,New
U05856,2023-10-13,Mumbai,Android,Organic,Returning
U05857,2023-01-28,Bengaluru,Android,Organic,Returning
U05858,2024-10-09,Bengaluru,iOS,Organic,New
U05859,2024-12-08,Hyderabad,iOS,Referral,New
U05860,2024-12-08,Mumbai,Android,Paid Social,New
U05861,2024-04-14,Mumbai,Android,Referral,Returning
U05862,2024-10-05,Kolkata,Android,Referral,New
U05863,2023-11-25,Bengaluru,iOS,Paid Search,Returning
U05864,2024-01-03,Bengaluru,iOS,Paid Search,Returning
U05865,2023-09-19,Mumbai,iOS,Paid Search,Returning
U05866,2024-11-25,Kolkata,Android,Paid Social,New
U05867,2024-01-13,Delhi,iOS,Paid Social,Returning
U05868,2023-08-21,Hyderabad,Android,Paid Search,Returning
U05869,2024-09-15,Bengaluru,iOS,Paid Search,New
U05870,2024-09-30,Bengaluru,Android,Paid Social,New
U05871,2023-04-30,Kolkata,Android,Organic,Returning
U05872,2024-10-31,Bengaluru,Android,Paid Search,New
U05873,2024-11-25,Bengaluru,iOS,Paid Search,New
U05874,2024-12-23,Hyderabad,Android,Paid Search,New
U05875,2024-11-25,Delhi,Android,Paid Search,New
U05876,2024-11-10,Delhi,iOS,Paid Social,New
U05877,2023-02-06,Hyderabad,iOS,Paid Social,Returning
U05878,2024-11-23,Bengaluru,Android,Organic,New
U05879,2023-01-09,Mumbai,Android,Organic,Returning
U05880,2024-12-01,Delhi,Android,Organic,New
U05881,2024-11-15,Bengaluru,Android,Organic,New
U05882,2024-10-16,Hyderabad,Android,Organic,New
U05883,2023-06-03,Delhi,Android,Paid Social,Returning
U05884,2024-01-28,Kolkata,Android,Paid Social,Returning
U05885,2024-09-26,Kolkata,Android,Organic,New
U05886,2024-12-15,Hyderabad,Android,Referral,New
U05887,2024-12-19,Delhi,Android,Organic,New
U05888,2024-10-05,Bengaluru,Android,Paid Social,New
U05889,2023-08-08,Kolkata,Android,Paid Search,Returning
U05890,2024-10-19,Delhi,Android,Paid Social,New
U05891,2023-05-12,Hyderabad,Android,Organic,Returning
U05892,2024-09-09,Hyderabad,iOS,Organic,Returning
U05893,2024-11-20,Delhi,iOS,Organic,New
U05894,2023-09-11,Bengaluru,Android,Paid Social,Returning
U05895,2024-10-03,Mumbai,Android,Referral,New
U05896,2024-04-04,Mumbai,iOS,Paid Search,Returning
U05897,2024-10-23,Delhi,Android,Paid Social,New
U05898,2023-03-04,Mumbai,Android,Organic,Returning
U05899,2024-12-21,Hyderabad,Android,Paid Social,New
U05900,2024-11-29,Delhi,Android,Paid Social,New
U05901,2023-08-04,Bengaluru,Android,Organic,Returning
U05902,2024-11-28,Hyderabad,Android,Paid Search,New
U05903,2024-10-30,Hyderabad,iOS,Organic,New
U05904,2023-04-08,Kolkata,Android,Organic,Returning
U05905,2024-09-21,Bengaluru,Android,Organic,New
U05906,2023-03-21,Kolkata,iOS,Paid Social,Returning
U05907,2023-07-26,Hyderabad,Android,Paid Social,Returning
U05908,2023-03-26,Hyderabad,Android,Organic,Returning
U05909,2024-11-20,Delhi,iOS,Referral,New
U05910,2024-12-14,Bengaluru,Android,Paid Social,New
U05911,2023-10-29,Mumbai,Android,Paid Search,Returning
U05912,2024-12-18,Delhi,Android,Referral,New
U05913,2024-12-06,Delhi,Android,Referral,New
U05914,2024-11-16,Kolkata,iOS,Organic,New
U05915,2024-11-25,Bengaluru,Android,Referral,New
U05916,2023-10-25,Kolkata,iOS,Paid Search,Returning
U05917,2023-09-10,Mumbai,Android,Organic,Returning
U05918,2023-09-10,Hyderabad,iOS,Organic,Returning
U05919,2024-01-11,Delhi,Android,Paid Social,Returning
U05920,2024-10-13,Mumbai,iOS,Referral,New
U05921,2024-12-25,Mumbai,Android,Paid Search,New
U05922,2024-10-15,Kolkata,iOS,Paid Search,New
U05923,2024-04-10,Bengaluru,iOS,Organic,Returning
U05924,2024-09-10,Bengaluru,Android,Paid Social,New
U05925,2023-05-15,Kolkata,Android,Organic,Returning
U05926,2024-09-13,Bengaluru,Android,Paid Search,New
U05927,2023-08-01,Mumbai,Android,Paid Search,Returning
U05928,2023-08-30,Bengaluru,Android,Organic,Returning
U05929,2023-10-29,Bengaluru,Android,Referral,Returning
U05930,2024-10-11,Mumbai,iOS,Referral,New
U05931,2024-06-25,Mumbai,iOS,Paid Search,Returning
U05932,2024-12-01,Mumbai,Android,Paid Social,New
U05933,2024-10-05,Delhi,Android,Paid Social,New
U05934,2024-12-11,Hyderabad,Android,Organic,New
U05935,2024-10-08,Kolkata,iOS,Organic,New
U05936,2024-09-10,Delhi,iOS,Paid Social,New
U05937,2024-11-27,Delhi,Android,Paid Search,New
U05938,2024-09-08,Delhi,Android,Paid Social,New
U05939,2023-01-03,Hyderabad,Android,Paid Search,Returning
U05940,2024-02-09,Delhi,Android,Paid Social,Returning
U05941,2024-01-03,Mumbai,iOS,Organic,Returning
U05942,2023-05-31,Delhi,Android,Organic,Returning
U05943,2024-09-05,Mumbai,Android,Organic,New
U05944,2023-08-01,Hyderabad,Android,Organic,Returning
U05945,2024-09-20,Mumbai,Android,Paid Social,New
U05946,2024-12-15,Delhi,Android,Paid Social,New
U05947,2024-09-18,Delhi,Android,Organic,New
U05948,2023-11-16,Mumbai,Android,Paid Search,Returning
U05949,2024-09-16,Delhi,Android,Organic,New
U05950,2024-04-02,Hyderabad,iOS,Paid Search,Returning
U05951,2024-12-27,Delhi,iOS,Referral,New
U05952,2024-11-05,Bengaluru,Android,Organic,New
U05953,2024-09-30,Bengaluru,Android,Paid Social,New
U05954,2024-09-28,Mumbai,iOS,Organic,New
U05955,2024-10-02,Kolkata,iOS,Organic,New
U05956,2024-08-26,Delhi,iOS,Paid Search,Returning
U05957,2024-09-30,Delhi,Android,Paid Social,New
U05958,2024-09-20,Delhi,Android,Paid Search,New
U05959,2024-02-01,Kolkata,Android,Referral,Returning
U05960,2024-12-04,Hyderabad,iOS,Paid Social,New
U05961,2025-01-01,Bengaluru,Android,Paid Search,New
U05962,2024-11-11,Mumbai,Android,Organic,New
U05963,2024-12-01,Hyderabad,iOS,Organic,New
U05964,2024-10-18,Hyderabad,iOS,Paid Search,New
U05965,2023-02-24,Mumbai,Android,Paid Search,Returning
U05966,2024-10-24,Hyderabad,Android,Organic,New
U05967,2023-02-07,Mumbai,Android,Organic,Returning
U05968,2024-09-04,Bengaluru,Android,Organic,New
U05969,2023-07-02,Bengaluru,Android,Organic,Returning
U05970,2023-07-07,Delhi,Android,Paid Search,Returning
U05971,2024-11-12,Bengaluru,iOS,Paid Social,New
U05972,2024-12-24,Delhi,iOS,Paid Social,New
U05973,2024-09-25,Hyderabad,iOS,Referral,New
U05974,2023-11-07,Hyderabad,iOS,Paid Social,Returning
U05975,2024-08-04,Bengaluru,Android,Organic,Returning
U05976,2024-10-31,Bengaluru,Android,Paid Social,New
U05977,2023-12-01,Mumbai,Android,Paid Social,Returning
U05978,2024-11-16,Mumbai,Android,Paid Search,New
U05979,2024-10-16,Bengaluru,Android,Paid Search,New
U05980,2023-06-13,Hyderabad,Android,Paid Search,Returning
U05981,2024-09-24,Bengaluru,Android,Organic,New
U05982,2024-12-02,Bengaluru,Android,Organic,New
U05983,2023-01-26,Hyderabad,Android,Organic,Returning
U05984,2024-11-11,Mumbai,Android,Organic,New
U05985,2024-02-29,Delhi,Android,Referral,Returning
U05986,2024-10-11,Hyderabad,Android,Organic,New
U05987,2024-10-31,Kolkata,iOS,Organic,New
U05988,2024-12-15,Bengaluru,Android,Paid Social,New
U05989,2023-02-18,Mumbai,Android,Referral,Returning
U05990,2024-09-20,Bengaluru,Android,Paid Search,New
U05991,2024-09-25,Delhi,Android,Organic,New
U05992,2023-12-07,Delhi,Android,Paid Search,Returning
U05993,2024-08-09,Delhi,Android,Paid Search,Returning
U05994,2024-05-28,Bengaluru,Android,Paid Social,Returning
U05995,2024-04-12,Hyderabad,iOS,Organic,Returning
U05996,2024-12-30,Delhi,iOS,Referral,New
U05997,2024-01-11,Kolkata,Android,Paid Search,Returning
U05998,2023-09-20,Delhi,iOS,Paid Social,Returning
U05999,2024-02-05,Hyderabad,Android,Organic,Returning
U06000,2023-05-22,Mumbai,Android,Referral,Returning
U06001,2024-12-02,Delhi,iOS,Paid Search,New
U06002,2024-10-16,Hyderabad,iOS,Organic,New
U06003,2023-01-03,Hyderabad,Android,Organic,Returning
U06004,2024-09-11,Mumbai,Android,Organic,New
U06005,2024-09-05,Delhi,Android,Organic,New
U06006,2024-12-17,Mumbai,Android,Organic,New
U06007,2023-04-30,Mumbai,Android,Organic,Returning
U06008,2023-10-13,Delhi,Android,Paid Search,Returning
U06009,2024-02-29,Hyderabad,iOS,Paid Social,Returning
U06010,2023-07-07,Delhi,Android,Paid Social,Returning
U06011,2023-09-06,Delhi,Android,Paid Search,Returning
U06012,2023-05-29,Mumbai,iOS,Organic,Returning
U06013,2024-10-03,Kolkata,Android,Paid Search,New
U06014,2023-04-25,Delhi,Android,Paid Social,Returning
U06015,2024-12-23,Bengaluru,Android,Paid Social,New
U06016,2024-11-06,Bengaluru,Android,Organic,New
U06017,2024-12-08,Hyderabad,Android,Referral,New
U06018,2023-03-06,Delhi,Android,Paid Social,Returning
U06019,2023-04-23,Delhi,Android,Referral,Returning
U06020,2023-12-06,Bengaluru,Android,Paid Social,Returning
U06021,2024-08-26,Kolkata,iOS,Organic,Returning
U06022,2023-02-01,Delhi,iOS,Referral,Returning
U06023,2024-09-21,Mumbai,Android,Referral,New
U06024,2024-01-21,Bengaluru,Android,Paid Social,Returning
U06025,2023-09-11,Bengaluru,iOS,Referral,Returning
U06026,2024-08-20,Bengaluru,Android,Referral,Returning
U06027,2024-09-14,Delhi,Android,Paid Social,New
U06028,2024-09-10,Delhi,Android,Organic,New
U06029,2024-04-22,Bengaluru,Android,Paid Search,Returning
U06030,2024-11-15,Delhi,Android,Paid Search,New
U06031,2024-11-29,Bengaluru,Android,Paid Social,New
U06032,2024-12-16,Delhi,Android,Paid Search,New
U06033,2024-12-12,Bengaluru,iOS,Paid Search,New
U06034,2024-09-08,Bengaluru,Android,Referral,New
U06035,2023-02-01,Bengaluru,iOS,Paid Search,Returning
U06036,2024-02-07,Hyderabad,Android,Organic,Returning
U06037,2023-11-25,Kolkata,Android,Paid Social,Returning
U06038,2024-10-03,Mumbai,Android,Organic,New
U06039,2024-11-08,Bengaluru,Android,Organic,New
U06040,2024-12-30,Kolkata,Android,Paid Search,New
U06041,2024-11-12,Kolkata,iOS,Referral,New
U06042,2024-11-29,Delhi,Android,Organic,New
U06043,2024-05-11,Bengaluru,iOS,Organic,Returning
U06044,2023-08-06,Hyderabad,Android,Paid Search,Returning
U06045,2024-12-05,Kolkata,Android,Paid Social,New
U06046,2024-12-14,Hyderabad,Android,Organic,New
U06047,2024-09-25,Mumbai,iOS,Organic,New
U06048,2024-09-19,Mumbai,Android,Paid Social,New
U06049,2024-09-06,Kolkata,Android,Referral,New
U06050,2024-10-01,Bengaluru,Android,Organic,New
U06051,2024-11-07,Bengaluru,Android,Paid Search,New
U06052,2024-11-17,Hyderabad,Android,Paid Social,New
U06053,2024-02-26,Bengaluru,iOS,Organic,Returning
U06054,2024-09-17,Delhi,Android,Paid Social,New
U06055,2024-09-04,Delhi,iOS,Organic,New
U06056,2024-09-13,Bengaluru,Android,Organic,New
U06057,2024-10-25,Bengaluru,iOS,Organic,New
U06058,2024-09-15,Mumbai,iOS,Organic,Returning
U06059,2023-09-14,Delhi,Android,Paid Social,Returning
U06060,2023-10-31,Mumbai,iOS,Paid Social,Returning
U06061,2024-02-04,Delhi,iOS,Paid Social,Returning
U06062,2024-10-23,Kolkata,Android,Paid Social,New
U06063,2025-01-01,Mumbai,Android,Organic,New
U06064,2024-11-26,Kolkata,Android,Referral,New
U06065,2024-11-12,Delhi,Android,Referral,New
U06066,2023-03-09,Bengaluru,Android,Organic,Returning
U06067,2024-12-22,Hyderabad,Android,Paid Social,New
U06068,2024-09-15,Hyderabad,Android,Paid Social,New
U06069,2024-11-30,Bengaluru,Android,Paid Search,New
U06070,2024-09-06,Mumbai,Android,Organic,New
U06071,2023-06-10,Mumbai,Android,Organic,Returning
U06072,2024-12-25,Bengaluru,iOS,Referral,New
U06073,2024-12-20,Mumbai,Android,Paid Social,New
U06074,2024-10-11,Bengaluru,Android,Paid Social,New
U06075,2024-07-13,Bengaluru,Android,Referral,Returning
U06076,2024-09-10,Kolkata,iOS,Organic,New
U06077,2023-01-24,Mumbai,Android,Referral,Returning
U06078,2024-10-21,Hyderabad,Android,Paid Search,New
U06079,2024-11-09,Hyderabad,Android,Paid Social,New
U06080,2024-08-25,Kolkata,Android,Organic,Returning
U06081,2024-10-09,Delhi,Android,Organic,New
U06082,2024-12-31,Delhi,Android,Organic,New
U06083,2023-10-24,Delhi,Android,Organic,Returning
U06084,2024-11-02,Mumbai,Android,Organic,New
U06085,2024-11-26,Mumbai,iOS,Organic,New
U06086,2024-10-01,Hyderabad,Android,Paid Search,Returning
U06087,2024-12-08,Delhi,iOS,Referral,New
U06088,2024-11-29,Bengaluru,Android,Organic,New
U06089,2024-10-16,Kolkata,Android,Organic,New
U06090,2023-02-19,Hyderabad,Android,Paid Search,Returning
U06091,2024-11-04,Delhi,iOS,Paid Social,New
U06092,2024-09-28,Hyderabad,iOS,Paid Search,New
U06093,2024-08-28,Mumbai,Android,Referral,Returning
U06094,2024-09-20,Hyderabad,Android,Organic,Returning
U06095,2024-06-04,Delhi,Android,Paid Search,Returning
U06096,2024-09-10,Mumbai,Android,Referral,New
U06097,2024-11-12,Bengaluru,iOS,Paid Search,New
U06098,2024-09-23,Bengaluru,Android,Paid Search,New
U06099,2023-12-02,Hyderabad,Android,Referral,Returning
U06100,2024-10-22,Delhi,Android,Organic,New
U06101,2024-09-08,Bengaluru,Android,Organic,New
U06102,2024-09-11,Bengaluru,iOS,Organic,New
U06103,2023-12-31,Delhi,Android,Paid Social,Returning
U06104,2023-07-31,Hyderabad,iOS,Referral,Returning
U06105,2024-12-29,Delhi,Android,Organic,New
U06106,2023-04-29,Hyderabad,Android,Paid Search,Returning
U06107,2024-05-18,Hyderabad,Android,Paid Search,Returning
U06108,2024-12-31,Delhi,Android,Organic,New
U06109,2024-09-10,Hyderabad,Android,Paid Social,New
U06110,2023-08-12,Bengaluru,Android,Organic,Returning
U06111,2024-10-01,Delhi,iOS,Referral,New
U06112,2024-12-27,Bengaluru,Android,Paid Social,New
U06113,2024-12-03,Bengaluru,Android,Organic,New
U06114,2024-05-25,Bengaluru,Android,Paid Social,Returning
U06115,2024-09-11,Bengaluru,Android,Paid Social,New
U06116,2023-03-07,Hyderabad,Android,Organic,Returning
U06117,2024-09-16,Mumbai,Android,Organic,New
U06118,2024-11-26,Kolkata,Android,Paid Social,New
U06119,2024-04-03,Mumbai,Android,Paid Social,Returning
U06120,2024-09-04,Mumbai,Android,Paid Social,New
U06121,2024-10-29,Bengaluru,iOS,Organic,New
U06122,2024-09-28,Mumbai,Android,Paid Social,New
U06123,2023-11-21,Delhi,iOS,Paid Social,Returning
U06124,2024-10-03,Kolkata,Android,Organic,New
U06125,2024-11-19,Kolkata,iOS,Organic,New
U06126,2024-10-08,Bengaluru,iOS,Paid Search,New
U06127,2024-10-15,Mumbai,Android,Paid Social,New
U06128,2024-12-26,Mumbai,Android,Organic,New
U06129,2024-09-19,Mumbai,Android,Referral,New
U06130,2024-11-28,Bengaluru,Android,Organic,New
U06131,2024-11-19,Mumbai,Android,Paid Social,New
U06132,2024-04-04,Hyderabad,Android,Organic,Returning
U06133,2024-04-15,Delhi,iOS,Paid Social,Returning
U06134,2024-09-16,Mumbai,Android,Paid Search,New
U06135,2024-11-08,Bengaluru,iOS,Paid Social,New
U06136,2024-11-20,Kolkata,Android,Referral,New
U06137,2024-09-20,Bengaluru,Android,Organic,Returning
U06138,2024-12-01,Bengaluru,Android,Organic,New
U06139,2024-10-16,Delhi,Android,Organic,New
U06140,2024-12-04,Hyderabad,Android,Paid Search,New
U06141,2024-12-07,Hyderabad,Android,Paid Social,New
U06142,2024-10-28,Bengaluru,Android,Organic,New
U06143,2024-09-20,Bengaluru,Android,Paid Social,New
U06144,2023-08-04,Hyderabad,iOS,Paid Search,Returning
U06145,2023-01-06,Delhi,Android,Referral,Returning
U06146,2024-08-20,Bengaluru,iOS,Organic,Returning
U06147,2023-12-24,Kolkata,Android,Referral,Returning
U06148,2024-11-16,Bengaluru,Android,Paid Search,New
U06149,2024-09-17,Mumbai,Android,Referral,Returning
U06150,2024-01-08,Bengaluru,iOS,Paid Search,Returning
U06151,2024-04-24,Hyderabad,Android,Organic,Returning
U06152,2024-03-21,Hyderabad,Android,Paid Social,Returning
U06153,2024-12-27,Delhi,iOS,Paid Search,New
U06154,2024-11-21,Mumbai,iOS,Organic,New
U06155,2024-12-04,Kolkata,iOS,Paid Search,New
U06156,2024-11-25,Hyderabad,iOS,Referral,New
U06157,2025-01-01,Delhi,Android,Paid Social,New
U06158,2024-11-28,Delhi,iOS,Organic,New
U06159,2024-12-22,Kolkata,Android,Paid Social,New
U06160,2024-02-22,Bengaluru,iOS,Paid Search,Returning
U06161,2023-04-25,Bengaluru,Android,Organic,Returning
U06162,2023-06-20,Bengaluru,Android,Organic,Returning
U06163,2024-10-20,Hyderabad,Android,Organic,New
U06164,2023-10-28,Bengaluru,iOS,Paid Social,Returning
U06165,2023-06-03,Delhi,Android,Organic,Returning
U06166,2023-05-30,Mumbai,iOS,Organic,Returning
U06167,2023-07-06,Bengaluru,Android,Organic,Returning
U06168,2024-09-29,Delhi,Android,Referral,New
U06169,2024-12-21,Delhi,Android,Paid Search,New
U06170,2024-01-18,Bengaluru,Android,Paid Search,Returning
U06171,2023-10-01,Kolkata,Android,Paid Social,Returning
U06172,2024-10-17,Bengaluru,iOS,Organic,New
U06173,2024-10-24,Hyderabad,Android,Referral,New
U06174,2024-10-10,Delhi,Android,Organic,New
U06175,2024-09-11,Bengaluru,Android,Organic,New
U06176,2023-07-15,Bengaluru,iOS,Organic,Returning
U06177,2024-02-05,Mumbai,Android,Organic,Returning
U06178,2024-11-17,Delhi,iOS,Organic,New
U06179,2024-12-22,Bengaluru,Android,Paid Social,New
U06180,2024-12-17,Kolkata,iOS,Organic,New
U06181,2024-10-18,Delhi,Android,Organic,New
U06182,2024-11-01,Kolkata,iOS,Paid Search,New
U06183,2023-05-19,Bengaluru,iOS,Paid Social,Returning
U06184,2023-07-11,Bengaluru,iOS,Referral,Returning
U06185,2024-11-25,Mumbai,Android,Organic,New
U06186,2023-07-29,Delhi,iOS,Referral,Returning
U06187,2023-10-25,Bengaluru,Android,Paid Social,Returning
U06188,2024-10-09,Bengaluru,Android,Paid Search,New
U06189,2023-12-10,Bengaluru,Android,Organic,Returning
U06190,2023-04-08,Hyderabad,Android,Paid Search,Returning
U06191,2023-11-17,Delhi,Android,Organic,Returning
U06192,2024-11-06,Kolkata,Android,Paid Social,New
U06193,2024-11-26,Bengaluru,Android,Paid Social,New
U06194,2024-10-05,Delhi,Android,Organic,New
U06195,2024-10-30,Delhi,Android,Organic,New
U06196,2024-12-17,Mumbai,Android,Referral,New
U06197,2023-06-22,Kolkata,Android,Paid Search,Returning
U06198,2024-12-18,Hyderabad,Android,Paid Search,New
U06199,2024-12-13,Bengaluru,Android,Referral,New
U06200,2023-08-04,Delhi,iOS,Organic,Returning
U06201,2024-11-21,Hyderabad,Android,Paid Search,New
U06202,2024-12-04,Bengaluru,Android,Paid Social,New
U06203,2024-09-15,Mumbai,iOS,Organic,New
U06204,2024-09-08,Bengaluru,iOS,Organic,New
U06205,2024-09-07,Delhi,Android,Referral,New
U06206,2024-04-14,Delhi,iOS,Organic,Returning
U06207,2024-10-29,Delhi,iOS,Organic,New
U06208,2024-12-20,Kolkata,Android,Organic,New
U06209,2024-10-08,Mumbai,Android,Paid Social,New
U06210,2023-01-13,Kolkata,Android,Paid Search,Returning
U06211,2024-11-28,Hyderabad,iOS,Organic,New
U06212,2024-01-04,Delhi,Android,Organic,Returning
U06213,2024-11-05,Mumbai,Android,Paid Search,New
U06214,2023-05-21,Delhi,iOS,Paid Social,Returning
U06215,2024-10-29,Hyderabad,iOS,Referral,New
U06216,2024-12-09,Bengaluru,Android,Organic,New
U06217,2024-11-02,Kolkata,iOS,Paid Social,New
U06218,2024-06-10,Mumbai,iOS,Paid Social,Returning
U06219,2024-12-28,Mumbai,iOS,Paid Social,New
U06220,2024-12-16,Mumbai,iOS,Paid Search,New
U06221,2024-12-01,Mumbai,Android,Organic,New
U06222,2024-09-29,Mumbai,iOS,Paid Search,New
U06223,2024-06-17,Mumbai,Android,Paid Search,Returning
U06224,2024-10-31,Bengaluru,iOS,Paid Search,New
U06225,2024-10-12,Mumbai,iOS,Organic,New
U06226,2024-10-04,Delhi,iOS,Organic,New
U06227,2024-10-23,Mumbai,iOS,Organic,New
U06228,2024-12-11,Mumbai,iOS,Organic,New
U06229,2024-10-14,Bengaluru,Android,Organic,New
U06230,2024-11-26,Hyderabad,Android,Organic,New
U06231,2024-03-28,Delhi,Android,Organic,Returning
U06232,2024-09-06,Mumbai,iOS,Organic,New
U06233,2024-09-16,Mumbai,Android,Referral,Returning
U06234,2024-12-22,Mumbai,Android,Paid Search,New
U06235,2024-12-03,Hyderabad,Android,Organic,New
U06236,2024-11-10,Bengaluru,Android,Paid Social,New
U06237,2024-11-05,Bengaluru,Android,Paid Search,New
U06238,2023-12-10,Mumbai,iOS,Organic,Returning
U06239,2023-01-25,Bengaluru,iOS,Paid Search,Returning
U06240,2023-09-21,Bengaluru,Android,Organic,Returning
U06241,2024-01-18,Bengaluru,iOS,Paid Search,Returning
U06242,2024-10-27,Delhi,Android,Organic,New
U06243,2024-10-01,Kolkata,Android,Paid Search,New
U06244,2023-01-15,Bengaluru,Android,Organic,Returning
U06245,2024-12-16,Delhi,iOS,Organic,New
U06246,2024-11-24,Kolkata,Android,Paid Social,New
U06247,2023-03-14,Kolkata,Android,Organic,Returning
U06248,2024-04-15,Bengaluru,Android,Organic,Returning
U06249,2023-09-11,Kolkata,Android,Organic,Returning
U06250,2024-11-15,Bengaluru,Android,Paid Social,New
U06251,2023-12-01,Hyderabad,Android,Paid Search,Returning
U06252,2024-11-07,Bengaluru,iOS,Paid Social,New
U06253,2024-12-13,Delhi,Android,Paid Search,New
U06254,2024-09-22,Bengaluru,Android,Referral,New
U06255,2024-06-10,Hyderabad,Android,Organic,Returning
U06256,2023-01-11,Bengaluru,Android,Paid Social,Returning
U06257,2024-09-28,Delhi,iOS,Paid Search,Returning
U06258,2024-11-29,Hyderabad,Android,Organic,New
U06259,2024-11-06,Bengaluru,Android,Paid Social,New
U06260,2024-12-04,Kolkata,iOS,Referral,New
U06261,2024-03-11,Delhi,iOS,Paid Social,Returning
U06262,2024-10-06,Bengaluru,Android,Organic,New
U06263,2024-09-20,Bengaluru,Android,Paid Search,New
U06264,2024-08-29,Delhi,iOS,Organic,Returning
U06265,2024-10-18,Bengaluru,Android,Paid Search,New
U06266,2023-11-26,Mumbai,iOS,Organic,Returning
U06267,2024-10-05,Mumbai,Android,Organic,New
U06268,2023-05-07,Delhi,iOS,Organic,Returning
U06269,2024-09-17,Delhi,Android,Referral,New
U06270,2024-12-02,Hyderabad,Android,Organic,New
U06271,2024-12-24,Delhi,iOS,Organic,New
U06272,2024-09-27,Mumbai,Android,Organic,New
U06273,2023-09-15,Kolkata,Android,Paid Search,Returning
U06274,2024-12-10,Bengaluru,Android,Organic,New
U06275,2024-09-15,Mumbai,iOS,Paid Social,New
U06276,2023-02-10,Kolkata,Android,Organic,Returning
U06277,2024-11-17,Mumbai,Android,Organic,New
U06278,2024-05-21,Kolkata,Android,Organic,Returning
U06279,2023-05-18,Delhi,Android,Organic,Returning
U06280,2024-10-02,Mumbai,iOS,Paid Search,New
U06281,2023-01-13,Delhi,Android,Organic,Returning
U06282,2024-11-04,Bengaluru,Android,Paid Social,New
U06283,2024-09-30,Kolkata,Android,Paid Search,New
U06284,2024-09-22,Bengaluru,Android,Organic,New
U06285,2023-02-06,Kolkata,Android,Organic,Returning
U06286,2024-06-17,Mumbai,Android,Paid Search,Returning
U06287,2024-10-30,Kolkata,iOS,Organic,New
U06288,2024-07-24,Kolkata,iOS,Paid Search,Returning
U06289,2024-11-08,Mumbai,iOS,Paid Social,New
U06290,2023-10-30,Kolkata,Android,Organic,Returning
U06291,2024-07-27,Hyderabad,iOS,Organic,Returning
U06292,2024-01-23,Mumbai,Android,Organic,Returning
U06293,2024-01-05,Mumbai,Android,Organic,Returning
U06294,2023-05-10,Bengaluru,Android,Paid Search,Returning
U06295,2024-12-21,Bengaluru,Android,Paid Search,New
U06296,2024-07-21,Bengaluru,Android,Paid Search,Returning
U06297,2023-06-12,Delhi,Android,Paid Social,Returning
U06298,2024-01-02,Bengaluru,iOS,Organic,Returning
U06299,2024-11-08,Mumbai,iOS,Paid Search,New
U06300,2024-01-03,Mumbai,Android,Paid Social,Returning
U06301,2024-10-02,Mumbai,iOS,Paid Search,New
U06302,2024-09-11,Kolkata,Android,Paid Search,New
U06303,2024-12-15,Kolkata,Android,Paid Search,New
U06304,2024-11-24,Kolkata,iOS,Paid Search,New
U06305,2023-04-15,Mumbai,Android,Organic,Returning
U06306,2024-12-17,Bengaluru,Android,Paid Search,New
U06307,2023-11-13,Kolkata,Android,Paid Search,Returning
U06308,2024-09-21,Bengaluru,Android,Organic,Returning
U06309,2024-11-04,Bengaluru,iOS,Organic,New
U06310,2024-01-22,Delhi,Android,Organic,Returning
U06311,2024-11-18,Mumbai,Android,Paid Search,New
U06312,2024-08-30,Hyderabad,Android,Organic,Returning
U06313,2024-03-05,Bengaluru,Android,Paid Social,Returning
U06314,2024-11-17,Hyderabad,Android,Referral,New
U06315,2024-08-21,Bengaluru,iOS,Referral,Returning
U06316,2024-09-15,Delhi,Android,Organic,New
U06317,2024-10-14,Delhi,iOS,Paid Search,New
U06318,2023-12-23,Delhi,Android,Referral,Returning
U06319,2024-10-03,Hyderabad,Android,Paid Social,New
U06320,2024-06-03,Bengaluru,Android,Organic,Returning
U06321,2024-12-17,Bengaluru,Android,Paid Social,New
U06322,2024-11-14,Bengaluru,iOS,Paid Search,New
U06323,2023-08-18,Hyderabad,iOS,Paid Social,Returning
U06324,2024-10-16,Kolkata,Android,Referral,New
U06325,2023-12-16,Mumbai,iOS,Referral,Returning
U06326,2024-11-04,Mumbai,iOS,Paid Search,New
U06327,2023-08-17,Kolkata,Android,Organic,Returning
U06328,2024-09-04,Bengaluru,Android,Paid Search,Returning
U06329,2024-12-12,Bengaluru,iOS,Paid Search,New
U06330,2024-11-14,Mumbai,iOS,Paid Search,New
U06331,2024-09-22,Delhi,Android,Organic,New
U06332,2023-04-25,Delhi,Android,Paid Search,Returning
U06333,2024-12-11,Delhi,Android,Paid Search,New
U06334,2024-12-17,Delhi,Android,Referral,New
U06335,2023-07-01,Mumbai,Android,Paid Social,Returning
U06336,2024-11-04,Delhi,Android,Organic,New
U06337,2024-09-29,Bengaluru,Android,Paid Search,New
U06338,2024-12-19,Kolkata,Android,Paid Search,New
U06339,2024-10-21,Hyderabad,Android,Paid Search,New
U06340,2023-10-29,Bengaluru,Android,Organic,Returning
U06341,2024-06-27,Bengaluru,Android,Paid Social,Returning
U06342,2023-09-05,Bengaluru,iOS,Paid Social,Returning
U06343,2023-07-30,Bengaluru,iOS,Paid Search,Returning
U06344,2024-09-29,Bengaluru,Android,Referral,New
U06345,2024-11-23,Bengaluru,iOS,Referral,New
U06346,2024-04-20,Hyderabad,iOS,Paid Social,Returning
U06347,2023-12-12,Hyderabad,Android,Referral,Returning
U06348,2024-04-21,Hyderabad,iOS,Paid Search,Returning
U06349,2024-12-28,Mumbai,Android,Referral,New
U06350,2023-06-05,Hyderabad,Android,Referral,Returning
U06351,2023-01-09,Hyderabad,iOS,Paid Search,Returning
U06352,2024-01-31,Kolkata,Android,Organic,Returning
U06353,2023-10-09,Hyderabad,Android,Organic,Returning
U06354,2024-09-09,Hyderabad,Android,Paid Search,New
U06355,2024-09-21,Hyderabad,Android,Paid Social,New
U06356,2024-11-09,Mumbai,Android,Paid Search,New
U06357,2024-12-04,Bengaluru,Android,Paid Social,New
U06358,2023-01-12,Bengaluru,iOS,Paid Social,Returning
U06359,2024-12-28,Delhi,Android,Organic,New
U06360,2024-10-21,Bengaluru,iOS,Organic,New
U06361,2024-11-22,Bengaluru,Android,Paid Social,New
U06362,2023-10-14,Bengaluru,Android,Organic,Returning
U06363,2024-12-24,Delhi,iOS,Referral,New
U06364,2024-11-06,Kolkata,Android,Referral,New
U06365,2023-06-23,Delhi,Android,Paid Search,Returning
U06366,2024-12-29,Bengaluru,iOS,Paid Search,New
U06367,2024-11-12,Delhi,Android,Paid Social,New
U06368,2024-11-09,Delhi,Android,Referral,New
U06369,2024-12-26,Mumbai,iOS,Paid Search,New
U06370,2023-06-25,Mumbai,Android,Referral,Returning
U06371,2024-04-08,Bengaluru,Android,Paid Search,Returning
U06372,2024-12-16,Mumbai,Android,Organic,New
U06373,2024-08-29,Bengaluru,Android,Paid Search,Returning
U06374,2024-08-30,Mumbai,Android,Paid Social,Returning
U06375,2024-10-08,Kolkata,Android,Referral,New
U06376,2024-12-02,Kolkata,Android,Organic,New
U06377,2024-10-02,Bengaluru,iOS,Paid Search,New
U06378,2023-09-16,Hyderabad,iOS,Paid Search,Returning
U06379,2024-12-10,Hyderabad,Android,Referral,New
U06380,2024-10-16,Kolkata,Android,Paid Social,New
U06381,2023-03-16,Bengaluru,Android,Organic,Returning
U06382,2023-09-26,Delhi,iOS,Referral,Returning
U06383,2023-06-19,Bengaluru,Android,Paid Social,Returning
U06384,2024-01-15,Bengaluru,iOS,Referral,Returning
U06385,2024-09-22,Mumbai,Android,Paid Social,New
U06386,2023-11-27,Delhi,iOS,Organic,Returning
U06387,2024-10-18,Bengaluru,iOS,Referral,New
U06388,2024-12-24,Hyderabad,Android,Paid Search,New
U06389,2023-03-19,Mumbai,Android,Referral,Returning
U06390,2024-11-09,Kolkata,Android,Organic,New
U06391,2024-10-09,Hyderabad,Android,Paid Social,New
U06392,2023-05-20,Kolkata,iOS,Organic,Returning
U06393,2024-12-13,Hyderabad,Android,Organic,New
U06394,2024-10-05,Bengaluru,Android,Referral,New
U06395,2023-05-25,Bengaluru,iOS,Organic,Returning
U06396,2023-12-24,Kolkata,iOS,Organic,Returning
U06397,2023-04-04,Bengaluru,Android,Referral,Returning
U06398,2024-09-20,Delhi,iOS,Paid Search,New
U06399,2024-11-19,Mumbai,Android,Paid Search,New
U06400,2023-10-26,Bengaluru,Android,Referral,Returning
U06401,2024-10-22,Bengaluru,Android,Paid Search,New
U06402,2024-09-06,Delhi,Android,Organic,New
U06403,2024-12-21,Delhi,Android,Paid Social,New
U06404,2024-09-07,Mumbai,Android,Paid Social,New
U06405,2024-10-01,Bengaluru,Android,Organic,New
U06406,2023-03-01,Mumbai,iOS,Paid Search,Returning
U06407,2024-07-12,Bengaluru,Android,Organic,Returning
U06408,2024-11-25,Mumbai,Android,Organic,New
U06409,2023-08-25,Bengaluru,Android,Organic,Returning
U06410,2024-10-02,Bengaluru,Android,Referral,New
U06411,2024-11-18,Hyderabad,Android,Organic,New
U06412,2024-09-27,Bengaluru,Android,Organic,Returning
U06413,2024-12-28,Hyderabad,Android,Referral,New
U06414,2024-07-28,Delhi,iOS,Organic,Returning
U06415,2024-10-02,Bengaluru,Android,Referral,New
U06416,2024-11-20,Delhi,Android,Referral,New
U06417,2024-09-18,Kolkata,iOS,Paid Search,New
U06418,2024-10-24,Delhi,iOS,Organic,New
U06419,2023-08-23,Bengaluru,Android,Organic,Returning
U06420,2024-07-30,Mumbai,iOS,Organic,Returning
U06421,2024-12-26,Delhi,Android,Organic,New
U06422,2024-09-24,Hyderabad,Android,Paid Search,New
U06423,2023-06-17,Kolkata,iOS,Organic,Returning
U06424,2023-08-09,Mumbai,Android,Paid Social,Returning
U06425,2024-10-26,Delhi,iOS,Organic,New
U06426,2024-11-06,Delhi,Android,Organic,New
U06427,2024-10-15,Kolkata,iOS,Organic,New
U06428,2024-09-28,Mumbai,iOS,Organic,New
U06429,2024-11-28,Bengaluru,Android,Paid Social,New
U06430,2024-12-20,Kolkata,Android,Paid Social,New
U06431,2024-09-07,Kolkata,Android,Organic,New
U06432,2024-10-31,Delhi,iOS,Paid Search,New
U06433,2024-11-28,Delhi,Android,Paid Search,New
U06434,2024-04-19,Hyderabad,iOS,Referral,Returning
U06435,2023-06-07,Hyderabad,Android,Organic,Returning
U06436,2024-09-23,Mumbai,Android,Paid Social,New
U06437,2024-12-30,Delhi,iOS,Organic,New
U06438,2024-10-15,Delhi,iOS,Paid Search,New
U06439,2023-06-16,Delhi,Android,Paid Search,Returning
U06440,2023-02-12,Bengaluru,Android,Organic,Returning
U06441,2024-11-23,Hyderabad,iOS,Paid Search,New
U06442,2023-12-24,Bengaluru,iOS,Paid Search,Returning
U06443,2024-06-30,Delhi,Android,Organic,Returning
U06444,2023-04-04,Hyderabad,Android,Referral,Returning
U06445,2024-10-02,Delhi,Android,Organic,New
U06446,2024-11-23,Delhi,Android,Referral,New
U06447,2024-06-21,Kolkata,Android,Paid Search,Returning
U06448,2024-11-23,Bengaluru,Android,Organic,New
U06449,2023-07-29,Kolkata,iOS,Organic,Returning
U06450,2024-04-26,Bengaluru,Android,Paid Social,Returning
U06451,2024-10-30,Delhi,iOS,Paid Social,New
U06452,2024-12-30,Mumbai,Android,Paid Social,New
U06453,2024-10-10,Delhi,Android,Organic,New
U06454,2024-11-15,Mumbai,Android,Organic,New
U06455,2023-11-28,Bengaluru,Android,Paid Social,Returning
U06456,2024-09-14,Mumbai,Android,Referral,Returning
U06457,2024-11-24,Bengaluru,iOS,Organic,New
U06458,2024-07-28,Hyderabad,iOS,Paid Social,Returning
U06459,2024-10-06,Mumbai,iOS,Paid Search,New
U06460,2023-04-09,Mumbai,iOS,Paid Search,Returning
U06461,2024-12-14,Bengaluru,iOS,Paid Search,New
U06462,2023-03-19,Mumbai,Android,Organic,Returning
U06463,2024-01-26,Mumbai,Android,Organic,Returning
U06464,2024-11-02,Delhi,Android,Paid Social,New
U06465,2024-09-26,Mumbai,Android,Referral,New
U06466,2023-10-15,Bengaluru,Android,Paid Search,Returning
U06467,2024-10-12,Bengaluru,iOS,Organic,New
U06468,2023-02-13,Hyderabad,Android,Organic,Returning
U06469,2023-07-09,Bengaluru,iOS,Paid Search,Returning
U06470,2023-11-19,Bengaluru,Android,Paid Search,Returning
U06471,2024-10-20,Mumbai,iOS,Organic,New
U06472,2023-12-12,Hyderabad,iOS,Organic,Returning
U06473,2023-03-23,Bengaluru,Android,Paid Social,Returning
U06474,2023-12-05,Bengaluru,iOS,Organic,Returning
U06475,2024-09-12,Delhi,iOS,Paid Search,New
U06476,2024-10-16,Mumbai,iOS,Paid Social,New
U06477,2023-10-07,Delhi,iOS,Organic,Returning
U06478,2024-10-31,Mumbai,Android,Paid Search,New
U06479,2024-09-22,Hyderabad,Android,Organic,New
U06480,2024-11-26,Kolkata,Android,Organic,New
U06481,2024-10-03,Delhi,Android,Referral,Returning
U06482,2024-09-15,Bengaluru,Android,Paid Social,New
U06483,2024-05-18,Delhi,Android,Organic,Returning
U06484,2024-06-15,Bengaluru,Android,Organic,Returning
U06485,2023-05-03,Delhi,iOS,Organic,Returning
U06486,2024-08-15,Kolkata,iOS,Referral,Returning
U06487,2024-11-21,Delhi,iOS,Paid Social,New
U06488,2024-02-22,Bengaluru,Android,Paid Search,Returning
U06489,2024-12-04,Mumbai,Android,Organic,New
U06490,2024-05-19,Kolkata,Android,Referral,Returning
U06491,2024-09-05,Bengaluru,Android,Paid Social,New
U06492,2023-01-08,Hyderabad,Android,Organic,Returning
U06493,2023-11-16,Hyderabad,Android,Organic,Returning
U06494,2024-11-08,Delhi,iOS,Organic,New
U06495,2023-09-07,Mumbai,Android,Paid Search,Returning
U06496,2024-11-07,Delhi,iOS,Organic,New
U06497,2024-11-03,Delhi,iOS,Organic,New
U06498,2024-09-30,Delhi,iOS,Paid Social,New
U06499,2024-10-11,Bengaluru,Android,Paid Social,New
U06500,2023-12-19,Hyderabad,Android,Paid Search,Returning
U06501,2023-11-01,Hyderabad,iOS,Paid Search,Returning
U06502,2024-09-11,Delhi,Android,Organic,New
U06503,2023-12-07,Mumbai,Android,Paid Search,Returning
U06504,2024-01-25,Bengaluru,iOS,Paid Social,Returning
U06505,2023-10-15,Bengaluru,iOS,Paid Search,Returning
U06506,2024-12-16,Mumbai,iOS,Referral,New
U06507,2023-03-09,Bengaluru,Android,Paid Social,Returning
U06508,2024-11-24,Hyderabad,Android,Paid Social,New
U06509,2023-08-29,Delhi,iOS,Paid Search,Returning
U06510,2023-04-30,Hyderabad,Android,Organic,Returning
U06511,2024-09-20,Delhi,Android,Referral,Returning
U06512,2024-11-29,Delhi,Android,Paid Search,New
U06513,2024-10-15,Hyderabad,Android,Referral,New
U06514,2023-09-02,Mumbai,Android,Paid Search,Returning
U06515,2024-11-10,Bengaluru,iOS,Paid Search,New
U06516,2024-12-06,Hyderabad,Android,Organic,New
U06517,2023-02-09,Delhi,Android,Organic,Returning
U06518,2024-02-10,Bengaluru,iOS,Paid Search,Returning
U06519,2024-10-25,Delhi,iOS,Referral,New
U06520,2024-11-05,Mumbai,Android,Paid Social,New
U06521,2023-11-25,Mumbai,iOS,Paid Search,Returning
U06522,2024-10-03,Hyderabad,Android,Paid Search,New
U06523,2024-12-08,Mumbai,Android,Organic,New
U06524,2024-10-14,Bengaluru,Android,Organic,New
U06525,2024-12-19,Delhi,Android,Referral,New
U06526,2023-12-23,Bengaluru,iOS,Paid Social,Returning
U06527,2024-12-18,Hyderabad,iOS,Paid Search,New
U06528,2024-10-31,Bengaluru,Android,Referral,New
U06529,2024-12-11,Mumbai,Android,Organic,New
U06530,2024-11-23,Mumbai,iOS,Referral,New
U06531,2024-10-29,Hyderabad,Android,Paid Social,New
U06532,2023-06-10,Bengaluru,Android,Organic,Returning
U06533,2023-03-20,Bengaluru,Android,Paid Social,Returning
U06534,2024-11-14,Kolkata,Android,Organic,New
U06535,2024-12-20,Mumbai,Android,Paid Search,New
U06536,2024-09-06,Delhi,Android,Organic,New
U06537,2024-09-30,Hyderabad,Android,Organic,New
U06538,2024-05-17,Kolkata,Android,Paid Search,Returning
U06539,2024-09-13,Delhi,Android,Paid Search,New
U06540,2023-12-21,Kolkata,Android,Organic,Returning
U06541,2023-12-24,Bengaluru,Android,Paid Social,Returning
U06542,2024-11-01,Kolkata,Android,Organic,New
U06543,2024-04-10,Bengaluru,iOS,Paid Search,Returning
U06544,2024-10-23,Delhi,iOS,Paid Search,New
U06545,2024-11-02,Bengaluru,Android,Organic,New
U06546,2023-02-05,Hyderabad,Android,Referral,Returning
U06547,2024-11-23,Kolkata,Android,Paid Search,New
U06548,2024-09-28,Delhi,Android,Organic,New
U06549,2024-06-22,Delhi,Android,Paid Search,Returning
U06550,2024-09-15,Delhi,iOS,Paid Search,New
U06551,2023-01-19,Bengaluru,Android,Organic,Returning
U06552,2024-09-04,Hyderabad,Android,Organic,New
U06553,2023-08-04,Bengaluru,Android,Paid Search,Returning
U06554,2024-10-22,Kolkata,Android,Paid Social,New
U06555,2024-11-22,Kolkata,Android,Organic,New
U06556,2024-10-12,Bengaluru,Android,Organic,New
U06557,2024-02-27,Mumbai,Android,Organic,Returning
U06558,2024-11-15,Kolkata,iOS,Organic,New
U06559,2023-01-11,Hyderabad,Android,Paid Social,Returning
U06560,2024-12-31,Hyderabad,Android,Organic,New
U06561,2024-12-05,Bengaluru,iOS,Organic,New
U06562,2024-10-09,Bengaluru,iOS,Organic,New
U06563,2024-09-13,Hyderabad,Android,Paid Search,New
U06564,2023-07-02,Delhi,iOS,Paid Search,Returning
U06565,2024-10-30,Mumbai,iOS,Organic,New
U06566,2023-09-25,Hyderabad,Android,Paid Search,Returning
U06567,2023-08-13,Delhi,Android,Paid Search,Returning
U06568,2024-09-18,Bengaluru,Android,Organic,New
U06569,2023-04-04,Delhi,Android,Organic,Returning
U06570,2023-03-03,Kolkata,iOS,Organic,Returning
U06571,2024-05-17,Delhi,Android,Paid Social,Returning
U06572,2024-10-08,Bengaluru,Android,Organic,New
U06573,2023-07-31,Kolkata,Android,Organic,Returning
U06574,2024-04-22,Hyderabad,iOS,Paid Search,Returning
U06575,2024-11-24,Mumbai,Android,Paid Search,New
U06576,2024-03-22,Hyderabad,Android,Paid Social,Returning
U06577,2024-09-13,Delhi,Android,Organic,New
U06578,2023-07-07,Kolkata,Android,Organic,Returning
U06579,2024-07-19,Hyderabad,Android,Paid Search,Returning
U06580,2023-02-24,Delhi,Android,Paid Social,Returning
U06581,2024-01-31,Delhi,Android,Referral,Returning
U06582,2023-11-25,Delhi,Android,Paid Search,Returning
U06583,2023-07-27,Mumbai,Android,Paid Search,Returning
U06584,2024-10-09,Mumbai,Android,Organic,New
U06585,2024-10-11,Mumbai,Android,Referral,New
U06586,2024-09-10,Kolkata,Android,Paid Social,New
U06587,2024-09-20,Delhi,Android,Organic,New
U06588,2024-01-25,Hyderabad,Android,Paid Search,Returning
U06589,2023-11-08,Mumbai,Android,Paid Search,Returning
U06590,2024-12-01,Mumbai,Android,Organic,New
U06591,2024-10-15,Bengaluru,Android,Paid Social,New
U06592,2024-09-01,Mumbai,Android,Paid Search,Returning
U06593,2024-12-26,Mumbai,Android,Organic,New
U06594,2024-07-07,Bengaluru,iOS,Referral,Returning
U06595,2024-08-11,Hyderabad,Android,Referral,Returning
U06596,2024-10-06,Delhi,Android,Organic,New
U06597,2024-09-13,Delhi,iOS,Paid Search,New
U06598,2024-12-15,Hyderabad,Android,Referral,New
U06599,2024-09-09,Delhi,iOS,Organic,New
U06600,2024-10-30,Mumbai,Android,Referral,New
U06601,2024-11-26,Mumbai,Android,Organic,New
U06602,2024-09-20,Bengaluru,iOS,Paid Social,New
U06603,2024-12-20,Delhi,Android,Paid Search,New
U06604,2024-12-29,Bengaluru,iOS,Organic,New
U06605,2024-08-11,Bengaluru,Android,Paid Social,Returning
U06606,2024-10-06,Mumbai,Android,Organic,New
U06607,2024-06-06,Bengaluru,Android,Organic,Returning
U06608,2024-09-18,Kolkata,Android,Organic,New
U06609,2024-09-23,Delhi,Android,Organic,New
U06610,2024-09-28,Delhi,iOS,Organic,New
U06611,2023-05-19,Kolkata,Android,Organic,Returning
U06612,2024-09-12,Mumbai,iOS,Organic,New
U06613,2024-12-17,Mumbai,Android,Organic,New
U06614,2024-09-30,Hyderabad,Android,Organic,New
U06615,2023-02-09,Kolkata,Android,Paid Social,Returning
U06616,2024-10-31,Bengaluru,Android,Organic,New
U06617,2024-11-21,Bengaluru,Android,Paid Social,New
U06618,2024-06-02,Kolkata,iOS,Organic,Returning
U06619,2024-12-27,Bengaluru,iOS,Organic,New
U06620,2024-12-29,Hyderabad,Android,Paid Search,New
U06621,2023-08-27,Mumbai,Android,Organic,Returning
U06622,2024-12-30,Mumbai,Android,Paid Search,New
U06623,2024-10-17,Hyderabad,Android,Paid Social,New
U06624,2024-10-17,Kolkata,Android,Organic,New
U06625,2024-09-21,Bengaluru,Android,Organic,New
U06626,2024-02-18,Mumbai,Android,Paid Social,Returning
U06627,2024-03-04,Hyderabad,Android,Organic,Returning
U06628,2023-09-30,Delhi,iOS,Paid Social,Returning
U06629,2024-10-28,Kolkata,iOS,Paid Search,New
U06630,2023-11-17,Delhi,iOS,Organic,Returning
U06631,2023-04-04,Bengaluru,Android,Organic,Returning
U06632,2024-12-19,Hyderabad,Android,Organic,New
U06633,2023-07-20,Kolkata,Android,Paid Search,Returning
U06634,2023-04-25,Bengaluru,iOS,Referral,Returning
U06635,2023-07-09,Hyderabad,Android,Organic,Returning
U06636,2024-10-11,Bengaluru,Android,Referral,New
U06637,2024-10-29,Bengaluru,Android,Organic,New
U06638,2023-12-10,Delhi,Android,Organic,Returning
U06639,2024-03-20,Hyderabad,Android,Paid Search,Returning
U06640,2024-10-31,Bengaluru,Android,Referral,New
U06641,2024-11-30,Bengaluru,iOS,Paid Search,New
U06642,2023-08-22,Hyderabad,iOS,Paid Social,Returning
U06643,2024-10-11,Delhi,Android,Paid Search,New
U06644,2024-10-02,Bengaluru,Android,Referral,New
U06645,2023-05-15,Bengaluru,iOS,Paid Social,Returning
U06646,2024-10-17,Hyderabad,Android,Paid Social,New
U06647,2024-09-18,Mumbai,iOS,Paid Search,New
U06648,2024-10-20,Hyderabad,iOS,Paid Search,New
U06649,2024-09-25,Bengaluru,Android,Referral,Returning
U06650,2024-12-06,Delhi,Android,Paid Search,New
U06651,2023-07-19,Hyderabad,Android,Organic,Returning
U06652,2023-03-25,Delhi,Android,Referral,Returning
U06653,2023-12-15,Bengaluru,iOS,Paid Social,Returning
U06654,2024-11-26,Delhi,Android,Paid Search,New
U06655,2024-11-11,Delhi,Android,Paid Social,New
U06656,2024-10-25,Bengaluru,Android,Organic,New
U06657,2023-09-27,Kolkata,iOS,Organic,Returning
U06658,2023-06-17,Mumbai,Android,Organic,Returning
U06659,2024-06-13,Mumbai,Android,Referral,Returning
U06660,2024-12-21,Bengaluru,Android,Paid Social,New
U06661,2024-12-23,Mumbai,Android,Paid Social,New
U06662,2024-01-13,Mumbai,Android,Organic,Returning
U06663,2024-11-21,Kolkata,Android,Referral,New
U06664,2023-04-22,Delhi,Android,Organic,Returning
U06665,2024-09-26,Hyderabad,iOS,Organic,New
U06666,2023-04-15,Delhi,iOS,Referral,Returning
U06667,2024-02-01,Mumbai,iOS,Paid Search,Returning
U06668,2024-12-18,Kolkata,iOS,Referral,New
U06669,2024-10-15,Mumbai,Android,Paid Search,New
U06670,2023-07-12,Hyderabad,Android,Organic,Returning
U06671,2024-12-13,Kolkata,Android,Organic,New
U06672,2024-10-27,Kolkata,Android,Referral,New
U06673,2024-11-18,Bengaluru,iOS,Paid Search,New
U06674,2024-10-19,Bengaluru,Android,Paid Social,New
U06675,2024-01-04,Mumbai,Android,Organic,Returning
U06676,2024-11-28,Kolkata,Android,Organic,New
U06677,2024-10-21,Mumbai,iOS,Paid Social,New
U06678,2023-08-12,Delhi,Android,Referral,Returning
U06679,2024-11-04,Mumbai,Android,Organic,New
U06680,2024-09-07,Bengaluru,Android,Organic,New
U06681,2023-06-05,Bengaluru,Android,Organic,Returning
U06682,2023-08-05,Bengaluru,iOS,Organic,Returning
U06683,2024-01-08,Bengaluru,Android,Paid Social,Returning
U06684,2023-10-10,Hyderabad,iOS,Paid Search,Returning
U06685,2024-12-07,Delhi,Android,Organic,New
U06686,2024-10-14,Bengaluru,Android,Paid Social,New
U06687,2024-01-10,Mumbai,iOS,Paid Social,Returning
U06688,2024-05-02,Delhi,Android,Organic,Returning
U06689,2024-11-26,Delhi,Android,Referral,New
U06690,2024-10-04,Delhi,Android,Paid Search,New
U06691,2024-12-02,Bengaluru,iOS,Organic,New
U06692,2024-10-02,Hyderabad,Android,Referral,New
U06693,2023-05-30,Bengaluru,Android,Organic,Returning
U06694,2023-08-28,Bengaluru,iOS,Referral,Returning
U06695,2024-10-09,Bengaluru,Android,Paid Search,New
U06696,2024-10-28,Delhi,Android,Referral,New
U06697,2024-12-21,Bengaluru,Android,Organic,New
U06698,2024-12-07,Delhi,Android,Organic,New
U06699,2023-01-23,Bengaluru,iOS,Referral,Returning
U06700,2024-10-25,Bengaluru,Android,Paid Social,New
U06701,2024-12-20,Kolkata,iOS,Referral,New
U06702,2023-05-02,Delhi,iOS,Organic,Returning
U06703,2024-05-03,Bengaluru,Android,Paid Search,Returning
U06704,2024-11-17,Mumbai,Android,Organic,New
U06705,2024-11-06,Bengaluru,Android,Organic,New
U06706,2024-10-20,Hyderabad,iOS,Paid Search,New
U06707,2024-09-22,Bengaluru,Android,Paid Social,New
U06708,2024-12-02,Delhi,Android,Paid Search,New
U06709,2024-04-19,Kolkata,iOS,Organic,Returning
U06710,2024-09-20,Bengaluru,Android,Paid Social,New
U06711,2024-09-14,Bengaluru,iOS,Referral,New
U06712,2024-02-04,Mumbai,Android,Organic,Returning
U06713,2025-01-01,Kolkata,Android,Paid Social,New
U06714,2023-08-29,Delhi,Android,Referral,Returning
U06715,2024-04-19,Mumbai,iOS,Organic,Returning
U06716,2024-04-20,Bengaluru,Android,Paid Social,Returning
U06717,2023-08-01,Mumbai,Android,Referral,Returning
U06718,2024-05-25,Bengaluru,iOS,Paid Social,Returning
U06719,2024-07-04,Mumbai,iOS,Organic,Returning
U06720,2024-12-28,Bengaluru,Android,Paid Search,New
U06721,2024-10-16,Mumbai,Android,Paid Social,New
U06722,2024-12-21,Bengaluru,Android,Paid Search,New
U06723,2024-11-18,Hyderabad,Android,Organic,New
U06724,2024-09-15,Hyderabad,Android,Organic,New
U06725,2024-12-17,Hyderabad,Android,Paid Social,New
U06726,2024-12-27,Kolkata,Android,Paid Search,New
U06727,2024-11-05,Delhi,Android,Referral,New
U06728,2024-12-03,Mumbai,Android,Organic,New
U06729,2023-05-09,Bengaluru,iOS,Paid Social,Returning
U06730,2023-03-27,Kolkata,Android,Organic,Returning
U06731,2024-05-17,Mumbai,iOS,Paid Social,Returning
U06732,2024-12-30,Delhi,Android,Referral,New
U06733,2024-01-04,Delhi,iOS,Organic,Returning
U06734,2024-03-26,Hyderabad,iOS,Organic,Returning
U06735,2024-11-13,Hyderabad,Android,Referral,New
U06736,2024-07-16,Hyderabad,Android,Paid Social,Returning
U06737,2024-09-04,Mumbai,Android,Paid Search,New
U06738,2023-12-25,Delhi,Android,Paid Search,Returning
U06739,2023-09-18,Kolkata,iOS,Referral,Returning
U06740,2024-12-08,Mumbai,Android,Paid Social,New
U06741,2024-08-25,Mumbai,Android,Organic,Returning
U06742,2024-09-16,Mumbai,iOS,Paid Search,New
U06743,2024-10-10,Mumbai,Android,Organic,New
U06744,2024-10-12,Hyderabad,Android,Paid Social,New
U06745,2024-11-26,Mumbai,Android,Paid Social,New
U06746,2024-10-31,Kolkata,iOS,Organic,New
U06747,2023-11-13,Hyderabad,Android,Organic,Returning
U06748,2024-11-15,Delhi,Android,Organic,New
U06749,2024-10-06,Bengaluru,Android,Organic,New
U06750,2024-05-11,Mumbai,iOS,Referral,Returning
U06751,2024-11-11,Mumbai,Android,Paid Social,New
U06752,2024-12-03,Mumbai,iOS,Paid Search,New
U06753,2023-08-09,Kolkata,Android,Organic,Returning
U06754,2023-02-07,Bengaluru,Android,Organic,Returning
U06755,2024-12-26,Delhi,Android,Paid Social,New
U06756,2024-10-11,Kolkata,Android,Organic,New
U06757,2024-08-05,Kolkata,iOS,Organic,Returning
U06758,2023-10-13,Delhi,Android,Referral,Returning
U06759,2024-09-05,Bengaluru,Android,Paid Search,New
U06760,2024-10-11,Delhi,Android,Paid Social,New
U06761,2024-12-24,Delhi,Android,Organic,New
U06762,2024-07-13,Mumbai,iOS,Organic,Returning
U06763,2023-03-29,Delhi,Android,Referral,Returning
U06764,2023-03-09,Delhi,iOS,Paid Social,Returning
U06765,2024-11-21,Mumbai,Android,Paid Social,New
U06766,2024-05-23,Mumbai,iOS,Paid Search,Returning
U06767,2024-09-09,Mumbai,iOS,Organic,Returning
U06768,2024-12-10,Delhi,Android,Paid Search,New
U06769,2023-03-12,Delhi,Android,Organic,Returning
U06770,2024-10-09,Delhi,iOS,Organic,New
U06771,2024-12-24,Kolkata,Android,Paid Search,New
U06772,2023-07-10,Delhi,Android,Organic,Returning
U06773,2024-11-11,Mumbai,iOS,Organic,New
U06774,2023-06-09,Mumbai,iOS,Organic,Returning
U06775,2024-10-02,Kolkata,iOS,Organic,New
U06776,2024-09-16,Delhi,iOS,Referral,New
U06777,2024-12-24,Delhi,Android,Referral,New
U06778,2024-09-11,Hyderabad,iOS,Organic,New
U06779,2024-11-13,Bengaluru,Android,Organic,New
U06780,2023-09-11,Mumbai,iOS,Paid Social,Returning
U06781,2024-12-01,Delhi,Android,Organic,New
U06782,2024-12-19,Kolkata,Android,Paid Social,New
U06783,2024-09-13,Hyderabad,iOS,Organic,Returning
U06784,2024-10-15,Bengaluru,Android,Paid Search,New
U06785,2023-09-12,Hyderabad,Android,Organic,Returning
U06786,2024-11-20,Hyderabad,Android,Paid Social,New
U06787,2024-10-03,Mumbai,Android,Paid Search,New
U06788,2023-11-14,Bengaluru,Android,Organic,Returning
U06789,2023-08-24,Bengaluru,iOS,Organic,Returning
U06790,2023-07-23,Mumbai,Android,Paid Search,Returning
U06791,2024-09-05,Delhi,Android,Referral,New
U06792,2024-10-07,Kolkata,Android,Paid Search,New
U06793,2024-09-05,Delhi,iOS,Organic,Returning
U06794,2023-08-13,Mumbai,iOS,Paid Search,Returning
U06795,2024-06-21,Bengaluru,Android,Organic,Returning
U06796,2024-11-08,Mumbai,Android,Referral,New
U06797,2024-04-11,Bengaluru,Android,Paid Social,Returning
U06798,2024-11-16,Delhi,Android,Organic,New
U06799,2024-09-26,Bengaluru,Android,Paid Search,New
U06800,2024-11-13,Mumbai,Android,Paid Social,New
U06801,2025-01-01,Delhi,Android,Organic,New
U06802,2023-04-15,Hyderabad,iOS,Paid Search,Returning
U06803,2024-12-26,Bengaluru,iOS,Paid Search,New
U06804,2024-11-05,Mumbai,iOS,Paid Search,New
U06805,2024-04-11,Mumbai,Android,Paid Search,Returning
U06806,2023-12-14,Bengaluru,iOS,Paid Search,Returning
U06807,2024-12-25,Bengaluru,Android,Paid Social,New
U06808,2024-06-18,Delhi,iOS,Paid Search,Returning
U06809,2024-11-05,Mumbai,Android,Paid Social,New
U06810,2023-03-27,Kolkata,Android,Paid Search,Returning
U06811,2024-11-23,Bengaluru,Android,Paid Social,New
U06812,2024-09-30,Hyderabad,iOS,Organic,New
U06813,2024-10-25,Hyderabad,Android,Paid Search,New
U06814,2024-10-31,Mumbai,Android,Paid Search,New
U06815,2024-12-20,Mumbai,Android,Organic,New
U06816,2024-09-28,Kolkata,iOS,Organic,New
U06817,2024-08-10,Mumbai,iOS,Paid Search,Returning
U06818,2024-11-11,Hyderabad,iOS,Organic,New
U06819,2024-10-20,Delhi,Android,Organic,New
U06820,2024-04-06,Hyderabad,iOS,Organic,Returning
U06821,2023-06-04,Kolkata,Android,Paid Search,Returning
U06822,2023-09-19,Kolkata,Android,Referral,Returning
U06823,2024-12-28,Delhi,Android,Referral,New
U06824,2024-12-04,Hyderabad,Android,Referral,New
U06825,2023-12-07,Bengaluru,Android,Referral,Returning
U06826,2024-11-10,Mumbai,Android,Organic,New
U06827,2024-12-05,Delhi,iOS,Organic,New
U06828,2024-07-23,Mumbai,iOS,Organic,Returning
U06829,2024-09-17,Delhi,Android,Organic,Returning
U06830,2023-10-17,Bengaluru,iOS,Paid Social,Returning
U06831,2024-12-06,Bengaluru,Android,Referral,New
U06832,2024-10-01,Bengaluru,Android,Paid Search,Returning
U06833,2024-12-27,Delhi,Android,Referral,New
U06834,2023-01-07,Hyderabad,Android,Paid Social,Returning
U06835,2024-12-14,Hyderabad,Android,Paid Search,New
U06836,2024-11-16,Hyderabad,Android,Organic,New
U06837,2024-09-09,Hyderabad,iOS,Referral,New
U06838,2023-08-28,Delhi,Android,Paid Social,Returning
U06839,2023-10-20,Mumbai,iOS,Organic,Returning
U06840,2024-04-03,Mumbai,iOS,Organic,Returning
U06841,2023-02-15,Bengaluru,Android,Paid Social,Returning
U06842,2024-04-24,Mumbai,Android,Paid Social,Returning
U06843,2024-01-26,Hyderabad,Android,Paid Search,Returning
U06844,2024-10-06,Mumbai,Android,Referral,New
U06845,2023-11-12,Hyderabad,Android,Organic,Returning
U06846,2024-11-14,Bengaluru,Android,Referral,New
U06847,2024-10-22,Hyderabad,Android,Paid Search,New
U06848,2024-11-20,Bengaluru,Android,Paid Social,New
U06849,2024-09-26,Kolkata,Android,Referral,New
U06850,2023-06-10,Bengaluru,Android,Paid Social,Returning
U06851,2023-09-16,Mumbai,Android,Organic,Returning
U06852,2024-12-22,Mumbai,iOS,Referral,New
U06853,2024-07-25,Delhi,Android,Paid Search,Returning
U06854,2024-09-20,Delhi,Android,Organic,New
U06855,2024-10-13,Bengaluru,Android,Paid Social,New
U06856,2024-09-30,Mumbai,Android,Paid Search,New
U06857,2024-11-06,Kolkata,Android,Paid Search,New
U06858,2024-11-16,Delhi,Android,Organic,New
U06859,2024-10-03,Mumbai,Android,Organic,New
U06860,2024-11-06,Kolkata,Android,Organic,New
U06861,2024-11-14,Delhi,Android,Paid Social,New
U06862,2024-04-04,Hyderabad,iOS,Organic,Returning
U06863,2024-12-18,Delhi,Android,Paid Search,New
U06864,2024-09-29,Delhi,Android,Paid Search,New
U06865,2024-09-21,Bengaluru,Android,Organic,New
U06866,2024-12-29,Bengaluru,Android,Organic,New
U06867,2024-11-14,Mumbai,Android,Organic,New
U06868,2024-10-13,Hyderabad,Android,Referral,New
U06869,2023-09-15,Bengaluru,Android,Referral,Returning
U06870,2024-01-05,Kolkata,iOS,Organic,Returning
U06871,2023-09-01,Delhi,Android,Organic,Returning
U06872,2023-09-02,Delhi,Android,Paid Search,Returning
U06873,2024-09-18,Kolkata,Android,Organic,New
U06874,2024-09-05,Kolkata,Android,Paid Search,New
U06875,2024-10-12,Mumbai,Android,Paid Search,New
U06876,2024-11-29,Delhi,Android,Paid Search,New
U06877,2024-09-09,Bengaluru,iOS,Organic,New
U06878,2024-11-09,Delhi,iOS,Referral,New
U06879,2024-01-26,Hyderabad,Android,Organic,Returning
U06880,2024-10-28,Delhi,Android,Organic,New
U06881,2024-10-28,Hyderabad,Android,Referral,New
U06882,2023-10-25,Bengaluru,Android,Organic,Returning
U06883,2024-09-30,Delhi,iOS,Organic,New
U06884,2023-02-05,Delhi,Android,Organic,Returning
U06885,2023-10-06,Mumbai,Android,Paid Social,Returning
U06886,2024-07-31,Mumbai,Android,Paid Search,Returning
U06887,2024-10-27,Kolkata,Android,Paid Search,New
U06888,2024-10-07,Kolkata,Android,Organic,New
U06889,2023-07-14,Hyderabad,Android,Organic,Returning
U06890,2024-08-08,Bengaluru,Android,Organic,Returning
U06891,2023-12-09,Kolkata,Android,Paid Search,Returning
U06892,2024-10-06,Kolkata,Android,Organic,New
U06893,2024-12-12,Kolkata,Android,Paid Search,New
U06894,2024-10-21,Delhi,iOS,Paid Social,New
U06895,2024-12-30,Bengaluru,Android,Paid Search,New
U06896,2024-12-05,Hyderabad,Android,Paid Search,New
U06897,2023-05-10,Delhi,Android,Paid Search,Returning
U06898,2024-12-21,Delhi,Android,Organic,New
U06899,2024-06-25,Delhi,Android,Paid Search,Returning
U06900,2023-07-23,Mumbai,Android,Organic,Returning
U06901,2024-12-13,Delhi,Android,Paid Social,New
U06902,2024-10-18,Hyderabad,Android,Paid Search,New
U06903,2023-06-08,Mumbai,Android,Paid Search,Returning
U06904,2024-09-23,Mumbai,iOS,Referral,New
U06905,2024-10-17,Bengaluru,Android,Organic,New
U06906,2023-09-12,Kolkata,Android,Organic,Returning
U06907,2024-02-03,Delhi,iOS,Referral,Returning
U06908,2023-01-11,Delhi,iOS,Organic,Returning
U06909,2023-11-09,Delhi,Android,Organic,Returning
U06910,2024-12-06,Delhi,Android,Organic,New
U06911,2024-03-06,Mumbai,Android,Organic,Returning
U06912,2023-03-03,Bengaluru,iOS,Paid Search,Returning
U06913,2023-02-10,Kolkata,Android,Paid Social,Returning
U06914,2023-02-02,Bengaluru,iOS,Paid Social,Returning
U06915,2024-01-29,Kolkata,Android,Paid Search,Returning
U06916,2023-04-02,Mumbai,Android,Paid Social,Returning
U06917,2024-12-12,Bengaluru,iOS,Paid Social,New
U06918,2024-08-04,Mumbai,Android,Organic,Returning
U06919,2024-11-05,Delhi,Android,Paid Search,New
U06920,2023-10-31,Kolkata,Android,Organic,Returning
U06921,2023-10-29,Hyderabad,Android,Organic,Returning
U06922,2024-02-02,Mumbai,Android,Paid Social,Returning
U06923,2024-10-24,Delhi,Android,Paid Social,New
U06924,2024-09-08,Kolkata,Android,Referral,New
U06925,2024-10-20,Mumbai,Android,Paid Search,New
U06926,2024-09-21,Mumbai,iOS,Organic,New
U06927,2024-11-01,Delhi,Android,Organic,New
U06928,2024-05-20,Delhi,Android,Organic,Returning
U06929,2024-11-09,Hyderabad,Android,Organic,New
U06930,2023-09-27,Mumbai,Android,Paid Search,Returning
U06931,2024-12-19,Hyderabad,iOS,Paid Search,New
U06932,2023-04-29,Mumbai,iOS,Organic,Returning
U06933,2024-09-22,Mumbai,iOS,Organic,Returning
U06934,2024-01-25,Delhi,iOS,Organic,Returning
U06935,2023-04-10,Hyderabad,Android,Paid Social,Returning
U06936,2023-02-04,Delhi,Android,Organic,Returning
U06937,2024-08-04,Hyderabad,Android,Organic,Returning
U06938,2023-06-01,Delhi,iOS,Paid Search,Returning
U06939,2024-10-22,Hyderabad,Android,Organic,New
U06940,2024-12-09,Kolkata,Android,Organic,New
U06941,2023-12-23,Hyderabad,iOS,Paid Social,Returning
U06942,2024-09-07,Delhi,Android,Organic,New
U06943,2024-12-10,Hyderabad,iOS,Organic,New
U06944,2023-02-09,Bengaluru,iOS,Organic,Returning
U06945,2024-12-28,Bengaluru,iOS,Organic,New
U06946,2024-09-11,Hyderabad,Android,Referral,Returning
U06947,2023-02-05,Hyderabad,Android,Paid Social,Returning
U06948,2023-04-12,Bengaluru,iOS,Paid Search,Returning
U06949,2023-10-21,Kolkata,Android,Paid Search,Returning
U06950,2024-09-15,Delhi,Android,Organic,Returning
U06951,2023-12-30,Kolkata,iOS,Organic,Returning
U06952,2024-06-22,Hyderabad,iOS,Organic,Returning
U06953,2024-09-10,Kolkata,iOS,Paid Social,New
U06954,2024-03-16,Hyderabad,Android,Paid Social,Returning
U06955,2023-07-05,Kolkata,Android,Organic,Returning
U06956,2024-12-18,Mumbai,iOS,Paid Social,New
U06957,2024-10-06,Bengaluru,Android,Organic,New
U06958,2024-11-24,Delhi,Android,Organic,New
U06959,2024-10-13,Hyderabad,Android,Organic,New
U06960,2023-08-04,Bengaluru,iOS,Organic,Returning
U06961,2024-12-27,Kolkata,Android,Organic,New
U06962,2024-11-20,Bengaluru,Android,Referral,New
U06963,2023-05-18,Kolkata,Android,Organic,Returning
U06964,2024-09-26,Mumbai,Android,Organic,New
U06965,2024-12-19,Hyderabad,iOS,Organic,New
U06966,2023-01-18,Kolkata,Android,Organic,Returning
U06967,2024-12-27,Delhi,Android,Organic,New
U06968,2024-12-03,Hyderabad,Android,Organic,New
U06969,2023-08-26,Bengaluru,Android,Organic,Returning
U06970,2023-02-27,Hyderabad,Android,Organic,Returning
U06971,2023-08-11,Hyderabad,iOS,Organic,Returning
U06972,2024-10-08,Delhi,Android,Paid Search,New
U06973,2024-10-11,Bengaluru,Android,Referral,New
U06974,2024-02-11,Delhi,Android,Organic,Returning
U06975,2024-03-03,Bengaluru,iOS,Paid Social,Returning
U06976,2024-12-17,Hyderabad,iOS,Paid Search,New
U06977,2024-02-10,Delhi,Android,Paid Search,Returning
U06978,2024-11-13,Kolkata,Android,Paid Social,New
U06979,2023-11-28,Kolkata,Android,Paid Search,Returning
U06980,2023-02-10,Kolkata,iOS,Referral,Returning
U06981,2023-07-22,Mumbai,iOS,Organic,Returning
U06982,2023-07-31,Delhi,iOS,Paid Search,Returning
U06983,2024-12-14,Hyderabad,iOS,Paid Search,New
U06984,2023-04-04,Hyderabad,Android,Referral,Returning
U06985,2024-10-12,Kolkata,Android,Paid Search,New
U06986,2023-01-24,Delhi,Android,Referral,Returning
U06987,2023-03-19,Bengaluru,iOS,Paid Search,Returning
U06988,2024-11-24,Kolkata,Android,Paid Social,New
U06989,2024-11-04,Hyderabad,Android,Paid Social,New
U06990,2024-11-04,Bengaluru,Android,Paid Social,New
U06991,2024-11-06,Hyderabad,Android,Paid Search,New
U06992,2024-10-17,Bengaluru,iOS,Paid Social,New
U06993,2023-09-29,Mumbai,Android,Organic,Returning
U06994,2024-09-21,Delhi,iOS,Referral,New
U06995,2023-03-09,Delhi,Android,Paid Social,Returning
U06996,2023-05-12,Bengaluru,Android,Paid Search,Returning
U06997,2024-08-28,Delhi,iOS,Organic,Returning
U06998,2024-11-30,Delhi,iOS,Organic,New
U06999,2023-03-19,Bengaluru,iOS,Organic,Returning
U07000,2023-07-09,Delhi,Android,Organic,Returning
